dataset,domain,image,img_w,img_h,x,y,w,h,cls,area_px,rel_area_pct,rel_w,rel_h,aspect_w_over_h,degenerate,out_of_frame
uas_waterfowl_experts,aerien_non_marin,BDA_12C_20181127_1.jpg,5472,3648,4445.5,2719.5,95.0,80.5,1,7647.5,0.03831,0.01736,0.02207,1.1801,0,0
uas_waterfowl_experts,aerien_non_marin,BDA_12C_20181127_1.jpg,5472,3648,4312.5,2739.5,98.0,44.0,1,4312.0,0.0216,0.01791,0.01206,2.2273,0,0
uas_waterfowl_experts,aerien_non_marin,BDA_12C_20181127_1.jpg,5472,3648,3725.5,1779.0,73.5,70.5,1,5181.75,0.02596,0.01343,0.01933,1.0426,0,0
uas_waterfowl_experts,aerien_non_marin,BDA_12C_20181127_1.jpg,5472,3648,3628.0,1882.0,92.0,38.0,1,3496.0,0.01751,0.01681,0.01042,2.4211,0,0
uas_waterfowl_experts,aerien_non_marin,BDA_12C_20181127_1.jpg,5472,3648,3679.0,1929.0,65.0,82.0,1,5330.0,0.0267,0.01188,0.02248,0.7927,0,0
uas_waterfowl_experts,aerien_non_marin,BDA_12C_20181127_1.jpg,5472,3648,3604.0,1920.0,40.0,80.0,1,3200.0,0.01603,0.00731,0.02193,0.5,0,0
uas_waterfowl_experts,aerien_non_marin,BDA_12C_20181127_1.jpg,5472,3648,3754.0,2096.5,78.5,66.0,1,5181.0,0.02595,0.01435,0.01809,1.1894,0,0
uas_waterfowl_experts,aerien_non_marin,BDA_12C_20181127_1.jpg,5472,3648,3922.0,2208.0,91.5,71.5,1,6542.25,0.03277,0.01672,0.0196,1.2797,0,0
uas_waterfowl_experts,aerien_non_marin,BDA_12C_20181127_1.jpg,5472,3648,3851.5,2405.5,74.5,84.0,1,6258.0,0.03135,0.01361,0.02303,0.8869,0,0
uas_waterfowl_experts,aerien_non_marin,BDA_12C_20181127_1.jpg,5472,3648,3753.0,2321.5,100.0,58.0,1,5800.0,0.02906,0.01827,0.0159,1.7241,0,0
uas_waterfowl_experts,aerien_non_marin,BDA_12C_20181127_1.jpg,5472,3648,3879.0,2309.0,64.5,82.0,1,5289.0,0.0265,0.01179,0.02248,0.7866,0,0
uas_waterfowl_experts,aerien_non_marin,BDA_12C_20181127_1.jpg,5472,3648,3745.5,2594.5,85.5,55.5,1,4745.25,0.02377,0.01562,0.01521,1.5405,0,0
uas_waterfowl_experts,aerien_non_marin,BDA_12C_20181127_1.jpg,5472,3648,3947.5,2695.5,52.5,88.0,1,4620.0,0.02314,0.00959,0.02412,0.5966,0,0
uas_waterfowl_experts,aerien_non_marin,BDA_12C_20181127_1.jpg,5472,3648,4004.5,2789.5,77.0,72.0,1,5544.0,0.02777,0.01407,0.01974,1.0694,0,0
uas_waterfowl_experts,aerien_non_marin,BDA_12C_20181127_1.jpg,5472,3648,3118.0,2214.0,80.5,61.0,1,4910.5,0.0246,0.01471,0.01672,1.3197,0,0
uas_waterfowl_experts,aerien_non_marin,BDA_12C_20181127_1.jpg,5472,3648,3151.5,2361.5,58.5,87.0,1,5089.5,0.0255,0.01069,0.02385,0.6724,0,0
uas_waterfowl_experts,aerien_non_marin,BDA_12C_20181127_1.jpg,5472,3648,3358.0,2239.0,95.0,58.0,1,5510.0,0.0276,0.01736,0.0159,1.6379,0,0
uas_waterfowl_experts,aerien_non_marin,BDA_12C_20181127_1.jpg,5472,3648,3212.0,2403.5,70.0,59.0,1,4130.0,0.02069,0.01279,0.01617,1.1864,0,0
uas_waterfowl_experts,aerien_non_marin,BDA_12C_20181127_1.jpg,5472,3648,3430.5,2497.5,89.0,43.5,1,3871.5,0.01939,0.01626,0.01192,2.046,0,0
uas_waterfowl_experts,aerien_non_marin,BDA_12C_20181127_1.jpg,5472,3648,4217.5,3222.5,57.0,103.5,1,5899.5,0.02955,0.01042,0.02837,0.5507,0,0
uas_waterfowl_experts,aerien_non_marin,BDA_12C_20181127_1.jpg,5472,3648,4174.0,3474.5,54.0,89.0,1,4806.0,0.02408,0.00987,0.0244,0.6067,0,0
uas_waterfowl_experts,aerien_non_marin,BDA_12C_20181127_1.jpg,5472,3648,4354.5,3407.0,68.0,94.0,1,6392.0,0.03202,0.01243,0.02577,0.7234,0,0
uas_waterfowl_experts,aerien_non_marin,BDA_12C_20181127_1.jpg,5472,3648,4526.0,3420.0,72.5,73.5,1,5328.75,0.02669,0.01325,0.02015,0.9864,0,0
uas_waterfowl_experts,aerien_non_marin,BDA_12C_20181127_1.jpg,5472,3648,4681.0,3373.5,78.5,73.5,1,5769.75,0.0289,0.01435,0.02015,1.068,0,0
uas_waterfowl_experts,aerien_non_marin,BDA_12C_20181127_1.jpg,5472,3648,4784.5,3349.0,54.5,82.0,1,4469.0,0.02239,0.00996,0.02248,0.6646,0,0
uas_waterfowl_experts,aerien_non_marin,BDA_12C_20181127_1.jpg,5472,3648,4934.0,3386.0,100.0,69.5,1,6950.0,0.03482,0.01827,0.01905,1.4388,0,0
uas_waterfowl_experts,aerien_non_marin,BDA_12C_20181127_1.jpg,5472,3648,4479.0,3222.0,69.5,82.0,1,5699.0,0.02855,0.0127,0.02248,0.8476,0,0
uas_waterfowl_experts,aerien_non_marin,BDA_12C_20181127_1.jpg,5472,3648,4714.0,3605.0,59.0,43.0,1,2537.0,0.01271,0.01078,0.01179,1.3721,0,0
uas_waterfowl_experts,aerien_non_marin,BDA_12C_20181127_1.jpg,5472,3648,4895.5,3160.0,83.5,66.5,1,5552.75,0.02782,0.01526,0.01823,1.2556,0,0
uas_waterfowl_experts,aerien_non_marin,BDA_12C_20181127_1.jpg,5472,3648,4211.5,2932.5,84.0,79.0,1,6636.0,0.03324,0.01535,0.02166,1.0633,0,0
uas_waterfowl_experts,aerien_non_marin,BDA_12C_20181127_1.jpg,5472,3648,4084.0,2985.0,62.5,102.5,1,6406.25,0.03209,0.01142,0.0281,0.6098,0,0
uas_waterfowl_experts,aerien_non_marin,BDA_12C_20181127_1.jpg,5472,3648,4138.5,2789.0,91.0,48.5,1,4413.5,0.02211,0.01663,0.01329,1.8763,0,0
uas_waterfowl_experts,aerien_non_marin,BDA_12C_20181127_1.jpg,5472,3648,3831.5,2884.0,72.5,72.5,1,5256.25,0.02633,0.01325,0.01987,1.0,0,0
uas_waterfowl_experts,aerien_non_marin,BDA_12C_20181127_1.jpg,5472,3648,4140.0,2428.0,83.0,83.0,1,6889.0,0.03451,0.01517,0.02275,1.0,0,0
uas_waterfowl_experts,aerien_non_marin,BDA_12C_20181127_1.jpg,5472,3648,4333.0,2292.0,96.0,68.0,1,6528.0,0.0327,0.01754,0.01864,1.4118,0,0
uas_waterfowl_experts,aerien_non_marin,BDA_12C_20181127_1.jpg,5472,3648,3517.5,2930.5,64.5,75.5,1,4869.75,0.0244,0.01179,0.0207,0.8543,0,0
uas_waterfowl_experts,aerien_non_marin,BDA_12C_20181127_1.jpg,5472,3648,3602.0,2920.0,74.5,47.0,1,3501.5,0.01754,0.01361,0.01288,1.5851,0,0
uas_waterfowl_experts,aerien_non_marin,BDA_12C_20181127_1.jpg,5472,3648,3478.0,3068.0,76.0,74.0,1,5624.0,0.02817,0.01389,0.02029,1.027,0,0
uas_waterfowl_experts,aerien_non_marin,BDA_12C_20181127_1.jpg,5472,3648,3710.5,3088.0,60.0,78.0,1,4680.0,0.02344,0.01096,0.02138,0.7692,0,0
uas_waterfowl_experts,aerien_non_marin,BDA_12C_20181127_1.jpg,5472,3648,3653.0,3016.0,65.5,62.5,1,4093.75,0.02051,0.01197,0.01713,1.048,0,0
uas_waterfowl_experts,aerien_non_marin,BDA_12C_20181127_1.jpg,5472,3648,4061.5,3314.0,58.5,71.0,1,4153.5,0.02081,0.01069,0.01946,0.8239,0,0
uas_waterfowl_experts,aerien_non_marin,BDA_12C_20181127_1.jpg,5472,3648,5315.0,2620.5,60.0,93.5,1,5610.0,0.0281,0.01096,0.02563,0.6417,0,0
uas_waterfowl_experts,aerien_non_marin,BDA_12C_20181127_1.jpg,5472,3648,5392.0,2559.0,54.5,91.5,1,4986.75,0.02498,0.00996,0.02508,0.5956,0,0
uas_waterfowl_experts,aerien_non_marin,BDA_12C_20181127_1.jpg,5472,3648,3288.0,228.0,70.0,130.0,1,9100.0,0.04559,0.01279,0.03564,0.5385,0,0
uas_waterfowl_experts,aerien_non_marin,BDA_12C_20181127_1.jpg,5472,3648,4371.0,1757.0,119.0,88.0,1,10472.0,0.05246,0.02175,0.02412,1.3523,0,0
uas_waterfowl_experts,aerien_non_marin,BDA_12C_20181127_1.jpg,5472,3648,4592.0,1626.0,135.0,74.0,1,9990.0,0.05005,0.02467,0.02029,1.8243,0,0
uas_waterfowl_experts,aerien_non_marin,BDA_12C_20181127_1.jpg,5472,3648,4787.0,1664.5,128.0,61.0,1,7808.0,0.03911,0.02339,0.01672,2.0984,0,0
uas_waterfowl_experts,aerien_non_marin,BDA_12C_20181127_1.jpg,5472,3648,5074.5,1609.0,115.0,78.5,1,9027.5,0.04522,0.02102,0.02152,1.465,0,0
uas_waterfowl_experts,aerien_non_marin,BDA_12C_20181127_1.jpg,5472,3648,4613.0,2530.0,91.5,113.5,1,10385.25,0.05203,0.01672,0.03111,0.8062,0,0
uas_waterfowl_experts,aerien_non_marin,BDA_12C_20181127_1.jpg,5472,3648,4809.0,2714.0,84.0,131.0,1,11004.0,0.05513,0.01535,0.03591,0.6412,0,0
uas_waterfowl_experts,aerien_non_marin,BDA_12C_20181127_1.jpg,5472,3648,2805.0,3608.0,132.0,39.0,1,5148.0,0.02579,0.02412,0.01069,3.3846,0,0
uas_waterfowl_experts,aerien_non_marin,BDA_12C_20181127_1.jpg,5472,3648,2986.0,3617.0,54.0,30.0,1,1620.0,0.00812,0.00987,0.00822,1.8,0,0
uas_waterfowl_experts,aerien_non_marin,BDA_12C_20181127_1.jpg,5472,3648,3010.5,2738.0,48.0,48.5,1,2328.0,0.01166,0.00877,0.01329,0.9897,0,0
uas_waterfowl_experts,aerien_non_marin,BDA_12C_20181127_1.jpg,5472,3648,2824.0,2937.5,34.5,54.5,1,1880.25,0.00942,0.0063,0.01494,0.633,0,0
uas_waterfowl_experts,aerien_non_marin,BDA_12C_20181127_1.jpg,5472,3648,2588.5,3336.0,52.0,49.0,1,2548.0,0.01276,0.0095,0.01343,1.0612,0,0
uas_waterfowl_experts,aerien_non_marin,BDA_12C_20181127_1.jpg,5472,3648,2629.0,3285.5,37.0,46.0,1,1702.0,0.00853,0.00676,0.01261,0.8043,0,0
uas_waterfowl_experts,aerien_non_marin,BDA_12C_20181127_1.jpg,5472,3648,2456.5,3573.5,35.0,66.5,1,2327.5,0.01166,0.0064,0.01823,0.5263,0,0
uas_waterfowl_experts,aerien_non_marin,BDA_12C_20181127_1.jpg,5472,3648,2777.5,3335.0,53.0,28.0,1,1484.0,0.00743,0.00969,0.00768,1.8929,0,0
uas_waterfowl_experts,aerien_non_marin,BDA_12C_20181127_1.jpg,5472,3648,2921.5,3170.0,39.5,64.0,1,2528.0,0.01266,0.00722,0.01754,0.6172,0,0
uas_waterfowl_experts,aerien_non_marin,BDA_12C_20181127_1.jpg,5472,3648,2834.5,3111.5,49.0,51.5,1,2523.5,0.01264,0.00895,0.01412,0.9515,0,0
uas_waterfowl_experts,aerien_non_marin,BDA_12C_20181127_1.jpg,5472,3648,3469.0,2747.0,43.0,35.0,1,1505.0,0.00754,0.00786,0.00959,1.2286,0,0
uas_waterfowl_experts,aerien_non_marin,BDA_12C_20181127_1.jpg,5472,3648,2518.5,3446.0,28.5,51.0,1,1453.5,0.00728,0.00521,0.01398,0.5588,0,0
uas_waterfowl_experts,aerien_non_marin,BDA_12C_20181127_1.jpg,5472,3648,2953.0,2925.0,43.0,41.0,1,1763.0,0.00883,0.00786,0.01124,1.0488,0,0
uas_waterfowl_experts,aerien_non_marin,BDA_12C_20181127_1.jpg,5472,3648,3198.0,3484.0,26.0,50.0,1,1300.0,0.00651,0.00475,0.01371,0.52,0,0
uas_waterfowl_experts,aerien_non_marin,BDA_12C_20181127_1.jpg,5472,3648,3549.0,3106.0,49.0,49.0,1,2401.0,0.01203,0.00895,0.01343,1.0,0,0
uas_waterfowl_experts,aerien_non_marin,BDA_12C_20181127_1.jpg,5472,3648,3383.0,2863.0,55.5,52.5,1,2913.75,0.0146,0.01014,0.01439,1.0571,0,0
uas_waterfowl_experts,aerien_non_marin,BDA_12C_20181127_1.jpg,5472,3648,5086.0,3376.0,84.0,53.0,1,4452.0,0.0223,0.01535,0.01453,1.5849,0,0
uas_waterfowl_experts,aerien_non_marin,BDA_12C_20181127_1.jpg,5472,3648,2616.0,3083.0,24.0,56.0,1,1344.0,0.00673,0.00439,0.01535,0.4286,0,0
uas_waterfowl_experts,aerien_non_marin,BDA_12C_20181127_1.jpg,5472,3648,2718.0,2982.0,47.0,29.0,1,1363.0,0.00683,0.00859,0.00795,1.6207,0,0
uas_waterfowl_experts,aerien_non_marin,BDA_12C_20181127_1.jpg,5472,3648,2675.0,3126.0,24.5,52.0,1,1274.0,0.00638,0.00448,0.01425,0.4712,0,0
uas_waterfowl_experts,aerien_non_marin,BDA_12C_20181127_1.jpg,5472,3648,2752.0,3134.0,46.0,50.0,1,2300.0,0.01152,0.00841,0.01371,0.92,0,0
uas_waterfowl_experts,aerien_non_marin,BDA_12C_20181127_1.jpg,5472,3648,2665.0,3048.0,47.0,45.0,1,2115.0,0.0106,0.00859,0.01234,1.0444,0,0
uas_waterfowl_experts,aerien_non_marin,BDA_12C_20181127_1.jpg,5472,3648,2666.0,3243.0,44.0,41.0,1,1804.0,0.00904,0.00804,0.01124,1.0732,0,0
uas_waterfowl_experts,aerien_non_marin,BDA_12C_20181127_1.jpg,5472,3648,2724.0,3348.0,48.0,36.0,1,1728.0,0.00866,0.00877,0.00987,1.3333,0,0
uas_waterfowl_experts,aerien_non_marin,BDA_12C_20181127_1.jpg,5472,3648,2772.5,3371.0,43.0,29.5,1,1268.5,0.00635,0.00786,0.00809,1.4576,0,0
uas_waterfowl_experts,aerien_non_marin,BDA_12C_20181127_1.jpg,5472,3648,3250.0,2628.0,47.0,45.0,1,2115.0,0.0106,0.00859,0.01234,1.0444,0,0
uas_waterfowl_experts,aerien_non_marin,BDA_12C_20181127_1.jpg,5472,3648,3986.5,2365.5,44.5,49.0,1,2180.5,0.01092,0.00813,0.01343,0.9082,0,0
uas_waterfowl_experts,aerien_non_marin,BDA_12C_20181127_1.jpg,5472,3648,3199.0,2683.0,54.0,32.0,1,1728.0,0.00866,0.00987,0.00877,1.6875,0,0
uas_waterfowl_experts,aerien_non_marin,BDA_12C_20181127_1.jpg,5472,3648,3814.0,2514.0,66.5,54.0,1,3591.0,0.01799,0.01215,0.0148,1.2315,0,0
uas_waterfowl_experts,aerien_non_marin,BDA_12C_20181127_1.jpg,5472,3648,2514.5,3591.5,32.5,55.0,1,1787.5,0.00895,0.00594,0.01508,0.5909,0,0
uas_waterfowl_experts,aerien_non_marin,BDA_12C_20181127_1.jpg,5472,3648,3121.0,2054.0,86.0,57.0,1,4902.0,0.02456,0.01572,0.01562,1.5088,0,0
uas_waterfowl_experts,aerien_non_marin,BDA_12C_20181127_1.jpg,5472,3648,3309.0,2883.0,59.0,43.0,1,2537.0,0.01271,0.01078,0.01179,1.3721,0,0
uas_waterfowl_experts,aerien_non_marin,BDA_12C_20181127_1.jpg,5472,3648,5371.0,3492.0,83.0,52.0,1,4316.0,0.02162,0.01517,0.01425,1.5962,0,0
uas_waterfowl_experts,aerien_non_marin,BDA_12C_20181127_2.jpg,5472,3648,4977.0,2183.0,58.0,75.0,1,4350.0,0.02179,0.0106,0.02056,0.7733,0,0
uas_waterfowl_experts,aerien_non_marin,BDA_12C_20181127_2.jpg,5472,3648,5076.5,2255.5,74.0,76.0,1,5624.0,0.02817,0.01352,0.02083,0.9737,0,0
uas_waterfowl_experts,aerien_non_marin,BDA_12C_20181127_2.jpg,5472,3648,5380.5,2341.0,75.0,86.5,1,6487.5,0.0325,0.01371,0.02371,0.8671,0,0
uas_waterfowl_experts,aerien_non_marin,BDA_12C_20181127_2.jpg,5472,3648,5320.0,1993.0,65.0,90.0,1,5850.0,0.02931,0.01188,0.02467,0.7222,0,0
uas_waterfowl_experts,aerien_non_marin,BDA_12C_20181127_2.jpg,5472,3648,3997.0,3452.0,85.0,49.5,1,4207.5,0.02108,0.01553,0.01357,1.7172,0,0
uas_waterfowl_experts,aerien_non_marin,BDA_12C_20181127_2.jpg,5472,3648,3892.0,3413.5,55.0,75.0,1,4125.0,0.02066,0.01005,0.02056,0.7333,0,0
uas_waterfowl_experts,aerien_non_marin,BDA_12C_20181127_2.jpg,5472,3648,3655.0,3424.5,66.5,71.5,1,4754.75,0.02382,0.01215,0.0196,0.9301,0,0
uas_waterfowl_experts,aerien_non_marin,BDA_12C_20181127_2.jpg,5472,3648,3934.5,3196.0,39.5,88.0,1,3476.0,0.01741,0.00722,0.02412,0.4489,0,0
uas_waterfowl_experts,aerien_non_marin,BDA_12C_20181127_2.jpg,5472,3648,4007.0,3161.0,41.0,82.0,1,3362.0,0.01684,0.00749,0.02248,0.5,0,0
uas_waterfowl_experts,aerien_non_marin,BDA_12C_20181127_2.jpg,5472,3648,3518.0,2990.5,98.5,46.0,1,4531.0,0.0227,0.018,0.01261,2.1413,0,0
uas_waterfowl_experts,aerien_non_marin,BDA_12C_20181127_2.jpg,5472,3648,2060.0,1767.5,58.5,79.5,1,4650.75,0.0233,0.01069,0.02179,0.7358,0,0
uas_waterfowl_experts,aerien_non_marin,BDA_12C_20181127_2.jpg,5472,3648,2570.0,1608.5,89.0,45.0,1,4005.0,0.02006,0.01626,0.01234,1.9778,0,0
uas_waterfowl_experts,aerien_non_marin,BDA_12C_20181127_2.jpg,5472,3648,2490.0,1460.5,73.0,42.0,1,3066.0,0.01536,0.01334,0.01151,1.7381,0,0
uas_waterfowl_experts,aerien_non_marin,BDA_12C_20181127_2.jpg,5472,3648,2340.0,1350.5,84.5,41.5,1,3506.75,0.01757,0.01544,0.01138,2.0361,0,0
uas_waterfowl_experts,aerien_non_marin,BDA_12C_20181127_2.jpg,5472,3648,2498.0,1290.0,41.0,65.0,1,2665.0,0.01335,0.00749,0.01782,0.6308,0,0
uas_waterfowl_experts,aerien_non_marin,BDA_12C_20181127_2.jpg,5472,3648,2527.0,1101.0,52.5,84.5,1,4436.25,0.02222,0.00959,0.02316,0.6213,0,0
uas_waterfowl_experts,aerien_non_marin,BDA_12C_20181127_2.jpg,5472,3648,2433.0,891.0,79.0,82.0,1,6478.0,0.03245,0.01444,0.02248,0.9634,0,0
uas_waterfowl_experts,aerien_non_marin,BDA_12C_20181127_2.jpg,5472,3648,1061.0,3213.0,79.0,69.5,1,5490.5,0.0275,0.01444,0.01905,1.1367,0,0
uas_waterfowl_experts,aerien_non_marin,BDA_12C_20181127_2.jpg,5472,3648,2409.0,1577.0,44.0,58.5,1,2574.0,0.01289,0.00804,0.01604,0.7521,0,0
uas_waterfowl_experts,aerien_non_marin,BDA_12C_20181127_2.jpg,5472,3648,4508.5,2121.5,135.0,67.0,1,9045.0,0.04531,0.02467,0.01837,2.0149,0,0
uas_waterfowl_experts,aerien_non_marin,BDA_12C_20181127_2.jpg,5472,3648,4430.0,2387.5,136.0,82.5,1,11220.0,0.05621,0.02485,0.02262,1.6485,0,0
uas_waterfowl_experts,aerien_non_marin,BDA_12C_20181127_2.jpg,5472,3648,3939.5,2362.0,134.0,82.0,1,10988.0,0.05504,0.02449,0.02248,1.6341,0,0
uas_waterfowl_experts,aerien_non_marin,BDA_12C_20181127_2.jpg,5472,3648,3950.0,2206.0,121.0,100.0,1,12100.0,0.06062,0.02211,0.02741,1.21,0,0
uas_waterfowl_experts,aerien_non_marin,BDA_12C_20181127_2.jpg,5472,3648,2123.0,1688.5,92.5,102.0,1,9435.0,0.04727,0.0169,0.02796,0.9069,0,0
uas_waterfowl_experts,aerien_non_marin,BDA_12C_20181127_2.jpg,5472,3648,2295.0,1564.5,60.0,109.5,1,6570.0,0.03291,0.01096,0.03002,0.5479,0,0
uas_waterfowl_experts,aerien_non_marin,BDA_12C_20181127_2.jpg,5472,3648,0.0,2600.5,48.5,116.0,1,5626.0,0.02818,0.00886,0.0318,0.4181,0,0
uas_waterfowl_experts,aerien_non_marin,BDA_12C_20181127_2.jpg,5472,3648,4623.0,1966.0,46.5,62.0,1,2883.0,0.01444,0.0085,0.017,0.75,0,0
uas_waterfowl_experts,aerien_non_marin,BDA_12C_20181127_2.jpg,5472,3648,3883.5,1803.0,44.5,38.0,1,1691.0,0.00847,0.00813,0.01042,1.1711,0,0
uas_waterfowl_experts,aerien_non_marin,BDA_12C_20181127_2.jpg,5472,3648,4434.5,3491.0,47.0,40.5,1,1903.5,0.00954,0.00859,0.0111,1.1605,0,0
uas_waterfowl_experts,aerien_non_marin,BDA_12C_20181127_2.jpg,5472,3648,4459.0,1075.0,43.5,39.0,1,1696.5,0.0085,0.00795,0.01069,1.1154,0,0
uas_waterfowl_experts,aerien_non_marin,BDA_12C_20181127_2.jpg,5472,3648,4570.0,1217.5,30.5,50.5,1,1540.25,0.00772,0.00557,0.01384,0.604,0,0
uas_waterfowl_experts,aerien_non_marin,BDA_12C_20181127_2.jpg,5472,3648,4695.5,1785.5,29.5,48.0,1,1416.0,0.00709,0.00539,0.01316,0.6146,0,0
uas_waterfowl_experts,aerien_non_marin,BDA_12C_20181127_2.jpg,5472,3648,2175.0,1262.0,28.0,42.0,1,1176.0,0.00589,0.00512,0.01151,0.6667,0,0
uas_waterfowl_experts,aerien_non_marin,BDA_12C_20181127_2.jpg,5472,3648,2255.0,1272.0,49.0,26.0,1,1274.0,0.00638,0.00895,0.00713,1.8846,0,0
uas_waterfowl_experts,aerien_non_marin,BDA_12C_20181127_2.jpg,5472,3648,4098.5,2012.0,35.0,43.5,1,1522.5,0.00763,0.0064,0.01192,0.8046,0,0
uas_waterfowl_experts,aerien_non_marin,BDA_12C_20181127_2.jpg,5472,3648,4144.0,2014.0,20.5,43.0,1,881.5,0.00442,0.00375,0.01179,0.4767,0,0
uas_waterfowl_experts,aerien_non_marin,BDA_12C_20181127_2.jpg,5472,3648,4146.5,1949.0,25.0,40.5,1,1012.5,0.00507,0.00457,0.0111,0.6173,0,0
uas_waterfowl_experts,aerien_non_marin,BDA_12C_20181127_2.jpg,5472,3648,3851.0,485.0,32.0,36.0,1,1152.0,0.00577,0.00585,0.00987,0.8889,0,0
uas_waterfowl_experts,aerien_non_marin,BDA_12C_20181127_2.jpg,5472,3648,3263.0,3075.0,43.0,44.0,1,1892.0,0.00948,0.00786,0.01206,0.9773,0,0
uas_waterfowl_experts,aerien_non_marin,BDA_12C_20181127_2.jpg,5472,3648,3279.0,3118.0,41.0,33.0,1,1353.0,0.00678,0.00749,0.00905,1.2424,0,0
uas_waterfowl_experts,aerien_non_marin,BDA_12C_20181127_2.jpg,5472,3648,3572.0,1289.0,47.0,44.0,1,2068.0,0.01036,0.00859,0.01206,1.0682,0,0
uas_waterfowl_experts,aerien_non_marin,BDA_12C_20181127_2.jpg,5472,3648,3808.0,1130.0,47.0,32.0,1,1504.0,0.00753,0.00859,0.00877,1.4688,0,0
uas_waterfowl_experts,aerien_non_marin,BDA_12C_20181127_2.jpg,5472,3648,3763.5,1121.0,27.0,48.0,1,1296.0,0.00649,0.00493,0.01316,0.5625,0,0
uas_waterfowl_experts,aerien_non_marin,BDA_12C_20181127_2.jpg,5472,3648,3096.0,1087.5,31.5,45.5,1,1433.25,0.00718,0.00576,0.01247,0.6923,0,0
uas_waterfowl_experts,aerien_non_marin,BDA_12C_20181127_2.jpg,5472,3648,3124.0,1053.0,40.5,39.5,1,1599.75,0.00801,0.0074,0.01083,1.0253,0,0
uas_waterfowl_experts,aerien_non_marin,BDA_12C_20181127_2.jpg,5472,3648,3197.0,1123.5,59.0,27.5,1,1622.5,0.00813,0.01078,0.00754,2.1455,0,0
uas_waterfowl_experts,aerien_non_marin,BDA_12C_20181127_2.jpg,5472,3648,2060.5,1143.5,54.0,31.5,1,1701.0,0.00852,0.00987,0.00863,1.7143,0,0
uas_waterfowl_experts,aerien_non_marin,BDA_12C_20181127_2.jpg,5472,3648,2858.0,2151.0,24.5,40.0,1,980.0,0.00491,0.00448,0.01096,0.6125,0,0
uas_waterfowl_experts,aerien_non_marin,BDA_12C_20181127_2.jpg,5472,3648,3392.0,2892.0,42.0,31.0,1,1302.0,0.00652,0.00768,0.0085,1.3548,0,0
uas_waterfowl_experts,aerien_non_marin,BDA_12C_20181127_2.jpg,5472,3648,4716.5,2083.5,44.5,44.0,1,1958.0,0.00981,0.00813,0.01206,1.0114,0,0
uas_waterfowl_experts,aerien_non_marin,BDA_12C_20181127_2.jpg,5472,3648,4731.5,3320.5,66.5,36.5,1,2427.25,0.01216,0.01215,0.01001,1.8219,0,0
uas_waterfowl_experts,aerien_non_marin,BDA_12C_20181127_2.jpg,5472,3648,4037.0,3596.5,42.0,48.0,1,2016.0,0.0101,0.00768,0.01316,0.875,0,0
uas_waterfowl_experts,aerien_non_marin,BDA_12C_20181127_2.jpg,5472,3648,4412.5,3546.0,42.0,51.5,1,2163.0,0.01084,0.00768,0.01412,0.8155,0,0
uas_waterfowl_experts,aerien_non_marin,BDA_12C_20181127_2.jpg,5472,3648,4414.0,3316.0,59.5,46.5,1,2766.75,0.01386,0.01087,0.01275,1.2796,0,0
uas_waterfowl_experts,aerien_non_marin,BDA_12C_20181127_2.jpg,5472,3648,4636.0,3365.0,39.5,45.5,1,1797.25,0.009,0.00722,0.01247,0.8681,0,0
uas_waterfowl_experts,aerien_non_marin,BDA_12C_20181127_2.jpg,5472,3648,4518.5,3459.0,32.0,49.5,1,1584.0,0.00794,0.00585,0.01357,0.6465,0,0
uas_waterfowl_experts,aerien_non_marin,BDA_12C_20181127_2.jpg,5472,3648,4318.5,3428.5,36.5,52.5,1,1916.25,0.0096,0.00667,0.01439,0.6952,0,0
uas_waterfowl_experts,aerien_non_marin,BDA_12C_20181127_2.jpg,5472,3648,4261.5,3390.0,35.5,46.5,1,1650.75,0.00827,0.00649,0.01275,0.7634,0,0
uas_waterfowl_experts,aerien_non_marin,BDA_12C_20181127_2.jpg,5472,3648,4168.0,3512.0,60.0,33.0,1,1980.0,0.00992,0.01096,0.00905,1.8182,0,0
uas_waterfowl_experts,aerien_non_marin,BDA_12C_20181127_2.jpg,5472,3648,4047.0,3376.0,48.5,28.5,1,1382.25,0.00692,0.00886,0.00781,1.7018,0,0
uas_waterfowl_experts,aerien_non_marin,BDA_12C_20181127_2.jpg,5472,3648,4491.0,3101.0,67.0,38.5,1,2579.5,0.01292,0.01224,0.01055,1.7403,0,0
uas_waterfowl_experts,aerien_non_marin,BDA_12C_20181127_2.jpg,5472,3648,4513.0,3171.0,59.0,33.0,1,1947.0,0.00975,0.01078,0.00905,1.7879,0,0
uas_waterfowl_experts,aerien_non_marin,BDA_12C_20181127_2.jpg,5472,3648,4482.5,3277.0,53.0,39.0,1,2067.0,0.01035,0.00969,0.01069,1.359,0,0
uas_waterfowl_experts,aerien_non_marin,BDA_12C_20181127_2.jpg,5472,3648,4809.5,3225.5,59.5,33.0,1,1963.5,0.00984,0.01087,0.00905,1.803,0,0
uas_waterfowl_experts,aerien_non_marin,BDA_12C_20181127_2.jpg,5472,3648,4881.0,3231.0,46.0,49.0,1,2254.0,0.01129,0.00841,0.01343,0.9388,0,0
uas_waterfowl_experts,aerien_non_marin,BDA_12C_20181127_2.jpg,5472,3648,4712.0,3477.0,64.0,30.0,1,1920.0,0.00962,0.0117,0.00822,2.1333,0,0
uas_waterfowl_experts,aerien_non_marin,BDA_12C_20181127_2.jpg,5472,3648,4595.5,3533.0,35.5,46.5,1,1650.75,0.00827,0.00649,0.01275,0.7634,0,0
uas_waterfowl_experts,aerien_non_marin,BDA_12C_20181127_2.jpg,5472,3648,5223.0,2654.0,59.5,41.5,1,2469.25,0.01237,0.01087,0.01138,1.4337,0,0
uas_waterfowl_experts,aerien_non_marin,BDA_12C_20181127_2.jpg,5472,3648,5167.5,2698.5,43.5,47.5,1,2066.25,0.01035,0.00795,0.01302,0.9158,0,0
uas_waterfowl_experts,aerien_non_marin,BDA_12C_20181127_2.jpg,5472,3648,4955.5,2757.0,58.5,35.0,1,2047.5,0.01026,0.01069,0.00959,1.6714,0,0
uas_waterfowl_experts,aerien_non_marin,BDA_12C_20181127_2.jpg,5472,3648,5056.0,2568.5,33.0,58.0,1,1914.0,0.00959,0.00603,0.0159,0.569,0,0
uas_waterfowl_experts,aerien_non_marin,BDA_12C_20181127_2.jpg,5472,3648,5107.5,2634.0,49.0,46.5,1,2278.5,0.01141,0.00895,0.01275,1.0538,0,0
uas_waterfowl_experts,aerien_non_marin,BDA_12C_20181127_2.jpg,5472,3648,5065.0,2450.5,41.0,48.0,1,1968.0,0.00986,0.00749,0.01316,0.8542,0,0
uas_waterfowl_experts,aerien_non_marin,BDA_12C_20181127_2.jpg,5472,3648,5027.0,2392.0,48.5,35.0,1,1697.5,0.0085,0.00886,0.00959,1.3857,0,0
uas_waterfowl_experts,aerien_non_marin,BDA_12C_20181127_2.jpg,5472,3648,4832.0,2536.0,33.5,41.0,1,1373.5,0.00688,0.00612,0.01124,0.8171,0,0
uas_waterfowl_experts,aerien_non_marin,BDA_12C_20181127_2.jpg,5472,3648,4492.5,2505.5,34.5,49.0,1,1690.5,0.00847,0.0063,0.01343,0.7041,0,0
uas_waterfowl_experts,aerien_non_marin,BDA_12C_20181127_2.jpg,5472,3648,4303.0,2582.5,56.0,34.5,1,1932.0,0.00968,0.01023,0.00946,1.6232,0,0
uas_waterfowl_experts,aerien_non_marin,BDA_12C_20181127_2.jpg,5472,3648,4283.5,2623.5,43.5,41.5,1,1805.25,0.00904,0.00795,0.01138,1.0482,0,0
uas_waterfowl_experts,aerien_non_marin,BDA_12C_20181127_2.jpg,5472,3648,4361.5,2620.5,37.5,43.5,1,1631.25,0.00817,0.00685,0.01192,0.8621,0,0
uas_waterfowl_experts,aerien_non_marin,BDA_12C_20181127_2.jpg,5472,3648,4191.0,2731.0,53.5,34.5,1,1845.75,0.00925,0.00978,0.00946,1.5507,0,0
uas_waterfowl_experts,aerien_non_marin,BDA_12C_20181127_2.jpg,5472,3648,4236.0,2832.0,38.0,54.0,1,2052.0,0.01028,0.00694,0.0148,0.7037,0,0
uas_waterfowl_experts,aerien_non_marin,BDA_12C_20181127_2.jpg,5472,3648,4282.0,2941.5,61.5,32.0,1,1968.0,0.00986,0.01124,0.00877,1.9219,0,0
uas_waterfowl_experts,aerien_non_marin,BDA_12C_20181127_2.jpg,5472,3648,4413.0,3049.0,28.0,47.0,1,1316.0,0.00659,0.00512,0.01288,0.5957,0,0
uas_waterfowl_experts,aerien_non_marin,BDA_12C_20181127_2.jpg,5472,3648,3711.0,3013.0,62.0,34.0,1,2108.0,0.01056,0.01133,0.00932,1.8235,0,0
uas_waterfowl_experts,aerien_non_marin,BDA_12C_20181127_2.jpg,5472,3648,3749.0,2964.0,51.0,35.0,1,1785.0,0.00894,0.00932,0.00959,1.4571,0,0
uas_waterfowl_experts,aerien_non_marin,BDA_12C_20181127_2.jpg,5472,3648,3836.0,2926.0,41.0,41.0,1,1681.0,0.00842,0.00749,0.01124,1.0,0,0
uas_waterfowl_experts,aerien_non_marin,BDA_12C_20181127_2.jpg,5472,3648,3880.0,2937.0,31.0,46.5,1,1441.5,0.00722,0.00567,0.01275,0.6667,0,0
uas_waterfowl_experts,aerien_non_marin,BDA_12C_20181127_2.jpg,5472,3648,3793.0,2869.0,28.0,50.0,1,1400.0,0.00701,0.00512,0.01371,0.56,0,0
uas_waterfowl_experts,aerien_non_marin,BDA_12C_20181127_2.jpg,5472,3648,3732.0,2874.5,42.0,42.0,1,1764.0,0.00884,0.00768,0.01151,1.0,0,0
uas_waterfowl_experts,aerien_non_marin,BDA_12C_20181127_2.jpg,5472,3648,5373.0,2246.0,42.0,51.0,1,2142.0,0.01073,0.00768,0.01398,0.8235,0,0
uas_waterfowl_experts,aerien_non_marin,BDA_12C_20181127_2.jpg,5472,3648,5241.0,2202.0,43.0,53.0,1,2279.0,0.01142,0.00786,0.01453,0.8113,0,0
uas_waterfowl_experts,aerien_non_marin,BDA_12C_20181127_2.jpg,5472,3648,5090.0,2156.0,27.0,44.0,1,1188.0,0.00595,0.00493,0.01206,0.6136,0,0
uas_waterfowl_experts,aerien_non_marin,BDA_12C_20181127_2.jpg,5472,3648,5087.0,2079.5,55.5,44.0,1,2442.0,0.01223,0.01014,0.01206,1.2614,0,0
uas_waterfowl_experts,aerien_non_marin,BDA_12C_20181127_2.jpg,5472,3648,5066.0,2035.0,47.5,39.5,1,1876.25,0.0094,0.00868,0.01083,1.2025,0,0
uas_waterfowl_experts,aerien_non_marin,BDA_12C_20181127_2.jpg,5472,3648,5020.5,1952.0,45.0,52.0,1,2340.0,0.01172,0.00822,0.01425,0.8654,0,0
uas_waterfowl_experts,aerien_non_marin,BDA_12C_20181127_2.jpg,5472,3648,4856.0,2105.0,58.5,30.5,1,1784.25,0.00894,0.01069,0.00836,1.918,0,0
uas_waterfowl_experts,aerien_non_marin,BDA_12C_20181127_2.jpg,5472,3648,4853.0,1932.0,52.0,47.0,1,2444.0,0.01224,0.0095,0.01288,1.1064,0,0
uas_waterfowl_experts,aerien_non_marin,BDA_12C_20181127_2.jpg,5472,3648,4891.5,1891.5,41.5,35.0,1,1452.5,0.00728,0.00758,0.00959,1.1857,0,0
uas_waterfowl_experts,aerien_non_marin,BDA_12C_20181127_2.jpg,5472,3648,4846.0,1847.0,46.0,47.0,1,2162.0,0.01083,0.00841,0.01288,0.9787,0,0
uas_waterfowl_experts,aerien_non_marin,BDA_12C_20181127_2.jpg,5472,3648,4826.5,1733.5,34.5,64.0,1,2208.0,0.01106,0.0063,0.01754,0.5391,0,0
uas_waterfowl_experts,aerien_non_marin,BDA_12C_20181127_2.jpg,5472,3648,4801.0,1655.0,52.0,42.0,1,2184.0,0.01094,0.0095,0.01151,1.2381,0,0
uas_waterfowl_experts,aerien_non_marin,BDA_12C_20181127_2.jpg,5472,3648,4664.5,1630.5,61.5,27.5,1,1691.25,0.00847,0.01124,0.00754,2.2364,0,0
uas_waterfowl_experts,aerien_non_marin,BDA_12C_20181127_2.jpg,5472,3648,4690.5,1464.5,35.0,35.5,1,1242.5,0.00622,0.0064,0.00973,0.9859,0,0
uas_waterfowl_experts,aerien_non_marin,BDA_12C_20181127_2.jpg,5472,3648,4728.0,1557.5,51.0,34.5,1,1759.5,0.00881,0.00932,0.00946,1.4783,0,0
uas_waterfowl_experts,aerien_non_marin,BDA_12C_20181127_2.jpg,5472,3648,4911.0,1588.5,31.5,44.5,1,1401.75,0.00702,0.00576,0.0122,0.7079,0,0
uas_waterfowl_experts,aerien_non_marin,BDA_12C_20181127_2.jpg,5472,3648,4939.0,1511.0,58.0,30.0,1,1740.0,0.00872,0.0106,0.00822,1.9333,0,0
uas_waterfowl_experts,aerien_non_marin,BDA_12C_20181127_2.jpg,5472,3648,5205.5,1367.5,40.5,55.5,1,2247.75,0.01126,0.0074,0.01521,0.7297,0,0
uas_waterfowl_experts,aerien_non_marin,BDA_12C_20181127_2.jpg,5472,3648,5228.5,1315.5,33.5,49.0,1,1641.5,0.00822,0.00612,0.01343,0.6837,0,0
uas_waterfowl_experts,aerien_non_marin,BDA_12C_20181127_2.jpg,5472,3648,5377.0,1283.0,32.0,56.5,1,1808.0,0.00906,0.00585,0.01549,0.5664,0,0
uas_waterfowl_experts,aerien_non_marin,BDA_12C_20181127_2.jpg,5472,3648,5407.0,1255.0,26.0,45.0,1,1170.0,0.00586,0.00475,0.01234,0.5778,0,0
uas_waterfowl_experts,aerien_non_marin,BDA_12C_20181127_2.jpg,5472,3648,5235.5,1177.0,30.0,51.5,1,1545.0,0.00774,0.00548,0.01412,0.5825,0,0
uas_waterfowl_experts,aerien_non_marin,BDA_12C_20181127_2.jpg,5472,3648,4948.0,814.0,48.0,49.0,1,2352.0,0.01178,0.00877,0.01343,0.9796,0,0
uas_waterfowl_experts,aerien_non_marin,BDA_12C_20181127_2.jpg,5472,3648,4917.0,770.0,43.0,45.0,1,1935.0,0.00969,0.00786,0.01234,0.9556,0,0
uas_waterfowl_experts,aerien_non_marin,BDA_12C_20181127_2.jpg,5472,3648,5093.0,710.0,40.0,41.0,1,1640.0,0.00822,0.00731,0.01124,0.9756,0,0
uas_waterfowl_experts,aerien_non_marin,BDA_12C_20181127_2.jpg,5472,3648,5280.0,724.0,37.0,51.0,1,1887.0,0.00945,0.00676,0.01398,0.7255,0,0
uas_waterfowl_experts,aerien_non_marin,BDA_12C_20181127_2.jpg,5472,3648,5284.0,690.0,51.0,29.0,1,1479.0,0.00741,0.00932,0.00795,1.7586,0,0
uas_waterfowl_experts,aerien_non_marin,BDA_12C_20181127_2.jpg,5472,3648,4781.0,561.0,35.0,55.0,1,1925.0,0.00964,0.0064,0.01508,0.6364,0,0
uas_waterfowl_experts,aerien_non_marin,BDA_12C_20181127_2.jpg,5472,3648,4755.0,687.0,48.0,44.0,1,2112.0,0.01058,0.00877,0.01206,1.0909,0,0
uas_waterfowl_experts,aerien_non_marin,BDA_12C_20181127_2.jpg,5472,3648,4501.0,619.0,37.0,57.0,1,2109.0,0.01057,0.00676,0.01562,0.6491,0,0
uas_waterfowl_experts,aerien_non_marin,BDA_12C_20181127_2.jpg,5472,3648,4527.0,532.0,52.0,40.0,1,2080.0,0.01042,0.0095,0.01096,1.3,0,0
uas_waterfowl_experts,aerien_non_marin,BDA_12C_20181127_2.jpg,5472,3648,4662.0,488.0,39.0,41.0,1,1599.0,0.00801,0.00713,0.01124,0.9512,0,0
uas_waterfowl_experts,aerien_non_marin,BDA_12C_20181127_2.jpg,5472,3648,4540.0,386.0,38.0,57.0,1,2166.0,0.01085,0.00694,0.01562,0.6667,0,0
uas_waterfowl_experts,aerien_non_marin,BDA_12C_20181127_2.jpg,5472,3648,4516.0,324.0,54.0,45.0,1,2430.0,0.01217,0.00987,0.01234,1.2,0,0
uas_waterfowl_experts,aerien_non_marin,BDA_12C_20181127_2.jpg,5472,3648,4707.0,335.0,67.0,55.0,1,3685.0,0.01846,0.01224,0.01508,1.2182,0,0
uas_waterfowl_experts,aerien_non_marin,BDA_12C_20181127_2.jpg,5472,3648,4693.0,277.0,37.0,42.0,1,1554.0,0.00778,0.00676,0.01151,0.881,0,0
uas_waterfowl_experts,aerien_non_marin,BDA_12C_20181127_2.jpg,5472,3648,4753.0,233.0,41.0,59.0,1,2419.0,0.01212,0.00749,0.01617,0.6949,0,0
uas_waterfowl_experts,aerien_non_marin,BDA_12C_20181127_2.jpg,5472,3648,4790.0,148.0,43.0,39.0,1,1677.0,0.0084,0.00786,0.01069,1.1026,0,0
uas_waterfowl_experts,aerien_non_marin,BDA_12C_20181127_2.jpg,5472,3648,4850.0,140.0,48.0,41.0,1,1968.0,0.00986,0.00877,0.01124,1.1707,0,0
uas_waterfowl_experts,aerien_non_marin,BDA_12C_20181127_2.jpg,5472,3648,4730.0,48.0,37.0,50.0,1,1850.0,0.00927,0.00676,0.01371,0.74,0,0
uas_waterfowl_experts,aerien_non_marin,BDA_12C_20181127_2.jpg,5472,3648,4944.0,0.0,29.0,23.0,1,667.0,0.00334,0.0053,0.0063,1.2609,0,0
uas_waterfowl_experts,aerien_non_marin,BDA_12C_20181127_2.jpg,5472,3648,5137.0,47.0,43.0,44.0,1,1892.0,0.00948,0.00786,0.01206,0.9773,0,0
uas_waterfowl_experts,aerien_non_marin,BDA_12C_20181127_2.jpg,5472,3648,5208.0,0.0,32.0,28.0,1,896.0,0.00449,0.00585,0.00768,1.1429,0,0
uas_waterfowl_experts,aerien_non_marin,BDA_12C_20181127_2.jpg,5472,3648,5433.0,525.0,39.0,41.0,1,1599.0,0.00801,0.00713,0.01124,0.9512,0,0
uas_waterfowl_experts,aerien_non_marin,BDA_12C_20181127_2.jpg,5472,3648,5217.0,515.0,34.0,36.0,1,1224.0,0.00613,0.00621,0.00987,0.9444,0,0
uas_waterfowl_experts,aerien_non_marin,BDA_12C_20181127_2.jpg,5472,3648,5219.0,364.0,32.0,46.0,1,1472.0,0.00737,0.00585,0.01261,0.6957,0,0
uas_waterfowl_experts,aerien_non_marin,BDA_12C_20181127_2.jpg,5472,3648,5212.0,302.0,33.0,47.0,1,1551.0,0.00777,0.00603,0.01288,0.7021,0,0
uas_waterfowl_experts,aerien_non_marin,BDA_12C_20181127_2.jpg,5472,3648,4334.0,197.0,46.0,46.0,1,2116.0,0.0106,0.00841,0.01261,1.0,0,0
uas_waterfowl_experts,aerien_non_marin,BDA_12C_20181127_2.jpg,5472,3648,4257.0,25.0,40.0,55.0,1,2200.0,0.01102,0.00731,0.01508,0.7273,0,0
uas_waterfowl_experts,aerien_non_marin,BDA_12C_20181127_2.jpg,5472,3648,4169.0,457.0,29.0,52.0,1,1508.0,0.00755,0.0053,0.01425,0.5577,0,0
uas_waterfowl_experts,aerien_non_marin,BDA_12C_20181127_2.jpg,5472,3648,4053.0,1939.0,62.0,46.0,1,2852.0,0.01429,0.01133,0.01261,1.3478,0,0
uas_waterfowl_experts,aerien_non_marin,BDA_12C_20181127_2.jpg,5472,3648,4188.0,2022.0,46.5,39.5,1,1836.75,0.0092,0.0085,0.01083,1.1772,0,0
uas_waterfowl_experts,aerien_non_marin,BDA_12C_20181127_2.jpg,5472,3648,3909.5,1870.5,57.5,28.0,1,1610.0,0.00807,0.01051,0.00768,2.0536,0,0
uas_waterfowl_experts,aerien_non_marin,BDA_12C_20181127_2.jpg,5472,3648,3694.0,1888.5,53.0,30.0,1,1590.0,0.00797,0.00969,0.00822,1.7667,0,0
uas_waterfowl_experts,aerien_non_marin,BDA_12C_20181127_2.jpg,5472,3648,3695.0,1950.0,48.5,35.0,1,1697.5,0.0085,0.00886,0.00959,1.3857,0,0
uas_waterfowl_experts,aerien_non_marin,BDA_12C_20181127_2.jpg,5472,3648,3746.0,2037.5,47.0,48.5,1,2279.5,0.01142,0.00859,0.01329,0.9691,0,0
uas_waterfowl_experts,aerien_non_marin,BDA_12C_20181127_2.jpg,5472,3648,3760.0,2173.0,43.0,42.0,1,1806.0,0.00905,0.00786,0.01151,1.0238,0,0
uas_waterfowl_experts,aerien_non_marin,BDA_12C_20181127_2.jpg,5472,3648,3488.5,2165.5,37.0,47.0,1,1739.0,0.00871,0.00676,0.01288,0.7872,0,0
uas_waterfowl_experts,aerien_non_marin,BDA_12C_20181127_2.jpg,5472,3648,3421.0,2249.5,57.0,37.5,1,2137.5,0.01071,0.01042,0.01028,1.52,0,0
uas_waterfowl_experts,aerien_non_marin,BDA_12C_20181127_2.jpg,5472,3648,3342.5,2250.5,31.5,53.0,1,1669.5,0.00836,0.00576,0.01453,0.5943,0,0
uas_waterfowl_experts,aerien_non_marin,BDA_12C_20181127_2.jpg,5472,3648,3186.0,1931.5,49.5,33.5,1,1658.25,0.00831,0.00905,0.00918,1.4776,0,0
uas_waterfowl_experts,aerien_non_marin,BDA_12C_20181127_2.jpg,5472,3648,3344.0,2053.5,44.0,49.5,1,2178.0,0.01091,0.00804,0.01357,0.8889,0,0
uas_waterfowl_experts,aerien_non_marin,BDA_12C_20181127_2.jpg,5472,3648,3296.0,2073.0,46.0,28.0,1,1288.0,0.00645,0.00841,0.00768,1.6429,0,0
uas_waterfowl_experts,aerien_non_marin,BDA_12C_20181127_2.jpg,5472,3648,3255.0,2138.0,52.5,43.5,1,2283.75,0.01144,0.00959,0.01192,1.2069,0,0
uas_waterfowl_experts,aerien_non_marin,BDA_12C_20181127_2.jpg,5472,3648,3654.0,2132.5,39.0,33.0,1,1287.0,0.00645,0.00713,0.00905,1.1818,0,0
uas_waterfowl_experts,aerien_non_marin,BDA_12C_20181127_2.jpg,5472,3648,3646.0,1979.5,38.0,48.5,1,1843.0,0.00923,0.00694,0.01329,0.7835,0,0
uas_waterfowl_experts,aerien_non_marin,BDA_12C_20181127_2.jpg,5472,3648,3455.0,2012.0,26.0,39.0,1,1014.0,0.00508,0.00475,0.01069,0.6667,0,0
uas_waterfowl_experts,aerien_non_marin,BDA_12C_20181127_2.jpg,5472,3648,3413.0,2035.5,42.5,29.0,1,1232.5,0.00617,0.00777,0.00795,1.4655,0,0
uas_waterfowl_experts,aerien_non_marin,BDA_12C_20181127_2.jpg,5472,3648,3302.5,1856.0,27.0,47.5,1,1282.5,0.00642,0.00493,0.01302,0.5684,0,0
uas_waterfowl_experts,aerien_non_marin,BDA_12C_20181127_2.jpg,5472,3648,5305.0,952.5,35.5,38.5,1,1366.75,0.00685,0.00649,0.01055,0.9221,0,0
uas_waterfowl_experts,aerien_non_marin,BDA_12C_20181127_2.jpg,5472,3648,5459.0,1002.0,13.0,35.0,1,455.0,0.00228,0.00238,0.00959,0.3714,0,0
uas_waterfowl_experts,aerien_non_marin,BDA_12C_20181127_2.jpg,5472,3648,5449.0,809.0,22.0,40.5,1,891.0,0.00446,0.00402,0.0111,0.5432,0,0
uas_waterfowl_experts,aerien_non_marin,BDA_12C_20181127_2.jpg,5472,3648,3988.0,785.0,42.5,46.5,1,1976.25,0.0099,0.00777,0.01275,0.914,0,0
uas_waterfowl_experts,aerien_non_marin,BDA_12C_20181127_2.jpg,5472,3648,3934.0,767.0,29.0,57.5,1,1667.5,0.00835,0.0053,0.01576,0.5043,0,0
uas_waterfowl_experts,aerien_non_marin,BDA_12C_20181127_2.jpg,5472,3648,3867.5,872.0,36.5,57.0,1,2080.5,0.01042,0.00667,0.01562,0.6404,0,0
uas_waterfowl_experts,aerien_non_marin,BDA_12C_20181127_2.jpg,5472,3648,3817.5,842.5,29.5,38.5,1,1135.75,0.00569,0.00539,0.01055,0.7662,0,0
uas_waterfowl_experts,aerien_non_marin,BDA_12C_20181127_2.jpg,5472,3648,3889.0,821.0,26.5,44.0,1,1166.0,0.00584,0.00484,0.01206,0.6023,0,0
uas_waterfowl_experts,aerien_non_marin,BDA_12C_20181127_2.jpg,5472,3648,3676.5,837.5,50.0,54.0,1,2700.0,0.01353,0.00914,0.0148,0.9259,0,0
uas_waterfowl_experts,aerien_non_marin,BDA_12C_20181127_2.jpg,5472,3648,3513.0,1015.5,49.5,32.5,1,1608.75,0.00806,0.00905,0.00891,1.5231,0,0
uas_waterfowl_experts,aerien_non_marin,BDA_12C_20181127_2.jpg,5472,3648,3403.0,935.0,45.0,40.0,1,1800.0,0.00902,0.00822,0.01096,1.125,0,0
uas_waterfowl_experts,aerien_non_marin,BDA_12C_20181127_2.jpg,5472,3648,3299.0,860.0,43.0,53.5,1,2300.5,0.01152,0.00786,0.01467,0.8037,0,0
uas_waterfowl_experts,aerien_non_marin,BDA_12C_20181127_2.jpg,5472,3648,3382.0,805.0,24.0,47.0,1,1128.0,0.00565,0.00439,0.01288,0.5106,0,0
uas_waterfowl_experts,aerien_non_marin,BDA_12C_20181127_2.jpg,5472,3648,3319.0,613.0,45.0,32.0,1,1440.0,0.00721,0.00822,0.00877,1.4062,0,0
uas_waterfowl_experts,aerien_non_marin,BDA_12C_20181127_2.jpg,5472,3648,3002.0,550.5,45.5,47.0,1,2138.5,0.01071,0.00832,0.01288,0.9681,0,0
uas_waterfowl_experts,aerien_non_marin,BDA_12C_20181127_2.jpg,5472,3648,2919.0,578.0,21.0,50.5,1,1060.5,0.00531,0.00384,0.01384,0.4158,0,0
uas_waterfowl_experts,aerien_non_marin,BDA_12C_20181127_2.jpg,5472,3648,2879.0,563.0,24.0,51.0,1,1224.0,0.00613,0.00439,0.01398,0.4706,0,0
uas_waterfowl_experts,aerien_non_marin,BDA_12C_20181127_2.jpg,5472,3648,2930.0,522.0,54.0,48.0,1,2592.0,0.01298,0.00987,0.01316,1.125,0,0
uas_waterfowl_experts,aerien_non_marin,BDA_12C_20181127_2.jpg,5472,3648,2854.0,655.5,39.5,53.0,1,2093.5,0.01049,0.00722,0.01453,0.7453,0,0
uas_waterfowl_experts,aerien_non_marin,BDA_12C_20181127_2.jpg,5472,3648,2918.0,740.0,25.5,55.5,1,1415.25,0.00709,0.00466,0.01521,0.4595,0,0
uas_waterfowl_experts,aerien_non_marin,BDA_12C_20181127_2.jpg,5472,3648,3069.0,720.5,58.0,35.5,1,2059.0,0.01031,0.0106,0.00973,1.6338,0,0
uas_waterfowl_experts,aerien_non_marin,BDA_12C_20181127_2.jpg,5472,3648,3130.0,715.5,56.5,37.5,1,2118.75,0.01061,0.01033,0.01028,1.5067,0,0
uas_waterfowl_experts,aerien_non_marin,BDA_12C_20181127_2.jpg,5472,3648,2749.0,792.0,59.0,43.5,1,2566.5,0.01286,0.01078,0.01192,1.3563,0,0
uas_waterfowl_experts,aerien_non_marin,BDA_12C_20181127_2.jpg,5472,3648,2697.5,510.5,56.5,39.0,1,2203.5,0.01104,0.01033,0.01069,1.4487,0,0
uas_waterfowl_experts,aerien_non_marin,BDA_12C_20181127_2.jpg,5472,3648,2827.5,290.0,33.5,62.5,1,2093.75,0.01049,0.00612,0.01713,0.536,0,0
uas_waterfowl_experts,aerien_non_marin,BDA_12C_20181127_2.jpg,5472,3648,2988.0,0.0,32.0,23.0,1,736.0,0.00369,0.00585,0.0063,1.3913,0,0
uas_waterfowl_experts,aerien_non_marin,BDA_12C_20181127_2.jpg,5472,3648,3034.0,1.0,46.0,34.0,1,1564.0,0.00783,0.00841,0.00932,1.3529,0,0
uas_waterfowl_experts,aerien_non_marin,BDA_12C_20181127_2.jpg,5472,3648,3221.0,63.0,53.0,50.0,1,2650.0,0.01328,0.00969,0.01371,1.06,0,0
uas_waterfowl_experts,aerien_non_marin,BDA_12C_20181127_2.jpg,5472,3648,3801.0,32.5,25.5,45.5,1,1160.25,0.00581,0.00466,0.01247,0.5604,0,0
uas_waterfowl_experts,aerien_non_marin,BDA_12C_20181127_2.jpg,5472,3648,3695.5,44.0,30.5,35.0,1,1067.5,0.00535,0.00557,0.00959,0.8714,0,0
uas_waterfowl_experts,aerien_non_marin,BDA_12C_20181127_2.jpg,5472,3648,3775.0,66.0,31.0,47.0,1,1457.0,0.0073,0.00567,0.01288,0.6596,0,0
uas_waterfowl_experts,aerien_non_marin,BDA_12C_20181127_2.jpg,5472,3648,3916.0,279.0,46.0,52.0,1,2392.0,0.01198,0.00841,0.01425,0.8846,0,0
uas_waterfowl_experts,aerien_non_marin,BDA_12C_20181127_2.jpg,5472,3648,4215.0,338.0,44.0,50.0,1,2200.0,0.01102,0.00804,0.01371,0.88,0,0
uas_waterfowl_experts,aerien_non_marin,BDA_12C_20181127_2.jpg,5472,3648,3970.0,169.0,55.0,35.0,1,1925.0,0.00964,0.01005,0.00959,1.5714,0,0
uas_waterfowl_experts,aerien_non_marin,BDA_12C_20181127_2.jpg,5472,3648,4328.0,246.0,33.0,54.0,1,1782.0,0.00893,0.00603,0.0148,0.6111,0,0
uas_waterfowl_experts,aerien_non_marin,BDA_12C_20181127_2.jpg,5472,3648,5198.0,50.0,31.0,48.0,1,1488.0,0.00745,0.00567,0.01316,0.6458,0,0
uas_waterfowl_experts,aerien_non_marin,BDA_12C_20181127_2.jpg,5472,3648,5235.0,36.0,29.0,45.0,1,1305.0,0.00654,0.0053,0.01234,0.6444,0,0
uas_waterfowl_experts,aerien_non_marin,BDA_12C_20181127_2.jpg,5472,3648,4745.5,1045.5,30.5,56.0,1,1708.0,0.00856,0.00557,0.01535,0.5446,0,0
uas_waterfowl_experts,aerien_non_marin,BDA_12C_20181127_2.jpg,5472,3648,4796.5,999.5,47.0,30.0,1,1410.0,0.00706,0.00859,0.00822,1.5667,0,0
uas_waterfowl_experts,aerien_non_marin,BDA_12C_20181127_2.jpg,5472,3648,4876.0,943.5,41.0,42.0,1,1722.0,0.00863,0.00749,0.01151,0.9762,0,0
uas_waterfowl_experts,aerien_non_marin,BDA_12C_20181127_2.jpg,5472,3648,4870.0,850.0,30.0,55.0,1,1650.0,0.00827,0.00548,0.01508,0.5455,0,0
uas_waterfowl_experts,aerien_non_marin,BDA_12C_20181127_2.jpg,5472,3648,5122.0,669.0,41.0,44.0,1,1804.0,0.00904,0.00749,0.01206,0.9318,0,0
uas_waterfowl_experts,aerien_non_marin,BDA_12C_20181127_2.jpg,5472,3648,4549.0,986.0,41.5,62.0,1,2573.0,0.01289,0.00758,0.017,0.6694,0,0
uas_waterfowl_experts,aerien_non_marin,BDA_12C_20181127_2.jpg,5472,3648,4372.0,1222.0,62.0,32.5,1,2015.0,0.01009,0.01133,0.00891,1.9077,0,0
uas_waterfowl_experts,aerien_non_marin,BDA_12C_20181127_2.jpg,5472,3648,4625.0,1263.5,55.0,31.5,1,1732.5,0.00868,0.01005,0.00863,1.746,0,0
uas_waterfowl_experts,aerien_non_marin,BDA_12C_20181127_2.jpg,5472,3648,4825.5,1271.0,51.0,36.0,1,1836.0,0.0092,0.00932,0.00987,1.4167,0,0
uas_waterfowl_experts,aerien_non_marin,BDA_12C_20181127_2.jpg,5472,3648,4900.0,1163.0,60.0,26.5,1,1590.0,0.00797,0.01096,0.00726,2.2642,0,0
uas_waterfowl_experts,aerien_non_marin,BDA_12C_20181127_2.jpg,5472,3648,5139.0,1266.0,37.0,52.0,1,1924.0,0.00964,0.00676,0.01425,0.7115,0,0
uas_waterfowl_experts,aerien_non_marin,BDA_12C_20181127_2.jpg,5472,3648,5101.0,1296.0,47.5,34.5,1,1638.75,0.00821,0.00868,0.00946,1.3768,0,0
uas_waterfowl_experts,aerien_non_marin,BDA_12C_20181127_2.jpg,5472,3648,4965.5,1278.5,50.0,36.5,1,1825.0,0.00914,0.00914,0.01001,1.3699,0,0
uas_waterfowl_experts,aerien_non_marin,BDA_12C_20181127_2.jpg,5472,3648,4497.0,1601.5,40.0,43.5,1,1740.0,0.00872,0.00731,0.01192,0.9195,0,0
uas_waterfowl_experts,aerien_non_marin,BDA_12C_20181127_2.jpg,5472,3648,4618.5,1732.0,29.5,58.0,1,1711.0,0.00857,0.00539,0.0159,0.5086,0,0
uas_waterfowl_experts,aerien_non_marin,BDA_12C_20181127_2.jpg,5472,3648,4364.5,1568.5,28.5,54.5,1,1553.25,0.00778,0.00521,0.01494,0.5229,0,0
uas_waterfowl_experts,aerien_non_marin,BDA_12C_20181127_2.jpg,5472,3648,4369.0,1513.5,57.5,40.0,1,2300.0,0.01152,0.01051,0.01096,1.4375,0,0
uas_waterfowl_experts,aerien_non_marin,BDA_12C_20181127_2.jpg,5472,3648,4339.0,1399.0,33.5,48.0,1,1608.0,0.00806,0.00612,0.01316,0.6979,0,0
uas_waterfowl_experts,aerien_non_marin,BDA_12C_20181127_2.jpg,5472,3648,4193.0,1294.5,57.0,37.5,1,2137.5,0.01071,0.01042,0.01028,1.52,0,0
uas_waterfowl_experts,aerien_non_marin,BDA_12C_20181127_2.jpg,5472,3648,4195.0,1384.5,49.0,26.5,1,1298.5,0.0065,0.00895,0.00726,1.8491,0,0
uas_waterfowl_experts,aerien_non_marin,BDA_12C_20181127_2.jpg,5472,3648,4218.0,1524.0,56.5,45.0,1,2542.5,0.01274,0.01033,0.01234,1.2556,0,0
uas_waterfowl_experts,aerien_non_marin,BDA_12C_20181127_2.jpg,5472,3648,4108.5,1614.5,51.0,46.5,1,2371.5,0.01188,0.00932,0.01275,1.0968,0,0
uas_waterfowl_experts,aerien_non_marin,BDA_12C_20181127_2.jpg,5472,3648,4013.5,1587.0,37.0,47.0,1,1739.0,0.00871,0.00676,0.01288,0.7872,0,0
uas_waterfowl_experts,aerien_non_marin,BDA_12C_20181127_2.jpg,5472,3648,3667.5,1372.0,38.0,57.0,1,2166.0,0.01085,0.00694,0.01562,0.6667,0,0
uas_waterfowl_experts,aerien_non_marin,BDA_12C_20181127_2.jpg,5472,3648,3730.0,1328.5,43.5,42.5,1,1848.75,0.00926,0.00795,0.01165,1.0235,0,0
uas_waterfowl_experts,aerien_non_marin,BDA_12C_20181127_2.jpg,5472,3648,3660.5,1182.0,24.0,47.5,1,1140.0,0.00571,0.00439,0.01302,0.5053,0,0
uas_waterfowl_experts,aerien_non_marin,BDA_12C_20181127_2.jpg,5472,3648,3477.0,1327.0,35.0,45.0,1,1575.0,0.00789,0.0064,0.01234,0.7778,0,0
uas_waterfowl_experts,aerien_non_marin,BDA_12C_20181127_2.jpg,5472,3648,3549.5,1458.0,27.0,49.5,1,1336.5,0.0067,0.00493,0.01357,0.5455,0,0
uas_waterfowl_experts,aerien_non_marin,BDA_12C_20181127_2.jpg,5472,3648,3698.5,1512.0,44.5,48.5,1,2158.25,0.01081,0.00813,0.01329,0.9175,0,0
uas_waterfowl_experts,aerien_non_marin,BDA_12C_20181127_2.jpg,5472,3648,3435.0,1675.5,55.0,46.5,1,2557.5,0.01281,0.01005,0.01275,1.1828,0,0
uas_waterfowl_experts,aerien_non_marin,BDA_12C_20181127_2.jpg,5472,3648,3575.5,1612.5,59.5,42.0,1,2499.0,0.01252,0.01087,0.01151,1.4167,0,0
uas_waterfowl_experts,aerien_non_marin,BDA_12C_20181127_2.jpg,5472,3648,3621.5,1648.5,49.0,42.5,1,2082.5,0.01043,0.00895,0.01165,1.1529,0,0
uas_waterfowl_experts,aerien_non_marin,BDA_12C_20181127_2.jpg,5472,3648,3683.5,1728.0,29.5,50.5,1,1489.75,0.00746,0.00539,0.01384,0.5842,0,0
uas_waterfowl_experts,aerien_non_marin,BDA_12C_20181127_2.jpg,5472,3648,3907.0,1175.0,46.5,40.0,1,1860.0,0.00932,0.0085,0.01096,1.1625,0,0
uas_waterfowl_experts,aerien_non_marin,BDA_12C_20181127_2.jpg,5472,3648,4011.5,1162.5,35.5,60.0,1,2130.0,0.01067,0.00649,0.01645,0.5917,0,0
uas_waterfowl_experts,aerien_non_marin,BDA_12C_20181127_2.jpg,5472,3648,4219.0,1054.5,44.5,53.0,1,2358.5,0.01182,0.00813,0.01453,0.8396,0,0
uas_waterfowl_experts,aerien_non_marin,BDA_12C_20181127_2.jpg,5472,3648,4111.0,1098.5,33.0,53.0,1,1749.0,0.00876,0.00603,0.01453,0.6226,0,0
uas_waterfowl_experts,aerien_non_marin,BDA_12C_20181127_2.jpg,5472,3648,4005.5,1003.0,46.5,44.5,1,2069.25,0.01037,0.0085,0.0122,1.0449,0,0
uas_waterfowl_experts,aerien_non_marin,BDA_12C_20181127_2.jpg,5472,3648,4220.0,994.0,44.5,40.0,1,1780.0,0.00892,0.00813,0.01096,1.1125,0,0
uas_waterfowl_experts,aerien_non_marin,BDA_12C_20181127_2.jpg,5472,3648,4349.0,850.5,34.5,51.5,1,1776.75,0.0089,0.0063,0.01412,0.6699,0,0
uas_waterfowl_experts,aerien_non_marin,BDA_12C_20181127_2.jpg,5472,3648,4381.5,826.0,39.0,40.5,1,1579.5,0.00791,0.00713,0.0111,0.963,0,0
uas_waterfowl_experts,aerien_non_marin,BDA_12C_20181127_2.jpg,5472,3648,4395.5,878.0,29.0,39.5,1,1145.5,0.00574,0.0053,0.01083,0.7342,0,0
uas_waterfowl_experts,aerien_non_marin,BDA_12C_20181127_2.jpg,5472,3648,4737.0,953.0,28.0,41.0,1,1148.0,0.00575,0.00512,0.01124,0.6829,0,0
uas_waterfowl_experts,aerien_non_marin,BDA_12C_20181127_2.jpg,5472,3648,4684.5,1251.5,55.0,28.0,1,1540.0,0.00771,0.01005,0.00768,1.9643,0,0
uas_waterfowl_experts,aerien_non_marin,BDA_12C_20181127_2.jpg,5472,3648,4770.5,1358.0,32.0,51.5,1,1648.0,0.00826,0.00585,0.01412,0.6214,0,0
uas_waterfowl_experts,aerien_non_marin,BDA_12C_20181127_2.jpg,5472,3648,4331.5,1122.0,34.0,43.0,1,1462.0,0.00732,0.00621,0.01179,0.7907,0,0
uas_waterfowl_experts,aerien_non_marin,BDA_12C_20181127_2.jpg,5472,3648,4442.5,1161.0,48.0,49.0,1,2352.0,0.01178,0.00877,0.01343,0.9796,0,0
uas_waterfowl_experts,aerien_non_marin,BDA_12C_20181127_2.jpg,5472,3648,3016.0,2135.5,51.5,30.5,1,1570.75,0.00787,0.00941,0.00836,1.6885,0,0
uas_waterfowl_experts,aerien_non_marin,BDA_12C_20181127_2.jpg,5472,3648,2914.0,2092.0,49.5,26.5,1,1311.75,0.00657,0.00905,0.00726,1.8679,0,0
uas_waterfowl_experts,aerien_non_marin,BDA_12C_20181127_2.jpg,5472,3648,2882.0,2041.0,28.5,52.0,1,1482.0,0.00742,0.00521,0.01425,0.5481,0,0
uas_waterfowl_experts,aerien_non_marin,BDA_12C_20181127_2.jpg,5472,3648,2975.5,2021.5,46.5,21.0,1,976.5,0.00489,0.0085,0.00576,2.2143,0,0
uas_waterfowl_experts,aerien_non_marin,BDA_12C_20181127_2.jpg,5472,3648,2828.5,1915.0,42.5,54.0,1,2295.0,0.0115,0.00777,0.0148,0.787,0,0
uas_waterfowl_experts,aerien_non_marin,BDA_12C_20181127_2.jpg,5472,3648,2762.5,1862.5,31.5,44.0,1,1386.0,0.00694,0.00576,0.01206,0.7159,0,0
uas_waterfowl_experts,aerien_non_marin,BDA_12C_20181127_2.jpg,5472,3648,2809.0,1844.0,48.0,55.0,1,2640.0,0.01323,0.00877,0.01508,0.8727,0,0
uas_waterfowl_experts,aerien_non_marin,BDA_12C_20181127_2.jpg,5472,3648,2857.0,1808.0,40.0,49.5,1,1980.0,0.00992,0.00731,0.01357,0.8081,0,0
uas_waterfowl_experts,aerien_non_marin,BDA_12C_20181127_2.jpg,5472,3648,2948.5,1779.5,35.0,50.5,1,1767.5,0.00885,0.0064,0.01384,0.6931,0,0
uas_waterfowl_experts,aerien_non_marin,BDA_12C_20181127_2.jpg,5472,3648,2719.0,1641.0,59.0,35.0,1,2065.0,0.01034,0.01078,0.00959,1.6857,0,0
uas_waterfowl_experts,aerien_non_marin,BDA_12C_20181127_2.jpg,5472,3648,2831.0,1564.5,31.0,58.5,1,1813.5,0.00908,0.00567,0.01604,0.5299,0,0
uas_waterfowl_experts,aerien_non_marin,BDA_12C_20181127_2.jpg,5472,3648,2683.5,1521.0,64.0,30.0,1,1920.0,0.00962,0.0117,0.00822,2.1333,0,0
uas_waterfowl_experts,aerien_non_marin,BDA_12C_20181127_2.jpg,5472,3648,2712.5,1454.5,35.0,55.0,1,1925.0,0.00964,0.0064,0.01508,0.6364,0,0
uas_waterfowl_experts,aerien_non_marin,BDA_12C_20181127_2.jpg,5472,3648,2629.0,1482.0,31.5,50.5,1,1590.75,0.00797,0.00576,0.01384,0.6238,0,0
uas_waterfowl_experts,aerien_non_marin,BDA_12C_20181127_2.jpg,5472,3648,2596.0,1451.5,34.0,51.5,1,1751.0,0.00877,0.00621,0.01412,0.6602,0,0
uas_waterfowl_experts,aerien_non_marin,BDA_12C_20181127_2.jpg,5472,3648,2510.0,1377.5,50.5,34.0,1,1717.0,0.0086,0.00923,0.00932,1.4853,0,0
uas_waterfowl_experts,aerien_non_marin,BDA_12C_20181127_2.jpg,5472,3648,2435.0,1425.0,38.0,32.0,1,1216.0,0.00609,0.00694,0.00877,1.1875,0,0
uas_waterfowl_experts,aerien_non_marin,BDA_12C_20181127_2.jpg,5472,3648,2333.0,1147.0,50.0,53.0,1,2650.0,0.01328,0.00914,0.01453,0.9434,0,0
uas_waterfowl_experts,aerien_non_marin,BDA_12C_20181127_2.jpg,5472,3648,2256.0,1151.0,51.0,46.0,1,2346.0,0.01175,0.00932,0.01261,1.1087,0,0
uas_waterfowl_experts,aerien_non_marin,BDA_12C_20181127_2.jpg,5472,3648,2221.0,1236.0,56.0,33.0,1,1848.0,0.00926,0.01023,0.00905,1.697,0,0
uas_waterfowl_experts,aerien_non_marin,BDA_12C_20181127_2.jpg,5472,3648,2284.0,1227.0,56.0,26.0,1,1456.0,0.00729,0.01023,0.00713,2.1538,0,0
uas_waterfowl_experts,aerien_non_marin,BDA_12C_20181127_2.jpg,5472,3648,2382.0,1262.0,37.0,60.0,1,2220.0,0.01112,0.00676,0.01645,0.6167,0,0
uas_waterfowl_experts,aerien_non_marin,BDA_12C_20181127_2.jpg,5472,3648,2429.0,1289.0,52.0,41.0,1,2132.0,0.01068,0.0095,0.01124,1.2683,0,0
uas_waterfowl_experts,aerien_non_marin,BDA_12C_20181127_2.jpg,5472,3648,2507.0,1250.0,52.5,29.5,1,1548.75,0.00776,0.00959,0.00809,1.7797,0,0
uas_waterfowl_experts,aerien_non_marin,BDA_12C_20181127_2.jpg,5472,3648,2585.5,1250.0,43.0,47.5,1,2042.5,0.01023,0.00786,0.01302,0.9053,0,0
uas_waterfowl_experts,aerien_non_marin,BDA_12C_20181127_2.jpg,5472,3648,2630.0,1347.5,48.0,28.0,1,1344.0,0.00673,0.00877,0.00768,1.7143,0,0
uas_waterfowl_experts,aerien_non_marin,BDA_12C_20181127_2.jpg,5472,3648,2637.0,1310.0,45.0,33.0,1,1485.0,0.00744,0.00822,0.00905,1.3636,0,0
uas_waterfowl_experts,aerien_non_marin,BDA_12C_20181127_2.jpg,5472,3648,2750.0,1309.0,47.0,36.0,1,1692.0,0.00848,0.00859,0.00987,1.3056,0,0
uas_waterfowl_experts,aerien_non_marin,BDA_12C_20181127_2.jpg,5472,3648,2910.0,1192.0,45.0,54.0,1,2430.0,0.01217,0.00822,0.0148,0.8333,0,0
uas_waterfowl_experts,aerien_non_marin,BDA_12C_20181127_2.jpg,5472,3648,3033.5,1130.0,36.5,36.0,1,1314.0,0.00658,0.00667,0.00987,1.0139,0,0
uas_waterfowl_experts,aerien_non_marin,BDA_12C_20181127_2.jpg,5472,3648,2950.5,1097.5,33.5,42.0,1,1407.0,0.00705,0.00612,0.01151,0.7976,0,0
uas_waterfowl_experts,aerien_non_marin,BDA_12C_20181127_2.jpg,5472,3648,2765.0,1013.0,30.5,50.0,1,1525.0,0.00764,0.00557,0.01371,0.61,0,0
uas_waterfowl_experts,aerien_non_marin,BDA_12C_20181127_2.jpg,5472,3648,3217.0,805.0,52.0,43.5,1,2262.0,0.01133,0.0095,0.01192,1.1954,0,0
uas_waterfowl_experts,aerien_non_marin,BDA_12C_20181127_2.jpg,5472,3648,3355.0,693.0,30.0,39.0,1,1170.0,0.00586,0.00548,0.01069,0.7692,0,0
uas_waterfowl_experts,aerien_non_marin,BDA_12C_20181127_2.jpg,5472,3648,3160.0,845.0,43.5,41.0,1,1783.5,0.00893,0.00795,0.01124,1.061,0,0
uas_waterfowl_experts,aerien_non_marin,BDA_12C_20181127_2.jpg,5472,3648,2548.5,317.0,41.5,56.0,1,2324.0,0.01164,0.00758,0.01535,0.7411,0,0
uas_waterfowl_experts,aerien_non_marin,BDA_12C_20181127_2.jpg,5472,3648,2002.0,623.0,48.0,39.0,1,1872.0,0.00938,0.00877,0.01069,1.2308,0,0
uas_waterfowl_experts,aerien_non_marin,BDA_12C_20181127_2.jpg,5472,3648,2149.0,759.0,29.0,49.0,1,1421.0,0.00712,0.0053,0.01343,0.5918,0,0
uas_waterfowl_experts,aerien_non_marin,BDA_12C_20181127_2.jpg,5472,3648,2095.0,652.0,22.0,41.0,1,902.0,0.00452,0.00402,0.01124,0.5366,0,0
uas_waterfowl_experts,aerien_non_marin,BDA_12C_20181127_2.jpg,5472,3648,2170.5,659.0,27.0,47.5,1,1282.5,0.00642,0.00493,0.01302,0.5684,0,0
uas_waterfowl_experts,aerien_non_marin,BDA_12C_20181127_2.jpg,5472,3648,2200.0,738.0,49.0,33.0,1,1617.0,0.0081,0.00895,0.00905,1.4848,0,0
uas_waterfowl_experts,aerien_non_marin,BDA_12C_20181127_2.jpg,5472,3648,2284.0,709.0,46.0,26.0,1,1196.0,0.00599,0.00841,0.00713,1.7692,0,0
uas_waterfowl_experts,aerien_non_marin,BDA_12C_20181127_2.jpg,5472,3648,2281.0,771.5,39.5,31.0,1,1224.5,0.00613,0.00722,0.0085,1.2742,0,0
uas_waterfowl_experts,aerien_non_marin,BDA_12C_20181127_2.jpg,5472,3648,2324.0,799.0,47.0,35.0,1,1645.0,0.00824,0.00859,0.00959,1.3429,0,0
uas_waterfowl_experts,aerien_non_marin,BDA_12C_20181127_2.jpg,5472,3648,2309.0,840.0,45.0,32.0,1,1440.0,0.00721,0.00822,0.00877,1.4062,0,0
uas_waterfowl_experts,aerien_non_marin,BDA_12C_20181127_2.jpg,5472,3648,2376.0,834.0,32.0,41.0,1,1312.0,0.00657,0.00585,0.01124,0.7805,0,0
uas_waterfowl_experts,aerien_non_marin,BDA_12C_20181127_2.jpg,5472,3648,2259.0,828.0,45.0,46.0,1,2070.0,0.01037,0.00822,0.01261,0.9783,0,0
uas_waterfowl_experts,aerien_non_marin,BDA_12C_20181127_2.jpg,5472,3648,2218.0,786.0,27.0,42.0,1,1134.0,0.00568,0.00493,0.01151,0.6429,0,0
uas_waterfowl_experts,aerien_non_marin,BDA_12C_20181127_2.jpg,5472,3648,2126.0,820.0,38.0,55.0,1,2090.0,0.01047,0.00694,0.01508,0.6909,0,0
uas_waterfowl_experts,aerien_non_marin,BDA_12C_20181127_2.jpg,5472,3648,2182.0,979.0,37.0,57.0,1,2109.0,0.01057,0.00676,0.01562,0.6491,0,0
uas_waterfowl_experts,aerien_non_marin,BDA_12C_20181127_2.jpg,5472,3648,2103.0,874.0,31.0,48.0,1,1488.0,0.00745,0.00567,0.01316,0.6458,0,0
uas_waterfowl_experts,aerien_non_marin,BDA_12C_20181127_2.jpg,5472,3648,2020.0,845.0,45.5,45.5,1,2070.25,0.01037,0.00832,0.01247,1.0,0,0
uas_waterfowl_experts,aerien_non_marin,BDA_12C_20181127_2.jpg,5472,3648,2053.0,774.0,48.0,35.0,1,1680.0,0.00842,0.00877,0.00959,1.3714,0,0
uas_waterfowl_experts,aerien_non_marin,BDA_12C_20181127_2.jpg,5472,3648,1946.0,727.0,32.0,40.0,1,1280.0,0.00641,0.00585,0.01096,0.8,0,0
uas_waterfowl_experts,aerien_non_marin,BDA_12C_20181127_2.jpg,5472,3648,2056.0,984.0,35.0,43.0,1,1505.0,0.00754,0.0064,0.01179,0.814,0,0
uas_waterfowl_experts,aerien_non_marin,BDA_12C_20181127_2.jpg,5472,3648,2048.0,1095.0,28.0,47.0,1,1316.0,0.00659,0.00512,0.01288,0.5957,0,0
uas_waterfowl_experts,aerien_non_marin,BDA_12C_20181127_2.jpg,5472,3648,2116.0,1196.0,49.0,38.0,1,1862.0,0.00933,0.00895,0.01042,1.2895,0,0
uas_waterfowl_experts,aerien_non_marin,BDA_12C_20181127_2.jpg,5472,3648,2056.5,1193.5,38.0,34.5,1,1311.0,0.00657,0.00694,0.00946,1.1014,0,0
uas_waterfowl_experts,aerien_non_marin,BDA_12C_20181127_2.jpg,5472,3648,1929.0,1277.0,58.0,30.0,1,1740.0,0.00872,0.0106,0.00822,1.9333,0,0
uas_waterfowl_experts,aerien_non_marin,BDA_12C_20181127_2.jpg,5472,3648,1918.0,1229.0,43.0,32.0,1,1376.0,0.00689,0.00786,0.00877,1.3438,0,0
uas_waterfowl_experts,aerien_non_marin,BDA_12C_20181127_2.jpg,5472,3648,2075.0,1260.0,33.0,49.0,1,1617.0,0.0081,0.00603,0.01343,0.6735,0,0
uas_waterfowl_experts,aerien_non_marin,BDA_12C_20181127_2.jpg,5472,3648,2132.5,1304.0,48.0,25.0,1,1200.0,0.00601,0.00877,0.00685,1.92,0,0
uas_waterfowl_experts,aerien_non_marin,BDA_12C_20181127_2.jpg,5472,3648,2153.0,1262.0,24.0,49.0,1,1176.0,0.00589,0.00439,0.01343,0.4898,0,0
uas_waterfowl_experts,aerien_non_marin,BDA_12C_20181127_2.jpg,5472,3648,2103.0,1343.0,55.0,27.0,1,1485.0,0.00744,0.01005,0.0074,2.037,0,0
uas_waterfowl_experts,aerien_non_marin,BDA_12C_20181127_2.jpg,5472,3648,2125.0,1394.0,32.0,46.0,1,1472.0,0.00737,0.00585,0.01261,0.6957,0,0
uas_waterfowl_experts,aerien_non_marin,BDA_12C_20181127_2.jpg,5472,3648,2060.0,1438.0,44.0,25.0,1,1100.0,0.00551,0.00804,0.00685,1.76,0,0
uas_waterfowl_experts,aerien_non_marin,BDA_12C_20181127_2.jpg,5472,3648,2141.0,1555.0,55.0,30.0,1,1650.0,0.00827,0.01005,0.00822,1.8333,0,0
uas_waterfowl_experts,aerien_non_marin,BDA_12C_20181127_2.jpg,5472,3648,2102.0,1607.0,44.0,38.0,1,1672.0,0.00838,0.00804,0.01042,1.1579,0,0
uas_waterfowl_experts,aerien_non_marin,BDA_12C_20181127_2.jpg,5472,3648,2319.5,1860.0,43.5,47.0,1,2044.5,0.01024,0.00795,0.01288,0.9255,0,0
uas_waterfowl_experts,aerien_non_marin,BDA_12C_20181127_2.jpg,5472,3648,2345.0,1817.0,48.0,38.0,1,1824.0,0.00914,0.00877,0.01042,1.2632,0,0
uas_waterfowl_experts,aerien_non_marin,BDA_12C_20181127_2.jpg,5472,3648,2303.0,1744.0,31.0,49.5,1,1534.5,0.00769,0.00567,0.01357,0.6263,0,0
uas_waterfowl_experts,aerien_non_marin,BDA_12C_20181127_2.jpg,5472,3648,2744.0,1958.0,36.0,45.0,1,1620.0,0.00812,0.00658,0.01234,0.8,0,0
uas_waterfowl_experts,aerien_non_marin,BDA_12C_20181127_2.jpg,5472,3648,2786.0,2031.5,36.0,47.5,1,1710.0,0.00857,0.00658,0.01302,0.7579,0,0
uas_waterfowl_experts,aerien_non_marin,BDA_12C_20181127_2.jpg,5472,3648,2707.5,2175.5,42.0,41.0,1,1722.0,0.00863,0.00768,0.01124,1.0244,0,0
uas_waterfowl_experts,aerien_non_marin,BDA_12C_20181127_2.jpg,5472,3648,2807.0,2263.0,34.0,51.0,1,1734.0,0.00869,0.00621,0.01398,0.6667,0,0
uas_waterfowl_experts,aerien_non_marin,BDA_12C_20181127_2.jpg,5472,3648,2603.0,2034.5,62.5,32.5,1,2031.25,0.01018,0.01142,0.00891,1.9231,0,0
uas_waterfowl_experts,aerien_non_marin,BDA_12C_20181127_2.jpg,5472,3648,2565.0,2191.0,22.0,47.0,1,1034.0,0.00518,0.00402,0.01288,0.4681,0,0
uas_waterfowl_experts,aerien_non_marin,BDA_12C_20181127_2.jpg,5472,3648,2620.5,2155.0,24.5,44.5,1,1090.25,0.00546,0.00448,0.0122,0.5506,0,0
uas_waterfowl_experts,aerien_non_marin,BDA_12C_20181127_2.jpg,5472,3648,2559.0,2143.0,45.5,28.5,1,1296.75,0.0065,0.00832,0.00781,1.5965,0,0
uas_waterfowl_experts,aerien_non_marin,BDA_12C_20181127_2.jpg,5472,3648,3042.0,2704.0,54.5,41.0,1,2234.5,0.01119,0.00996,0.01124,1.3293,0,0
uas_waterfowl_experts,aerien_non_marin,BDA_12C_20181127_2.jpg,5472,3648,3165.0,2771.0,35.0,47.0,1,1645.0,0.00824,0.0064,0.01288,0.7447,0,0
uas_waterfowl_experts,aerien_non_marin,BDA_12C_20181127_2.jpg,5472,3648,3240.0,2732.0,56.0,34.0,1,1904.0,0.00954,0.01023,0.00932,1.6471,0,0
uas_waterfowl_experts,aerien_non_marin,BDA_12C_20181127_2.jpg,5472,3648,3282.5,3021.0,56.0,36.0,1,2016.0,0.0101,0.01023,0.00987,1.5556,0,0
uas_waterfowl_experts,aerien_non_marin,BDA_12C_20181127_2.jpg,5472,3648,3675.0,3219.0,52.0,30.0,1,1560.0,0.00781,0.0095,0.00822,1.7333,0,0
uas_waterfowl_experts,aerien_non_marin,BDA_12C_20181127_2.jpg,5472,3648,4937.0,2971.0,52.0,38.0,1,1976.0,0.0099,0.0095,0.01042,1.3684,0,0
uas_waterfowl_experts,aerien_non_marin,BDA_12C_20181127_2.jpg,5472,3648,4070.5,2776.0,36.5,46.0,1,1679.0,0.00841,0.00667,0.01261,0.7935,0,0
uas_waterfowl_experts,aerien_non_marin,BDA_12C_20181127_2.jpg,5472,3648,3096.5,1478.5,38.5,48.0,1,1848.0,0.00926,0.00704,0.01316,0.8021,0,0
uas_waterfowl_experts,aerien_non_marin,BDA_12C_20181127_2.jpg,5472,3648,2958.0,1886.0,24.0,47.5,1,1140.0,0.00571,0.00439,0.01302,0.5053,0,0
uas_waterfowl_experts,aerien_non_marin,BDA_12C_20181127_2.jpg,5472,3648,2687.5,1904.0,32.0,46.0,1,1472.0,0.00737,0.00585,0.01261,0.6957,0,0
uas_waterfowl_experts,aerien_non_marin,BDA_12C_20181127_2.jpg,5472,3648,2286.0,1286.0,39.0,45.0,1,1755.0,0.00879,0.00713,0.01234,0.8667,0,0
uas_waterfowl_experts,aerien_non_marin,BDA_12C_20181127_2.jpg,5472,3648,2244.0,1028.0,57.0,28.0,1,1596.0,0.008,0.01042,0.00768,2.0357,0,0
uas_waterfowl_experts,aerien_non_marin,BDA_12C_20181127_2.jpg,5472,3648,2345.0,948.0,52.0,36.0,1,1872.0,0.00938,0.0095,0.00987,1.4444,0,0
uas_waterfowl_experts,aerien_non_marin,BDA_12C_20181127_2.jpg,5472,3648,2474.5,668.0,22.5,48.0,1,1080.0,0.00541,0.00411,0.01316,0.4688,0,0
uas_waterfowl_experts,aerien_non_marin,BDA_12C_20181127_2.jpg,5472,3648,2545.0,142.0,35.0,47.0,1,1645.0,0.00824,0.0064,0.01288,0.7447,0,0
uas_waterfowl_experts,aerien_non_marin,BDA_12C_20181127_2.jpg,5472,3648,2524.0,150.0,24.0,38.0,1,912.0,0.00457,0.00439,0.01042,0.6316,0,0
uas_waterfowl_experts,aerien_non_marin,BDA_12C_20181127_2.jpg,5472,3648,2843.0,99.0,51.0,56.0,1,2856.0,0.01431,0.00932,0.01535,0.9107,0,0
uas_waterfowl_experts,aerien_non_marin,BDA_12C_20181127_2.jpg,5472,3648,3195.0,1.0,51.0,25.0,1,1275.0,0.00639,0.00932,0.00685,2.04,0,0
uas_waterfowl_experts,aerien_non_marin,BDA_12C_20181127_2.jpg,5472,3648,5310.0,110.0,41.0,38.0,1,1558.0,0.0078,0.00749,0.01042,1.0789,0,0
uas_waterfowl_experts,aerien_non_marin,BDA_12C_20181127_2.jpg,5472,3648,5382.5,169.0,46.0,32.5,1,1495.0,0.00749,0.00841,0.00891,1.4154,0,0
uas_waterfowl_experts,aerien_non_marin,BDA_12C_20181127_2.jpg,5472,3648,4625.0,1027.0,55.5,30.5,1,1692.75,0.00848,0.01014,0.00836,1.8197,0,0
uas_waterfowl_experts,aerien_non_marin,BDA_12C_20181127_2.jpg,5472,3648,5275.0,1463.0,45.5,28.0,1,1274.0,0.00638,0.00832,0.00768,1.625,0,0
uas_waterfowl_experts,aerien_non_marin,BDA_12C_20181127_2.jpg,5472,3648,5431.5,1588.0,32.0,49.0,1,1568.0,0.00785,0.00585,0.01343,0.6531,0,0
uas_waterfowl_experts,aerien_non_marin,BDA_12C_20181127_2.jpg,5472,3648,5444.5,1647.5,25.5,46.0,1,1173.0,0.00588,0.00466,0.01261,0.5543,0,0
uas_waterfowl_experts,aerien_non_marin,BDA_12C_20181127_2.jpg,5472,3648,5127.0,1798.0,40.0,43.0,1,1720.0,0.00862,0.00731,0.01179,0.9302,0,0
uas_waterfowl_experts,aerien_non_marin,BDA_12C_20181127_2.jpg,5472,3648,5165.0,1706.5,59.0,29.5,1,1740.5,0.00872,0.01078,0.00809,2.0,0,0
uas_waterfowl_experts,aerien_non_marin,BDA_12C_20181127_2.jpg,5472,3648,5037.5,1841.5,39.5,47.0,1,1856.5,0.0093,0.00722,0.01288,0.8404,0,0
uas_waterfowl_experts,aerien_non_marin,BDA_12C_20181127_2.jpg,5472,3648,4913.5,1817.0,53.0,42.0,1,2226.0,0.01115,0.00969,0.01151,1.2619,0,0
uas_waterfowl_experts,aerien_non_marin,BDA_12C_20181127_2.jpg,5472,3648,4953.5,1875.5,44.5,30.5,1,1357.25,0.0068,0.00813,0.00836,1.459,0,0
uas_waterfowl_experts,aerien_non_marin,BDA_12C_20181127_2.jpg,5472,3648,4274.5,3623.0,26.0,24.5,1,637.0,0.00319,0.00475,0.00672,1.0612,0,0
uas_waterfowl_experts,aerien_non_marin,BDA_12C_20181127_2.jpg,5472,3648,3607.0,3573.0,31.0,46.0,1,1426.0,0.00714,0.00567,0.01261,0.6739,0,0
uas_waterfowl_experts,aerien_non_marin,BDA_12C_20181127_2.jpg,5472,3648,3546.0,3493.0,42.0,29.0,1,1218.0,0.0061,0.00768,0.00795,1.4483,0,0
uas_waterfowl_experts,aerien_non_marin,BDA_12C_20181127_2.jpg,5472,3648,3435.0,2634.0,42.0,36.0,1,1512.0,0.00757,0.00768,0.00987,1.1667,0,0
uas_waterfowl_experts,aerien_non_marin,BDA_12C_20181127_2.jpg,5472,3648,2793.0,607.0,45.0,37.0,1,1665.0,0.00834,0.00822,0.01014,1.2162,0,0
uas_waterfowl_experts,aerien_non_marin,BDA_12C_20181127_2.jpg,5472,3648,3056.0,494.0,39.0,42.0,1,1638.0,0.00821,0.00713,0.01151,0.9286,0,0
uas_waterfowl_experts,aerien_non_marin,BDA_12C_20181127_2.jpg,5472,3648,4421.0,536.0,37.0,44.0,1,1628.0,0.00816,0.00676,0.01206,0.8409,0,0
uas_waterfowl_experts,aerien_non_marin,BDA_12C_20181127_2.jpg,5472,3648,4422.0,634.0,35.0,47.0,1,1645.0,0.00824,0.0064,0.01288,0.7447,0,0
uas_waterfowl_experts,aerien_non_marin,BDA_12C_20181127_2.jpg,5472,3648,4301.5,1989.5,46.5,27.5,1,1278.75,0.00641,0.0085,0.00754,1.6909,0,0
uas_waterfowl_experts,aerien_non_marin,BDA_12C_20181127_2.jpg,5472,3648,4216.0,1851.5,30.5,46.0,1,1403.0,0.00703,0.00557,0.01261,0.663,0,0
uas_waterfowl_experts,aerien_non_marin,BDA_12C_20181127_2.jpg,5472,3648,3917.0,1897.0,30.0,42.0,1,1260.0,0.00631,0.00548,0.01151,0.7143,0,0
uas_waterfowl_experts,aerien_non_marin,BDA_12C_20181127_2.jpg,5472,3648,3835.5,1941.0,29.0,54.5,1,1580.5,0.00792,0.0053,0.01494,0.5321,0,0
uas_waterfowl_experts,aerien_non_marin,BDA_12C_20181127_2.jpg,5472,3648,3700.5,925.5,34.5,50.0,1,1725.0,0.00864,0.0063,0.01371,0.69,0,0
uas_waterfowl_experts,aerien_non_marin,BDA_12C_20181127_2.jpg,5472,3648,3573.0,940.0,50.0,29.0,1,1450.0,0.00726,0.00914,0.00795,1.7241,0,0
uas_waterfowl_experts,aerien_non_marin,BDA_12C_20181127_2.jpg,5472,3648,4003.0,574.0,36.0,49.0,1,1764.0,0.00884,0.00658,0.01343,0.7347,0,0
uas_waterfowl_experts,aerien_non_marin,BDA_12C_20181127_2.jpg,5472,3648,3881.0,493.0,27.0,58.0,1,1566.0,0.00784,0.00493,0.0159,0.4655,0,0
uas_waterfowl_experts,aerien_non_marin,BDA_12C_20181127_2.jpg,5472,3648,2407.0,1850.0,30.0,45.0,1,1350.0,0.00676,0.00548,0.01234,0.6667,0,0
uas_waterfowl_experts,aerien_non_marin,BDA_12C_20181127_2.jpg,5472,3648,2407.5,1991.5,34.0,54.0,1,1836.0,0.0092,0.00621,0.0148,0.6296,0,0
uas_waterfowl_experts,aerien_non_marin,BDA_12C_20181127_2.jpg,5472,3648,2380.5,2149.5,49.5,34.0,1,1683.0,0.00843,0.00905,0.00932,1.4559,0,0
uas_waterfowl_experts,aerien_non_marin,BDA_12C_20181127_2.jpg,5472,3648,3418.0,1055.0,48.0,40.5,1,1944.0,0.00974,0.00877,0.0111,1.1852,0,0
uas_waterfowl_experts,aerien_non_marin,BDA_12C_20181127_2.jpg,5472,3648,4180.5,1655.5,42.0,38.0,1,1596.0,0.008,0.00768,0.01042,1.1053,0,0
uas_waterfowl_experts,aerien_non_marin,BDA_12C_20181127_2.jpg,5472,3648,3815.0,1640.0,30.0,50.0,1,1500.0,0.00751,0.00548,0.01371,0.6,0,0
uas_waterfowl_experts,aerien_non_marin,BDA_12C_20181127_2.jpg,5472,3648,3714.0,1555.0,51.0,33.0,1,1683.0,0.00843,0.00932,0.00905,1.5455,0,0
uas_waterfowl_experts,aerien_non_marin,BDA_12C_20181127_2.jpg,5472,3648,4174.5,3336.0,42.5,37.5,1,1593.75,0.00798,0.00777,0.01028,1.1333,0,0
uas_waterfowl_experts,aerien_non_marin,BDA_12C_20181127_2.jpg,5472,3648,4599.0,3235.5,61.5,37.0,1,2275.5,0.0114,0.01124,0.01014,1.6622,0,0
uas_waterfowl_experts,aerien_non_marin,BDA_12C_20181127_2.jpg,5472,3648,4468.0,3535.5,48.5,31.5,1,1527.75,0.00765,0.00886,0.00863,1.5397,0,0
uas_waterfowl_experts,aerien_non_marin,BDA_12C_20181127_2.jpg,5472,3648,4340.0,3515.0,47.5,25.0,1,1187.5,0.00595,0.00868,0.00685,1.9,0,0
uas_waterfowl_experts,aerien_non_marin,BDA_12C_20181127_2.jpg,5472,3648,4271.0,3502.5,49.0,32.0,1,1568.0,0.00785,0.00895,0.00877,1.5312,0,0
uas_waterfowl_experts,aerien_non_marin,BDA_12C_20181127_2.jpg,5472,3648,4041.5,3333.0,48.5,25.5,1,1236.75,0.0062,0.00886,0.00699,1.902,0,0
uas_waterfowl_experts,aerien_non_marin,BDA_12C_20181127_2.jpg,5472,3648,4810.0,3077.0,46.0,46.5,1,2139.0,0.01072,0.00841,0.01275,0.9892,0,0
uas_waterfowl_experts,aerien_non_marin,BDA_12C_20181127_2.jpg,5472,3648,4286.5,3009.5,60.5,40.5,1,2450.25,0.01227,0.01106,0.0111,1.4938,0,0
uas_waterfowl_experts,aerien_non_marin,BDA_12C_20181127_2.jpg,5472,3648,3905.0,2674.5,40.5,35.0,1,1417.5,0.0071,0.0074,0.00959,1.1571,0,0
uas_waterfowl_experts,aerien_non_marin,BDA_12C_20181127_2.jpg,5472,3648,3715.0,2686.0,34.0,52.0,1,1768.0,0.00886,0.00621,0.01425,0.6538,0,0
uas_waterfowl_experts,aerien_non_marin,BDA_12C_20181127_2.jpg,5472,3648,3633.0,2778.0,57.0,34.0,1,1938.0,0.00971,0.01042,0.00932,1.6765,0,0
uas_waterfowl_experts,aerien_non_marin,BDA_12C_20181127_2.jpg,5472,3648,4634.0,1471.0,48.0,51.5,1,2472.0,0.01238,0.00877,0.01412,0.932,0,0
uas_waterfowl_experts,aerien_non_marin,BDA_12C_20181127_2.jpg,5472,3648,5077.5,1338.5,51.0,26.0,1,1326.0,0.00664,0.00932,0.00713,1.9615,0,0
uas_waterfowl_experts,aerien_non_marin,BDA_12C_20181127_2.jpg,5472,3648,5378.5,1161.0,48.0,42.5,1,2040.0,0.01022,0.00877,0.01165,1.1294,0,0
uas_waterfowl_experts,aerien_non_marin,BDA_12C_20181127_2.jpg,5472,3648,5364.5,1003.0,47.5,51.0,1,2422.5,0.01214,0.00868,0.01398,0.9314,0,0
uas_waterfowl_experts,aerien_non_marin,BDA_12C_20181127_2.jpg,5472,3648,5066.0,1053.0,51.0,39.0,1,1989.0,0.00996,0.00932,0.01069,1.3077,0,0
uas_waterfowl_experts,aerien_non_marin,BDA_12C_20181127_2.jpg,5472,3648,4998.5,966.5,66.5,43.5,1,2892.75,0.01449,0.01215,0.01192,1.5287,0,0
uas_waterfowl_experts,aerien_non_marin,BDA_12C_20181127_2.jpg,5472,3648,4936.0,896.5,59.5,50.0,1,2975.0,0.0149,0.01087,0.01371,1.19,0,0
uas_waterfowl_experts,aerien_non_marin,BDA_12C_20181127_2.jpg,5472,3648,5240.0,687.0,54.0,45.0,1,2430.0,0.01217,0.00987,0.01234,1.2,0,0
uas_waterfowl_experts,aerien_non_marin,BDA_12C_20181127_2.jpg,5472,3648,5400.0,659.0,59.0,33.0,1,1947.0,0.00975,0.01078,0.00905,1.7879,0,0
uas_waterfowl_experts,aerien_non_marin,BDA_12C_20181127_2.jpg,5472,3648,5399.0,601.0,53.0,32.0,1,1696.0,0.0085,0.00969,0.00877,1.6562,0,0
uas_waterfowl_experts,aerien_non_marin,BDA_12C_20181127_2.jpg,5472,3648,5391.0,730.0,54.0,44.0,1,2376.0,0.0119,0.00987,0.01206,1.2273,0,0
uas_waterfowl_experts,aerien_non_marin,BDA_12C_20181127_2.jpg,5472,3648,4905.0,526.0,59.0,50.0,1,2950.0,0.01478,0.01078,0.01371,1.18,0,0
uas_waterfowl_experts,aerien_non_marin,BDA_12C_20181127_2.jpg,5472,3648,4555.0,659.0,55.0,40.0,1,2200.0,0.01102,0.01005,0.01096,1.375,0,0
uas_waterfowl_experts,aerien_non_marin,BDA_12C_20181127_2.jpg,5472,3648,4592.0,599.0,57.0,36.0,1,2052.0,0.01028,0.01042,0.00987,1.5833,0,0
uas_waterfowl_experts,aerien_non_marin,BDA_12C_20181127_2.jpg,5472,3648,5391.0,359.0,41.0,41.0,1,1681.0,0.00842,0.00749,0.01124,1.0,0,0
uas_waterfowl_experts,aerien_non_marin,BDA_12C_20181127_2.jpg,5472,3648,5420.0,377.0,46.0,32.0,1,1472.0,0.00737,0.00841,0.00877,1.4375,0,0
uas_waterfowl_experts,aerien_non_marin,BDA_12C_20181127_2.jpg,5472,3648,5205.0,457.0,48.0,52.0,1,2496.0,0.0125,0.00877,0.01425,0.9231,0,0
uas_waterfowl_experts,aerien_non_marin,BDA_12C_20181127_2.jpg,5472,3648,4029.5,390.5,54.5,50.5,1,2752.25,0.01379,0.00996,0.01384,1.0792,0,0
uas_waterfowl_experts,aerien_non_marin,BDA_12C_20181127_2.jpg,5472,3648,3800.0,1840.5,55.0,31.5,1,1732.5,0.00868,0.01005,0.00863,1.746,0,0
uas_waterfowl_experts,aerien_non_marin,BDA_12C_20181127_2.jpg,5472,3648,4736.0,1160.5,31.0,50.0,1,1550.0,0.00776,0.00567,0.01371,0.62,0,0
uas_waterfowl_experts,aerien_non_marin,BDA_12C_20181127_2.jpg,5472,3648,4676.0,1166.0,54.0,30.5,1,1647.0,0.00825,0.00987,0.00836,1.7705,0,0
uas_waterfowl_experts,aerien_non_marin,BDA_12C_20181127_2.jpg,5472,3648,4736.0,755.0,51.0,54.0,1,2754.0,0.0138,0.00932,0.0148,0.9444,0,0
uas_waterfowl_experts,aerien_non_marin,BDA_12C_20181127_2.jpg,5472,3648,4684.0,613.0,34.0,52.0,1,1768.0,0.00886,0.00621,0.01425,0.6538,0,0
uas_waterfowl_experts,aerien_non_marin,BDA_12C_20181127_2.jpg,5472,3648,3862.0,1358.5,39.5,61.0,1,2409.5,0.01207,0.00722,0.01672,0.6475,0,0
uas_waterfowl_experts,aerien_non_marin,BDA_12C_20181127_2.jpg,5472,3648,4123.0,1066.5,57.0,23.5,1,1339.5,0.00671,0.01042,0.00644,2.4255,0,0
uas_waterfowl_experts,aerien_non_marin,BDA_12C_20181127_2.jpg,5472,3648,3767.0,3225.0,17.0,47.0,1,799.0,0.004,0.00311,0.01288,0.3617,0,0
uas_waterfowl_experts,aerien_non_marin,BDA_12C_20181127_2.jpg,5472,3648,3749.0,3277.0,40.0,24.0,1,960.0,0.00481,0.00731,0.00658,1.6667,0,0
uas_waterfowl_experts,aerien_non_marin,BDA_12C_20181127_2.jpg,5472,3648,4424.0,2565.5,29.5,37.0,1,1091.5,0.00547,0.00539,0.01014,0.7973,0,0
uas_waterfowl_experts,aerien_non_marin,BDA_12C_20181127_2.jpg,5472,3648,3319.5,7.5,35.0,51.0,1,1785.0,0.00894,0.0064,0.01398,0.6863,0,0
uas_waterfowl_experts,aerien_non_marin,BDA_12C_20181127_2.jpg,5472,3648,5291.0,181.0,46.0,50.0,1,2300.0,0.01152,0.00841,0.01371,0.92,0,0
uas_waterfowl_experts,aerien_non_marin,BDA_12C_20181127_2.jpg,5472,3648,4557.0,2255.5,41.5,47.5,1,1971.25,0.00988,0.00758,0.01302,0.8737,0,0
uas_waterfowl_experts,aerien_non_marin,BDA_12C_20181127_2.jpg,5472,3648,4648.0,1925.5,38.0,51.0,1,1938.0,0.00971,0.00694,0.01398,0.7451,0,0
uas_waterfowl_experts,aerien_non_marin,BDA_12C_20181127_2.jpg,5472,3648,4107.0,161.0,37.0,52.0,1,1924.0,0.00964,0.00676,0.01425,0.7115,0,0
uas_waterfowl_experts,aerien_non_marin,BDA_12C_20181127_2.jpg,5472,3648,4569.5,916.5,42.0,48.5,1,2037.0,0.0102,0.00768,0.01329,0.866,0,0
uas_waterfowl_experts,aerien_non_marin,BDA_12C_20181127_2.jpg,5472,3648,5235.0,263.0,28.0,41.0,1,1148.0,0.00575,0.00512,0.01124,0.6829,0,0
uas_waterfowl_experts,aerien_non_marin,BDA_12C_20181127_2.jpg,5472,3648,5047.0,332.0,46.0,35.0,1,1610.0,0.00807,0.00841,0.00959,1.3143,0,0
uas_waterfowl_experts,aerien_non_marin,BDA_12C_20181127_2.jpg,5472,3648,4480.5,1526.5,33.0,54.0,1,1782.0,0.00893,0.00603,0.0148,0.6111,0,0
uas_waterfowl_experts,aerien_non_marin,BDA_12C_20181127_2.jpg,5472,3648,4942.0,1720.0,36.0,30.0,1,1080.0,0.00541,0.00658,0.00822,1.2,0,0
uas_waterfowl_experts,aerien_non_marin,BDA_12C_20181127_2.jpg,5472,3648,3101.0,1161.0,37.0,51.0,1,1887.0,0.00945,0.00676,0.01398,0.7255,0,0
uas_waterfowl_experts,aerien_non_marin,BDA_12C_20181127_2.jpg,5472,3648,3112.0,1265.0,35.0,47.0,1,1645.0,0.00824,0.0064,0.01288,0.7447,0,0
uas_waterfowl_experts,aerien_non_marin,BDA_12C_20181127_2.jpg,5472,3648,4326.0,2506.0,41.0,55.0,1,2255.0,0.0113,0.00749,0.01508,0.7455,0,0
uas_waterfowl_experts,aerien_non_marin,BDA_12C_20181127_2.jpg,5472,3648,1996.0,1505.5,52.0,29.0,1,1508.0,0.00755,0.0095,0.00795,1.7931,0,0
uas_waterfowl_experts,aerien_non_marin,BDA_12C_20181127_2.jpg,5472,3648,2162.0,1481.0,52.5,26.0,1,1365.0,0.00684,0.00959,0.00713,2.0192,0,0
uas_waterfowl_experts,aerien_non_marin,BDA_12C_20181127_2.jpg,5472,3648,3421.0,2319.0,38.0,54.0,1,2052.0,0.01028,0.00694,0.0148,0.7037,0,0
uas_waterfowl_experts,aerien_non_marin,BDA_12C_20181127_2.jpg,5472,3648,3128.0,2280.0,41.0,35.0,1,1435.0,0.00719,0.00749,0.00959,1.1714,0,0
uas_waterfowl_experts,aerien_non_marin,BDA_12C_20181127_2.jpg,5472,3648,2966.0,2370.0,52.0,37.0,1,1924.0,0.00964,0.0095,0.01014,1.4054,0,0
uas_waterfowl_experts,aerien_non_marin,BDA_12C_20181127_2.jpg,5472,3648,4617.0,1564.0,63.0,45.0,1,2835.0,0.0142,0.01151,0.01234,1.4,0,0
uas_waterfowl_experts,aerien_non_marin,BDA_12C_20181127_2.jpg,5472,3648,3149.0,521.0,52.0,34.0,1,1768.0,0.00886,0.0095,0.00932,1.5294,0,0
uas_waterfowl_experts,aerien_non_marin,BDA_12C_20181127_2.jpg,5472,3648,3083.0,546.0,45.0,27.0,1,1215.0,0.00609,0.00822,0.0074,1.6667,0,0
uas_waterfowl_experts,aerien_non_marin,BDA_12C_20181127_2.jpg,5472,3648,4807.0,1241.0,33.0,35.0,1,1155.0,0.00579,0.00603,0.00959,0.9429,0,0
uas_waterfowl_experts,aerien_non_marin,BDA_12C_20181127_2.jpg,5472,3648,3985.0,255.0,42.0,48.0,1,2016.0,0.0101,0.00768,0.01316,0.875,0,0
uas_waterfowl_experts,aerien_non_marin,BDA_12C_20181127_2.jpg,5472,3648,3260.0,2.0,49.0,40.0,1,1960.0,0.00982,0.00895,0.01096,1.225,0,0
uas_waterfowl_experts,aerien_non_marin,BDA_12C_20181127_2.jpg,5472,3648,3344.0,1813.0,42.5,23.5,1,998.75,0.005,0.00777,0.00644,1.8085,0,0
uas_waterfowl_experts,aerien_non_marin,BDA_12C_20181127_2.jpg,5472,3648,2652.0,1715.0,37.0,51.0,1,1887.0,0.00945,0.00676,0.01398,0.7255,0,0
uas_waterfowl_experts,aerien_non_marin,BDA_12C_20181127_2.jpg,5472,3648,3339.5,1232.5,52.5,28.0,1,1470.0,0.00736,0.00959,0.00768,1.875,0,0
uas_waterfowl_experts,aerien_non_marin,BDA_12C_20181127_2.jpg,5472,3648,1956.0,1330.0,33.0,49.0,1,1617.0,0.0081,0.00603,0.01343,0.6735,0,0
uas_waterfowl_experts,aerien_non_marin,BDA_12C_20181127_3.jpg,5472,3648,164.5,2522.5,84.5,49.0,1,4140.5,0.02074,0.01544,0.01343,1.7245,0,0
uas_waterfowl_experts,aerien_non_marin,BDA_12C_20181127_3.jpg,5472,3648,286.0,2492.0,71.5,44.5,1,3181.75,0.01594,0.01307,0.0122,1.6067,0,0
uas_waterfowl_experts,aerien_non_marin,BDA_12C_20181127_3.jpg,5472,3648,198.0,2246.0,58.0,56.0,1,3248.0,0.01627,0.0106,0.01535,1.0357,0,0
uas_waterfowl_experts,aerien_non_marin,BDA_12C_20181127_3.jpg,5472,3648,256.5,2188.5,94.0,45.5,1,4277.0,0.02143,0.01718,0.01247,2.0659,0,0
uas_waterfowl_experts,aerien_non_marin,BDA_12C_20181127_3.jpg,5472,3648,315.5,2437.5,92.5,48.5,1,4486.25,0.02247,0.0169,0.01329,1.9072,0,0
uas_waterfowl_experts,aerien_non_marin,BDA_12C_20181127_3.jpg,5472,3648,374.5,2545.5,87.5,36.0,1,3150.0,0.01578,0.01599,0.00987,2.4306,0,0
uas_waterfowl_experts,aerien_non_marin,BDA_12C_20181127_3.jpg,5472,3648,463.0,2415.5,50.0,75.0,1,3750.0,0.01879,0.00914,0.02056,0.6667,0,0
uas_waterfowl_experts,aerien_non_marin,BDA_12C_20181127_3.jpg,5472,3648,581.0,2241.5,47.5,74.5,1,3538.75,0.01773,0.00868,0.02042,0.6376,0,0
uas_waterfowl_experts,aerien_non_marin,BDA_12C_20181127_3.jpg,5472,3648,589.0,2311.5,59.5,64.5,1,3837.75,0.01923,0.01087,0.01768,0.9225,0,0
uas_waterfowl_experts,aerien_non_marin,BDA_12C_20181127_3.jpg,5472,3648,688.5,2237.0,52.5,74.0,1,3885.0,0.01946,0.00959,0.02029,0.7095,0,0
uas_waterfowl_experts,aerien_non_marin,BDA_12C_20181127_3.jpg,5472,3648,629.0,2409.0,65.0,48.5,1,3152.5,0.01579,0.01188,0.01329,1.3402,0,0
uas_waterfowl_experts,aerien_non_marin,BDA_12C_20181127_3.jpg,5472,3648,660.5,2352.0,71.5,45.5,1,3253.25,0.0163,0.01307,0.01247,1.5714,0,0
uas_waterfowl_experts,aerien_non_marin,BDA_12C_20181127_3.jpg,5472,3648,749.5,2320.0,67.5,52.5,1,3543.75,0.01775,0.01234,0.01439,1.2857,0,0
uas_waterfowl_experts,aerien_non_marin,BDA_12C_20181127_3.jpg,5472,3648,935.0,2362.5,58.0,60.5,1,3509.0,0.01758,0.0106,0.01658,0.9587,0,0
uas_waterfowl_experts,aerien_non_marin,BDA_12C_20181127_3.jpg,5472,3648,694.0,2509.5,58.5,78.5,1,4592.25,0.02301,0.01069,0.02152,0.7452,0,0
uas_waterfowl_experts,aerien_non_marin,BDA_12C_20181127_3.jpg,5472,3648,1043.0,2237.0,59.0,68.0,1,4012.0,0.0201,0.01078,0.01864,0.8676,0,0
uas_waterfowl_experts,aerien_non_marin,BDA_12C_20181127_3.jpg,5472,3648,1106.0,2183.0,53.5,75.5,1,4039.25,0.02023,0.00978,0.0207,0.7086,0,0
uas_waterfowl_experts,aerien_non_marin,BDA_12C_20181127_3.jpg,5472,3648,1111.5,2149.5,69.5,42.5,1,2953.75,0.0148,0.0127,0.01165,1.6353,0,0
uas_waterfowl_experts,aerien_non_marin,BDA_12C_20181127_3.jpg,5472,3648,1270.0,2049.0,63.0,61.0,1,3843.0,0.01925,0.01151,0.01672,1.0328,0,0
uas_waterfowl_experts,aerien_non_marin,BDA_12C_20181127_3.jpg,5472,3648,1348.5,1964.0,50.0,74.0,1,3700.0,0.01854,0.00914,0.02029,0.6757,0,0
uas_waterfowl_experts,aerien_non_marin,BDA_12C_20181127_3.jpg,5472,3648,1415.5,1985.5,52.5,88.5,1,4646.25,0.02328,0.00959,0.02426,0.5932,0,0
uas_waterfowl_experts,aerien_non_marin,BDA_12C_20181127_3.jpg,5472,3648,301.0,2809.5,78.0,46.0,1,3588.0,0.01797,0.01425,0.01261,1.6957,0,0
uas_waterfowl_experts,aerien_non_marin,BDA_12C_20181127_3.jpg,5472,3648,371.5,2693.0,57.5,86.5,1,4973.75,0.02492,0.01051,0.02371,0.6647,0,0
uas_waterfowl_experts,aerien_non_marin,BDA_12C_20181127_3.jpg,5472,3648,513.0,2747.5,53.5,73.0,1,3905.5,0.01956,0.00978,0.02001,0.7329,0,0
uas_waterfowl_experts,aerien_non_marin,BDA_12C_20181127_3.jpg,5472,3648,1112.0,3344.0,40.5,36.5,1,1478.25,0.00741,0.0074,0.01001,1.1096,0,0
uas_waterfowl_experts,aerien_non_marin,BDA_12C_20181127_3.jpg,5472,3648,1184.5,3293.5,40.0,32.0,1,1280.0,0.00641,0.00731,0.00877,1.25,0,0
uas_waterfowl_experts,aerien_non_marin,BDA_12C_20181127_3.jpg,5472,3648,1186.0,3239.0,42.0,30.0,1,1260.0,0.00631,0.00768,0.00822,1.4,0,0
uas_waterfowl_experts,aerien_non_marin,BDA_12C_20181127_3.jpg,5472,3648,379.5,3187.0,31.0,45.5,1,1410.5,0.00707,0.00567,0.01247,0.6813,0,0
uas_waterfowl_experts,aerien_non_marin,BDA_12C_20181127_3.jpg,5472,3648,485.0,1698.0,34.0,53.0,1,1802.0,0.00903,0.00621,0.01453,0.6415,0,0
uas_waterfowl_experts,aerien_non_marin,BDA_12C_20181127_3.jpg,5472,3648,552.5,1698.5,34.5,45.5,1,1569.75,0.00786,0.0063,0.01247,0.7582,0,0
uas_waterfowl_experts,aerien_non_marin,BDA_12C_20181127_3.jpg,5472,3648,624.0,1662.0,32.0,39.5,1,1264.0,0.00633,0.00585,0.01083,0.8101,0,0
uas_waterfowl_experts,aerien_non_marin,BDA_12C_20181127_3.jpg,5472,3648,102.0,2892.5,47.0,26.5,1,1245.5,0.00624,0.00859,0.00726,1.7736,0,0
uas_waterfowl_experts,aerien_non_marin,BDA_12C_20181127_3.jpg,5472,3648,33.0,3357.0,37.5,36.5,1,1368.75,0.00686,0.00685,0.01001,1.0274,0,0
uas_waterfowl_experts,aerien_non_marin,BDA_12C_20181127_3.jpg,5472,3648,994.0,3594.0,25.5,40.0,1,1020.0,0.00511,0.00466,0.01096,0.6375,0,0
uas_waterfowl_experts,aerien_non_marin,BDA_12C_20181127_3.jpg,5472,3648,1067.0,3605.5,33.0,42.0,1,1386.0,0.00694,0.00603,0.01151,0.7857,0,0
uas_waterfowl_experts,aerien_non_marin,BDA_12C_20181127_3.jpg,5472,3648,1130.0,3582.5,27.5,44.0,1,1210.0,0.00606,0.00503,0.01206,0.625,0,0
uas_waterfowl_experts,aerien_non_marin,BDA_12C_20181127_3.jpg,5472,3648,1196.0,3495.0,28.5,41.5,1,1182.75,0.00593,0.00521,0.01138,0.6867,0,0
uas_waterfowl_experts,aerien_non_marin,BDA_12C_20181127_3.jpg,5472,3648,973.5,3226.5,39.5,48.5,1,1915.75,0.0096,0.00722,0.01329,0.8144,0,0
uas_waterfowl_experts,aerien_non_marin,BDA_12C_20181127_3.jpg,5472,3648,967.0,3156.5,44.0,26.5,1,1166.0,0.00584,0.00804,0.00726,1.6604,0,0
uas_waterfowl_experts,aerien_non_marin,BDA_12C_20181127_3.jpg,5472,3648,948.5,3388.0,27.0,42.0,1,1134.0,0.00568,0.00493,0.01151,0.6429,0,0
uas_waterfowl_experts,aerien_non_marin,BDA_12C_20181127_3.jpg,5472,3648,1080.0,3300.5,31.5,43.0,1,1354.5,0.00679,0.00576,0.01179,0.7326,0,0
uas_waterfowl_experts,aerien_non_marin,BDA_12C_20181127_3.jpg,5472,3648,1118.5,3283.5,24.5,43.5,1,1065.75,0.00534,0.00448,0.01192,0.5632,0,0
uas_waterfowl_experts,aerien_non_marin,BDA_12C_20181127_3.jpg,5472,3648,1031.5,3227.0,39.5,38.5,1,1520.75,0.00762,0.00722,0.01055,1.026,0,0
uas_waterfowl_experts,aerien_non_marin,BDA_12C_20181127_3.jpg,5472,3648,1009.0,3282.0,38.0,34.0,1,1292.0,0.00647,0.00694,0.00932,1.1176,0,0
uas_waterfowl_experts,aerien_non_marin,BDA_12C_20181127_3.jpg,5472,3648,1275.5,3228.5,32.0,44.5,1,1424.0,0.00713,0.00585,0.0122,0.7191,0,0
uas_waterfowl_experts,aerien_non_marin,BDA_12C_20181127_3.jpg,5472,3648,1293.0,3332.5,30.0,45.5,1,1365.0,0.00684,0.00548,0.01247,0.6593,0,0
uas_waterfowl_experts,aerien_non_marin,BDA_12C_20181127_3.jpg,5472,3648,1107.5,3176.5,32.0,36.0,1,1152.0,0.00577,0.00585,0.00987,0.8889,0,0
uas_waterfowl_experts,aerien_non_marin,BDA_12C_20181127_3.jpg,5472,3648,1086.0,3150.0,32.5,47.5,1,1543.75,0.00773,0.00594,0.01302,0.6842,0,0
uas_waterfowl_experts,aerien_non_marin,BDA_12C_20181127_3.jpg,5472,3648,476.0,3281.0,27.0,39.0,1,1053.0,0.00528,0.00493,0.01069,0.6923,0,0
uas_waterfowl_experts,aerien_non_marin,BDA_12C_20181127_3.jpg,5472,3648,290.0,2706.5,31.5,25.5,1,803.25,0.00402,0.00576,0.00699,1.2353,0,0
uas_waterfowl_experts,aerien_non_marin,BDA_12C_20181127_3.jpg,5472,3648,320.0,2695.5,20.0,36.5,1,730.0,0.00366,0.00365,0.01001,0.5479,0,0
uas_waterfowl_experts,aerien_non_marin,BDA_12C_20181127_3.jpg,5472,3648,272.0,2900.0,29.0,39.0,1,1131.0,0.00567,0.0053,0.01069,0.7436,0,0
uas_waterfowl_experts,aerien_non_marin,BDA_12C_20181127_3.jpg,5472,3648,388.0,2882.5,42.0,26.5,1,1113.0,0.00558,0.00768,0.00726,1.5849,0,0
uas_waterfowl_experts,aerien_non_marin,BDA_12C_20181127_3.jpg,5472,3648,457.5,2901.5,39.5,29.0,1,1145.5,0.00574,0.00722,0.00795,1.3621,0,0
uas_waterfowl_experts,aerien_non_marin,BDA_12C_20181127_3.jpg,5472,3648,391.5,3072.5,32.5,36.5,1,1186.25,0.00594,0.00594,0.01001,0.8904,0,0
uas_waterfowl_experts,aerien_non_marin,BDA_12C_20181127_3.jpg,5472,3648,43.0,3578.0,27.0,36.0,1,972.0,0.00487,0.00493,0.00987,0.75,0,0
uas_waterfowl_experts,aerien_non_marin,BDA_12C_20181127_3.jpg,5472,3648,6.0,3599.0,33.0,33.0,1,1089.0,0.00546,0.00603,0.00905,1.0,0,0
uas_waterfowl_experts,aerien_non_marin,BDA_12C_20181127_3.jpg,5472,3648,93.0,3596.0,30.0,40.0,1,1200.0,0.00601,0.00548,0.01096,0.75,0,0
uas_waterfowl_experts,aerien_non_marin,BDA_12C_20181127_3.jpg,5472,3648,256.0,3503.5,33.0,45.5,1,1501.5,0.00752,0.00603,0.01247,0.7253,0,0
uas_waterfowl_experts,aerien_non_marin,BDA_12C_20181127_3.jpg,5472,3648,510.5,3487.5,53.5,26.5,1,1417.75,0.0071,0.00978,0.00726,2.0189,0,0
uas_waterfowl_experts,aerien_non_marin,BDA_12C_20181127_3.jpg,5472,3648,495.0,3408.0,40.5,47.0,1,1903.5,0.00954,0.0074,0.01288,0.8617,0,0
uas_waterfowl_experts,aerien_non_marin,BDA_12C_20181127_3.jpg,5472,3648,198.5,3348.5,31.0,36.5,1,1131.5,0.00567,0.00567,0.01001,0.8493,0,0
uas_waterfowl_experts,aerien_non_marin,BDA_12C_20181127_3.jpg,5472,3648,126.5,3389.0,24.0,41.5,1,996.0,0.00499,0.00439,0.01138,0.5783,0,0
uas_waterfowl_experts,aerien_non_marin,BDA_12C_20181127_3.jpg,5472,3648,158.0,3562.0,24.0,38.0,1,912.0,0.00457,0.00439,0.01042,0.6316,0,0
uas_waterfowl_experts,aerien_non_marin,BDA_12C_20181127_3.jpg,5472,3648,890.0,3482.0,43.0,28.5,1,1225.5,0.00614,0.00786,0.00781,1.5088,0,0
uas_waterfowl_experts,aerien_non_marin,BDA_12C_20181127_3.jpg,5472,3648,822.0,3551.0,27.0,48.5,1,1309.5,0.00656,0.00493,0.01329,0.5567,0,0
uas_waterfowl_experts,aerien_non_marin,BDA_12C_20181127_3.jpg,5472,3648,874.0,3543.0,43.0,25.5,1,1096.5,0.00549,0.00786,0.00699,1.6863,0,0
uas_waterfowl_experts,aerien_non_marin,BDA_12C_20181127_3.jpg,5472,3648,1389.0,3167.0,33.0,46.0,1,1518.0,0.0076,0.00603,0.01261,0.7174,0,0
uas_waterfowl_experts,aerien_non_marin,BDA_12C_20181127_3.jpg,5472,3648,1252.0,3176.0,36.0,38.0,1,1368.0,0.00685,0.00658,0.01042,0.9474,0,0
uas_waterfowl_experts,aerien_non_marin,BDA_12C_20181127_3.jpg,5472,3648,0.0,1920.0,14.5,58.0,1,841.0,0.00421,0.00265,0.0159,0.25,0,0
uas_waterfowl_experts,aerien_non_marin,BDA_12C_20181127_3.jpg,5472,3648,39.0,1913.5,32.5,62.0,1,2015.0,0.01009,0.00594,0.017,0.5242,0,0
uas_waterfowl_experts,aerien_non_marin,BDA_12C_20181127_3.jpg,5472,3648,174.5,1921.5,32.0,50.0,1,1600.0,0.00802,0.00585,0.01371,0.64,0,0
uas_waterfowl_experts,aerien_non_marin,BDA_12C_20181127_3.jpg,5472,3648,1219.0,2128.5,53.5,25.5,1,1364.25,0.00683,0.00978,0.00699,2.098,0,0
uas_waterfowl_experts,aerien_non_marin,BDA_12C_20181127_3.jpg,5472,3648,1254.5,2199.0,32.0,46.0,1,1472.0,0.00737,0.00585,0.01261,0.6957,0,0
uas_waterfowl_experts,aerien_non_marin,BDA_12C_20181127_3.jpg,5472,3648,1128.5,2315.5,54.0,31.0,1,1674.0,0.00839,0.00987,0.0085,1.7419,0,0
uas_waterfowl_experts,aerien_non_marin,BDA_12C_20181127_3.jpg,5472,3648,4.0,2736.0,28.0,45.5,1,1274.0,0.00638,0.00512,0.01247,0.6154,0,0
uas_waterfowl_experts,aerien_non_marin,BDA_12C_20181127_3.jpg,5472,3648,37.0,2772.0,33.0,47.5,1,1567.5,0.00785,0.00603,0.01302,0.6947,0,0
uas_waterfowl_experts,aerien_non_marin,BDA_12C_20181127_3.jpg,5472,3648,86.0,2714.0,29.0,56.0,1,1624.0,0.00814,0.0053,0.01535,0.5179,0,0
uas_waterfowl_experts,aerien_non_marin,BDA_12C_20181127_3.jpg,5472,3648,259.0,2638.0,58.0,31.0,1,1798.0,0.00901,0.0106,0.0085,1.871,0,0
uas_waterfowl_experts,aerien_non_marin,BDA_12C_20181127_3.jpg,5472,3648,74.0,2848.0,33.0,43.5,1,1435.5,0.00719,0.00603,0.01192,0.7586,0,0
uas_waterfowl_experts,aerien_non_marin,BDA_12C_20181127_3.jpg,5472,3648,0.0,2963.5,28.0,47.5,1,1330.0,0.00666,0.00512,0.01302,0.5895,0,0
uas_waterfowl_experts,aerien_non_marin,BDA_12C_20181127_3.jpg,5472,3648,2.0,3059.0,25.0,53.5,1,1337.5,0.0067,0.00457,0.01467,0.4673,0,0
uas_waterfowl_experts,aerien_non_marin,BDA_12C_20181127_3.jpg,5472,3648,366.0,2908.5,28.0,45.5,1,1274.0,0.00638,0.00512,0.01247,0.6154,0,0
uas_waterfowl_experts,aerien_non_marin,BDA_12C_20181127_3.jpg,5472,3648,323.0,2932.0,29.0,47.5,1,1377.5,0.0069,0.0053,0.01302,0.6105,0,0
uas_waterfowl_experts,aerien_non_marin,BDA_12C_20181127_3.jpg,5472,3648,146.0,3046.5,33.5,43.0,1,1440.5,0.00722,0.00612,0.01179,0.7791,0,0
uas_waterfowl_experts,aerien_non_marin,BDA_12C_20181127_3.jpg,5472,3648,397.0,3011.5,39.0,27.5,1,1072.5,0.00537,0.00713,0.00754,1.4182,0,0
uas_waterfowl_experts,aerien_non_marin,BDA_12C_20181127_3.jpg,5472,3648,228.0,3254.0,30.5,46.0,1,1403.0,0.00703,0.00557,0.01261,0.663,0,0
uas_waterfowl_experts,aerien_non_marin,BDA_12C_20181127_3.jpg,5472,3648,83.0,3033.0,23.0,42.5,1,977.5,0.0049,0.0042,0.01165,0.5412,0,0
uas_waterfowl_experts,aerien_non_marin,BDA_12C_20181127_3.jpg,5472,3648,116.5,3014.0,25.0,46.0,1,1150.0,0.00576,0.00457,0.01261,0.5435,0,0
uas_waterfowl_experts,aerien_non_marin,BDA_12C_20181127_3.jpg,5472,3648,147.0,3000.0,32.0,38.5,1,1232.0,0.00617,0.00585,0.01055,0.8312,0,0
uas_waterfowl_experts,aerien_non_marin,BDA_12C_20181127_3.jpg,5472,3648,268.0,3063.0,28.0,47.0,1,1316.0,0.00659,0.00512,0.01288,0.5957,0,0
uas_waterfowl_experts,aerien_non_marin,BDA_12C_20181127_3.jpg,5472,3648,282.0,3128.5,27.5,45.5,1,1251.25,0.00627,0.00503,0.01247,0.6044,0,0
uas_waterfowl_experts,aerien_non_marin,BDA_12C_20181127_3.jpg,5472,3648,125.0,3106.0,30.0,33.0,1,990.0,0.00496,0.00548,0.00905,0.9091,0,0
uas_waterfowl_experts,aerien_non_marin,BDA_12C_20181127_3.jpg,5472,3648,464.5,2950.5,28.5,43.0,1,1225.5,0.00614,0.00521,0.01179,0.6628,0,0
uas_waterfowl_experts,aerien_non_marin,BDA_12C_20181127_3.jpg,5472,3648,545.5,2946.5,36.0,43.5,1,1566.0,0.00784,0.00658,0.01192,0.8276,0,0
uas_waterfowl_experts,aerien_non_marin,BDA_12C_20181127_3.jpg,5472,3648,454.5,3012.5,43.5,34.5,1,1500.75,0.00752,0.00795,0.00946,1.2609,0,0
uas_waterfowl_experts,aerien_non_marin,BDA_12C_20181127_3.jpg,5472,3648,552.0,3021.0,39.0,30.5,1,1189.5,0.00596,0.00713,0.00836,1.2787,0,0
uas_waterfowl_experts,aerien_non_marin,BDA_12C_20181127_3.jpg,5472,3648,516.0,3030.0,25.5,41.0,1,1045.5,0.00524,0.00466,0.01124,0.622,0,0
uas_waterfowl_experts,aerien_non_marin,BDA_12C_20181127_3.jpg,5472,3648,445.0,3104.0,48.0,25.5,1,1224.0,0.00613,0.00877,0.00699,1.8824,0,0
uas_waterfowl_experts,aerien_non_marin,BDA_12C_20181127_3.jpg,5472,3648,359.0,3124.5,56.5,26.0,1,1469.0,0.00736,0.01033,0.00713,2.1731,0,0
uas_waterfowl_experts,aerien_non_marin,BDA_12C_20181127_3.jpg,5472,3648,317.5,3101.5,33.0,43.5,1,1435.5,0.00719,0.00603,0.01192,0.7586,0,0
uas_waterfowl_experts,aerien_non_marin,BDA_12C_20181127_3.jpg,5472,3648,182.0,3493.5,36.0,36.5,1,1314.0,0.00658,0.00658,0.01001,0.9863,0,0
uas_waterfowl_experts,aerien_non_marin,BDA_12C_20181127_3.jpg,5472,3648,126.5,3528.0,28.0,42.5,1,1190.0,0.00596,0.00512,0.01165,0.6588,0,0
uas_waterfowl_experts,aerien_non_marin,BDA_12C_20181127_3.jpg,5472,3648,288.0,3621.0,36.5,27.0,1,985.5,0.00494,0.00667,0.0074,1.3519,0,0
uas_waterfowl_experts,aerien_non_marin,BDA_12C_20181127_3.jpg,5472,3648,288.0,3569.0,36.0,38.0,1,1368.0,0.00685,0.00658,0.01042,0.9474,0,0
uas_waterfowl_experts,aerien_non_marin,BDA_12C_20181127_3.jpg,5472,3648,388.5,3571.0,30.5,39.0,1,1189.5,0.00596,0.00557,0.01069,0.7821,0,0
uas_waterfowl_experts,aerien_non_marin,BDA_12C_20181127_3.jpg,5472,3648,438.5,3565.0,45.0,30.5,1,1372.5,0.00688,0.00822,0.00836,1.4754,0,0
uas_waterfowl_experts,aerien_non_marin,BDA_12C_20181127_3.jpg,5472,3648,538.0,3542.0,43.0,40.5,1,1741.5,0.00872,0.00786,0.0111,1.0617,0,0
uas_waterfowl_experts,aerien_non_marin,BDA_12C_20181127_3.jpg,5472,3648,355.5,3288.0,33.0,41.0,1,1353.0,0.00678,0.00603,0.01124,0.8049,0,0
uas_waterfowl_experts,aerien_non_marin,BDA_12C_20181127_3.jpg,5472,3648,686.0,3250.5,36.0,49.5,1,1782.0,0.00893,0.00658,0.01357,0.7273,0,0
uas_waterfowl_experts,aerien_non_marin,BDA_12C_20181127_3.jpg,5472,3648,612.0,3566.5,35.0,40.5,1,1417.5,0.0071,0.0064,0.0111,0.8642,0,0
uas_waterfowl_experts,aerien_non_marin,BDA_12C_20181127_3.jpg,5472,3648,639.0,3497.0,40.0,32.0,1,1280.0,0.00641,0.00731,0.00877,1.25,0,0
uas_waterfowl_experts,aerien_non_marin,BDA_12C_20181127_3.jpg,5472,3648,632.0,3453.5,32.0,35.5,1,1136.0,0.00569,0.00585,0.00973,0.9014,0,0
uas_waterfowl_experts,aerien_non_marin,BDA_12C_20181127_3.jpg,5472,3648,790.5,3614.0,39.0,28.0,1,1092.0,0.00547,0.00713,0.00768,1.3929,0,0
uas_waterfowl_experts,aerien_non_marin,BDA_12C_20181127_3.jpg,5472,3648,848.0,3438.5,40.0,32.5,1,1300.0,0.00651,0.00731,0.00891,1.2308,0,0
uas_waterfowl_experts,aerien_non_marin,BDA_12C_20181127_3.jpg,5472,3648,949.0,3612.0,30.0,34.0,1,1020.0,0.00511,0.00548,0.00932,0.8824,0,0
uas_waterfowl_experts,aerien_non_marin,BDA_12C_20181127_3.jpg,5472,3648,1376.5,3448.5,32.0,39.0,1,1248.0,0.00625,0.00585,0.01069,0.8205,0,0
uas_waterfowl_experts,aerien_non_marin,BDA_12C_20181127_3.jpg,5472,3648,1336.0,3456.0,23.0,43.0,1,989.0,0.00495,0.0042,0.01179,0.5349,0,0
uas_waterfowl_experts,aerien_non_marin,BDA_12C_20181127_3.jpg,5472,3648,738.0,3284.5,35.0,45.5,1,1592.5,0.00798,0.0064,0.01247,0.7692,0,0
uas_waterfowl_experts,aerien_non_marin,BDA_12C_20181127_3.jpg,5472,3648,806.5,3222.5,50.0,30.0,1,1500.0,0.00751,0.00914,0.00822,1.6667,0,0
uas_waterfowl_experts,aerien_non_marin,BDA_12C_20181127_3.jpg,5472,3648,882.5,3224.5,52.0,26.5,1,1378.0,0.0069,0.0095,0.00726,1.9623,0,0
uas_waterfowl_experts,aerien_non_marin,BDA_12C_20181127_3.jpg,5472,3648,1408.5,3253.0,36.0,44.5,1,1602.0,0.00803,0.00658,0.0122,0.809,0,0
uas_waterfowl_experts,aerien_non_marin,BDA_12C_20181127_3.jpg,5472,3648,1421.0,3201.0,41.0,28.0,1,1148.0,0.00575,0.00749,0.00768,1.4643,0,0
uas_waterfowl_experts,aerien_non_marin,BDA_12C_20181127_3.jpg,5472,3648,1076.0,3071.0,50.5,23.0,1,1161.5,0.00582,0.00923,0.0063,2.1957,0,0
uas_waterfowl_experts,aerien_non_marin,BDA_12C_20181127_3.jpg,5472,3648,992.0,3039.0,22.0,35.0,1,770.0,0.00386,0.00402,0.00959,0.6286,0,0
uas_waterfowl_experts,aerien_non_marin,BDA_12C_20181127_3.jpg,5472,3648,556.5,3223.0,38.5,40.0,1,1540.0,0.00771,0.00704,0.01096,0.9625,0,0
uas_waterfowl_experts,aerien_non_marin,BDA_12C_20181127_3.jpg,5472,3648,1256.0,2848.5,37.5,49.0,1,1837.5,0.00921,0.00685,0.01343,0.7653,0,0
uas_waterfowl_experts,aerien_non_marin,BDA_12C_20181127_3.jpg,5472,3648,1313.0,2860.5,33.5,45.0,1,1507.5,0.00755,0.00612,0.01234,0.7444,0,0
uas_waterfowl_experts,aerien_non_marin,BDA_12C_20181127_3.jpg,5472,3648,1347.0,2802.5,34.5,42.5,1,1466.25,0.00735,0.0063,0.01165,0.8118,0,0
uas_waterfowl_experts,aerien_non_marin,BDA_12C_20181127_3.jpg,5472,3648,1118.0,2862.5,31.0,46.0,1,1426.0,0.00714,0.00567,0.01261,0.6739,0,0
uas_waterfowl_experts,aerien_non_marin,BDA_12C_20181127_3.jpg,5472,3648,1096.5,3005.0,50.0,32.5,1,1625.0,0.00814,0.00914,0.00891,1.5385,0,0
uas_waterfowl_experts,aerien_non_marin,BDA_12C_20181127_3.jpg,5472,3648,808.0,2820.0,34.5,50.0,1,1725.0,0.00864,0.0063,0.01371,0.69,0,0
uas_waterfowl_experts,aerien_non_marin,BDA_12C_20181127_3.jpg,5472,3648,703.5,2911.5,32.0,49.5,1,1584.0,0.00794,0.00585,0.01357,0.6465,0,0
uas_waterfowl_experts,aerien_non_marin,BDA_12C_20181127_3.jpg,5472,3648,643.0,2902.0,33.5,42.0,1,1407.0,0.00705,0.00612,0.01151,0.7976,0,0
uas_waterfowl_experts,aerien_non_marin,BDA_12C_20181127_3.jpg,5472,3648,905.0,2891.0,35.0,44.0,1,1540.0,0.00771,0.0064,0.01206,0.7955,0,0
uas_waterfowl_experts,aerien_non_marin,BDA_12C_20181127_3.jpg,5472,3648,834.0,2733.0,36.0,50.5,1,1818.0,0.00911,0.00658,0.01384,0.7129,0,0
uas_waterfowl_experts,aerien_non_marin,BDA_12C_20181127_3.jpg,5472,3648,795.5,2674.5,42.5,46.5,1,1976.25,0.0099,0.00777,0.01275,0.914,0,0
uas_waterfowl_experts,aerien_non_marin,BDA_12C_20181127_3.jpg,5472,3648,649.5,2736.0,29.0,45.5,1,1319.5,0.00661,0.0053,0.01247,0.6374,0,0
uas_waterfowl_experts,aerien_non_marin,BDA_12C_20181127_3.jpg,5472,3648,675.5,2814.0,27.0,54.0,1,1458.0,0.0073,0.00493,0.0148,0.5,0,0
uas_waterfowl_experts,aerien_non_marin,BDA_12C_20181127_3.jpg,5472,3648,713.0,2834.0,34.0,30.5,1,1037.0,0.00519,0.00621,0.00836,1.1148,0,0
uas_waterfowl_experts,aerien_non_marin,BDA_12C_20181127_3.jpg,5472,3648,886.0,2770.0,34.0,36.5,1,1241.0,0.00622,0.00621,0.01001,0.9315,0,0
uas_waterfowl_experts,aerien_non_marin,BDA_12C_20181127_3.jpg,5472,3648,865.0,2843.0,43.0,34.0,1,1462.0,0.00732,0.00786,0.00932,1.2647,0,0
uas_waterfowl_experts,aerien_non_marin,BDA_12C_20181127_3.jpg,5472,3648,1012.0,2861.0,33.0,40.5,1,1336.5,0.0067,0.00603,0.0111,0.8148,0,0
uas_waterfowl_experts,aerien_non_marin,BDA_12C_20181127_3.jpg,5472,3648,945.5,2735.5,45.0,33.0,1,1485.0,0.00744,0.00822,0.00905,1.3636,0,0
uas_waterfowl_experts,aerien_non_marin,BDA_12C_20181127_3.jpg,5472,3648,1312.0,2999.5,37.0,51.5,1,1905.5,0.00955,0.00676,0.01412,0.7184,0,0
uas_waterfowl_experts,aerien_non_marin,BDA_12C_20181127_3.jpg,5472,3648,1216.5,2764.0,35.5,45.0,1,1597.5,0.008,0.00649,0.01234,0.7889,0,0
uas_waterfowl_experts,aerien_non_marin,BDA_12C_20181127_3.jpg,5472,3648,1248.0,2691.0,49.0,31.0,1,1519.0,0.00761,0.00895,0.0085,1.5806,0,0
uas_waterfowl_experts,aerien_non_marin,BDA_12C_20181127_3.jpg,5472,3648,1329.0,2704.0,32.0,50.0,1,1600.0,0.00802,0.00585,0.01371,0.64,0,0
uas_waterfowl_experts,aerien_non_marin,BDA_12C_20181127_3.jpg,5472,3648,583.0,2661.5,36.5,52.5,1,1916.25,0.0096,0.00667,0.01439,0.6952,0,0
uas_waterfowl_experts,aerien_non_marin,BDA_12C_20181127_3.jpg,5472,3648,979.5,2620.5,26.5,45.5,1,1205.75,0.00604,0.00484,0.01247,0.5824,0,0
uas_waterfowl_experts,aerien_non_marin,BDA_12C_20181127_3.jpg,5472,3648,2011.5,2884.5,33.0,44.0,1,1452.0,0.00727,0.00603,0.01206,0.75,0,0
uas_waterfowl_experts,aerien_non_marin,BDA_12C_20181127_3.jpg,5472,3648,1941.0,2900.5,50.0,33.5,1,1675.0,0.00839,0.00914,0.00918,1.4925,0,0
uas_waterfowl_experts,aerien_non_marin,BDA_12C_20181127_3.jpg,5472,3648,1982.0,2930.0,31.5,54.0,1,1701.0,0.00852,0.00576,0.0148,0.5833,0,0
uas_waterfowl_experts,aerien_non_marin,BDA_12C_20181127_3.jpg,5472,3648,126.5,1881.5,39.0,47.5,1,1852.5,0.00928,0.00713,0.01302,0.8211,0,0
uas_waterfowl_experts,aerien_non_marin,BDA_12C_20181127_3.jpg,5472,3648,668.0,1860.0,36.0,44.0,1,1584.0,0.00794,0.00658,0.01206,0.8182,0,0
uas_waterfowl_experts,aerien_non_marin,BDA_12C_20181127_3.jpg,5472,3648,766.0,1660.5,40.5,42.0,1,1701.0,0.00852,0.0074,0.01151,0.9643,0,0
uas_waterfowl_experts,aerien_non_marin,BDA_12C_20181127_3.jpg,5472,3648,816.0,1726.5,55.0,32.5,1,1787.5,0.00895,0.01005,0.00891,1.6923,0,0
uas_waterfowl_experts,aerien_non_marin,BDA_12C_20181127_3.jpg,5472,3648,896.0,1703.0,37.0,59.0,1,2183.0,0.01094,0.00676,0.01617,0.6271,0,0
uas_waterfowl_experts,aerien_non_marin,BDA_12C_20181127_3.jpg,5472,3648,939.5,1694.5,61.5,24.5,1,1506.75,0.00755,0.01124,0.00672,2.5102,0,0
uas_waterfowl_experts,aerien_non_marin,BDA_12C_20181127_3.jpg,5472,3648,1006.0,1702.5,51.0,31.0,1,1581.0,0.00792,0.00932,0.0085,1.6452,0,0
uas_waterfowl_experts,aerien_non_marin,BDA_12C_20181127_3.jpg,5472,3648,243.5,2822.0,32.5,52.5,1,1706.25,0.00855,0.00594,0.01439,0.619,0,0
uas_waterfowl_experts,aerien_non_marin,BDA_12C_20181127_3.jpg,5472,3648,180.0,2808.5,29.0,39.5,1,1145.5,0.00574,0.0053,0.01083,0.7342,0,0
uas_waterfowl_experts,aerien_non_marin,BDA_12C_20181127_3.jpg,5472,3648,229.0,3119.5,36.0,42.0,1,1512.0,0.00757,0.00658,0.01151,0.8571,0,0
uas_waterfowl_experts,aerien_non_marin,BDA_12C_20181127_3.jpg,5472,3648,283.0,3178.5,33.0,54.0,1,1782.0,0.00893,0.00603,0.0148,0.6111,0,0
uas_waterfowl_experts,aerien_non_marin,BDA_12C_20181127_3.jpg,5472,3648,54.0,3414.5,38.5,28.0,1,1078.0,0.0054,0.00704,0.00768,1.375,0,0
uas_waterfowl_experts,aerien_non_marin,BDA_12C_20181127_3.jpg,5472,3648,69.0,3533.0,45.5,29.5,1,1342.25,0.00672,0.00832,0.00809,1.5424,0,0
uas_waterfowl_experts,aerien_non_marin,BDA_12C_20181127_3.jpg,5472,3648,401.0,3314.0,45.5,22.5,1,1023.75,0.00513,0.00832,0.00617,2.0222,0,0
uas_waterfowl_experts,aerien_non_marin,BDA_12C_20181127_3.jpg,5472,3648,243.5,3409.5,41.0,38.0,1,1558.0,0.0078,0.00749,0.01042,1.0789,0,0
uas_waterfowl_experts,aerien_non_marin,BDA_12C_20181127_3.jpg,5472,3648,322.5,3357.0,25.0,38.0,1,950.0,0.00476,0.00457,0.01042,0.6579,0,0
uas_waterfowl_experts,aerien_non_marin,BDA_12C_20181127_3.jpg,5472,3648,659.5,3401.5,32.5,41.0,1,1332.5,0.00668,0.00594,0.01124,0.7927,0,0
uas_waterfowl_experts,aerien_non_marin,BDA_12C_20181127_3.jpg,5472,3648,670.5,3560.5,35.5,40.0,1,1420.0,0.00711,0.00649,0.01096,0.8875,0,0
uas_waterfowl_experts,aerien_non_marin,BDA_12C_20181127_3.jpg,5472,3648,754.5,3529.0,39.5,33.5,1,1323.25,0.00663,0.00722,0.00918,1.1791,0,0
uas_waterfowl_experts,aerien_non_marin,BDA_12C_20181127_3.jpg,5472,3648,1026.0,3621.5,27.0,26.0,1,702.0,0.00352,0.00493,0.00713,1.0385,0,0
uas_waterfowl_experts,aerien_non_marin,BDA_12C_20181127_3.jpg,5472,3648,1061.5,3453.0,42.0,34.0,1,1428.0,0.00715,0.00768,0.00932,1.2353,0,0
uas_waterfowl_experts,aerien_non_marin,BDA_12C_20181127_3.jpg,5472,3648,1127.5,3483.5,21.0,38.5,1,808.5,0.00405,0.00384,0.01055,0.5455,0,0
uas_waterfowl_experts,aerien_non_marin,BDA_12C_20181127_3.jpg,5472,3648,1289.0,3489.0,39.0,33.0,1,1287.0,0.00645,0.00713,0.00905,1.1818,0,0
uas_waterfowl_experts,aerien_non_marin,BDA_12C_20181127_3.jpg,5472,3648,1316.5,3398.5,45.0,26.5,1,1192.5,0.00597,0.00822,0.00726,1.6981,0,0
uas_waterfowl_experts,aerien_non_marin,BDA_12C_20181127_3.jpg,5472,3648,1233.5,3097.5,31.5,49.0,1,1543.5,0.00773,0.00576,0.01343,0.6429,0,0
uas_waterfowl_experts,aerien_non_marin,BDA_12C_20181127_3.jpg,5472,3648,467.0,3156.5,33.5,39.5,1,1323.25,0.00663,0.00612,0.01083,0.8481,0,0
uas_waterfowl_experts,aerien_non_marin,BDA_12C_20181127_3.jpg,5472,3648,541.0,3141.0,28.5,48.5,1,1382.25,0.00692,0.00521,0.01329,0.5876,0,0
uas_waterfowl_experts,aerien_non_marin,BDA_12C_20181127_3.jpg,5472,3648,569.5,3171.5,31.0,42.5,1,1317.5,0.0066,0.00567,0.01165,0.7294,0,0
uas_waterfowl_experts,aerien_non_marin,BDA_12C_20181127_3.jpg,5472,3648,593.0,3121.5,31.0,47.5,1,1472.5,0.00738,0.00567,0.01302,0.6526,0,0
uas_waterfowl_experts,aerien_non_marin,BDA_12C_20181127_3.jpg,5472,3648,1209.5,2843.0,30.0,48.0,1,1440.0,0.00721,0.00548,0.01316,0.625,0,0
uas_waterfowl_experts,aerien_non_marin,BDA_12C_20181127_3.jpg,5472,3648,962.5,3528.0,35.5,42.0,1,1491.0,0.00747,0.00649,0.01151,0.8452,0,0
uas_waterfowl_experts,aerien_non_marin,BDA_12C_20181127_3.jpg,5472,3648,191.5,1865.0,34.0,33.5,1,1139.0,0.00571,0.00621,0.00918,1.0149,0,0
uas_waterfowl_experts,aerien_non_marin,BDA_12C_20181127_3.jpg,5472,3648,84.5,3482.5,43.5,31.5,1,1370.25,0.00686,0.00795,0.00863,1.381,0,0
uas_waterfowl_experts,aerien_non_marin,BDA_12C_20181127_3.jpg,5472,3648,736.0,3471.0,31.0,45.0,1,1395.0,0.00699,0.00567,0.01234,0.6889,0,0
uas_waterfowl_experts,aerien_non_marin,BDA_12C_20181127_3.jpg,5472,3648,3257.0,2452.0,25.0,49.0,1,1225.0,0.00614,0.00457,0.01343,0.5102,0,0
uas_waterfowl_experts,aerien_non_marin,BDA_12C_20181127_3.jpg,5472,3648,3096.0,2905.0,48.0,24.0,1,1152.0,0.00577,0.00877,0.00658,2.0,0,0
uas_waterfowl_experts,aerien_non_marin,BDA_12C_20181127_3.jpg,5472,3648,1478.0,3178.0,21.0,42.0,1,882.0,0.00442,0.00384,0.01151,0.5,0,0
uas_waterfowl_experts,aerien_non_marin,BDA_12C_20181127_3.jpg,5472,3648,5312.0,3000.0,58.0,30.0,1,1740.0,0.00872,0.0106,0.00822,1.9333,0,0
uas_waterfowl_experts,aerien_non_marin,BDA_12C_20181127_3.jpg,5472,3648,4762.0,2284.0,25.0,46.0,1,1150.0,0.00576,0.00457,0.01261,0.5435,0,0
uas_waterfowl_experts,aerien_non_marin,BDA_12C_20181127_3.jpg,5472,3648,5070.0,1856.0,35.0,46.0,1,1610.0,0.00807,0.0064,0.01261,0.7609,0,0
uas_waterfowl_experts,aerien_non_marin,BDA_12C_20181127_3.jpg,5472,3648,5059.0,1924.0,28.0,37.0,1,1036.0,0.00519,0.00512,0.01014,0.7568,0,0
uas_waterfowl_experts,aerien_non_marin,BDA_12C_20181127_3.jpg,5472,3648,5094.0,1900.0,30.0,39.0,1,1170.0,0.00586,0.00548,0.01069,0.7692,0,0
uas_waterfowl_experts,aerien_non_marin,BDA_12C_20181127_3.jpg,5472,3648,5091.0,1954.0,37.0,47.0,1,1739.0,0.00871,0.00676,0.01288,0.7872,0,0
uas_waterfowl_experts,aerien_non_marin,BDA_12C_20181127_3.jpg,5472,3648,5176.0,2259.0,49.0,40.0,1,1960.0,0.00982,0.00895,0.01096,1.225,0,0
uas_waterfowl_experts,aerien_non_marin,BDA_12C_20181127_3.jpg,5472,3648,5125.0,2376.0,42.0,36.0,1,1512.0,0.00757,0.00768,0.00987,1.1667,0,0
uas_waterfowl_experts,aerien_non_marin,BDA_12C_20181127_3.jpg,5472,3648,5160.0,2325.0,42.0,41.0,1,1722.0,0.00863,0.00768,0.01124,1.0244,0,0
uas_waterfowl_experts,aerien_non_marin,BDA_12C_20181127_3.jpg,5472,3648,5065.0,2395.0,41.0,36.0,1,1476.0,0.00739,0.00749,0.00987,1.1389,0,0
uas_waterfowl_experts,aerien_non_marin,BDA_12C_20181127_3.jpg,5472,3648,5229.0,2439.0,47.0,32.0,1,1504.0,0.00753,0.00859,0.00877,1.4688,0,0
uas_waterfowl_experts,aerien_non_marin,BDA_12C_20181127_3.jpg,5472,3648,5356.0,2431.0,42.0,44.0,1,1848.0,0.00926,0.00768,0.01206,0.9545,0,0
uas_waterfowl_experts,aerien_non_marin,BDA_12C_20181127_3.jpg,5472,3648,5096.0,2152.0,44.0,45.0,1,1980.0,0.00992,0.00804,0.01234,0.9778,0,0
uas_waterfowl_experts,aerien_non_marin,BDA_12C_20181127_3.jpg,5472,3648,5038.0,2110.0,37.0,44.0,1,1628.0,0.00816,0.00676,0.01206,0.8409,0,0
uas_waterfowl_experts,aerien_non_marin,BDA_12C_20181127_3.jpg,5472,3648,5262.0,2148.0,40.0,39.0,1,1560.0,0.00781,0.00731,0.01069,1.0256,0,0
uas_waterfowl_experts,aerien_non_marin,BDA_12C_20181127_3.jpg,5472,3648,5104.0,2245.0,35.0,41.0,1,1435.0,0.00719,0.0064,0.01124,0.8537,0,0
uas_waterfowl_experts,aerien_non_marin,BDA_12C_20181127_3.jpg,5472,3648,5270.0,2534.0,40.0,42.0,1,1680.0,0.00842,0.00731,0.01151,0.9524,0,0
uas_waterfowl_experts,aerien_non_marin,BDA_12C_20181127_3.jpg,5472,3648,5190.0,2553.0,32.0,37.0,1,1184.0,0.00593,0.00585,0.01014,0.8649,0,0
uas_waterfowl_experts,aerien_non_marin,BDA_12C_20181127_3.jpg,5472,3648,5154.0,2595.0,44.0,33.0,1,1452.0,0.00727,0.00804,0.00905,1.3333,0,0
uas_waterfowl_experts,aerien_non_marin,BDA_12C_20181127_3.jpg,5472,3648,5238.0,2598.0,48.0,37.0,1,1776.0,0.0089,0.00877,0.01014,1.2973,0,0
uas_waterfowl_experts,aerien_non_marin,BDA_12C_20181127_3.jpg,5472,3648,5303.0,2615.0,35.0,51.0,1,1785.0,0.00894,0.0064,0.01398,0.6863,0,0
uas_waterfowl_experts,aerien_non_marin,BDA_12C_20181127_3.jpg,5472,3648,5151.0,2672.0,30.0,42.0,1,1260.0,0.00631,0.00548,0.01151,0.7143,0,0
uas_waterfowl_experts,aerien_non_marin,BDA_12C_20181127_3.jpg,5472,3648,5228.0,2667.0,40.0,44.0,1,1760.0,0.00882,0.00731,0.01206,0.9091,0,0
uas_waterfowl_experts,aerien_non_marin,BDA_12C_20181127_3.jpg,5472,3648,5358.0,2746.0,60.0,36.0,1,2160.0,0.01082,0.01096,0.00987,1.6667,0,0
uas_waterfowl_experts,aerien_non_marin,BDA_12C_20181127_3.jpg,5472,3648,5273.0,2853.0,63.0,42.0,1,2646.0,0.01326,0.01151,0.01151,1.5,0,0
uas_waterfowl_experts,aerien_non_marin,BDA_12C_20181127_3.jpg,5472,3648,5370.0,2822.0,35.0,39.0,1,1365.0,0.00684,0.0064,0.01069,0.8974,0,0
uas_waterfowl_experts,aerien_non_marin,BDA_12C_20181127_3.jpg,5472,3648,5112.0,2916.0,42.0,36.0,1,1512.0,0.00757,0.00768,0.00987,1.1667,0,0
uas_waterfowl_experts,aerien_non_marin,BDA_12C_20181127_3.jpg,5472,3648,5102.0,2846.0,32.0,43.0,1,1376.0,0.00689,0.00585,0.01179,0.7442,0,0
uas_waterfowl_experts,aerien_non_marin,BDA_12C_20181127_3.jpg,5472,3648,5160.0,2865.0,29.0,54.0,1,1566.0,0.00784,0.0053,0.0148,0.537,0,0
uas_waterfowl_experts,aerien_non_marin,BDA_12C_20181127_3.jpg,5472,3648,5127.0,2779.0,47.0,41.0,1,1927.0,0.00965,0.00859,0.01124,1.1463,0,0
uas_waterfowl_experts,aerien_non_marin,BDA_12C_20181127_3.jpg,5472,3648,5106.0,2729.0,31.0,43.0,1,1333.0,0.00668,0.00567,0.01179,0.7209,0,0
uas_waterfowl_experts,aerien_non_marin,BDA_12C_20181127_3.jpg,5472,3648,5053.0,2778.0,36.0,52.0,1,1872.0,0.00938,0.00658,0.01425,0.6923,0,0
uas_waterfowl_experts,aerien_non_marin,BDA_12C_20181127_3.jpg,5472,3648,5006.0,2850.0,38.0,39.0,1,1482.0,0.00742,0.00694,0.01069,0.9744,0,0
uas_waterfowl_experts,aerien_non_marin,BDA_12C_20181127_3.jpg,5472,3648,5192.0,3339.0,26.0,39.0,1,1014.0,0.00508,0.00475,0.01069,0.6667,0,0
uas_waterfowl_experts,aerien_non_marin,BDA_12C_20181127_3.jpg,5472,3648,5241.0,3345.0,29.0,46.0,1,1334.0,0.00668,0.0053,0.01261,0.6304,0,0
uas_waterfowl_experts,aerien_non_marin,BDA_12C_20181127_3.jpg,5472,3648,5216.0,3557.0,47.0,44.0,1,2068.0,0.01036,0.00859,0.01206,1.0682,0,0
uas_waterfowl_experts,aerien_non_marin,BDA_12C_20181127_3.jpg,5472,3648,5367.0,3551.0,62.0,29.0,1,1798.0,0.00901,0.01133,0.00795,2.1379,0,0
uas_waterfowl_experts,aerien_non_marin,BDA_12C_20181127_3.jpg,5472,3648,5142.0,3481.0,41.0,39.0,1,1599.0,0.00801,0.00749,0.01069,1.0513,0,0
uas_waterfowl_experts,aerien_non_marin,BDA_12C_20181127_3.jpg,5472,3648,4918.0,3450.0,58.0,39.0,1,2262.0,0.01133,0.0106,0.01069,1.4872,0,0
uas_waterfowl_experts,aerien_non_marin,BDA_12C_20181127_3.jpg,5472,3648,4976.0,3417.0,52.0,40.0,1,2080.0,0.01042,0.0095,0.01096,1.3,0,0
uas_waterfowl_experts,aerien_non_marin,BDA_12C_20181127_3.jpg,5472,3648,4928.0,3250.0,34.0,43.0,1,1462.0,0.00732,0.00621,0.01179,0.7907,0,0
uas_waterfowl_experts,aerien_non_marin,BDA_12C_20181127_3.jpg,5472,3648,4810.0,3351.0,42.0,28.0,1,1176.0,0.00589,0.00768,0.00768,1.5,0,0
uas_waterfowl_experts,aerien_non_marin,BDA_12C_20181127_3.jpg,5472,3648,4749.0,3314.0,34.0,42.0,1,1428.0,0.00715,0.00621,0.01151,0.8095,0,0
uas_waterfowl_experts,aerien_non_marin,BDA_12C_20181127_3.jpg,5472,3648,4659.0,3340.0,38.0,41.0,1,1558.0,0.0078,0.00694,0.01124,0.9268,0,0
uas_waterfowl_experts,aerien_non_marin,BDA_12C_20181127_3.jpg,5472,3648,4726.0,3374.0,27.0,46.0,1,1242.0,0.00622,0.00493,0.01261,0.587,0,0
uas_waterfowl_experts,aerien_non_marin,BDA_12C_20181127_3.jpg,5472,3648,4825.0,3170.0,36.0,47.0,1,1692.0,0.00848,0.00658,0.01288,0.766,0,0
uas_waterfowl_experts,aerien_non_marin,BDA_12C_20181127_3.jpg,5472,3648,4967.0,3115.0,51.0,28.0,1,1428.0,0.00715,0.00932,0.00768,1.8214,0,0
uas_waterfowl_experts,aerien_non_marin,BDA_12C_20181127_3.jpg,5472,3648,4727.0,2984.0,35.0,39.0,1,1365.0,0.00684,0.0064,0.01069,0.8974,0,0
uas_waterfowl_experts,aerien_non_marin,BDA_12C_20181127_3.jpg,5472,3648,4749.0,2927.0,44.0,51.0,1,2244.0,0.01124,0.00804,0.01398,0.8627,0,0
uas_waterfowl_experts,aerien_non_marin,BDA_12C_20181127_3.jpg,5472,3648,4789.0,2965.0,43.0,49.0,1,2107.0,0.01056,0.00786,0.01343,0.8776,0,0
uas_waterfowl_experts,aerien_non_marin,BDA_12C_20181127_3.jpg,5472,3648,4854.0,3054.0,43.0,38.0,1,1634.0,0.00819,0.00786,0.01042,1.1316,0,0
uas_waterfowl_experts,aerien_non_marin,BDA_12C_20181127_3.jpg,5472,3648,4617.0,3045.0,25.0,45.0,1,1125.0,0.00564,0.00457,0.01234,0.5556,0,0
uas_waterfowl_experts,aerien_non_marin,BDA_12C_20181127_3.jpg,5472,3648,4642.0,2935.0,26.0,39.0,1,1014.0,0.00508,0.00475,0.01069,0.6667,0,0
uas_waterfowl_experts,aerien_non_marin,BDA_12C_20181127_3.jpg,5472,3648,4401.0,2984.0,47.0,27.0,1,1269.0,0.00636,0.00859,0.0074,1.7407,0,0
uas_waterfowl_experts,aerien_non_marin,BDA_12C_20181127_3.jpg,5472,3648,5028.0,2655.0,48.0,22.0,1,1056.0,0.00529,0.00877,0.00603,2.1818,0,0
uas_waterfowl_experts,aerien_non_marin,BDA_12C_20181127_3.jpg,5472,3648,4946.0,2637.0,42.0,40.0,1,1680.0,0.00842,0.00768,0.01096,1.05,0,0
uas_waterfowl_experts,aerien_non_marin,BDA_12C_20181127_3.jpg,5472,3648,4831.0,2600.0,36.0,49.0,1,1764.0,0.00884,0.00658,0.01343,0.7347,0,0
uas_waterfowl_experts,aerien_non_marin,BDA_12C_20181127_3.jpg,5472,3648,4897.0,2616.0,30.0,43.0,1,1290.0,0.00646,0.00548,0.01179,0.6977,0,0
uas_waterfowl_experts,aerien_non_marin,BDA_12C_20181127_3.jpg,5472,3648,4948.0,2596.0,44.0,41.0,1,1804.0,0.00904,0.00804,0.01124,1.0732,0,0
uas_waterfowl_experts,aerien_non_marin,BDA_12C_20181127_3.jpg,5472,3648,4877.0,2522.0,36.0,46.0,1,1656.0,0.0083,0.00658,0.01261,0.7826,0,0
uas_waterfowl_experts,aerien_non_marin,BDA_12C_20181127_3.jpg,5472,3648,4722.0,2392.0,51.0,36.0,1,1836.0,0.0092,0.00932,0.00987,1.4167,0,0
uas_waterfowl_experts,aerien_non_marin,BDA_12C_20181127_3.jpg,5472,3648,5059.0,2456.0,44.0,35.0,1,1540.0,0.00771,0.00804,0.00959,1.2571,0,0
uas_waterfowl_experts,aerien_non_marin,BDA_12C_20181127_3.jpg,5472,3648,4896.0,2380.0,29.0,48.0,1,1392.0,0.00697,0.0053,0.01316,0.6042,0,0
uas_waterfowl_experts,aerien_non_marin,BDA_12C_20181127_3.jpg,5472,3648,4919.0,2356.0,34.0,38.0,1,1292.0,0.00647,0.00621,0.01042,0.8947,0,0
uas_waterfowl_experts,aerien_non_marin,BDA_12C_20181127_3.jpg,5472,3648,4946.0,2293.0,30.0,47.0,1,1410.0,0.00706,0.00548,0.01288,0.6383,0,0
uas_waterfowl_experts,aerien_non_marin,BDA_12C_20181127_3.jpg,5472,3648,4558.0,2408.0,38.0,47.0,1,1786.0,0.00895,0.00694,0.01288,0.8085,0,0
uas_waterfowl_experts,aerien_non_marin,BDA_12C_20181127_3.jpg,5472,3648,4611.0,2366.0,38.0,35.0,1,1330.0,0.00666,0.00694,0.00959,1.0857,0,0
uas_waterfowl_experts,aerien_non_marin,BDA_12C_20181127_3.jpg,5472,3648,4653.0,3492.0,35.0,40.0,1,1400.0,0.00701,0.0064,0.01096,0.875,0,0
uas_waterfowl_experts,aerien_non_marin,BDA_12C_20181127_3.jpg,5472,3648,4716.0,3483.0,26.0,51.0,1,1326.0,0.00664,0.00475,0.01398,0.5098,0,0
uas_waterfowl_experts,aerien_non_marin,BDA_12C_20181127_3.jpg,5472,3648,4514.0,3201.0,42.0,34.0,1,1428.0,0.00715,0.00768,0.00932,1.2353,0,0
uas_waterfowl_experts,aerien_non_marin,BDA_12C_20181127_3.jpg,5472,3648,4393.0,3154.0,45.0,38.0,1,1710.0,0.00857,0.00822,0.01042,1.1842,0,0
uas_waterfowl_experts,aerien_non_marin,BDA_12C_20181127_3.jpg,5472,3648,4454.0,3166.0,50.0,29.0,1,1450.0,0.00726,0.00914,0.00795,1.7241,0,0
uas_waterfowl_experts,aerien_non_marin,BDA_12C_20181127_3.jpg,5472,3648,4324.0,3147.0,31.0,37.0,1,1147.0,0.00575,0.00567,0.01014,0.8378,0,0
uas_waterfowl_experts,aerien_non_marin,BDA_12C_20181127_3.jpg,5472,3648,4895.0,2233.0,35.0,30.0,1,1050.0,0.00526,0.0064,0.00822,1.1667,0,0
uas_waterfowl_experts,aerien_non_marin,BDA_12C_20181127_3.jpg,5472,3648,4894.0,2199.0,32.0,41.0,1,1312.0,0.00657,0.00585,0.01124,0.7805,0,0
uas_waterfowl_experts,aerien_non_marin,BDA_12C_20181127_3.jpg,5472,3648,4923.0,2164.0,26.0,45.0,1,1170.0,0.00586,0.00475,0.01234,0.5778,0,0
uas_waterfowl_experts,aerien_non_marin,BDA_12C_20181127_3.jpg,5472,3648,4965.0,2046.0,34.5,41.0,1,1414.5,0.00709,0.0063,0.01124,0.8415,0,0
uas_waterfowl_experts,aerien_non_marin,BDA_12C_20181127_3.jpg,5472,3648,4883.0,2000.0,40.0,37.0,1,1480.0,0.00741,0.00731,0.01014,1.0811,0,0
uas_waterfowl_experts,aerien_non_marin,BDA_12C_20181127_3.jpg,5472,3648,4774.0,2039.0,44.0,32.0,1,1408.0,0.00705,0.00804,0.00877,1.375,0,0
uas_waterfowl_experts,aerien_non_marin,BDA_12C_20181127_3.jpg,5472,3648,4691.0,2312.0,49.0,34.0,1,1666.0,0.00835,0.00895,0.00932,1.4412,0,0
uas_waterfowl_experts,aerien_non_marin,BDA_12C_20181127_3.jpg,5472,3648,4686.0,2246.0,33.0,40.0,1,1320.0,0.00661,0.00603,0.01096,0.825,0,0
uas_waterfowl_experts,aerien_non_marin,BDA_12C_20181127_3.jpg,5472,3648,4728.0,2263.0,30.0,43.0,1,1290.0,0.00646,0.00548,0.01179,0.6977,0,0
uas_waterfowl_experts,aerien_non_marin,BDA_12C_20181127_3.jpg,5472,3648,4802.0,2233.0,39.0,44.0,1,1716.0,0.0086,0.00713,0.01206,0.8864,0,0
uas_waterfowl_experts,aerien_non_marin,BDA_12C_20181127_3.jpg,5472,3648,4810.0,2185.0,44.0,31.0,1,1364.0,0.00683,0.00804,0.0085,1.4194,0,0
uas_waterfowl_experts,aerien_non_marin,BDA_12C_20181127_3.jpg,5472,3648,4678.0,2175.0,35.0,43.0,1,1505.0,0.00754,0.0064,0.01179,0.814,0,0
uas_waterfowl_experts,aerien_non_marin,BDA_12C_20181127_3.jpg,5472,3648,4605.0,2328.0,49.0,41.0,1,2009.0,0.01006,0.00895,0.01124,1.1951,0,0
uas_waterfowl_experts,aerien_non_marin,BDA_12C_20181127_3.jpg,5472,3648,4712.0,2114.0,41.0,31.0,1,1271.0,0.00637,0.00749,0.0085,1.3226,0,0
uas_waterfowl_experts,aerien_non_marin,BDA_12C_20181127_3.jpg,5472,3648,4698.0,2142.0,44.0,27.0,1,1188.0,0.00595,0.00804,0.0074,1.6296,0,0
uas_waterfowl_experts,aerien_non_marin,BDA_12C_20181127_3.jpg,5472,3648,4218.0,2618.0,55.0,39.0,1,2145.0,0.01075,0.01005,0.01069,1.4103,0,0
uas_waterfowl_experts,aerien_non_marin,BDA_12C_20181127_3.jpg,5472,3648,4142.0,2643.0,44.0,47.0,1,2068.0,0.01036,0.00804,0.01288,0.9362,0,0
uas_waterfowl_experts,aerien_non_marin,BDA_12C_20181127_3.jpg,5472,3648,4074.0,2686.0,49.0,33.0,1,1617.0,0.0081,0.00895,0.00905,1.4848,0,0
uas_waterfowl_experts,aerien_non_marin,BDA_12C_20181127_3.jpg,5472,3648,4038.0,2663.0,25.0,37.0,1,925.0,0.00463,0.00457,0.01014,0.6757,0,0
uas_waterfowl_experts,aerien_non_marin,BDA_12C_20181127_3.jpg,5472,3648,4138.0,2770.0,36.0,44.0,1,1584.0,0.00794,0.00658,0.01206,0.8182,0,0
uas_waterfowl_experts,aerien_non_marin,BDA_12C_20181127_3.jpg,5472,3648,4150.0,2937.0,31.0,42.0,1,1302.0,0.00652,0.00567,0.01151,0.7381,0,0
uas_waterfowl_experts,aerien_non_marin,BDA_12C_20181127_3.jpg,5472,3648,4223.0,2912.0,32.0,42.0,1,1344.0,0.00673,0.00585,0.01151,0.7619,0,0
uas_waterfowl_experts,aerien_non_marin,BDA_12C_20181127_3.jpg,5472,3648,3941.0,2965.0,54.0,40.0,1,2160.0,0.01082,0.00987,0.01096,1.35,0,0
uas_waterfowl_experts,aerien_non_marin,BDA_12C_20181127_3.jpg,5472,3648,4022.0,3012.0,39.0,47.0,1,1833.0,0.00918,0.00713,0.01288,0.8298,0,0
uas_waterfowl_experts,aerien_non_marin,BDA_12C_20181127_3.jpg,5472,3648,3912.0,2921.0,27.0,47.0,1,1269.0,0.00636,0.00493,0.01288,0.5745,0,0
uas_waterfowl_experts,aerien_non_marin,BDA_12C_20181127_3.jpg,5472,3648,3834.0,2808.0,51.0,25.0,1,1275.0,0.00639,0.00932,0.00685,2.04,0,0
uas_waterfowl_experts,aerien_non_marin,BDA_12C_20181127_3.jpg,5472,3648,3962.0,2798.0,45.0,24.0,1,1080.0,0.00541,0.00822,0.00658,1.875,0,0
uas_waterfowl_experts,aerien_non_marin,BDA_12C_20181127_3.jpg,5472,3648,3826.0,2886.0,48.0,39.0,1,1872.0,0.00938,0.00877,0.01069,1.2308,0,0
uas_waterfowl_experts,aerien_non_marin,BDA_12C_20181127_3.jpg,5472,3648,3934.0,2738.0,36.0,30.0,1,1080.0,0.00541,0.00658,0.00822,1.2,0,0
uas_waterfowl_experts,aerien_non_marin,BDA_12C_20181127_3.jpg,5472,3648,3769.0,2723.0,29.0,37.0,1,1073.0,0.00538,0.0053,0.01014,0.7838,0,0
uas_waterfowl_experts,aerien_non_marin,BDA_12C_20181127_3.jpg,5472,3648,3678.0,2717.0,54.0,33.0,1,1782.0,0.00893,0.00987,0.00905,1.6364,0,0
uas_waterfowl_experts,aerien_non_marin,BDA_12C_20181127_3.jpg,5472,3648,3583.0,2725.0,33.0,50.0,1,1650.0,0.00827,0.00603,0.01371,0.66,0,0
uas_waterfowl_experts,aerien_non_marin,BDA_12C_20181127_3.jpg,5472,3648,3708.0,2593.0,34.0,39.0,1,1326.0,0.00664,0.00621,0.01069,0.8718,0,0
uas_waterfowl_experts,aerien_non_marin,BDA_12C_20181127_3.jpg,5472,3648,3851.0,2554.0,57.0,30.0,1,1710.0,0.00857,0.01042,0.00822,1.9,0,0
uas_waterfowl_experts,aerien_non_marin,BDA_12C_20181127_3.jpg,5472,3648,3873.0,2608.0,53.0,27.0,1,1431.0,0.00717,0.00969,0.0074,1.963,0,0
uas_waterfowl_experts,aerien_non_marin,BDA_12C_20181127_3.jpg,5472,3648,3910.0,2459.0,44.0,33.0,1,1452.0,0.00727,0.00804,0.00905,1.3333,0,0
uas_waterfowl_experts,aerien_non_marin,BDA_12C_20181127_3.jpg,5472,3648,3778.0,2451.0,48.0,53.0,1,2544.0,0.01274,0.00877,0.01453,0.9057,0,0
uas_waterfowl_experts,aerien_non_marin,BDA_12C_20181127_3.jpg,5472,3648,3693.0,2514.0,35.0,37.0,1,1295.0,0.00649,0.0064,0.01014,0.9459,0,0
uas_waterfowl_experts,aerien_non_marin,BDA_12C_20181127_3.jpg,5472,3648,4163.0,2539.0,30.0,45.0,1,1350.0,0.00676,0.00548,0.01234,0.6667,0,0
uas_waterfowl_experts,aerien_non_marin,BDA_12C_20181127_3.jpg,5472,3648,4239.0,2460.0,46.0,29.0,1,1334.0,0.00668,0.00841,0.00795,1.5862,0,0
uas_waterfowl_experts,aerien_non_marin,BDA_12C_20181127_3.jpg,5472,3648,4077.0,2478.0,31.0,42.0,1,1302.0,0.00652,0.00567,0.01151,0.7381,0,0
uas_waterfowl_experts,aerien_non_marin,BDA_12C_20181127_3.jpg,5472,3648,4137.0,2489.0,40.0,39.0,1,1560.0,0.00781,0.00731,0.01069,1.0256,0,0
uas_waterfowl_experts,aerien_non_marin,BDA_12C_20181127_3.jpg,5472,3648,4053.0,2549.0,35.0,20.0,1,700.0,0.00351,0.0064,0.00548,1.75,0,0
uas_waterfowl_experts,aerien_non_marin,BDA_12C_20181127_3.jpg,5472,3648,4022.0,2428.0,38.0,34.0,1,1292.0,0.00647,0.00694,0.00932,1.1176,0,0
uas_waterfowl_experts,aerien_non_marin,BDA_12C_20181127_3.jpg,5472,3648,4076.0,2388.0,38.0,47.0,1,1786.0,0.00895,0.00694,0.01288,0.8085,0,0
uas_waterfowl_experts,aerien_non_marin,BDA_12C_20181127_3.jpg,5472,3648,4195.0,2409.0,35.0,44.0,1,1540.0,0.00771,0.0064,0.01206,0.7955,0,0
uas_waterfowl_experts,aerien_non_marin,BDA_12C_20181127_3.jpg,5472,3648,4239.0,2400.0,27.0,49.0,1,1323.0,0.00663,0.00493,0.01343,0.551,0,0
uas_waterfowl_experts,aerien_non_marin,BDA_12C_20181127_3.jpg,5472,3648,4279.0,2341.0,47.0,26.0,1,1222.0,0.00612,0.00859,0.00713,1.8077,0,0
uas_waterfowl_experts,aerien_non_marin,BDA_12C_20181127_3.jpg,5472,3648,4484.0,2261.0,45.0,47.0,1,2115.0,0.0106,0.00822,0.01288,0.9574,0,0
uas_waterfowl_experts,aerien_non_marin,BDA_12C_20181127_3.jpg,5472,3648,4556.0,2173.0,30.0,47.0,1,1410.0,0.00706,0.00548,0.01288,0.6383,0,0
uas_waterfowl_experts,aerien_non_marin,BDA_12C_20181127_3.jpg,5472,3648,4610.0,2068.0,40.0,46.0,1,1840.0,0.00922,0.00731,0.01261,0.8696,0,0
uas_waterfowl_experts,aerien_non_marin,BDA_12C_20181127_3.jpg,5472,3648,4533.0,2061.0,38.0,53.0,1,2014.0,0.01009,0.00694,0.01453,0.717,0,0
uas_waterfowl_experts,aerien_non_marin,BDA_12C_20181127_3.jpg,5472,3648,4543.0,1995.0,31.0,47.0,1,1457.0,0.0073,0.00567,0.01288,0.6596,0,0
uas_waterfowl_experts,aerien_non_marin,BDA_12C_20181127_3.jpg,5472,3648,4522.0,1986.0,22.0,34.0,1,748.0,0.00375,0.00402,0.00932,0.6471,0,0
uas_waterfowl_experts,aerien_non_marin,BDA_12C_20181127_3.jpg,5472,3648,4391.0,2065.0,32.0,45.0,1,1440.0,0.00721,0.00585,0.01234,0.7111,0,0
uas_waterfowl_experts,aerien_non_marin,BDA_12C_20181127_3.jpg,5472,3648,4306.0,2046.0,34.0,48.0,1,1632.0,0.00818,0.00621,0.01316,0.7083,0,0
uas_waterfowl_experts,aerien_non_marin,BDA_12C_20181127_3.jpg,5472,3648,4391.0,1990.0,55.0,30.0,1,1650.0,0.00827,0.01005,0.00822,1.8333,0,0
uas_waterfowl_experts,aerien_non_marin,BDA_12C_20181127_3.jpg,5472,3648,4226.0,2046.0,25.0,50.0,1,1250.0,0.00626,0.00457,0.01371,0.5,0,0
uas_waterfowl_experts,aerien_non_marin,BDA_12C_20181127_3.jpg,5472,3648,4252.0,2035.0,25.0,35.0,1,875.0,0.00438,0.00457,0.00959,0.7143,0,0
uas_waterfowl_experts,aerien_non_marin,BDA_12C_20181127_3.jpg,5472,3648,4327.0,1977.0,33.0,42.0,1,1386.0,0.00694,0.00603,0.01151,0.7857,0,0
uas_waterfowl_experts,aerien_non_marin,BDA_12C_20181127_3.jpg,5472,3648,4666.0,1980.0,35.0,35.0,1,1225.0,0.00614,0.0064,0.00959,1.0,0,0
uas_waterfowl_experts,aerien_non_marin,BDA_12C_20181127_3.jpg,5472,3648,4081.0,2198.0,54.0,33.0,1,1782.0,0.00893,0.00987,0.00905,1.6364,0,0
uas_waterfowl_experts,aerien_non_marin,BDA_12C_20181127_3.jpg,5472,3648,4230.0,2158.0,35.0,48.0,1,1680.0,0.00842,0.0064,0.01316,0.7292,0,0
uas_waterfowl_experts,aerien_non_marin,BDA_12C_20181127_3.jpg,5472,3648,4297.0,2164.0,31.0,43.0,1,1333.0,0.00668,0.00567,0.01179,0.7209,0,0
uas_waterfowl_experts,aerien_non_marin,BDA_12C_20181127_3.jpg,5472,3648,4045.0,2072.0,49.0,43.0,1,2107.0,0.01056,0.00895,0.01179,1.1395,0,0
uas_waterfowl_experts,aerien_non_marin,BDA_12C_20181127_3.jpg,5472,3648,4078.0,2009.0,40.0,48.0,1,1920.0,0.00962,0.00731,0.01316,0.8333,0,0
uas_waterfowl_experts,aerien_non_marin,BDA_12C_20181127_3.jpg,5472,3648,4109.0,1842.0,53.0,37.0,1,1961.0,0.00982,0.00969,0.01014,1.4324,0,0
uas_waterfowl_experts,aerien_non_marin,BDA_12C_20181127_3.jpg,5472,3648,3795.0,2258.0,45.0,53.0,1,2385.0,0.01195,0.00822,0.01453,0.8491,0,0
uas_waterfowl_experts,aerien_non_marin,BDA_12C_20181127_3.jpg,5472,3648,3711.0,2296.0,26.0,42.0,1,1092.0,0.00547,0.00475,0.01151,0.619,0,0
uas_waterfowl_experts,aerien_non_marin,BDA_12C_20181127_3.jpg,5472,3648,3628.0,2333.0,50.0,42.0,1,2100.0,0.01052,0.00914,0.01151,1.1905,0,0
uas_waterfowl_experts,aerien_non_marin,BDA_12C_20181127_3.jpg,5472,3648,3749.0,2109.0,47.0,47.0,1,2209.0,0.01107,0.00859,0.01288,1.0,0,0
uas_waterfowl_experts,aerien_non_marin,BDA_12C_20181127_3.jpg,5472,3648,3770.0,2154.0,35.0,34.0,1,1190.0,0.00596,0.0064,0.00932,1.0294,0,0
uas_waterfowl_experts,aerien_non_marin,BDA_12C_20181127_3.jpg,5472,3648,3831.0,2152.0,43.0,38.0,1,1634.0,0.00819,0.00786,0.01042,1.1316,0,0
uas_waterfowl_experts,aerien_non_marin,BDA_12C_20181127_3.jpg,5472,3648,3706.0,1998.0,52.0,44.0,1,2288.0,0.01146,0.0095,0.01206,1.1818,0,0
uas_waterfowl_experts,aerien_non_marin,BDA_12C_20181127_3.jpg,5472,3648,3880.0,2022.0,31.0,47.0,1,1457.0,0.0073,0.00567,0.01288,0.6596,0,0
uas_waterfowl_experts,aerien_non_marin,BDA_12C_20181127_3.jpg,5472,3648,3535.0,2007.0,36.0,42.0,1,1512.0,0.00757,0.00658,0.01151,0.8571,0,0
uas_waterfowl_experts,aerien_non_marin,BDA_12C_20181127_3.jpg,5472,3648,3575.0,1971.0,39.0,45.0,1,1755.0,0.00879,0.00713,0.01234,0.8667,0,0
uas_waterfowl_experts,aerien_non_marin,BDA_12C_20181127_3.jpg,5472,3648,3618.0,2064.0,36.0,43.0,1,1548.0,0.00775,0.00658,0.01179,0.8372,0,0
uas_waterfowl_experts,aerien_non_marin,BDA_12C_20181127_3.jpg,5472,3648,3507.0,2222.0,34.0,42.0,1,1428.0,0.00715,0.00621,0.01151,0.8095,0,0
uas_waterfowl_experts,aerien_non_marin,BDA_12C_20181127_3.jpg,5472,3648,3460.0,2200.0,27.0,44.0,1,1188.0,0.00595,0.00493,0.01206,0.6136,0,0
uas_waterfowl_experts,aerien_non_marin,BDA_12C_20181127_3.jpg,5472,3648,3562.0,2247.0,33.0,47.0,1,1551.0,0.00777,0.00603,0.01288,0.7021,0,0
uas_waterfowl_experts,aerien_non_marin,BDA_12C_20181127_3.jpg,5472,3648,3601.0,2167.0,43.0,32.0,1,1376.0,0.00689,0.00786,0.00877,1.3438,0,0
uas_waterfowl_experts,aerien_non_marin,BDA_12C_20181127_3.jpg,5472,3648,3660.0,2128.0,34.0,33.0,1,1122.0,0.00562,0.00621,0.00905,1.0303,0,0
uas_waterfowl_experts,aerien_non_marin,BDA_12C_20181127_3.jpg,5472,3648,3640.0,2171.0,37.0,37.0,1,1369.0,0.00686,0.00676,0.01014,1.0,0,0
uas_waterfowl_experts,aerien_non_marin,BDA_12C_20181127_3.jpg,5472,3648,3581.0,2122.0,42.0,47.0,1,1974.0,0.00989,0.00768,0.01288,0.8936,0,0
uas_waterfowl_experts,aerien_non_marin,BDA_12C_20181127_3.jpg,5472,3648,3485.0,2138.0,29.0,48.0,1,1392.0,0.00697,0.0053,0.01316,0.6042,0,0
uas_waterfowl_experts,aerien_non_marin,BDA_12C_20181127_3.jpg,5472,3648,3520.0,2173.0,34.0,35.0,1,1190.0,0.00596,0.00621,0.00959,0.9714,0,0
uas_waterfowl_experts,aerien_non_marin,BDA_12C_20181127_3.jpg,5472,3648,3341.0,2182.0,30.0,44.0,1,1320.0,0.00661,0.00548,0.01206,0.6818,0,0
uas_waterfowl_experts,aerien_non_marin,BDA_12C_20181127_3.jpg,5472,3648,3393.0,2182.0,34.0,47.0,1,1598.0,0.00801,0.00621,0.01288,0.7234,0,0
uas_waterfowl_experts,aerien_non_marin,BDA_12C_20181127_3.jpg,5472,3648,3379.0,2132.0,28.0,46.0,1,1288.0,0.00645,0.00512,0.01261,0.6087,0,0
uas_waterfowl_experts,aerien_non_marin,BDA_12C_20181127_3.jpg,5472,3648,3426.0,1985.0,38.0,57.0,1,2166.0,0.01085,0.00694,0.01562,0.6667,0,0
uas_waterfowl_experts,aerien_non_marin,BDA_12C_20181127_3.jpg,5472,3648,3017.0,2053.0,60.0,29.0,1,1740.0,0.00872,0.01096,0.00795,2.069,0,0
uas_waterfowl_experts,aerien_non_marin,BDA_12C_20181127_3.jpg,5472,3648,3027.0,1993.0,54.0,24.0,1,1296.0,0.00649,0.00987,0.00658,2.25,0,0
uas_waterfowl_experts,aerien_non_marin,BDA_12C_20181127_3.jpg,5472,3648,3176.0,2102.0,62.0,22.0,1,1364.0,0.00683,0.01133,0.00603,2.8182,0,0
uas_waterfowl_experts,aerien_non_marin,BDA_12C_20181127_3.jpg,5472,3648,3240.0,2035.0,23.0,48.0,1,1104.0,0.00553,0.0042,0.01316,0.4792,0,0
uas_waterfowl_experts,aerien_non_marin,BDA_12C_20181127_3.jpg,5472,3648,3195.0,2152.0,32.0,40.0,1,1280.0,0.00641,0.00585,0.01096,0.8,0,0
uas_waterfowl_experts,aerien_non_marin,BDA_12C_20181127_3.jpg,5472,3648,3152.0,2325.0,48.0,26.0,1,1248.0,0.00625,0.00877,0.00713,1.8462,0,0
uas_waterfowl_experts,aerien_non_marin,BDA_12C_20181127_3.jpg,5472,3648,3182.0,2278.0,30.0,42.0,1,1260.0,0.00631,0.00548,0.01151,0.7143,0,0
uas_waterfowl_experts,aerien_non_marin,BDA_12C_20181127_3.jpg,5472,3648,3146.0,2238.0,30.0,39.0,1,1170.0,0.00586,0.00548,0.01069,0.7692,0,0
uas_waterfowl_experts,aerien_non_marin,BDA_12C_20181127_3.jpg,5472,3648,3033.0,2273.0,33.0,41.0,1,1353.0,0.00678,0.00603,0.01124,0.8049,0,0
uas_waterfowl_experts,aerien_non_marin,BDA_12C_20181127_3.jpg,5472,3648,3101.0,2217.0,42.0,46.0,1,1932.0,0.00968,0.00768,0.01261,0.913,0,0
uas_waterfowl_experts,aerien_non_marin,BDA_12C_20181127_3.jpg,5472,3648,3026.0,2223.0,37.0,42.0,1,1554.0,0.00778,0.00676,0.01151,0.881,0,0
uas_waterfowl_experts,aerien_non_marin,BDA_12C_20181127_3.jpg,5472,3648,3077.0,2407.0,45.0,39.0,1,1755.0,0.00879,0.00822,0.01069,1.1538,0,0
uas_waterfowl_experts,aerien_non_marin,BDA_12C_20181127_3.jpg,5472,3648,2928.0,2437.0,40.0,23.0,1,920.0,0.00461,0.00731,0.0063,1.7391,0,0
uas_waterfowl_experts,aerien_non_marin,BDA_12C_20181127_3.jpg,5472,3648,2932.0,2556.0,46.0,26.0,1,1196.0,0.00599,0.00841,0.00713,1.7692,0,0
uas_waterfowl_experts,aerien_non_marin,BDA_12C_20181127_3.jpg,5472,3648,3006.0,2491.0,52.0,39.0,1,2028.0,0.01016,0.0095,0.01069,1.3333,0,0
uas_waterfowl_experts,aerien_non_marin,BDA_12C_20181127_3.jpg,5472,3648,3163.0,2496.0,53.0,27.0,1,1431.0,0.00717,0.00969,0.0074,1.963,0,0
uas_waterfowl_experts,aerien_non_marin,BDA_12C_20181127_3.jpg,5472,3648,3130.0,2512.0,38.0,33.0,1,1254.0,0.00628,0.00694,0.00905,1.1515,0,0
uas_waterfowl_experts,aerien_non_marin,BDA_12C_20181127_3.jpg,5472,3648,3293.0,2482.0,44.0,47.0,1,2068.0,0.01036,0.00804,0.01288,0.9362,0,0
uas_waterfowl_experts,aerien_non_marin,BDA_12C_20181127_3.jpg,5472,3648,3316.0,2399.0,32.0,46.0,1,1472.0,0.00737,0.00585,0.01261,0.6957,0,0
uas_waterfowl_experts,aerien_non_marin,BDA_12C_20181127_3.jpg,5472,3648,3368.0,2354.0,43.0,39.0,1,1677.0,0.0084,0.00786,0.01069,1.1026,0,0
uas_waterfowl_experts,aerien_non_marin,BDA_12C_20181127_3.jpg,5472,3648,3441.0,2299.0,43.0,38.0,1,1634.0,0.00819,0.00786,0.01042,1.1316,0,0
uas_waterfowl_experts,aerien_non_marin,BDA_12C_20181127_3.jpg,5472,3648,3519.0,2314.0,40.0,43.0,1,1720.0,0.00862,0.00731,0.01179,0.9302,0,0
uas_waterfowl_experts,aerien_non_marin,BDA_12C_20181127_3.jpg,5472,3648,3603.0,2313.0,37.0,41.0,1,1517.0,0.0076,0.00676,0.01124,0.9024,0,0
uas_waterfowl_experts,aerien_non_marin,BDA_12C_20181127_3.jpg,5472,3648,3453.0,2381.0,49.0,43.0,1,2107.0,0.01056,0.00895,0.01179,1.1395,0,0
uas_waterfowl_experts,aerien_non_marin,BDA_12C_20181127_3.jpg,5472,3648,3563.0,2378.0,42.0,38.0,1,1596.0,0.008,0.00768,0.01042,1.1053,0,0
uas_waterfowl_experts,aerien_non_marin,BDA_12C_20181127_3.jpg,5472,3648,3477.0,2515.0,40.0,46.0,1,1840.0,0.00922,0.00731,0.01261,0.8696,0,0
uas_waterfowl_experts,aerien_non_marin,BDA_12C_20181127_3.jpg,5472,3648,3418.0,2515.0,33.0,40.0,1,1320.0,0.00661,0.00603,0.01096,0.825,0,0
uas_waterfowl_experts,aerien_non_marin,BDA_12C_20181127_3.jpg,5472,3648,3424.0,2457.0,53.0,32.0,1,1696.0,0.0085,0.00969,0.00877,1.6562,0,0
uas_waterfowl_experts,aerien_non_marin,BDA_12C_20181127_3.jpg,5472,3648,3520.0,2448.0,38.0,40.0,1,1520.0,0.00761,0.00694,0.01096,0.95,0,0
uas_waterfowl_experts,aerien_non_marin,BDA_12C_20181127_3.jpg,5472,3648,3508.0,2805.0,38.0,29.0,1,1102.0,0.00552,0.00694,0.00795,1.3103,0,0
uas_waterfowl_experts,aerien_non_marin,BDA_12C_20181127_3.jpg,5472,3648,3525.0,2705.0,38.0,41.0,1,1558.0,0.0078,0.00694,0.01124,0.9268,0,0
uas_waterfowl_experts,aerien_non_marin,BDA_12C_20181127_3.jpg,5472,3648,3288.0,2670.0,39.0,40.0,1,1560.0,0.00781,0.00713,0.01096,0.975,0,0
uas_waterfowl_experts,aerien_non_marin,BDA_12C_20181127_3.jpg,5472,3648,3369.0,2679.0,34.0,36.0,1,1224.0,0.00613,0.00621,0.00987,0.9444,0,0
uas_waterfowl_experts,aerien_non_marin,BDA_12C_20181127_3.jpg,5472,3648,3355.0,2641.0,33.0,49.0,1,1617.0,0.0081,0.00603,0.01343,0.6735,0,0
uas_waterfowl_experts,aerien_non_marin,BDA_12C_20181127_3.jpg,5472,3648,3392.0,2630.0,24.0,46.0,1,1104.0,0.00553,0.00439,0.01261,0.5217,0,0
uas_waterfowl_experts,aerien_non_marin,BDA_12C_20181127_3.jpg,5472,3648,3476.0,2719.0,26.0,40.0,1,1040.0,0.00521,0.00475,0.01096,0.65,0,0
uas_waterfowl_experts,aerien_non_marin,BDA_12C_20181127_3.jpg,5472,3648,3446.0,2634.0,34.0,39.0,1,1326.0,0.00664,0.00621,0.01069,0.8718,0,0
uas_waterfowl_experts,aerien_non_marin,BDA_12C_20181127_3.jpg,5472,3648,3426.0,2842.0,45.0,25.0,1,1125.0,0.00564,0.00822,0.00685,1.8,0,0
uas_waterfowl_experts,aerien_non_marin,BDA_12C_20181127_3.jpg,5472,3648,3396.0,2953.0,28.0,42.0,1,1176.0,0.00589,0.00512,0.01151,0.6667,0,0
uas_waterfowl_experts,aerien_non_marin,BDA_12C_20181127_3.jpg,5472,3648,3327.0,2916.0,25.0,44.0,1,1100.0,0.00551,0.00457,0.01206,0.5682,0,0
uas_waterfowl_experts,aerien_non_marin,BDA_12C_20181127_3.jpg,5472,3648,3203.0,2856.0,36.0,38.0,1,1368.0,0.00685,0.00658,0.01042,0.9474,0,0
uas_waterfowl_experts,aerien_non_marin,BDA_12C_20181127_3.jpg,5472,3648,3122.0,2808.0,27.0,46.0,1,1242.0,0.00622,0.00493,0.01261,0.587,0,0
uas_waterfowl_experts,aerien_non_marin,BDA_12C_20181127_3.jpg,5472,3648,2998.0,2940.0,37.0,41.0,1,1517.0,0.0076,0.00676,0.01124,0.9024,0,0
uas_waterfowl_experts,aerien_non_marin,BDA_12C_20181127_3.jpg,5472,3648,2981.0,3084.0,42.0,25.0,1,1050.0,0.00526,0.00768,0.00685,1.68,0,0
uas_waterfowl_experts,aerien_non_marin,BDA_12C_20181127_3.jpg,5472,3648,2908.0,3148.0,31.0,44.0,1,1364.0,0.00683,0.00567,0.01206,0.7045,0,0
uas_waterfowl_experts,aerien_non_marin,BDA_12C_20181127_3.jpg,5472,3648,3135.0,2954.0,37.0,24.0,1,888.0,0.00445,0.00676,0.00658,1.5417,0,0
uas_waterfowl_experts,aerien_non_marin,BDA_12C_20181127_3.jpg,5472,3648,2953.0,2774.0,41.0,28.0,1,1148.0,0.00575,0.00749,0.00768,1.4643,0,0
uas_waterfowl_experts,aerien_non_marin,BDA_12C_20181127_3.jpg,5472,3648,2969.0,2828.0,24.0,47.0,1,1128.0,0.00565,0.00439,0.01288,0.5106,0,0
uas_waterfowl_experts,aerien_non_marin,BDA_12C_20181127_3.jpg,5472,3648,3028.0,2765.0,32.0,43.0,1,1376.0,0.00689,0.00585,0.01179,0.7442,0,0
uas_waterfowl_experts,aerien_non_marin,BDA_12C_20181127_3.jpg,5472,3648,2874.0,2904.0,31.0,41.0,1,1271.0,0.00637,0.00567,0.01124,0.7561,0,0
uas_waterfowl_experts,aerien_non_marin,BDA_12C_20181127_3.jpg,5472,3648,2909.0,2768.0,44.0,23.0,1,1012.0,0.00507,0.00804,0.0063,1.913,0,0
uas_waterfowl_experts,aerien_non_marin,BDA_12C_20181127_3.jpg,5472,3648,2753.0,2889.0,34.0,41.0,1,1394.0,0.00698,0.00621,0.01124,0.8293,0,0
uas_waterfowl_experts,aerien_non_marin,BDA_12C_20181127_3.jpg,5472,3648,2754.0,2860.0,39.0,19.0,1,741.0,0.00371,0.00713,0.00521,2.0526,0,0
uas_waterfowl_experts,aerien_non_marin,BDA_12C_20181127_3.jpg,5472,3648,2713.0,2849.0,25.0,45.0,1,1125.0,0.00564,0.00457,0.01234,0.5556,0,0
uas_waterfowl_experts,aerien_non_marin,BDA_12C_20181127_3.jpg,5472,3648,2789.0,2805.0,38.0,33.0,1,1254.0,0.00628,0.00694,0.00905,1.1515,0,0
uas_waterfowl_experts,aerien_non_marin,BDA_12C_20181127_3.jpg,5472,3648,2973.0,2677.0,39.0,36.0,1,1404.0,0.00703,0.00713,0.00987,1.0833,0,0
uas_waterfowl_experts,aerien_non_marin,BDA_12C_20181127_3.jpg,5472,3648,2940.0,2713.0,44.0,23.0,1,1012.0,0.00507,0.00804,0.0063,1.913,0,0
uas_waterfowl_experts,aerien_non_marin,BDA_12C_20181127_3.jpg,5472,3648,2791.0,2721.0,50.0,26.0,1,1300.0,0.00651,0.00914,0.00713,1.9231,0,0
uas_waterfowl_experts,aerien_non_marin,BDA_12C_20181127_3.jpg,5472,3648,2760.0,2613.0,37.0,45.0,1,1665.0,0.00834,0.00676,0.01234,0.8222,0,0
uas_waterfowl_experts,aerien_non_marin,BDA_12C_20181127_3.jpg,5472,3648,2860.0,2641.0,48.0,26.0,1,1248.0,0.00625,0.00877,0.00713,1.8462,0,0
uas_waterfowl_experts,aerien_non_marin,BDA_12C_20181127_3.jpg,5472,3648,2749.0,2539.0,47.0,26.0,1,1222.0,0.00612,0.00859,0.00713,1.8077,0,0
uas_waterfowl_experts,aerien_non_marin,BDA_12C_20181127_3.jpg,5472,3648,2673.0,2569.0,40.0,29.0,1,1160.0,0.00581,0.00731,0.00795,1.3793,0,0
uas_waterfowl_experts,aerien_non_marin,BDA_12C_20181127_3.jpg,5472,3648,2730.0,2507.0,24.0,44.0,1,1056.0,0.00529,0.00439,0.01206,0.5455,0,0
uas_waterfowl_experts,aerien_non_marin,BDA_12C_20181127_3.jpg,5472,3648,2790.0,2501.0,35.0,41.0,1,1435.0,0.00719,0.0064,0.01124,0.8537,0,0
uas_waterfowl_experts,aerien_non_marin,BDA_12C_20181127_3.jpg,5472,3648,2882.0,2467.0,36.0,33.0,1,1188.0,0.00595,0.00658,0.00905,1.0909,0,0
uas_waterfowl_experts,aerien_non_marin,BDA_12C_20181127_3.jpg,5472,3648,3343.0,2573.0,32.0,37.0,1,1184.0,0.00593,0.00585,0.01014,0.8649,0,0
uas_waterfowl_experts,aerien_non_marin,BDA_12C_20181127_3.jpg,5472,3648,2720.0,2989.0,33.0,31.0,1,1023.0,0.00512,0.00603,0.0085,1.0645,0,0
uas_waterfowl_experts,aerien_non_marin,BDA_12C_20181127_3.jpg,5472,3648,2529.0,2956.0,31.0,34.0,1,1054.0,0.00528,0.00567,0.00932,0.9118,0,0
uas_waterfowl_experts,aerien_non_marin,BDA_12C_20181127_3.jpg,5472,3648,2669.0,2987.0,23.0,39.0,1,897.0,0.00449,0.0042,0.01069,0.5897,0,0
uas_waterfowl_experts,aerien_non_marin,BDA_12C_20181127_3.jpg,5472,3648,2631.0,3046.0,38.0,31.0,1,1178.0,0.0059,0.00694,0.0085,1.2258,0,0
uas_waterfowl_experts,aerien_non_marin,BDA_12C_20181127_3.jpg,5472,3648,2538.0,2789.0,30.0,49.0,1,1470.0,0.00736,0.00548,0.01343,0.6122,0,0
uas_waterfowl_experts,aerien_non_marin,BDA_12C_20181127_3.jpg,5472,3648,2667.0,2836.0,29.0,51.0,1,1479.0,0.00741,0.0053,0.01398,0.5686,0,0
uas_waterfowl_experts,aerien_non_marin,BDA_12C_20181127_3.jpg,5472,3648,2615.0,2721.0,37.0,33.0,1,1221.0,0.00612,0.00676,0.00905,1.1212,0,0
uas_waterfowl_experts,aerien_non_marin,BDA_12C_20181127_3.jpg,5472,3648,2416.0,2535.0,37.0,36.0,1,1332.0,0.00667,0.00676,0.00987,1.0278,0,0
uas_waterfowl_experts,aerien_non_marin,BDA_12C_20181127_3.jpg,5472,3648,2479.0,2497.0,35.0,39.0,1,1365.0,0.00684,0.0064,0.01069,0.8974,0,0
uas_waterfowl_experts,aerien_non_marin,BDA_12C_20181127_3.jpg,5472,3648,2442.0,2488.0,32.0,44.0,1,1408.0,0.00705,0.00585,0.01206,0.7273,0,0
uas_waterfowl_experts,aerien_non_marin,BDA_12C_20181127_3.jpg,5472,3648,2516.0,2688.0,32.0,53.0,1,1696.0,0.0085,0.00585,0.01453,0.6038,0,0
uas_waterfowl_experts,aerien_non_marin,BDA_12C_20181127_3.jpg,5472,3648,2414.0,2677.0,37.0,48.0,1,1776.0,0.0089,0.00676,0.01316,0.7708,0,0
uas_waterfowl_experts,aerien_non_marin,BDA_12C_20181127_3.jpg,5472,3648,2447.0,2647.0,26.0,45.0,1,1170.0,0.00586,0.00475,0.01234,0.5778,0,0
uas_waterfowl_experts,aerien_non_marin,BDA_12C_20181127_3.jpg,5472,3648,2384.0,2729.0,40.0,41.0,1,1640.0,0.00822,0.00731,0.01124,0.9756,0,0
uas_waterfowl_experts,aerien_non_marin,BDA_12C_20181127_3.jpg,5472,3648,2417.0,2771.0,33.0,48.0,1,1584.0,0.00794,0.00603,0.01316,0.6875,0,0
uas_waterfowl_experts,aerien_non_marin,BDA_12C_20181127_3.jpg,5472,3648,2474.0,2722.0,36.0,43.0,1,1548.0,0.00775,0.00658,0.01179,0.8372,0,0
uas_waterfowl_experts,aerien_non_marin,BDA_12C_20181127_3.jpg,5472,3648,2663.0,2483.0,34.0,49.0,1,1666.0,0.00835,0.00621,0.01343,0.6939,0,0
uas_waterfowl_experts,aerien_non_marin,BDA_12C_20181127_3.jpg,5472,3648,2750.0,2432.0,27.0,44.0,1,1188.0,0.00595,0.00493,0.01206,0.6136,0,0
uas_waterfowl_experts,aerien_non_marin,BDA_12C_20181127_3.jpg,5472,3648,2748.0,2349.0,43.0,32.0,1,1376.0,0.00689,0.00786,0.00877,1.3438,0,0
uas_waterfowl_experts,aerien_non_marin,BDA_12C_20181127_3.jpg,5472,3648,2803.0,2397.0,30.0,31.0,1,930.0,0.00466,0.00548,0.0085,0.9677,0,0
uas_waterfowl_experts,aerien_non_marin,BDA_12C_20181127_3.jpg,5472,3648,2847.0,2386.0,35.0,42.0,1,1470.0,0.00736,0.0064,0.01151,0.8333,0,0
uas_waterfowl_experts,aerien_non_marin,BDA_12C_20181127_3.jpg,5472,3648,2828.0,2434.0,47.0,35.0,1,1645.0,0.00824,0.00859,0.00959,1.3429,0,0
uas_waterfowl_experts,aerien_non_marin,BDA_12C_20181127_3.jpg,5472,3648,2780.0,2272.0,37.0,45.0,1,1665.0,0.00834,0.00676,0.01234,0.8222,0,0
uas_waterfowl_experts,aerien_non_marin,BDA_12C_20181127_3.jpg,5472,3648,2811.0,2213.0,34.0,48.0,1,1632.0,0.00818,0.00621,0.01316,0.7083,0,0
uas_waterfowl_experts,aerien_non_marin,BDA_12C_20181127_3.jpg,5472,3648,2948.0,2172.0,37.0,42.0,1,1554.0,0.00778,0.00676,0.01151,0.881,0,0
uas_waterfowl_experts,aerien_non_marin,BDA_12C_20181127_3.jpg,5472,3648,2898.0,2168.0,39.0,48.0,1,1872.0,0.00938,0.00713,0.01316,0.8125,0,0
uas_waterfowl_experts,aerien_non_marin,BDA_12C_20181127_3.jpg,5472,3648,2891.0,2128.0,25.0,37.0,1,925.0,0.00463,0.00457,0.01014,0.6757,0,0
uas_waterfowl_experts,aerien_non_marin,BDA_12C_20181127_3.jpg,5472,3648,2830.0,2152.5,25.0,39.0,1,975.0,0.00488,0.00457,0.01069,0.641,0,0
uas_waterfowl_experts,aerien_non_marin,BDA_12C_20181127_3.jpg,5472,3648,2793.0,2078.0,47.0,26.0,1,1222.0,0.00612,0.00859,0.00713,1.8077,0,0
uas_waterfowl_experts,aerien_non_marin,BDA_12C_20181127_3.jpg,5472,3648,2524.0,2362.0,42.0,36.0,1,1512.0,0.00757,0.00768,0.00987,1.1667,0,0
uas_waterfowl_experts,aerien_non_marin,BDA_12C_20181127_3.jpg,5472,3648,2522.0,2258.0,34.0,41.0,1,1394.0,0.00698,0.00621,0.01124,0.8293,0,0
uas_waterfowl_experts,aerien_non_marin,BDA_12C_20181127_3.jpg,5472,3648,2562.0,2309.0,39.0,55.0,1,2145.0,0.01075,0.00713,0.01508,0.7091,0,0
uas_waterfowl_experts,aerien_non_marin,BDA_12C_20181127_3.jpg,5472,3648,2656.0,2211.0,44.0,42.0,1,1848.0,0.00926,0.00804,0.01151,1.0476,0,0
uas_waterfowl_experts,aerien_non_marin,BDA_12C_20181127_3.jpg,5472,3648,2538.0,2106.0,34.0,49.0,1,1666.0,0.00835,0.00621,0.01343,0.6939,0,0
uas_waterfowl_experts,aerien_non_marin,BDA_12C_20181127_3.jpg,5472,3648,2583.0,2033.0,34.0,43.0,1,1462.0,0.00732,0.00621,0.01179,0.7907,0,0
uas_waterfowl_experts,aerien_non_marin,BDA_12C_20181127_3.jpg,5472,3648,2692.0,2030.0,42.0,38.0,1,1596.0,0.008,0.00768,0.01042,1.1053,0,0
uas_waterfowl_experts,aerien_non_marin,BDA_12C_20181127_3.jpg,5472,3648,2652.0,2067.0,33.0,55.0,1,1815.0,0.00909,0.00603,0.01508,0.6,0,0
uas_waterfowl_experts,aerien_non_marin,BDA_12C_20181127_3.jpg,5472,3648,2618.0,2123.0,36.0,44.0,1,1584.0,0.00794,0.00658,0.01206,0.8182,0,0
uas_waterfowl_experts,aerien_non_marin,BDA_12C_20181127_3.jpg,5472,3648,2358.0,2080.0,38.0,44.0,1,1672.0,0.00838,0.00694,0.01206,0.8636,0,0
uas_waterfowl_experts,aerien_non_marin,BDA_12C_20181127_3.jpg,5472,3648,2415.0,2190.0,30.0,43.0,1,1290.0,0.00646,0.00548,0.01179,0.6977,0,0
uas_waterfowl_experts,aerien_non_marin,BDA_12C_20181127_3.jpg,5472,3648,2454.0,2161.0,33.0,40.0,1,1320.0,0.00661,0.00603,0.01096,0.825,0,0
uas_waterfowl_experts,aerien_non_marin,BDA_12C_20181127_3.jpg,5472,3648,2446.0,2211.0,43.0,30.0,1,1290.0,0.00646,0.00786,0.00822,1.4333,0,0
uas_waterfowl_experts,aerien_non_marin,BDA_12C_20181127_3.jpg,5472,3648,2407.0,2327.0,32.0,49.0,1,1568.0,0.00785,0.00585,0.01343,0.6531,0,0
uas_waterfowl_experts,aerien_non_marin,BDA_12C_20181127_3.jpg,5472,3648,2402.0,2245.0,22.0,42.0,1,924.0,0.00463,0.00402,0.01151,0.5238,0,0
uas_waterfowl_experts,aerien_non_marin,BDA_12C_20181127_3.jpg,5472,3648,2320.0,2257.0,40.0,35.0,1,1400.0,0.00701,0.00731,0.00959,1.1429,0,0
uas_waterfowl_experts,aerien_non_marin,BDA_12C_20181127_3.jpg,5472,3648,2364.0,2384.0,34.0,41.0,1,1394.0,0.00698,0.00621,0.01124,0.8293,0,0
uas_waterfowl_experts,aerien_non_marin,BDA_12C_20181127_3.jpg,5472,3648,2416.0,2375.0,26.0,46.0,1,1196.0,0.00599,0.00475,0.01261,0.5652,0,0
uas_waterfowl_experts,aerien_non_marin,BDA_12C_20181127_3.jpg,5472,3648,2368.0,2496.0,42.0,35.0,1,1470.0,0.00736,0.00768,0.00959,1.2,0,0
uas_waterfowl_experts,aerien_non_marin,BDA_12C_20181127_3.jpg,5472,3648,2271.0,2350.0,30.0,41.0,1,1230.0,0.00616,0.00548,0.01124,0.7317,0,0
uas_waterfowl_experts,aerien_non_marin,BDA_12C_20181127_3.jpg,5472,3648,2244.0,2359.0,28.0,42.0,1,1176.0,0.00589,0.00512,0.01151,0.6667,0,0
uas_waterfowl_experts,aerien_non_marin,BDA_12C_20181127_3.jpg,5472,3648,2327.0,2340.0,42.0,36.0,1,1512.0,0.00757,0.00768,0.00987,1.1667,0,0
uas_waterfowl_experts,aerien_non_marin,BDA_12C_20181127_3.jpg,5472,3648,2191.0,2344.0,27.0,52.0,1,1404.0,0.00703,0.00493,0.01425,0.5192,0,0
uas_waterfowl_experts,aerien_non_marin,BDA_12C_20181127_3.jpg,5472,3648,2200.0,2451.0,28.0,45.0,1,1260.0,0.00631,0.00512,0.01234,0.6222,0,0
uas_waterfowl_experts,aerien_non_marin,BDA_12C_20181127_3.jpg,5472,3648,2495.0,2987.0,32.0,44.0,1,1408.0,0.00705,0.00585,0.01206,0.7273,0,0
uas_waterfowl_experts,aerien_non_marin,BDA_12C_20181127_3.jpg,5472,3648,2424.0,3007.0,47.0,44.0,1,2068.0,0.01036,0.00859,0.01206,1.0682,0,0
uas_waterfowl_experts,aerien_non_marin,BDA_12C_20181127_3.jpg,5472,3648,2377.0,2939.0,36.0,40.0,1,1440.0,0.00721,0.00658,0.01096,0.9,0,0
uas_waterfowl_experts,aerien_non_marin,BDA_12C_20181127_3.jpg,5472,3648,2457.0,2932.0,46.0,30.0,1,1380.0,0.00691,0.00841,0.00822,1.5333,0,0
uas_waterfowl_experts,aerien_non_marin,BDA_12C_20181127_3.jpg,5472,3648,2444.0,2850.0,39.0,31.0,1,1209.0,0.00606,0.00713,0.0085,1.2581,0,0
uas_waterfowl_experts,aerien_non_marin,BDA_12C_20181127_3.jpg,5472,3648,2460.0,2890.0,60.0,32.0,1,1920.0,0.00962,0.01096,0.00877,1.875,0,0
uas_waterfowl_experts,aerien_non_marin,BDA_12C_20181127_3.jpg,5472,3648,2269.0,2795.0,31.0,42.0,1,1302.0,0.00652,0.00567,0.01151,0.7381,0,0
uas_waterfowl_experts,aerien_non_marin,BDA_12C_20181127_3.jpg,5472,3648,2308.0,2723.0,30.0,49.0,1,1470.0,0.00736,0.00548,0.01343,0.6122,0,0
uas_waterfowl_experts,aerien_non_marin,BDA_12C_20181127_3.jpg,5472,3648,2268.0,2703.0,26.0,51.0,1,1326.0,0.00664,0.00475,0.01398,0.5098,0,0
uas_waterfowl_experts,aerien_non_marin,BDA_12C_20181127_3.jpg,5472,3648,2317.0,2601.0,44.0,50.0,1,2200.0,0.01102,0.00804,0.01371,0.88,0,0
uas_waterfowl_experts,aerien_non_marin,BDA_12C_20181127_3.jpg,5472,3648,2056.0,2679.0,50.0,30.0,1,1500.0,0.00751,0.00914,0.00822,1.6667,0,0
uas_waterfowl_experts,aerien_non_marin,BDA_12C_20181127_3.jpg,5472,3648,2007.0,2708.0,55.0,26.0,1,1430.0,0.00716,0.01005,0.00713,2.1154,0,0
uas_waterfowl_experts,aerien_non_marin,BDA_12C_20181127_3.jpg,5472,3648,2097.0,2780.0,43.0,24.0,1,1032.0,0.00517,0.00786,0.00658,1.7917,0,0
uas_waterfowl_experts,aerien_non_marin,BDA_12C_20181127_3.jpg,5472,3648,2138.0,2635.0,32.0,45.0,1,1440.0,0.00721,0.00585,0.01234,0.7111,0,0
uas_waterfowl_experts,aerien_non_marin,BDA_12C_20181127_3.jpg,5472,3648,2183.0,2670.0,32.0,43.0,1,1376.0,0.00689,0.00585,0.01179,0.7442,0,0
uas_waterfowl_experts,aerien_non_marin,BDA_12C_20181127_3.jpg,5472,3648,2171.0,2523.0,24.0,46.0,1,1104.0,0.00553,0.00439,0.01261,0.5217,0,0
uas_waterfowl_experts,aerien_non_marin,BDA_12C_20181127_3.jpg,5472,3648,2208.0,2524.0,20.0,38.0,1,760.0,0.00381,0.00365,0.01042,0.5263,0,0
uas_waterfowl_experts,aerien_non_marin,BDA_12C_20181127_3.jpg,5472,3648,2241.0,2572.0,31.0,46.0,1,1426.0,0.00714,0.00567,0.01261,0.6739,0,0
uas_waterfowl_experts,aerien_non_marin,BDA_12C_20181127_3.jpg,5472,3648,2255.0,2549.0,50.0,32.0,1,1600.0,0.00802,0.00914,0.00877,1.5625,0,0
uas_waterfowl_experts,aerien_non_marin,BDA_12C_20181127_3.jpg,5472,3648,2175.0,2468.0,29.0,46.0,1,1334.0,0.00668,0.0053,0.01261,0.6304,0,0
uas_waterfowl_experts,aerien_non_marin,BDA_12C_20181127_3.jpg,5472,3648,2254.0,2403.0,43.0,30.0,1,1290.0,0.00646,0.00786,0.00822,1.4333,0,0
uas_waterfowl_experts,aerien_non_marin,BDA_12C_20181127_3.jpg,5472,3648,2316.0,2435.0,32.0,46.0,1,1472.0,0.00737,0.00585,0.01261,0.6957,0,0
uas_waterfowl_experts,aerien_non_marin,BDA_12C_20181127_3.jpg,5472,3648,2112.0,2287.0,29.0,47.0,1,1363.0,0.00683,0.0053,0.01288,0.617,0,0
uas_waterfowl_experts,aerien_non_marin,BDA_12C_20181127_3.jpg,5472,3648,2160.0,2294.0,30.0,40.0,1,1200.0,0.00601,0.00548,0.01096,0.75,0,0
uas_waterfowl_experts,aerien_non_marin,BDA_12C_20181127_3.jpg,5472,3648,1986.0,2360.0,33.0,33.0,1,1089.0,0.00546,0.00603,0.00905,1.0,0,0
uas_waterfowl_experts,aerien_non_marin,BDA_12C_20181127_3.jpg,5472,3648,1860.0,2408.0,34.0,48.0,1,1632.0,0.00818,0.00621,0.01316,0.7083,0,0
uas_waterfowl_experts,aerien_non_marin,BDA_12C_20181127_3.jpg,5472,3648,1957.0,2427.0,40.0,27.0,1,1080.0,0.00541,0.00731,0.0074,1.4815,0,0
uas_waterfowl_experts,aerien_non_marin,BDA_12C_20181127_3.jpg,5472,3648,1870.0,2488.0,40.0,37.0,1,1480.0,0.00741,0.00731,0.01014,1.0811,0,0
uas_waterfowl_experts,aerien_non_marin,BDA_12C_20181127_3.jpg,5472,3648,1956.0,2497.0,29.0,34.0,1,986.0,0.00494,0.0053,0.00932,0.8529,0,0
uas_waterfowl_experts,aerien_non_marin,BDA_12C_20181127_3.jpg,5472,3648,1998.0,2470.0,31.0,44.0,1,1364.0,0.00683,0.00567,0.01206,0.7045,0,0
uas_waterfowl_experts,aerien_non_marin,BDA_12C_20181127_3.jpg,5472,3648,2048.0,2457.0,21.0,55.0,1,1155.0,0.00579,0.00384,0.01508,0.3818,0,0
uas_waterfowl_experts,aerien_non_marin,BDA_12C_20181127_3.jpg,5472,3648,1984.0,2543.0,28.0,45.0,1,1260.0,0.00631,0.00512,0.01234,0.6222,0,0
uas_waterfowl_experts,aerien_non_marin,BDA_12C_20181127_3.jpg,5472,3648,1966.0,2616.0,47.0,46.0,1,2162.0,0.01083,0.00859,0.01261,1.0217,0,0
uas_waterfowl_experts,aerien_non_marin,BDA_12C_20181127_3.jpg,5472,3648,1741.0,2603.0,61.0,29.0,1,1769.0,0.00886,0.01115,0.00795,2.1034,0,0
uas_waterfowl_experts,aerien_non_marin,BDA_12C_20181127_3.jpg,5472,3648,1753.0,2712.0,34.0,40.0,1,1360.0,0.00681,0.00621,0.01096,0.85,0,0
uas_waterfowl_experts,aerien_non_marin,BDA_12C_20181127_3.jpg,5472,3648,1894.0,2695.0,27.0,45.0,1,1215.0,0.00609,0.00493,0.01234,0.6,0,0
uas_waterfowl_experts,aerien_non_marin,BDA_12C_20181127_3.jpg,5472,3648,1899.0,2660.0,45.0,26.0,1,1170.0,0.00586,0.00822,0.00713,1.7308,0,0
uas_waterfowl_experts,aerien_non_marin,BDA_12C_20181127_3.jpg,5472,3648,1859.0,2725.0,28.0,39.0,1,1092.0,0.00547,0.00512,0.01069,0.7179,0,0
uas_waterfowl_experts,aerien_non_marin,BDA_12C_20181127_3.jpg,5472,3648,1756.0,2501.0,30.0,42.0,1,1260.0,0.00631,0.00548,0.01151,0.7143,0,0
uas_waterfowl_experts,aerien_non_marin,BDA_12C_20181127_3.jpg,5472,3648,1892.0,2597.0,28.0,43.0,1,1204.0,0.00603,0.00512,0.01179,0.6512,0,0
uas_waterfowl_experts,aerien_non_marin,BDA_12C_20181127_3.jpg,5472,3648,2184.0,3036.0,48.0,37.0,1,1776.0,0.0089,0.00877,0.01014,1.2973,0,0
uas_waterfowl_experts,aerien_non_marin,BDA_12C_20181127_3.jpg,5472,3648,2110.0,3034.0,24.0,43.0,1,1032.0,0.00517,0.00439,0.01179,0.5581,0,0
uas_waterfowl_experts,aerien_non_marin,BDA_12C_20181127_3.jpg,5472,3648,2264.0,2987.0,47.0,54.0,1,2538.0,0.01271,0.00859,0.0148,0.8704,0,0
uas_waterfowl_experts,aerien_non_marin,BDA_12C_20181127_3.jpg,5472,3648,2093.0,2951.0,38.0,44.0,1,1672.0,0.00838,0.00694,0.01206,0.8636,0,0
uas_waterfowl_experts,aerien_non_marin,BDA_12C_20181127_3.jpg,5472,3648,2087.0,2840.0,32.0,49.0,1,1568.0,0.00785,0.00585,0.01343,0.6531,0,0
uas_waterfowl_experts,aerien_non_marin,BDA_12C_20181127_3.jpg,5472,3648,2152.0,2921.0,51.0,32.0,1,1632.0,0.00818,0.00932,0.00877,1.5938,0,0
uas_waterfowl_experts,aerien_non_marin,BDA_12C_20181127_3.jpg,5472,3648,1889.0,3016.0,39.0,38.0,1,1482.0,0.00742,0.00713,0.01042,1.0263,0,0
uas_waterfowl_experts,aerien_non_marin,BDA_12C_20181127_3.jpg,5472,3648,1824.0,2961.0,27.0,50.0,1,1350.0,0.00676,0.00493,0.01371,0.54,0,0
uas_waterfowl_experts,aerien_non_marin,BDA_12C_20181127_3.jpg,5472,3648,1680.0,3095.0,37.0,40.0,1,1480.0,0.00741,0.00676,0.01096,0.925,0,0
uas_waterfowl_experts,aerien_non_marin,BDA_12C_20181127_3.jpg,5472,3648,2619.0,3291.0,39.0,25.0,1,975.0,0.00488,0.00713,0.00685,1.56,0,0
uas_waterfowl_experts,aerien_non_marin,BDA_12C_20181127_3.jpg,5472,3648,2716.0,3184.0,34.0,36.0,1,1224.0,0.00613,0.00621,0.00987,0.9444,0,0
uas_waterfowl_experts,aerien_non_marin,BDA_12C_20181127_3.jpg,5472,3648,1858.0,2809.0,37.0,28.0,1,1036.0,0.00519,0.00676,0.00768,1.3214,0,0
uas_waterfowl_experts,aerien_non_marin,BDA_12C_20181127_3.jpg,5472,3648,1657.0,2943.0,44.0,37.0,1,1628.0,0.00816,0.00804,0.01014,1.1892,0,0
uas_waterfowl_experts,aerien_non_marin,BDA_12C_20181127_3.jpg,5472,3648,1608.0,2941.0,46.0,34.0,1,1564.0,0.00783,0.00841,0.00932,1.3529,0,0
uas_waterfowl_experts,aerien_non_marin,BDA_12C_20181127_3.jpg,5472,3648,1579.0,2851.0,45.0,41.0,1,1845.0,0.00924,0.00822,0.01124,1.0976,0,0
uas_waterfowl_experts,aerien_non_marin,BDA_12C_20181127_3.jpg,5472,3648,1638.0,2841.0,35.0,52.0,1,1820.0,0.00912,0.0064,0.01425,0.6731,0,0
uas_waterfowl_experts,aerien_non_marin,BDA_12C_20181127_3.jpg,5472,3648,1730.0,2825.0,25.0,44.0,1,1100.0,0.00551,0.00457,0.01206,0.5682,0,0
uas_waterfowl_experts,aerien_non_marin,BDA_12C_20181127_3.jpg,5472,3648,1564.0,2695.0,39.0,48.0,1,1872.0,0.00938,0.00713,0.01316,0.8125,0,0
uas_waterfowl_experts,aerien_non_marin,BDA_12C_20181127_3.jpg,5472,3648,1405.0,2813.0,29.0,41.0,1,1189.0,0.00596,0.0053,0.01124,0.7073,0,0
uas_waterfowl_experts,aerien_non_marin,BDA_12C_20181127_3.jpg,5472,3648,1501.0,2878.0,27.0,41.0,1,1107.0,0.00555,0.00493,0.01124,0.6585,0,0
uas_waterfowl_experts,aerien_non_marin,BDA_12C_20181127_3.jpg,5472,3648,1604.0,2749.0,38.0,33.0,1,1254.0,0.00628,0.00694,0.00905,1.1515,0,0
uas_waterfowl_experts,aerien_non_marin,BDA_12C_20181127_3.jpg,5472,3648,1572.0,2787.0,26.0,51.0,1,1326.0,0.00664,0.00475,0.01398,0.5098,0,0
uas_waterfowl_experts,aerien_non_marin,BDA_12C_20181127_3.jpg,5472,3648,1416.0,2656.0,24.0,44.0,1,1056.0,0.00529,0.00439,0.01206,0.5455,0,0
uas_waterfowl_experts,aerien_non_marin,BDA_12C_20181127_3.jpg,5472,3648,1365.0,2667.0,26.0,42.0,1,1092.0,0.00547,0.00475,0.01151,0.619,0,0
uas_waterfowl_experts,aerien_non_marin,BDA_12C_20181127_3.jpg,5472,3648,1193.0,2901.0,40.0,41.0,1,1640.0,0.00822,0.00731,0.01124,0.9756,0,0
uas_waterfowl_experts,aerien_non_marin,BDA_12C_20181127_3.jpg,5472,3648,1452.0,2965.0,30.0,50.0,1,1500.0,0.00751,0.00548,0.01371,0.6,0,0
uas_waterfowl_experts,aerien_non_marin,BDA_12C_20181127_3.jpg,5472,3648,1435.0,2937.0,24.0,41.0,1,984.0,0.00493,0.00439,0.01124,0.5854,0,0
uas_waterfowl_experts,aerien_non_marin,BDA_12C_20181127_3.jpg,5472,3648,1468.0,2915.0,30.0,39.0,1,1170.0,0.00586,0.00548,0.01069,0.7692,0,0
uas_waterfowl_experts,aerien_non_marin,BDA_12C_20181127_3.jpg,5472,3648,1267.0,2928.0,28.0,48.0,1,1344.0,0.00673,0.00512,0.01316,0.5833,0,0
uas_waterfowl_experts,aerien_non_marin,BDA_12C_20181127_3.jpg,5472,3648,1364.0,3093.0,47.0,29.0,1,1363.0,0.00683,0.00859,0.00795,1.6207,0,0
uas_waterfowl_experts,aerien_non_marin,BDA_12C_20181127_3.jpg,5472,3648,1254.0,3035.0,43.0,28.0,1,1204.0,0.00603,0.00786,0.00768,1.5357,0,0
uas_waterfowl_experts,aerien_non_marin,BDA_12C_20181127_3.jpg,5472,3648,1300.0,3087.0,37.0,42.0,1,1554.0,0.00778,0.00676,0.01151,0.881,0,0
uas_waterfowl_experts,aerien_non_marin,BDA_12C_20181127_3.jpg,5472,3648,1531.0,3085.0,37.0,40.0,1,1480.0,0.00741,0.00676,0.01096,0.925,0,0
uas_waterfowl_experts,aerien_non_marin,BDA_12C_20181127_3.jpg,5472,3648,1612.0,3074.0,36.0,43.0,1,1548.0,0.00775,0.00658,0.01179,0.8372,0,0
uas_waterfowl_experts,aerien_non_marin,BDA_12C_20181127_3.jpg,5472,3648,1719.0,3039.0,34.0,43.0,1,1462.0,0.00732,0.00621,0.01179,0.7907,0,0
uas_waterfowl_experts,aerien_non_marin,BDA_12C_20181127_3.jpg,5472,3648,1670.0,3011.0,30.0,53.0,1,1590.0,0.00797,0.00548,0.01453,0.566,0,0
uas_waterfowl_experts,aerien_non_marin,BDA_12C_20181127_3.jpg,5472,3648,1528.0,3192.0,30.0,50.0,1,1500.0,0.00751,0.00548,0.01371,0.6,0,0
uas_waterfowl_experts,aerien_non_marin,BDA_12C_20181127_3.jpg,5472,3648,1317.0,3236.0,24.0,48.0,1,1152.0,0.00577,0.00439,0.01316,0.5,0,0
uas_waterfowl_experts,aerien_non_marin,BDA_12C_20181127_3.jpg,5472,3648,761.0,3435.0,34.0,41.0,1,1394.0,0.00698,0.00621,0.01124,0.8293,0,0
uas_waterfowl_experts,aerien_non_marin,BDA_12C_20181127_3.jpg,5472,3648,990.0,2885.0,28.0,42.0,1,1176.0,0.00589,0.00512,0.01151,0.6667,0,0
uas_waterfowl_experts,aerien_non_marin,BDA_12C_20181127_3.jpg,5472,3648,1160.0,2913.0,26.0,46.0,1,1196.0,0.00599,0.00475,0.01261,0.5652,0,0
uas_waterfowl_experts,aerien_non_marin,BDA_12C_20181127_3.jpg,5472,3648,1040.0,2968.0,26.0,40.0,1,1040.0,0.00521,0.00475,0.01096,0.65,0,0
uas_waterfowl_experts,aerien_non_marin,BDA_12C_20181127_3.jpg,5472,3648,929.0,2972.0,24.0,44.0,1,1056.0,0.00529,0.00439,0.01206,0.5455,0,0
uas_waterfowl_experts,aerien_non_marin,BDA_12C_20181127_3.jpg,5472,3648,883.0,3017.0,44.0,34.0,1,1496.0,0.00749,0.00804,0.00932,1.2941,0,0
uas_waterfowl_experts,aerien_non_marin,BDA_12C_20181127_3.jpg,5472,3648,801.0,3015.0,42.0,24.0,1,1008.0,0.00505,0.00768,0.00658,1.75,0,0
uas_waterfowl_experts,aerien_non_marin,BDA_12C_20181127_3.jpg,5472,3648,783.0,2975.0,36.0,39.0,1,1404.0,0.00703,0.00658,0.01069,0.9231,0,0
uas_waterfowl_experts,aerien_non_marin,BDA_12C_20181127_3.jpg,5472,3648,825.0,2957.0,31.0,40.0,1,1240.0,0.00621,0.00567,0.01096,0.775,0,0
uas_waterfowl_experts,aerien_non_marin,BDA_12C_20181127_3.jpg,5472,3648,808.0,2931.0,32.0,40.0,1,1280.0,0.00641,0.00585,0.01096,0.8,0,0
uas_waterfowl_experts,aerien_non_marin,BDA_12C_20181127_3.jpg,5472,3648,890.0,2947.0,32.0,37.0,1,1184.0,0.00593,0.00585,0.01014,0.8649,0,0
uas_waterfowl_experts,aerien_non_marin,BDA_12C_20181127_3.jpg,5472,3648,873.0,3061.0,26.0,39.0,1,1014.0,0.00508,0.00475,0.01069,0.6667,0,0
uas_waterfowl_experts,aerien_non_marin,BDA_12C_20181127_3.jpg,5472,3648,914.0,3046.0,34.0,43.0,1,1462.0,0.00732,0.00621,0.01179,0.7907,0,0
uas_waterfowl_experts,aerien_non_marin,BDA_12C_20181127_3.jpg,5472,3648,778.0,3108.0,46.0,30.0,1,1380.0,0.00691,0.00841,0.00822,1.5333,0,0
uas_waterfowl_experts,aerien_non_marin,BDA_12C_20181127_3.jpg,5472,3648,683.0,3164.0,37.0,34.0,1,1258.0,0.0063,0.00676,0.00932,1.0882,0,0
uas_waterfowl_experts,aerien_non_marin,BDA_12C_20181127_3.jpg,5472,3648,528.0,3210.0,26.0,52.0,1,1352.0,0.00677,0.00475,0.01425,0.5,0,0
uas_waterfowl_experts,aerien_non_marin,BDA_12C_20181127_3.jpg,5472,3648,512.0,2945.0,24.0,42.0,1,1008.0,0.00505,0.00439,0.01151,0.5714,0,0
uas_waterfowl_experts,aerien_non_marin,BDA_12C_20181127_3.jpg,5472,3648,617.0,2953.0,30.0,38.0,1,1140.0,0.00571,0.00548,0.01042,0.7895,0,0
uas_waterfowl_experts,aerien_non_marin,BDA_12C_20181127_3.jpg,5472,3648,657.0,2953.0,35.0,40.0,1,1400.0,0.00701,0.0064,0.01096,0.875,0,0
uas_waterfowl_experts,aerien_non_marin,BDA_12C_20181127_3.jpg,5472,3648,454.0,2678.0,42.0,45.0,1,1890.0,0.00947,0.00768,0.01234,0.9333,0,0
uas_waterfowl_experts,aerien_non_marin,BDA_12C_20181127_3.jpg,5472,3648,473.0,2742.0,38.0,39.0,1,1482.0,0.00742,0.00694,0.01069,0.9744,0,0
uas_waterfowl_experts,aerien_non_marin,BDA_12C_20181127_3.jpg,5472,3648,728.0,2764.0,30.0,41.0,1,1230.0,0.00616,0.00548,0.01124,0.7317,0,0
uas_waterfowl_experts,aerien_non_marin,BDA_12C_20181127_3.jpg,5472,3648,692.0,2865.0,43.0,29.0,1,1247.0,0.00625,0.00786,0.00795,1.4828,0,0
uas_waterfowl_experts,aerien_non_marin,BDA_12C_20181127_3.jpg,5472,3648,837.0,2808.0,30.0,45.0,1,1350.0,0.00676,0.00548,0.01234,0.6667,0,0
uas_waterfowl_experts,aerien_non_marin,BDA_12C_20181127_3.jpg,5472,3648,831.0,2880.0,39.0,28.0,1,1092.0,0.00547,0.00713,0.00768,1.3929,0,0
uas_waterfowl_experts,aerien_non_marin,BDA_12C_20181127_3.jpg,5472,3648,937.0,2852.0,32.0,41.0,1,1312.0,0.00657,0.00585,0.01124,0.7805,0,0
uas_waterfowl_experts,aerien_non_marin,BDA_12C_20181127_3.jpg,5472,3648,1029.0,2748.0,31.0,45.0,1,1395.0,0.00699,0.00567,0.01234,0.6889,0,0
uas_waterfowl_experts,aerien_non_marin,BDA_12C_20181127_3.jpg,5472,3648,1056.0,2820.0,23.0,39.0,1,897.0,0.00449,0.0042,0.01069,0.5897,0,0
uas_waterfowl_experts,aerien_non_marin,BDA_12C_20181127_3.jpg,5472,3648,1000.0,2731.0,23.0,41.0,1,943.0,0.00472,0.0042,0.01124,0.561,0,0
uas_waterfowl_experts,aerien_non_marin,BDA_12C_20181127_3.jpg,5472,3648,1131.0,2797.0,29.0,42.0,1,1218.0,0.0061,0.0053,0.01151,0.6905,0,0
uas_waterfowl_experts,aerien_non_marin,BDA_12C_20181127_3.jpg,5472,3648,1094.0,2817.0,26.0,40.0,1,1040.0,0.00521,0.00475,0.01096,0.65,0,0
uas_waterfowl_experts,aerien_non_marin,BDA_12C_20181127_3.jpg,5472,3648,1181.0,2760.0,28.0,45.0,1,1260.0,0.00631,0.00512,0.01234,0.6222,0,0
uas_waterfowl_experts,aerien_non_marin,BDA_12C_20181127_3.jpg,5472,3648,1138.0,2711.0,28.0,46.0,1,1288.0,0.00645,0.00512,0.01261,0.6087,0,0
uas_waterfowl_experts,aerien_non_marin,BDA_12C_20181127_3.jpg,5472,3648,1115.0,2735.0,21.0,40.0,1,840.0,0.00421,0.00384,0.01096,0.525,0,0
uas_waterfowl_experts,aerien_non_marin,BDA_12C_20181127_3.jpg,5472,3648,1057.0,2663.0,31.0,44.0,1,1364.0,0.00683,0.00567,0.01206,0.7045,0,0
uas_waterfowl_experts,aerien_non_marin,BDA_12C_20181127_3.jpg,5472,3648,978.0,2568.0,38.0,32.0,1,1216.0,0.00609,0.00694,0.00877,1.1875,0,0
uas_waterfowl_experts,aerien_non_marin,BDA_12C_20181127_3.jpg,5472,3648,948.0,2686.0,32.0,32.0,1,1024.0,0.00513,0.00585,0.00877,1.0,0,0
uas_waterfowl_experts,aerien_non_marin,BDA_12C_20181127_3.jpg,5472,3648,1210.0,2464.0,40.0,46.0,1,1840.0,0.00922,0.00731,0.01261,0.8696,0,0
uas_waterfowl_experts,aerien_non_marin,BDA_12C_20181127_3.jpg,5472,3648,1169.0,2502.0,30.0,41.0,1,1230.0,0.00616,0.00548,0.01124,0.7317,0,0
uas_waterfowl_experts,aerien_non_marin,BDA_12C_20181127_3.jpg,5472,3648,1279.0,2469.0,35.0,47.0,1,1645.0,0.00824,0.0064,0.01288,0.7447,0,0
uas_waterfowl_experts,aerien_non_marin,BDA_12C_20181127_3.jpg,5472,3648,1258.0,2593.0,35.0,44.0,1,1540.0,0.00771,0.0064,0.01206,0.7955,0,0
uas_waterfowl_experts,aerien_non_marin,BDA_12C_20181127_3.jpg,5472,3648,1195.0,2686.0,33.0,40.0,1,1320.0,0.00661,0.00603,0.01096,0.825,0,0
uas_waterfowl_experts,aerien_non_marin,BDA_12C_20181127_3.jpg,5472,3648,1163.0,2648.0,27.0,43.0,1,1161.0,0.00582,0.00493,0.01179,0.6279,0,0
uas_waterfowl_experts,aerien_non_marin,BDA_12C_20181127_3.jpg,5472,3648,1228.0,2666.0,31.0,40.0,1,1240.0,0.00621,0.00567,0.01096,0.775,0,0
uas_waterfowl_experts,aerien_non_marin,BDA_12C_20181127_3.jpg,5472,3648,1096.0,2630.0,26.0,39.0,1,1014.0,0.00508,0.00475,0.01069,0.6667,0,0
uas_waterfowl_experts,aerien_non_marin,BDA_12C_20181127_3.jpg,5472,3648,1206.0,2644.0,35.0,34.0,1,1190.0,0.00596,0.0064,0.00932,1.0294,0,0
uas_waterfowl_experts,aerien_non_marin,BDA_12C_20181127_3.jpg,5472,3648,1273.0,2634.0,31.0,39.0,1,1209.0,0.00606,0.00567,0.01069,0.7949,0,0
uas_waterfowl_experts,aerien_non_marin,BDA_12C_20181127_3.jpg,5472,3648,1384.0,2612.0,26.0,45.0,1,1170.0,0.00586,0.00475,0.01234,0.5778,0,0
uas_waterfowl_experts,aerien_non_marin,BDA_12C_20181127_3.jpg,5472,3648,1461.0,2554.0,26.0,43.0,1,1118.0,0.0056,0.00475,0.01179,0.6047,0,0
uas_waterfowl_experts,aerien_non_marin,BDA_12C_20181127_3.jpg,5472,3648,1363.0,2474.0,36.0,41.0,1,1476.0,0.00739,0.00658,0.01124,0.878,0,0
uas_waterfowl_experts,aerien_non_marin,BDA_12C_20181127_3.jpg,5472,3648,1405.0,2491.0,47.0,29.0,1,1363.0,0.00683,0.00859,0.00795,1.6207,0,0
uas_waterfowl_experts,aerien_non_marin,BDA_12C_20181127_3.jpg,5472,3648,1419.0,2428.0,46.0,37.0,1,1702.0,0.00853,0.00841,0.01014,1.2432,0,0
uas_waterfowl_experts,aerien_non_marin,BDA_12C_20181127_3.jpg,5472,3648,1575.0,2429.0,35.0,49.0,1,1715.0,0.00859,0.0064,0.01343,0.7143,0,0
uas_waterfowl_experts,aerien_non_marin,BDA_12C_20181127_3.jpg,5472,3648,1653.0,2545.0,23.0,48.0,1,1104.0,0.00553,0.0042,0.01316,0.4792,0,0
uas_waterfowl_experts,aerien_non_marin,BDA_12C_20181127_3.jpg,5472,3648,1735.0,2248.0,29.0,37.0,1,1073.0,0.00538,0.0053,0.01014,0.7838,0,0
uas_waterfowl_experts,aerien_non_marin,BDA_12C_20181127_3.jpg,5472,3648,1803.0,2292.0,47.0,37.0,1,1739.0,0.00871,0.00859,0.01014,1.2703,0,0
uas_waterfowl_experts,aerien_non_marin,BDA_12C_20181127_3.jpg,5472,3648,1787.0,2276.0,31.0,43.0,1,1333.0,0.00668,0.00567,0.01179,0.7209,0,0
uas_waterfowl_experts,aerien_non_marin,BDA_12C_20181127_3.jpg,5472,3648,1778.0,2341.0,41.0,36.0,1,1476.0,0.00739,0.00749,0.00987,1.1389,0,0
uas_waterfowl_experts,aerien_non_marin,BDA_12C_20181127_3.jpg,5472,3648,1945.0,2313.0,31.0,47.0,1,1457.0,0.0073,0.00567,0.01288,0.6596,0,0
uas_waterfowl_experts,aerien_non_marin,BDA_12C_20181127_3.jpg,5472,3648,1963.0,2261.0,33.0,51.0,1,1683.0,0.00843,0.00603,0.01398,0.6471,0,0
uas_waterfowl_experts,aerien_non_marin,BDA_12C_20181127_3.jpg,5472,3648,1907.0,2279.0,29.0,42.0,1,1218.0,0.0061,0.0053,0.01151,0.6905,0,0
uas_waterfowl_experts,aerien_non_marin,BDA_12C_20181127_3.jpg,5472,3648,2012.0,2240.0,49.0,32.0,1,1568.0,0.00785,0.00895,0.00877,1.5312,0,0
uas_waterfowl_experts,aerien_non_marin,BDA_12C_20181127_3.jpg,5472,3648,2016.0,2339.0,33.0,34.0,1,1122.0,0.00562,0.00603,0.00932,0.9706,0,0
uas_waterfowl_experts,aerien_non_marin,BDA_12C_20181127_3.jpg,5472,3648,1799.0,2423.0,37.0,31.0,1,1147.0,0.00575,0.00676,0.0085,1.1935,0,0
uas_waterfowl_experts,aerien_non_marin,BDA_12C_20181127_3.jpg,5472,3648,2110.0,2039.0,30.0,44.0,1,1320.0,0.00661,0.00548,0.01206,0.6818,0,0
uas_waterfowl_experts,aerien_non_marin,BDA_12C_20181127_3.jpg,5472,3648,5441.0,2614.0,29.0,46.0,1,1334.0,0.00668,0.0053,0.01261,0.6304,0,0
uas_waterfowl_experts,aerien_non_marin,BDA_12C_20181127_3.jpg,5472,3648,5386.0,2489.0,40.0,43.0,1,1720.0,0.00862,0.00731,0.01179,0.9302,0,0
uas_waterfowl_experts,aerien_non_marin,BDA_12C_20181127_3.jpg,5472,3648,5423.0,2222.0,31.0,45.0,1,1395.0,0.00699,0.00567,0.01234,0.6889,0,0
uas_waterfowl_experts,aerien_non_marin,BDA_12C_20181127_3.jpg,5472,3648,5326.0,2201.0,27.0,42.0,1,1134.0,0.00568,0.00493,0.01151,0.6429,0,0
uas_waterfowl_experts,aerien_non_marin,BDA_12C_20181127_3.jpg,5472,3648,5412.0,2280.0,41.0,33.0,1,1353.0,0.00678,0.00749,0.00905,1.2424,0,0
uas_waterfowl_experts,aerien_non_marin,BDA_12C_20181127_3.jpg,5472,3648,5357.0,2259.0,35.0,38.0,1,1330.0,0.00666,0.0064,0.01042,0.9211,0,0
uas_waterfowl_experts,aerien_non_marin,BDA_12C_20181127_3.jpg,5472,3648,5269.0,2201.0,32.0,43.0,1,1376.0,0.00689,0.00585,0.01179,0.7442,0,0
uas_waterfowl_experts,aerien_non_marin,BDA_12C_20181127_3.jpg,5472,3648,5414.0,2324.0,30.0,44.0,1,1320.0,0.00661,0.00548,0.01206,0.6818,0,0
uas_waterfowl_experts,aerien_non_marin,BDA_12C_20181127_3.jpg,5472,3648,5211.0,2862.0,40.0,49.0,1,1960.0,0.00982,0.00731,0.01343,0.8163,0,0
uas_waterfowl_experts,aerien_non_marin,BDA_12C_20181127_3.jpg,5472,3648,4895.0,3175.0,45.0,30.0,1,1350.0,0.00676,0.00822,0.00822,1.5,0,0
uas_waterfowl_experts,aerien_non_marin,BDA_12C_20181127_3.jpg,5472,3648,5137.0,3195.0,46.0,41.0,1,1886.0,0.00945,0.00841,0.01124,1.122,0,0
uas_waterfowl_experts,aerien_non_marin,BDA_12C_20181127_3.jpg,5472,3648,4547.0,2985.0,26.0,51.0,1,1326.0,0.00664,0.00475,0.01398,0.5098,0,0
uas_waterfowl_experts,aerien_non_marin,BDA_12C_20181127_3.jpg,5472,3648,4440.0,2891.0,28.0,41.0,1,1148.0,0.00575,0.00512,0.01124,0.6829,0,0
uas_waterfowl_experts,aerien_non_marin,BDA_12C_20181127_3.jpg,5472,3648,4552.0,2520.0,45.0,39.0,1,1755.0,0.00879,0.00822,0.01069,1.1538,0,0
uas_waterfowl_experts,aerien_non_marin,BDA_12C_20181127_3.jpg,5472,3648,4506.0,2555.0,55.0,32.0,1,1760.0,0.00882,0.01005,0.00877,1.7188,0,0
uas_waterfowl_experts,aerien_non_marin,BDA_12C_20181127_3.jpg,5472,3648,4612.0,2466.0,45.0,41.0,1,1845.0,0.00924,0.00822,0.01124,1.0976,0,0
uas_waterfowl_experts,aerien_non_marin,BDA_12C_20181127_3.jpg,5472,3648,5058.0,2302.0,39.0,37.0,1,1443.0,0.00723,0.00713,0.01014,1.0541,0,0
uas_waterfowl_experts,aerien_non_marin,BDA_12C_20181127_3.jpg,5472,3648,4906.0,2279.0,31.0,39.0,1,1209.0,0.00606,0.00567,0.01069,0.7949,0,0
uas_waterfowl_experts,aerien_non_marin,BDA_12C_20181127_3.jpg,5472,3648,4737.0,2183.0,35.0,44.0,1,1540.0,0.00771,0.0064,0.01206,0.7955,0,0
uas_waterfowl_experts,aerien_non_marin,BDA_12C_20181127_3.jpg,5472,3648,4760.0,2138.0,39.0,42.0,1,1638.0,0.00821,0.00713,0.01151,0.9286,0,0
uas_waterfowl_experts,aerien_non_marin,BDA_12C_20181127_3.jpg,5472,3648,4814.0,2118.0,26.0,41.0,1,1066.0,0.00534,0.00475,0.01124,0.6341,0,0
uas_waterfowl_experts,aerien_non_marin,BDA_12C_20181127_3.jpg,5472,3648,4303.0,2476.0,41.0,31.0,1,1271.0,0.00637,0.00749,0.0085,1.3226,0,0
uas_waterfowl_experts,aerien_non_marin,BDA_12C_20181127_3.jpg,5472,3648,4286.0,2618.0,38.0,21.0,1,798.0,0.004,0.00694,0.00576,1.8095,0,0
uas_waterfowl_experts,aerien_non_marin,BDA_12C_20181127_3.jpg,5472,3648,4536.0,2147.0,27.0,38.0,1,1026.0,0.00514,0.00493,0.01042,0.7105,0,0
uas_waterfowl_experts,aerien_non_marin,BDA_12C_20181127_3.jpg,5472,3648,3935.0,2266.0,42.0,46.0,1,1932.0,0.00968,0.00768,0.01261,0.913,0,0
uas_waterfowl_experts,aerien_non_marin,BDA_12C_20181127_3.jpg,5472,3648,3815.0,2004.0,44.0,43.0,1,1892.0,0.00948,0.00804,0.01179,1.0233,0,0
uas_waterfowl_experts,aerien_non_marin,BDA_12C_20181127_3.jpg,5472,3648,3397.0,2032.0,35.0,38.0,1,1330.0,0.00666,0.0064,0.01042,0.9211,0,0
uas_waterfowl_experts,aerien_non_marin,BDA_12C_20181127_3.jpg,5472,3648,3345.0,2040.0,31.0,38.0,1,1178.0,0.0059,0.00567,0.01042,0.8158,0,0
uas_waterfowl_experts,aerien_non_marin,BDA_12C_20181127_3.jpg,5472,3648,3358.0,2256.0,54.0,32.0,1,1728.0,0.00866,0.00987,0.00877,1.6875,0,0
uas_waterfowl_experts,aerien_non_marin,BDA_12C_20181127_3.jpg,5472,3648,3082.0,2192.0,28.0,42.0,1,1176.0,0.00589,0.00512,0.01151,0.6667,0,0
uas_waterfowl_experts,aerien_non_marin,BDA_12C_20181127_3.jpg,5472,3648,2912.0,2318.0,31.0,49.0,1,1519.0,0.00761,0.00567,0.01343,0.6327,0,0
uas_waterfowl_experts,aerien_non_marin,BDA_12C_20181127_3.jpg,5472,3648,2973.0,2326.0,31.0,43.0,1,1333.0,0.00668,0.00567,0.01179,0.7209,0,0
uas_waterfowl_experts,aerien_non_marin,BDA_12C_20181127_3.jpg,5472,3648,2968.0,2578.0,35.0,41.0,1,1435.0,0.00719,0.0064,0.01124,0.8537,0,0
uas_waterfowl_experts,aerien_non_marin,BDA_12C_20181127_3.jpg,5472,3648,3026.0,2444.0,31.0,49.0,1,1519.0,0.00761,0.00567,0.01343,0.6327,0,0
uas_waterfowl_experts,aerien_non_marin,BDA_12C_20181127_3.jpg,5472,3648,3337.0,2722.0,41.0,26.0,1,1066.0,0.00534,0.00749,0.00713,1.5769,0,0
uas_waterfowl_experts,aerien_non_marin,BDA_12C_20181127_3.jpg,5472,3648,3076.0,2834.0,33.0,42.0,1,1386.0,0.00694,0.00603,0.01151,0.7857,0,0
uas_waterfowl_experts,aerien_non_marin,BDA_12C_20181127_3.jpg,5472,3648,2581.0,2843.0,33.0,33.0,1,1089.0,0.00546,0.00603,0.00905,1.0,0,0
uas_waterfowl_experts,aerien_non_marin,BDA_12C_20181127_3.jpg,5472,3648,2459.0,2613.0,50.0,28.0,1,1400.0,0.00701,0.00914,0.00768,1.7857,0,0
uas_waterfowl_experts,aerien_non_marin,BDA_12C_20181127_3.jpg,5472,3648,2861.0,2109.0,24.0,42.0,1,1008.0,0.00505,0.00439,0.01151,0.5714,0,0
uas_waterfowl_experts,aerien_non_marin,BDA_12C_20181127_3.jpg,5472,3648,2743.0,2090.0,29.0,36.0,1,1044.0,0.00523,0.0053,0.00987,0.8056,0,0
uas_waterfowl_experts,aerien_non_marin,BDA_12C_20181127_3.jpg,5472,3648,2482.0,2323.0,36.0,49.0,1,1764.0,0.00884,0.00658,0.01343,0.7347,0,0
uas_waterfowl_experts,aerien_non_marin,BDA_12C_20181127_3.jpg,5472,3648,2301.0,2172.0,35.0,43.0,1,1505.0,0.00754,0.0064,0.01179,0.814,0,0
uas_waterfowl_experts,aerien_non_marin,BDA_12C_20181127_3.jpg,5472,3648,2333.0,2176.0,26.0,46.0,1,1196.0,0.00599,0.00475,0.01261,0.5652,0,0
uas_waterfowl_experts,aerien_non_marin,BDA_12C_20181127_3.jpg,5472,3648,2363.0,2180.0,26.0,38.0,1,988.0,0.00495,0.00475,0.01042,0.6842,0,0
uas_waterfowl_experts,aerien_non_marin,BDA_12C_20181127_3.jpg,5472,3648,2116.0,2567.0,40.0,26.0,1,1040.0,0.00521,0.00731,0.00713,1.5385,0,0
uas_waterfowl_experts,aerien_non_marin,BDA_12C_20181127_3.jpg,5472,3648,2116.0,2531.0,37.0,24.0,1,888.0,0.00445,0.00676,0.00658,1.5417,0,0
uas_waterfowl_experts,aerien_non_marin,BDA_12C_20181127_3.jpg,5472,3648,2106.0,2472.0,42.0,39.0,1,1638.0,0.00821,0.00768,0.01069,1.0769,0,0
uas_waterfowl_experts,aerien_non_marin,BDA_12C_20181127_3.jpg,5472,3648,2139.0,2391.0,29.0,42.0,1,1218.0,0.0061,0.0053,0.01151,0.6905,0,0
uas_waterfowl_experts,aerien_non_marin,BDA_12C_20181127_3.jpg,5472,3648,2096.0,2415.0,26.0,41.0,1,1066.0,0.00534,0.00475,0.01124,0.6341,0,0
uas_waterfowl_experts,aerien_non_marin,BDA_12C_20181127_3.jpg,5472,3648,1824.0,2557.0,28.0,51.0,1,1428.0,0.00715,0.00512,0.01398,0.549,0,0
uas_waterfowl_experts,aerien_non_marin,BDA_12C_20181127_3.jpg,5472,3648,2001.0,3002.0,35.0,45.0,1,1575.0,0.00789,0.0064,0.01234,0.7778,0,0
uas_waterfowl_experts,aerien_non_marin,BDA_12C_20181127_3.jpg,5472,3648,1823.0,3026.0,39.0,38.0,1,1482.0,0.00742,0.00713,0.01042,1.0263,0,0
uas_waterfowl_experts,aerien_non_marin,BDA_12C_20181127_3.jpg,5472,3648,1833.0,2898.0,52.0,31.0,1,1612.0,0.00808,0.0095,0.0085,1.6774,0,0
uas_waterfowl_experts,aerien_non_marin,BDA_12C_20181127_3.jpg,5472,3648,1772.0,2792.0,46.0,26.0,1,1196.0,0.00599,0.00841,0.00713,1.7692,0,0
uas_waterfowl_experts,aerien_non_marin,BDA_12C_20181127_3.jpg,5472,3648,1461.0,2834.0,51.0,24.0,1,1224.0,0.00613,0.00932,0.00658,2.125,0,0
uas_waterfowl_experts,aerien_non_marin,BDA_12C_20181127_3.jpg,5472,3648,1529.0,2821.0,28.0,42.0,1,1176.0,0.00589,0.00512,0.01151,0.6667,0,0
uas_waterfowl_experts,aerien_non_marin,BDA_12C_20181127_3.jpg,5472,3648,1505.0,2994.0,44.0,39.0,1,1716.0,0.0086,0.00804,0.01069,1.1282,0,0
uas_waterfowl_experts,aerien_non_marin,BDA_12C_20181127_3.jpg,5472,3648,1156.0,3089.0,25.0,43.0,1,1075.0,0.00539,0.00457,0.01179,0.5814,0,0
uas_waterfowl_experts,aerien_non_marin,BDA_12C_20181127_3.jpg,5472,3648,729.0,3055.0,36.0,45.0,1,1620.0,0.00812,0.00658,0.01234,0.8,0,0
uas_waterfowl_experts,aerien_non_marin,BDA_12C_20181127_3.jpg,5472,3648,517.0,2628.0,31.0,41.0,1,1271.0,0.00637,0.00567,0.01124,0.7561,0,0
uas_waterfowl_experts,aerien_non_marin,BDA_12C_20181127_3.jpg,5472,3648,542.0,2682.0,29.0,41.0,1,1189.0,0.00596,0.0053,0.01124,0.7073,0,0
uas_waterfowl_experts,aerien_non_marin,BDA_12C_20181127_3.jpg,5472,3648,676.0,2687.0,45.0,34.0,1,1530.0,0.00766,0.00822,0.00932,1.3235,0,0
uas_waterfowl_experts,aerien_non_marin,BDA_12C_20181127_3.jpg,5472,3648,940.0,2776.0,28.0,40.0,1,1120.0,0.00561,0.00512,0.01096,0.7,0,0
uas_waterfowl_experts,aerien_non_marin,BDA_12C_20181127_3.jpg,5472,3648,909.0,2821.0,34.0,42.0,1,1428.0,0.00715,0.00621,0.01151,0.8095,0,0
uas_waterfowl_experts,aerien_non_marin,BDA_12C_20181127_3.jpg,5472,3648,1055.0,2876.0,42.0,27.0,1,1134.0,0.00568,0.00768,0.0074,1.5556,0,0
uas_waterfowl_experts,aerien_non_marin,BDA_12C_20181127_3.jpg,5472,3648,1015.0,2498.0,43.0,30.0,1,1290.0,0.00646,0.00786,0.00822,1.4333,0,0
uas_waterfowl_experts,aerien_non_marin,BDA_12C_20181127_3.jpg,5472,3648,1034.0,2574.0,27.0,40.0,1,1080.0,0.00541,0.00493,0.01096,0.675,0,0
uas_waterfowl_experts,aerien_non_marin,BDA_12C_20181127_3.jpg,5472,3648,908.0,2602.0,33.0,34.0,1,1122.0,0.00562,0.00603,0.00932,0.9706,0,0
uas_waterfowl_experts,aerien_non_marin,BDA_12C_20181127_3.jpg,5472,3648,1059.0,2549.0,34.0,39.0,1,1326.0,0.00664,0.00621,0.01069,0.8718,0,0
uas_waterfowl_experts,aerien_non_marin,BDA_12C_20181127_3.jpg,5472,3648,1137.0,2577.0,26.0,40.0,1,1040.0,0.00521,0.00475,0.01096,0.65,0,0
uas_waterfowl_experts,aerien_non_marin,BDA_12C_20181127_3.jpg,5472,3648,1653.0,2290.0,38.0,45.0,1,1710.0,0.00857,0.00694,0.01234,0.8444,0,0
uas_waterfowl_experts,aerien_non_marin,BDA_12C_20181127_3.jpg,5472,3648,1879.0,2334.0,29.0,38.0,1,1102.0,0.00552,0.0053,0.01042,0.7632,0,0
uas_waterfowl_experts,aerien_non_marin,BDA_12C_20181127_3.jpg,5472,3648,822.0,2599.0,40.0,30.0,1,1200.0,0.00601,0.00731,0.00822,1.3333,0,0
uas_waterfowl_experts,aerien_non_marin,BDA_12C_20181127_3.jpg,5472,3648,563.0,2540.0,25.0,42.0,1,1050.0,0.00526,0.00457,0.01151,0.5952,0,0
uas_waterfowl_experts,aerien_non_marin,BDA_12C_20181127_3.jpg,5472,3648,536.0,2582.0,34.0,41.0,1,1394.0,0.00698,0.00621,0.01124,0.8293,0,0
uas_waterfowl_experts,aerien_non_marin,BDA_12C_20181127_3.jpg,5472,3648,617.0,2560.0,42.0,50.0,1,2100.0,0.01052,0.00768,0.01371,0.84,0,0
uas_waterfowl_experts,aerien_non_marin,BDA_12C_20181127_3.jpg,5472,3648,617.0,2483.0,32.0,43.0,1,1376.0,0.00689,0.00585,0.01179,0.7442,0,0
uas_waterfowl_experts,aerien_non_marin,BDA_12C_20181127_3.jpg,5472,3648,806.0,2460.0,36.0,41.0,1,1476.0,0.00739,0.00658,0.01124,0.878,0,0
uas_waterfowl_experts,aerien_non_marin,BDA_12C_20181127_3.jpg,5472,3648,911.0,2455.0,31.0,46.0,1,1426.0,0.00714,0.00567,0.01261,0.6739,0,0
uas_waterfowl_experts,aerien_non_marin,BDA_12C_20181127_3.jpg,5472,3648,5008.0,3245.0,54.0,33.0,1,1782.0,0.00893,0.00987,0.00905,1.6364,0,0
uas_waterfowl_experts,aerien_non_marin,BDA_12C_20181127_3.jpg,5472,3648,3064.0,2026.0,39.0,32.0,1,1248.0,0.00625,0.00713,0.00877,1.2188,0,0
uas_waterfowl_experts,aerien_non_marin,BDA_12C_20181127_3.jpg,5472,3648,3143.0,2149.0,35.0,35.0,1,1225.0,0.00614,0.0064,0.00959,1.0,0,0
uas_waterfowl_experts,aerien_non_marin,BDA_12C_20181127_3.jpg,5472,3648,3316.0,1947.0,44.0,52.0,1,2288.0,0.01146,0.00804,0.01425,0.8462,0,0
uas_waterfowl_experts,aerien_non_marin,BDA_12C_20181127_3.jpg,5472,3648,2275.0,2597.0,29.0,41.0,1,1189.0,0.00596,0.0053,0.01124,0.7073,0,0
uas_waterfowl_experts,aerien_non_marin,BDA_12C_20181127_3.jpg,5472,3648,1608.0,2489.0,32.0,34.0,1,1088.0,0.00545,0.00585,0.00932,0.9412,0,0
uas_waterfowl_experts,aerien_non_marin,BDA_12C_20181127_3.jpg,5472,3648,1946.0,2384.0,37.0,35.0,1,1295.0,0.00649,0.00676,0.00959,1.0571,0,0
uas_waterfowl_experts,aerien_non_marin,BDA_12C_20181127_3.jpg,5472,3648,1068.0,2730.0,35.0,32.0,1,1120.0,0.00561,0.0064,0.00877,1.0938,0,0
uas_waterfowl_experts,aerien_non_marin,BDA_12C_20181127_3.jpg,5472,3648,2750.0,2742.0,29.0,48.0,1,1392.0,0.00697,0.0053,0.01316,0.6042,0,0
uas_waterfowl_experts,aerien_non_marin,BDA_12C_20181127_3.jpg,5472,3648,3247.0,2777.0,46.0,37.0,1,1702.0,0.00853,0.00841,0.01014,1.2432,0,0
uas_waterfowl_experts,aerien_non_marin,BDA_12C_20181127_3.jpg,5472,3648,2467.0,2411.0,44.0,36.0,1,1584.0,0.00794,0.00804,0.00987,1.2222,0,0
uas_waterfowl_experts,aerien_non_marin,BDA_12C_20181127_3.jpg,5472,3648,3269.0,2603.0,39.0,51.0,1,1989.0,0.00996,0.00713,0.01398,0.7647,0,0
uas_waterfowl_experts,aerien_non_marin,BDA_12C_20181127_3.jpg,5472,3648,2863.0,2262.0,25.0,48.0,1,1200.0,0.00601,0.00457,0.01316,0.5208,0,0
uas_waterfowl_experts,aerien_non_marin,BDA_12C_20181127_3.jpg,5472,3648,5307.0,3336.0,40.0,45.0,1,1800.0,0.00902,0.00731,0.01234,0.8889,0,0
uas_waterfowl_experts,aerien_non_marin,BDA_12C_20181127_3.jpg,5472,3648,4829.0,2508.0,38.0,53.0,1,2014.0,0.01009,0.00694,0.01453,0.717,0,0
uas_waterfowl_experts,aerien_non_marin,BDA_12C_20181127_3.jpg,5472,3648,4485.0,3250.0,51.0,30.0,1,1530.0,0.00766,0.00932,0.00822,1.7,0,0
uas_waterfowl_experts,aerien_non_marin,BDA_12C_20181127_3.jpg,5472,3648,4593.0,3101.0,33.0,47.0,1,1551.0,0.00777,0.00603,0.01288,0.7021,0,0
uas_waterfowl_experts,aerien_non_marin,BDA_12C_20181127_3.jpg,5472,3648,1604.0,3018.0,34.0,48.0,1,1632.0,0.00818,0.00621,0.01316,0.7083,0,0
uas_waterfowl_experts,aerien_non_marin,BDA_12C_20181127_3.jpg,5472,3648,4347.0,2089.0,27.0,45.0,1,1215.0,0.00609,0.00493,0.01234,0.6,0,0
uas_waterfowl_experts,aerien_non_marin,BDA_12C_20181127_3.jpg,5472,3648,1431.0,3407.0,54.0,29.0,1,1566.0,0.00784,0.00987,0.00795,1.8621,0,0
uas_waterfowl_experts,aerien_non_marin,BDA_12C_20181127_3.jpg,5472,3648,5150.0,3544.0,40.0,41.0,1,1640.0,0.00822,0.00731,0.01124,0.9756,0,0
uas_waterfowl_experts,aerien_non_marin,BDA_12C_20181127_3.jpg,5472,3648,3323.0,2299.0,44.0,43.0,1,1892.0,0.00948,0.00804,0.01179,1.0233,0,0
uas_waterfowl_experts,aerien_non_marin,BDA_12C_20181127_3.jpg,5472,3648,1478.0,3124.0,49.0,30.0,1,1470.0,0.00736,0.00895,0.00822,1.6333,0,0
uas_waterfowl_experts,aerien_non_marin,BDA_12C_20181127_3.jpg,5472,3648,3111.0,2001.0,41.0,51.0,1,2091.0,0.01047,0.00749,0.01398,0.8039,0,0
uas_waterfowl_experts,aerien_non_marin,BDA_12C_20181127_3.jpg,5472,3648,4368.0,2019.0,48.0,27.0,1,1296.0,0.00649,0.00877,0.0074,1.7778,0,0
uas_waterfowl_experts,aerien_non_marin,BDA_12C_20181127_3.jpg,5472,3648,2189.0,2986.0,37.0,32.0,1,1184.0,0.00593,0.00676,0.00877,1.1562,0,0
uas_waterfowl_experts,aerien_non_marin,BDA_12C_20181127_3.jpg,5472,3648,4841.0,3026.0,38.0,42.0,1,1596.0,0.008,0.00694,0.01151,0.9048,0,0
uas_waterfowl_experts,aerien_non_marin,BDA_18A4_20181106_1.jpg,5472,3648,3020.0,372.0,54.0,34.5,1,1863.0,0.00933,0.00987,0.00946,1.5652,0,0
uas_waterfowl_experts,aerien_non_marin,BDA_18A4_20181106_1.jpg,5472,3648,3168.0,278.5,50.0,43.0,1,2150.0,0.01077,0.00914,0.01179,1.1628,0,0
uas_waterfowl_experts,aerien_non_marin,BDA_18A4_20181106_1.jpg,5472,3648,846.0,188.5,54.5,56.5,1,3079.25,0.01543,0.00996,0.01549,0.9646,0,0
uas_waterfowl_experts,aerien_non_marin,BDA_18A4_20181106_1.jpg,5472,3648,3693.0,1589.5,40.5,61.5,1,2490.75,0.01248,0.0074,0.01686,0.6585,0,0
uas_waterfowl_experts,aerien_non_marin,BDA_18A4_20181106_1.jpg,5472,3648,3734.5,1711.5,65.0,43.0,1,2795.0,0.014,0.01188,0.01179,1.5116,0,0
uas_waterfowl_experts,aerien_non_marin,BDA_18A4_20181106_1.jpg,5472,3648,4252.0,1480.5,61.5,39.5,1,2429.25,0.01217,0.01124,0.01083,1.557,0,0
uas_waterfowl_experts,aerien_non_marin,BDA_18A4_20181106_1.jpg,5472,3648,4359.5,1460.0,67.0,41.5,1,2780.5,0.01393,0.01224,0.01138,1.6145,0,0
uas_waterfowl_experts,aerien_non_marin,BDA_18A4_20181106_1.jpg,5472,3648,4370.0,1359.0,54.5,55.5,1,3024.75,0.01515,0.00996,0.01521,0.982,0,0
uas_waterfowl_experts,aerien_non_marin,BDA_18A4_20181106_1.jpg,5472,3648,4222.5,1313.0,54.5,37.5,1,2043.75,0.01024,0.00996,0.01028,1.4533,0,0
uas_waterfowl_experts,aerien_non_marin,BDA_18A4_20181106_1.jpg,5472,3648,4615.5,2694.5,48.0,74.5,1,3576.0,0.01791,0.00877,0.02042,0.6443,0,0
uas_waterfowl_experts,aerien_non_marin,BDA_18A4_20181106_1.jpg,5472,3648,2076.0,2547.0,61.0,34.5,1,2104.5,0.01054,0.01115,0.00946,1.7681,0,0
uas_waterfowl_experts,aerien_non_marin,BDA_18A4_20181106_1.jpg,5472,3648,2365.0,2471.0,69.0,39.5,1,2725.5,0.01365,0.01261,0.01083,1.7468,0,0
uas_waterfowl_experts,aerien_non_marin,BDA_18A4_20181106_1.jpg,5472,3648,2432.0,2413.5,39.0,57.5,1,2242.5,0.01123,0.00713,0.01576,0.6783,0,0
uas_waterfowl_experts,aerien_non_marin,BDA_18A4_20181106_1.jpg,5472,3648,2397.5,2715.0,60.5,34.5,1,2087.25,0.01046,0.01106,0.00946,1.7536,0,0
uas_waterfowl_experts,aerien_non_marin,BDA_18A4_20181106_1.jpg,5472,3648,3201.5,97.5,30.0,45.0,1,1350.0,0.00676,0.00548,0.01234,0.6667,0,0
uas_waterfowl_experts,aerien_non_marin,BDA_18A4_20181106_1.jpg,5472,3648,3146.5,74.5,56.5,31.0,1,1751.5,0.00877,0.01033,0.0085,1.8226,0,0
uas_waterfowl_experts,aerien_non_marin,BDA_18A4_20181106_1.jpg,5472,3648,3037.5,23.5,53.0,34.5,1,1828.5,0.00916,0.00969,0.00946,1.5362,0,0
uas_waterfowl_experts,aerien_non_marin,BDA_18A4_20181106_1.jpg,5472,3648,892.5,13.5,53.5,57.5,1,3076.25,0.01541,0.00978,0.01576,0.9304,0,0
uas_waterfowl_experts,aerien_non_marin,BDA_18A4_20181106_1.jpg,5472,3648,430.0,431.0,62.5,35.5,1,2218.75,0.01111,0.01142,0.00973,1.7606,0,0
uas_waterfowl_experts,aerien_non_marin,BDA_18A4_20181106_1.jpg,5472,3648,474.0,531.5,67.5,58.5,1,3948.75,0.01978,0.01234,0.01604,1.1538,0,0
uas_waterfowl_experts,aerien_non_marin,BDA_18A4_20181106_1.jpg,5472,3648,1052.5,1375.0,60.0,38.5,1,2310.0,0.01157,0.01096,0.01055,1.5584,0,0
uas_waterfowl_experts,aerien_non_marin,BDA_18A4_20181106_1.jpg,5472,3648,1335.5,770.5,64.0,43.5,1,2784.0,0.01395,0.0117,0.01192,1.4713,0,0
uas_waterfowl_experts,aerien_non_marin,BDA_18A4_20181106_1.jpg,5472,3648,4309.5,242.5,55.0,37.5,1,2062.5,0.01033,0.01005,0.01028,1.4667,0,0
uas_waterfowl_experts,aerien_non_marin,BDA_18A4_20181106_1.jpg,5472,3648,2427.0,150.0,60.5,49.5,1,2994.75,0.015,0.01106,0.01357,1.2222,0,0
uas_waterfowl_experts,aerien_non_marin,BDA_18A4_20181106_1.jpg,5472,3648,2775.5,112.0,64.0,38.5,1,2464.0,0.01234,0.0117,0.01055,1.6623,0,0
uas_waterfowl_experts,aerien_non_marin,BDA_18A4_20181106_1.jpg,5472,3648,2593.0,49.0,59.0,52.0,1,3068.0,0.01537,0.01078,0.01425,1.1346,0,0
uas_waterfowl_experts,aerien_non_marin,BDA_18A4_20181106_1.jpg,5472,3648,2434.5,0.5,65.0,24.5,1,1592.5,0.00798,0.01188,0.00672,2.6531,0,0
uas_waterfowl_experts,aerien_non_marin,BDA_18A4_20181106_1.jpg,5472,3648,3074.5,484.5,52.0,46.0,1,2392.0,0.01198,0.0095,0.01261,1.1304,0,0
uas_waterfowl_experts,aerien_non_marin,BDA_18A4_20181106_1.jpg,5472,3648,4582.0,1133.5,55.5,38.0,1,2109.0,0.01057,0.01014,0.01042,1.4605,0,0
uas_waterfowl_experts,aerien_non_marin,BDA_18A4_20181106_1.jpg,5472,3648,4595.0,495.0,73.0,48.0,1,3504.0,0.01755,0.01334,0.01316,1.5208,0,0
uas_waterfowl_experts,aerien_non_marin,BDA_18A4_20181106_1.jpg,5472,3648,1884.5,2339.5,60.5,35.5,1,2147.75,0.01076,0.01106,0.00973,1.7042,0,0
uas_waterfowl_experts,aerien_non_marin,BDA_18A4_20181106_1.jpg,5472,3648,1965.0,2331.5,60.5,33.5,1,2026.75,0.01015,0.01106,0.00918,1.806,0,0
uas_waterfowl_experts,aerien_non_marin,BDA_18A4_20181106_1.jpg,5472,3648,2008.5,2360.0,51.0,30.5,1,1555.5,0.00779,0.00932,0.00836,1.6721,0,0
uas_waterfowl_experts,aerien_non_marin,BDA_18A4_20181106_1.jpg,5472,3648,2392.5,2533.0,63.5,39.5,1,2508.25,0.01257,0.0116,0.01083,1.6076,0,0
uas_waterfowl_experts,aerien_non_marin,BDA_18A4_20181106_1.jpg,5472,3648,107.0,3538.5,65.0,36.5,1,2372.5,0.01189,0.01188,0.01001,1.7808,0,0
uas_waterfowl_experts,aerien_non_marin,BDA_18A4_20181106_1.jpg,5472,3648,2173.0,3076.5,59.5,27.0,1,1606.5,0.00805,0.01087,0.0074,2.2037,0,0
uas_waterfowl_experts,aerien_non_marin,BDA_18A4_20181106_1.jpg,5472,3648,2546.0,2962.5,55.5,48.0,1,2664.0,0.01335,0.01014,0.01316,1.1562,0,0
uas_waterfowl_experts,aerien_non_marin,BDA_18A4_20181106_1.jpg,5472,3648,2410.0,2839.5,50.0,33.5,1,1675.0,0.00839,0.00914,0.00918,1.4925,0,0
uas_waterfowl_experts,aerien_non_marin,BDA_18A4_20181106_1.jpg,5472,3648,2203.0,2946.0,63.0,30.0,1,1890.0,0.00947,0.01151,0.00822,2.1,0,0
uas_waterfowl_experts,aerien_non_marin,BDA_18A4_20181106_1.jpg,5472,3648,2209.5,2856.5,64.5,34.5,1,2225.25,0.01115,0.01179,0.00946,1.8696,0,0
uas_waterfowl_experts,aerien_non_marin,BDA_18A4_20181106_1.jpg,5472,3648,1962.0,3316.0,69.0,41.0,1,2829.0,0.01417,0.01261,0.01124,1.6829,0,0
uas_waterfowl_experts,aerien_non_marin,BDA_18A4_20181106_1.jpg,5472,3648,3755.5,2542.5,56.5,80.5,1,4548.25,0.02278,0.01033,0.02207,0.7019,0,0
uas_waterfowl_experts,aerien_non_marin,BDA_18A4_20181106_1.jpg,5472,3648,5174.0,2109.0,56.0,26.0,1,1456.0,0.00729,0.01023,0.00713,2.1538,0,0
uas_waterfowl_experts,aerien_non_marin,BDA_18A4_20181106_1.jpg,5472,3648,2737.0,780.5,64.5,40.5,1,2612.25,0.01309,0.01179,0.0111,1.5926,0,0
uas_waterfowl_experts,aerien_non_marin,BDA_18A4_20181106_1.jpg,5472,3648,2795.0,451.5,49.0,47.0,1,2303.0,0.01154,0.00895,0.01288,1.0426,0,0
uas_waterfowl_experts,aerien_non_marin,BDA_18A4_20181106_1.jpg,5472,3648,2839.5,397.5,65.0,43.0,1,2795.0,0.014,0.01188,0.01179,1.5116,0,0
uas_waterfowl_experts,aerien_non_marin,BDA_18A4_20181106_1.jpg,5472,3648,2925.0,491.5,51.0,41.0,1,2091.0,0.01047,0.00932,0.01124,1.2439,0,0
uas_waterfowl_experts,aerien_non_marin,BDA_18A4_20181106_1.jpg,5472,3648,2942.5,537.0,62.0,37.0,1,2294.0,0.01149,0.01133,0.01014,1.6757,0,0
uas_waterfowl_experts,aerien_non_marin,BDA_18A4_20181106_1.jpg,5472,3648,3034.5,111.5,54.5,61.0,1,3324.5,0.01665,0.00996,0.01672,0.8934,0,0
uas_waterfowl_experts,aerien_non_marin,BDA_18A4_20181106_1.jpg,5472,3648,2523.5,157.0,60.5,34.5,1,2087.25,0.01046,0.01106,0.00946,1.7536,0,0
uas_waterfowl_experts,aerien_non_marin,BDA_18A4_20181106_1.jpg,5472,3648,2637.0,173.5,64.0,45.5,1,2912.0,0.01459,0.0117,0.01247,1.4066,0,0
uas_waterfowl_experts,aerien_non_marin,BDA_18A4_20181106_1.jpg,5472,3648,2759.5,223.5,66.0,48.0,1,3168.0,0.01587,0.01206,0.01316,1.375,0,0
uas_waterfowl_experts,aerien_non_marin,BDA_18A4_20181106_1.jpg,5472,3648,2564.0,1.0,49.5,12.5,1,618.75,0.0031,0.00905,0.00343,3.96,0,0
uas_waterfowl_experts,aerien_non_marin,BDA_18A4_20181106_1.jpg,5472,3648,2412.0,270.5,54.0,46.0,1,2484.0,0.01244,0.00987,0.01261,1.1739,0,0
uas_waterfowl_experts,aerien_non_marin,BDA_18A4_20181106_1.jpg,5472,3648,2406.5,366.5,63.0,47.0,1,2961.0,0.01483,0.01151,0.01288,1.3404,0,0
uas_waterfowl_experts,aerien_non_marin,BDA_18A4_20181106_1.jpg,5472,3648,2368.5,471.0,84.5,65.0,1,5492.5,0.02751,0.01544,0.01782,1.3,0,0
uas_waterfowl_experts,aerien_non_marin,BDA_18A4_20181106_1.jpg,5472,3648,768.5,321.0,91.5,53.5,1,4895.25,0.02452,0.01672,0.01467,1.7103,0,0
uas_waterfowl_experts,aerien_non_marin,BDA_18A4_20181106_1.jpg,5472,3648,968.0,391.5,73.0,66.5,1,4854.5,0.02432,0.01334,0.01823,1.0977,0,0
uas_waterfowl_experts,aerien_non_marin,BDA_18A4_20181106_1.jpg,5472,3648,455.0,164.0,62.0,30.5,1,1891.0,0.00947,0.01133,0.00836,2.0328,0,0
uas_waterfowl_experts,aerien_non_marin,BDA_18A4_20181106_1.jpg,5472,3648,492.0,1107.5,57.5,29.5,1,1696.25,0.0085,0.01051,0.00809,1.9492,0,0
uas_waterfowl_experts,aerien_non_marin,BDA_18A4_20181106_1.jpg,5472,3648,503.5,1052.5,55.5,31.5,1,1748.25,0.00876,0.01014,0.00863,1.7619,0,0
uas_waterfowl_experts,aerien_non_marin,BDA_18A4_20181106_1.jpg,5472,3648,1635.5,863.0,60.5,41.0,1,2480.5,0.01243,0.01106,0.01124,1.4756,0,0
uas_waterfowl_experts,aerien_non_marin,BDA_18A4_20181106_1.jpg,5472,3648,1736.5,721.5,71.0,44.5,1,3159.5,0.01583,0.01298,0.0122,1.5955,0,0
uas_waterfowl_experts,aerien_non_marin,BDA_18A4_20181106_1.jpg,5472,3648,4058.5,1128.0,75.0,57.5,1,4312.5,0.0216,0.01371,0.01576,1.3043,0,0
uas_waterfowl_experts,aerien_non_marin,BDA_18A4_20181106_1.jpg,5472,3648,3945.0,889.0,48.5,65.5,1,3176.75,0.01591,0.00886,0.01796,0.7405,0,0
uas_waterfowl_experts,aerien_non_marin,BDA_18A4_20181106_1.jpg,5472,3648,4013.5,806.5,56.5,43.0,1,2429.5,0.01217,0.01033,0.01179,1.314,0,0
uas_waterfowl_experts,aerien_non_marin,BDA_18A4_20181106_1.jpg,5472,3648,4380.0,969.5,66.0,41.0,1,2706.0,0.01356,0.01206,0.01124,1.6098,0,0
uas_waterfowl_experts,aerien_non_marin,BDA_18A4_20181106_1.jpg,5472,3648,4529.5,940.0,65.5,39.0,1,2554.5,0.0128,0.01197,0.01069,1.6795,0,0
uas_waterfowl_experts,aerien_non_marin,BDA_18A4_20181106_1.jpg,5472,3648,4636.0,952.0,49.5,45.5,1,2252.25,0.01128,0.00905,0.01247,1.0879,0,0
uas_waterfowl_experts,aerien_non_marin,BDA_18A4_20181106_1.jpg,5472,3648,4468.5,1148.0,70.0,37.0,1,2590.0,0.01297,0.01279,0.01014,1.8919,0,0
uas_waterfowl_experts,aerien_non_marin,BDA_18A4_20181106_1.jpg,5472,3648,4469.0,1190.0,53.0,30.5,1,1616.5,0.0081,0.00969,0.00836,1.7377,0,0
uas_waterfowl_experts,aerien_non_marin,BDA_18A4_20181106_1.jpg,5472,3648,4458.5,1243.5,66.0,53.5,1,3531.0,0.01769,0.01206,0.01467,1.2336,0,0
uas_waterfowl_experts,aerien_non_marin,BDA_18A4_20181106_1.jpg,5472,3648,4184.0,373.0,69.5,35.0,1,2432.5,0.01219,0.0127,0.00959,1.9857,0,0
uas_waterfowl_experts,aerien_non_marin,BDA_18A4_20181106_1.jpg,5472,3648,4286.0,374.5,61.5,30.0,1,1845.0,0.00924,0.01124,0.00822,2.05,0,0
uas_waterfowl_experts,aerien_non_marin,BDA_18A4_20181106_1.jpg,5472,3648,4366.0,388.0,61.0,45.0,1,2745.0,0.01375,0.01115,0.01234,1.3556,0,0
uas_waterfowl_experts,aerien_non_marin,BDA_18A4_20181106_1.jpg,5472,3648,4370.0,512.0,63.5,41.0,1,2603.5,0.01304,0.0116,0.01124,1.5488,0,0
uas_waterfowl_experts,aerien_non_marin,BDA_18A4_20181106_1.jpg,5472,3648,4385.0,434.0,55.0,35.0,1,1925.0,0.00964,0.01005,0.00959,1.5714,0,0
uas_waterfowl_experts,aerien_non_marin,BDA_18A4_20181106_1.jpg,5472,3648,4292.0,145.5,53.5,59.5,1,3183.25,0.01595,0.00978,0.01631,0.8992,0,0
uas_waterfowl_experts,aerien_non_marin,BDA_18A4_20181106_1.jpg,5472,3648,4553.5,337.0,63.5,35.5,1,2254.25,0.01129,0.0116,0.00973,1.7887,0,0
uas_waterfowl_experts,aerien_non_marin,BDA_18A4_20181106_1.jpg,5472,3648,4695.5,317.0,60.5,40.0,1,2420.0,0.01212,0.01106,0.01096,1.5125,0,0
uas_waterfowl_experts,aerien_non_marin,BDA_18A4_20181106_1.jpg,5472,3648,4497.0,136.0,55.0,35.0,1,1925.0,0.00964,0.01005,0.00959,1.5714,0,0
uas_waterfowl_experts,aerien_non_marin,BDA_18A4_20181106_1.jpg,5472,3648,4512.5,98.5,58.0,38.0,1,2204.0,0.01104,0.0106,0.01042,1.5263,0,0
uas_waterfowl_experts,aerien_non_marin,BDA_18A4_20181106_1.jpg,5472,3648,4527.5,67.5,65.0,32.0,1,2080.0,0.01042,0.01188,0.00877,2.0312,0,0
uas_waterfowl_experts,aerien_non_marin,BDA_18A4_20181106_1.jpg,5472,3648,4537.0,15.0,65.0,28.5,1,1852.5,0.00928,0.01188,0.00781,2.2807,0,0
uas_waterfowl_experts,aerien_non_marin,BDA_18A4_20181106_1.jpg,5472,3648,4044.0,676.0,55.5,51.0,1,2830.5,0.01418,0.01014,0.01398,1.0882,0,0
uas_waterfowl_experts,aerien_non_marin,BDA_18A4_20181106_1.jpg,5472,3648,4137.0,645.5,65.0,34.0,1,2210.0,0.01107,0.01188,0.00932,1.9118,0,0
uas_waterfowl_experts,aerien_non_marin,BDA_18A4_20181106_1.jpg,5472,3648,4110.0,601.0,58.0,38.5,1,2233.0,0.01119,0.0106,0.01055,1.5065,0,0
uas_waterfowl_experts,aerien_non_marin,BDA_18A4_20181106_1.jpg,5472,3648,4072.0,26.0,65.0,51.0,1,3315.0,0.01661,0.01188,0.01398,1.2745,0,0
uas_waterfowl_experts,aerien_non_marin,BDA_18A4_20181106_1.jpg,5472,3648,5224.0,832.0,56.5,38.0,1,2147.0,0.01076,0.01033,0.01042,1.4868,0,0
uas_waterfowl_experts,aerien_non_marin,BDA_18A4_20181106_1.jpg,5472,3648,5289.0,725.5,50.0,34.5,1,1725.0,0.00864,0.00914,0.00946,1.4493,0,0
uas_waterfowl_experts,aerien_non_marin,BDA_18A4_20181106_1.jpg,5472,3648,4953.5,1245.5,71.0,41.0,1,2911.0,0.01458,0.01298,0.01124,1.7317,0,0
uas_waterfowl_experts,aerien_non_marin,BDA_18A4_20181106_1.jpg,5472,3648,1712.5,38.0,55.5,32.5,1,1803.75,0.00904,0.01014,0.00891,1.7077,0,0
uas_waterfowl_experts,aerien_non_marin,BDA_18A4_20181106_1.jpg,5472,3648,2436.5,1249.5,60.0,51.5,1,3090.0,0.01548,0.01096,0.01412,1.165,0,0
uas_waterfowl_experts,aerien_non_marin,BDA_18A4_20181106_1.jpg,5472,3648,3448.0,1597.5,67.0,52.0,1,3484.0,0.01745,0.01224,0.01425,1.2885,0,0
uas_waterfowl_experts,aerien_non_marin,BDA_18A4_20181106_1.jpg,5472,3648,4104.5,1750.5,50.5,64.0,1,3232.0,0.01619,0.00923,0.01754,0.7891,0,0
uas_waterfowl_experts,aerien_non_marin,BDA_18A4_20181106_1.jpg,5472,3648,1623.5,2459.5,62.5,42.5,1,2656.25,0.01331,0.01142,0.01165,1.4706,0,0
uas_waterfowl_experts,aerien_non_marin,BDA_18A4_20181106_1.jpg,5472,3648,1817.0,2395.5,60.0,36.0,1,2160.0,0.01082,0.01096,0.00987,1.6667,0,0
uas_waterfowl_experts,aerien_non_marin,BDA_18A4_20181106_1.jpg,5472,3648,2054.5,2594.0,63.5,29.5,1,1873.25,0.00938,0.0116,0.00809,2.1525,0,0
uas_waterfowl_experts,aerien_non_marin,BDA_18A4_20181106_1.jpg,5472,3648,721.5,3423.0,58.0,55.5,1,3219.0,0.01613,0.0106,0.01521,1.045,0,0
uas_waterfowl_experts,aerien_non_marin,BDA_18A4_20181106_1.jpg,5472,3648,807.0,3489.5,41.5,48.5,1,2012.75,0.01008,0.00758,0.01329,0.8557,0,0
uas_waterfowl_experts,aerien_non_marin,BDA_18A4_20181106_1.jpg,5472,3648,1564.0,2779.5,72.0,38.5,1,2772.0,0.01389,0.01316,0.01055,1.8701,0,0
uas_waterfowl_experts,aerien_non_marin,BDA_18A4_20181106_1.jpg,5472,3648,2053.0,3055.0,69.0,42.5,1,2932.5,0.01469,0.01261,0.01165,1.6235,0,0
uas_waterfowl_experts,aerien_non_marin,BDA_18A4_20181106_1.jpg,5472,3648,2158.5,2996.0,70.5,38.5,1,2714.25,0.0136,0.01288,0.01055,1.8312,0,0
uas_waterfowl_experts,aerien_non_marin,BDA_18A4_20181106_1.jpg,5472,3648,2229.5,2602.5,51.0,46.5,1,2371.5,0.01188,0.00932,0.01275,1.0968,0,0
uas_waterfowl_experts,aerien_non_marin,BDA_18A4_20181106_1.jpg,5472,3648,2410.5,3258.0,63.5,44.5,1,2825.75,0.01416,0.0116,0.0122,1.427,0,0
uas_waterfowl_experts,aerien_non_marin,BDA_18A4_20181106_1.jpg,5472,3648,2520.5,3383.0,67.5,33.5,1,2261.25,0.01133,0.01234,0.00918,2.0149,0,0
uas_waterfowl_experts,aerien_non_marin,BDA_18A4_20181106_1.jpg,5472,3648,2309.5,3598.5,61.5,34.0,1,2091.0,0.01047,0.01124,0.00932,1.8088,0,0
uas_waterfowl_experts,aerien_non_marin,BDA_18A4_20181106_1.jpg,5472,3648,2385.5,3562.5,62.5,35.5,1,2218.75,0.01111,0.01142,0.00973,1.7606,0,0
uas_waterfowl_experts,aerien_non_marin,BDA_18A4_20181106_1.jpg,5472,3648,2464.5,3482.0,64.5,31.5,1,2031.75,0.01018,0.01179,0.00863,2.0476,0,0
uas_waterfowl_experts,aerien_non_marin,BDA_18A4_20181106_1.jpg,5472,3648,2586.0,3525.5,57.5,46.0,1,2645.0,0.01325,0.01051,0.01261,1.25,0,0
uas_waterfowl_experts,aerien_non_marin,BDA_18A4_20181106_1.jpg,5472,3648,3567.5,616.0,55.0,37.5,1,2062.5,0.01033,0.01005,0.01028,1.4667,0,0
uas_waterfowl_experts,aerien_non_marin,BDA_18A4_20181106_1.jpg,5472,3648,1.0,56.0,48.0,38.0,1,1824.0,0.00914,0.00877,0.01042,1.2632,0,0
uas_waterfowl_experts,aerien_non_marin,BDA_18A4_20181106_1.jpg,5472,3648,709.0,73.0,69.0,31.0,1,2139.0,0.01072,0.01261,0.0085,2.2258,0,0
uas_waterfowl_experts,aerien_non_marin,BDA_18A4_20181106_1.jpg,5472,3648,730.5,25.0,62.0,55.5,1,3441.0,0.01724,0.01133,0.01521,1.1171,0,0
uas_waterfowl_experts,aerien_non_marin,BDA_18A4_20181106_1.jpg,5472,3648,24.0,0.0,36.0,33.0,1,1188.0,0.00595,0.00658,0.00905,1.0909,0,0
uas_waterfowl_experts,aerien_non_marin,BDA_18A4_20181106_1.jpg,5472,3648,445.5,192.5,61.5,46.0,1,2829.0,0.01417,0.01124,0.01261,1.337,0,0
uas_waterfowl_experts,aerien_non_marin,BDA_18A4_20181106_1.jpg,5472,3648,195.0,1063.5,73.5,37.5,1,2756.25,0.01381,0.01343,0.01028,1.96,0,0
uas_waterfowl_experts,aerien_non_marin,BDA_18A4_20181106_1.jpg,5472,3648,960.0,1516.0,73.0,43.0,1,3139.0,0.01572,0.01334,0.01179,1.6977,0,0
uas_waterfowl_experts,aerien_non_marin,BDA_18A4_20181106_1.jpg,5472,3648,84.0,1603.0,57.0,47.0,1,2679.0,0.01342,0.01042,0.01288,1.2128,0,0
uas_waterfowl_experts,aerien_non_marin,BDA_18A4_20181106_1.jpg,5472,3648,4357.0,1019.0,63.0,48.0,1,3024.0,0.01515,0.01151,0.01316,1.3125,0,0
uas_waterfowl_experts,aerien_non_marin,BDA_18A4_20181106_1.jpg,5472,3648,4341.0,811.0,60.0,44.5,1,2670.0,0.01338,0.01096,0.0122,1.3483,0,0
uas_waterfowl_experts,aerien_non_marin,BDA_18A4_20181106_1.jpg,5472,3648,4465.0,903.5,54.0,58.5,1,3159.0,0.01583,0.00987,0.01604,0.9231,0,0
uas_waterfowl_experts,aerien_non_marin,BDA_18A4_20181106_1.jpg,5472,3648,4500.5,1000.0,74.5,39.5,1,2942.75,0.01474,0.01361,0.01083,1.8861,0,0
uas_waterfowl_experts,aerien_non_marin,BDA_18A4_20181106_1.jpg,5472,3648,4672.5,63.0,68.5,41.5,1,2842.75,0.01424,0.01252,0.01138,1.6506,0,0
uas_waterfowl_experts,aerien_non_marin,BDA_18A4_20181106_1.jpg,5472,3648,5094.5,371.0,61.0,37.0,1,2257.0,0.01131,0.01115,0.01014,1.6486,0,0
uas_waterfowl_experts,aerien_non_marin,BDA_18A4_20181106_1.jpg,5472,3648,5001.5,559.0,65.0,37.5,1,2437.5,0.01221,0.01188,0.01028,1.7333,0,0
uas_waterfowl_experts,aerien_non_marin,BDA_18A4_20181106_1.jpg,5472,3648,5020.0,613.0,62.0,39.0,1,2418.0,0.01211,0.01133,0.01069,1.5897,0,0
uas_waterfowl_experts,aerien_non_marin,BDA_18A4_20181106_1.jpg,5472,3648,4508.5,734.5,60.5,51.0,1,3085.5,0.01546,0.01106,0.01398,1.1863,0,0
uas_waterfowl_experts,aerien_non_marin,BDA_18A4_20181106_1.jpg,5472,3648,2657.0,1027.5,58.0,51.0,1,2958.0,0.01482,0.0106,0.01398,1.1373,0,0
uas_waterfowl_experts,aerien_non_marin,BDA_18A4_20181106_1.jpg,5472,3648,2538.0,1336.0,57.0,32.5,1,1852.5,0.00928,0.01042,0.00891,1.7538,0,0
uas_waterfowl_experts,aerien_non_marin,BDA_18A4_20181106_1.jpg,5472,3648,1989.0,2238.0,68.5,29.0,1,1986.5,0.00995,0.01252,0.00795,2.3621,0,0
uas_waterfowl_experts,aerien_non_marin,BDA_18A4_20181106_1.jpg,5472,3648,1941.0,2287.0,59.5,32.5,1,1933.75,0.00969,0.01087,0.00891,1.8308,0,0
uas_waterfowl_experts,aerien_non_marin,BDA_18A4_20181106_1.jpg,5472,3648,2132.5,2187.0,63.0,33.0,1,2079.0,0.01041,0.01151,0.00905,1.9091,0,0
uas_waterfowl_experts,aerien_non_marin,BDA_18A4_20181106_1.jpg,5472,3648,2223.0,2135.5,57.0,37.5,1,2137.5,0.01071,0.01042,0.01028,1.52,0,0
uas_waterfowl_experts,aerien_non_marin,BDA_18A4_20181106_1.jpg,5472,3648,2171.5,2400.0,69.0,45.5,1,3139.5,0.01573,0.01261,0.01247,1.5165,0,0
uas_waterfowl_experts,aerien_non_marin,BDA_18A4_20181106_1.jpg,5472,3648,2225.5,2342.0,67.5,41.5,1,2801.25,0.01403,0.01234,0.01138,1.6265,0,0
uas_waterfowl_experts,aerien_non_marin,BDA_18A4_20181106_1.jpg,5472,3648,2343.0,2583.5,59.0,67.5,1,3982.5,0.01995,0.01078,0.0185,0.8741,0,0
uas_waterfowl_experts,aerien_non_marin,BDA_18A4_20181106_1.jpg,5472,3648,2347.0,2770.0,79.0,39.0,1,3081.0,0.01543,0.01444,0.01069,2.0256,0,0
uas_waterfowl_experts,aerien_non_marin,BDA_18A4_20181106_1.jpg,5472,3648,4931.5,1639.0,69.5,48.5,1,3370.75,0.01689,0.0127,0.01329,1.433,0,0
uas_waterfowl_experts,aerien_non_marin,BDA_18A4_20181106_1.jpg,5472,3648,2726.5,669.0,59.5,48.5,1,2885.75,0.01446,0.01087,0.01329,1.2268,0,0
uas_waterfowl_experts,aerien_non_marin,BDA_18A4_20181106_1.jpg,5472,3648,403.0,1595.0,60.0,45.0,1,2700.0,0.01353,0.01096,0.01234,1.3333,0,0
uas_waterfowl_experts,aerien_non_marin,BDA_18A4_20181106_1.jpg,5472,3648,3836.5,2084.5,77.0,39.5,1,3041.5,0.01524,0.01407,0.01083,1.9494,0,0
uas_waterfowl_experts,aerien_non_marin,BDA_18A4_20181106_1.jpg,5472,3648,3941.5,2012.0,67.5,48.5,1,3273.75,0.0164,0.01234,0.01329,1.3918,0,0
uas_waterfowl_experts,aerien_non_marin,BDA_18A4_20181106_1.jpg,5472,3648,4440.5,414.5,67.0,55.0,1,3685.0,0.01846,0.01224,0.01508,1.2182,0,0
uas_waterfowl_experts,aerien_non_marin,BDA_18A4_20181106_1.jpg,5472,3648,4630.0,122.0,59.5,44.5,1,2647.75,0.01326,0.01087,0.0122,1.3371,0,0
uas_waterfowl_experts,aerien_non_marin,BDA_18A4_20181106_1.jpg,5472,3648,4733.5,717.5,59.0,41.5,1,2448.5,0.01227,0.01078,0.01138,1.4217,0,0
uas_waterfowl_experts,aerien_non_marin,BDA_18A4_20181106_1.jpg,5472,3648,4768.5,698.0,64.5,36.0,1,2322.0,0.01163,0.01179,0.00987,1.7917,0,0
uas_waterfowl_experts,aerien_non_marin,BDA_18A4_20181106_1.jpg,5472,3648,2030.5,2308.0,63.0,26.0,1,1638.0,0.00821,0.01151,0.00713,2.4231,0,0
uas_waterfowl_experts,aerien_non_marin,BDA_18A4_20181106_1.jpg,5472,3648,2338.0,2165.0,57.0,60.0,1,3420.0,0.01713,0.01042,0.01645,0.95,0,0
uas_waterfowl_experts,aerien_non_marin,BDA_18A4_20181106_1.jpg,5472,3648,979.5,2040.0,72.0,38.5,1,2772.0,0.01389,0.01316,0.01055,1.8701,0,0
uas_waterfowl_experts,aerien_non_marin,BDA_18A4_20181106_1.jpg,5472,3648,1282.0,1817.0,65.0,40.0,1,2600.0,0.01302,0.01188,0.01096,1.625,0,0
uas_waterfowl_experts,aerien_non_marin,BDA_18A4_20181106_1.jpg,5472,3648,2958.0,176.0,66.0,43.0,1,2838.0,0.01422,0.01206,0.01179,1.5349,0,0
uas_waterfowl_experts,aerien_non_marin,BDA_18A4_20181106_1.jpg,5472,3648,3840.5,2223.0,58.5,47.5,1,2778.75,0.01392,0.01069,0.01302,1.2316,0,0
uas_waterfowl_experts,aerien_non_marin,BDA_18A4_20181106_1.jpg,5472,3648,4894.5,1572.0,65.5,40.5,1,2652.75,0.01329,0.01197,0.0111,1.6173,0,0
uas_waterfowl_experts,aerien_non_marin,BDA_18A4_20181106_1.jpg,5472,3648,4993.5,1544.0,59.0,36.0,1,2124.0,0.01064,0.01078,0.00987,1.6389,0,0
uas_waterfowl_experts,aerien_non_marin,BDA_18A4_20181106_1.jpg,5472,3648,4772.0,1734.5,55.5,35.5,1,1970.25,0.00987,0.01014,0.00973,1.5634,0,0
uas_waterfowl_experts,aerien_non_marin,BDA_18A4_20181106_1.jpg,5472,3648,4287.0,595.0,54.5,43.5,1,2370.75,0.01188,0.00996,0.01192,1.2529,0,0
uas_waterfowl_experts,aerien_non_marin,BDA_18A4_20181106_1.jpg,5472,3648,4249.5,637.5,55.0,39.0,1,2145.0,0.01075,0.01005,0.01069,1.4103,0,0
uas_waterfowl_experts,aerien_non_marin,BDA_18A4_20181106_1.jpg,5472,3648,4195.5,701.5,64.5,42.5,1,2741.25,0.01373,0.01179,0.01165,1.5176,0,0
uas_waterfowl_experts,aerien_non_marin,BDA_18A4_20181106_1.jpg,5472,3648,4840.0,1316.5,64.5,42.0,1,2709.0,0.01357,0.01179,0.01151,1.5357,0,0
uas_waterfowl_experts,aerien_non_marin,BDA_18A4_20181106_1.jpg,5472,3648,5055.5,1293.5,61.5,32.0,1,1968.0,0.00986,0.01124,0.00877,1.9219,0,0
uas_waterfowl_experts,aerien_non_marin,BDA_18A4_20181106_1.jpg,5472,3648,4540.0,1062.0,71.0,40.0,1,2840.0,0.01423,0.01298,0.01096,1.775,0,0
uas_waterfowl_experts,aerien_non_marin,BDA_18A4_20181106_2.jpg,5472,3648,2958.0,3207.5,111.5,58.5,1,6522.75,0.03268,0.02038,0.01604,1.906,0,0
uas_waterfowl_experts,aerien_non_marin,BDA_18A4_20181106_2.jpg,5472,3648,2240.0,2864.0,105.0,59.0,1,6195.0,0.03103,0.01919,0.01617,1.7797,0,0
uas_waterfowl_experts,aerien_non_marin,BDA_18A4_20181106_2.jpg,5472,3648,778.5,1436.0,38.5,60.0,1,2310.0,0.01157,0.00704,0.01645,0.6417,0,0
uas_waterfowl_experts,aerien_non_marin,BDA_18A4_20181106_2.jpg,5472,3648,889.0,1652.5,41.0,60.0,1,2460.0,0.01232,0.00749,0.01645,0.6833,0,0
uas_waterfowl_experts,aerien_non_marin,BDA_18A4_20181106_2.jpg,5472,3648,2602.5,3510.0,74.5,31.0,1,2309.5,0.01157,0.01361,0.0085,2.4032,0,0
uas_waterfowl_experts,aerien_non_marin,BDA_18A4_20181106_2.jpg,5472,3648,4934.0,3194.0,57.0,30.0,1,1710.0,0.00857,0.01042,0.00822,1.9,0,0
uas_waterfowl_experts,aerien_non_marin,BDA_18A4_20181106_2.jpg,5472,3648,4897.5,3173.0,59.0,35.0,1,2065.0,0.01034,0.01078,0.00959,1.6857,0,0
uas_waterfowl_experts,aerien_non_marin,BDA_18A4_20181106_2.jpg,5472,3648,3867.0,2278.5,51.0,32.5,1,1657.5,0.0083,0.00932,0.00891,1.5692,0,0
uas_waterfowl_experts,aerien_non_marin,BDA_18A4_20181106_2.jpg,5472,3648,3808.5,2305.5,61.5,31.5,1,1937.25,0.0097,0.01124,0.00863,1.9524,0,0
uas_waterfowl_experts,aerien_non_marin,BDA_18A4_20181106_2.jpg,5472,3648,4463.0,1053.0,46.0,53.0,1,2438.0,0.01221,0.00841,0.01453,0.8679,0,0
uas_waterfowl_experts,aerien_non_marin,BDA_18A4_20181106_2.jpg,5472,3648,2748.5,191.0,68.5,34.5,1,2363.25,0.01184,0.01252,0.00946,1.9855,0,0
uas_waterfowl_experts,aerien_non_marin,BDA_18A4_20181106_2.jpg,5472,3648,2765.0,140.0,58.0,43.5,1,2523.0,0.01264,0.0106,0.01192,1.3333,0,0
uas_waterfowl_experts,aerien_non_marin,BDA_18A4_20181106_2.jpg,5472,3648,2054.5,1999.0,42.0,37.5,1,1575.0,0.00789,0.00768,0.01028,1.12,0,0
uas_waterfowl_experts,aerien_non_marin,BDA_18A4_20181106_2.jpg,5472,3648,2534.5,1805.0,43.5,45.5,1,1979.25,0.00992,0.00795,0.01247,0.956,0,0
uas_waterfowl_experts,aerien_non_marin,BDA_18A4_20181106_2.jpg,5472,3648,2648.0,1732.5,62.5,29.0,1,1812.5,0.00908,0.01142,0.00795,2.1552,0,0
uas_waterfowl_experts,aerien_non_marin,BDA_18A4_20181106_2.jpg,5472,3648,1290.0,996.0,67.0,25.0,1,1675.0,0.00839,0.01224,0.00685,2.68,0,0
uas_waterfowl_experts,aerien_non_marin,BDA_18A4_20181106_2.jpg,5472,3648,977.0,809.0,40.5,62.0,1,2511.0,0.01258,0.0074,0.017,0.6532,0,0
uas_waterfowl_experts,aerien_non_marin,BDA_18A4_20181106_2.jpg,5472,3648,802.0,1071.0,50.5,33.0,1,1666.5,0.00835,0.00923,0.00905,1.5303,0,0
uas_waterfowl_experts,aerien_non_marin,BDA_18A4_20181106_2.jpg,5472,3648,10.0,1500.0,66.0,33.5,1,2211.0,0.01108,0.01206,0.00918,1.9701,0,0
uas_waterfowl_experts,aerien_non_marin,BDA_18A4_20181106_2.jpg,5472,3648,1482.0,523.5,57.5,35.0,1,2012.5,0.01008,0.01051,0.00959,1.6429,0,0
uas_waterfowl_experts,aerien_non_marin,BDA_18A4_20181106_2.jpg,5472,3648,1347.0,575.0,49.0,56.5,1,2768.5,0.01387,0.00895,0.01549,0.8673,0,0
uas_waterfowl_experts,aerien_non_marin,BDA_18A4_20181106_2.jpg,5472,3648,1597.0,465.0,60.0,33.5,1,2010.0,0.01007,0.01096,0.00918,1.791,0,0
uas_waterfowl_experts,aerien_non_marin,BDA_18A4_20181106_2.jpg,5472,3648,1623.0,498.0,57.5,35.5,1,2041.25,0.01023,0.01051,0.00973,1.6197,0,0
uas_waterfowl_experts,aerien_non_marin,BDA_18A4_20181106_2.jpg,5472,3648,1694.5,524.0,62.0,35.5,1,2201.0,0.01103,0.01133,0.00973,1.7465,0,0
uas_waterfowl_experts,aerien_non_marin,BDA_18A4_20181106_2.jpg,5472,3648,1697.5,608.0,53.5,59.0,1,3156.5,0.01581,0.00978,0.01617,0.9068,0,0
uas_waterfowl_experts,aerien_non_marin,BDA_18A4_20181106_2.jpg,5472,3648,2090.0,670.5,64.0,31.0,1,1984.0,0.00994,0.0117,0.0085,2.0645,0,0
uas_waterfowl_experts,aerien_non_marin,BDA_18A4_20181106_2.jpg,5472,3648,2186.0,719.0,56.5,32.5,1,1836.25,0.0092,0.01033,0.00891,1.7385,0,0
uas_waterfowl_experts,aerien_non_marin,BDA_18A4_20181106_2.jpg,5472,3648,2018.0,1605.5,58.0,37.0,1,2146.0,0.01075,0.0106,0.01014,1.5676,0,0
uas_waterfowl_experts,aerien_non_marin,BDA_18A4_20181106_2.jpg,5472,3648,701.0,2249.0,67.0,34.0,1,2278.0,0.01141,0.01224,0.00932,1.9706,0,0
uas_waterfowl_experts,aerien_non_marin,BDA_18A4_20181106_2.jpg,5472,3648,82.0,2771.0,55.0,32.0,1,1760.0,0.00882,0.01005,0.00877,1.7188,0,0
uas_waterfowl_experts,aerien_non_marin,BDA_18A4_20181106_2.jpg,5472,3648,4.0,2900.5,47.0,47.5,1,2232.5,0.01118,0.00859,0.01302,0.9895,0,0
uas_waterfowl_experts,aerien_non_marin,BDA_18A4_20181106_2.jpg,5472,3648,5.5,2946.0,53.0,52.5,1,2782.5,0.01394,0.00969,0.01439,1.0095,0,0
uas_waterfowl_experts,aerien_non_marin,BDA_18A4_20181106_2.jpg,5472,3648,19.5,3094.5,64.5,38.5,1,2483.25,0.01244,0.01179,0.01055,1.6753,0,0
uas_waterfowl_experts,aerien_non_marin,BDA_18A4_20181106_2.jpg,5472,3648,53.0,3142.5,52.0,47.5,1,2470.0,0.01237,0.0095,0.01302,1.0947,0,0
uas_waterfowl_experts,aerien_non_marin,BDA_18A4_20181106_2.jpg,5472,3648,3311.0,3454.0,66.5,36.0,1,2394.0,0.01199,0.01215,0.00987,1.8472,0,0
uas_waterfowl_experts,aerien_non_marin,BDA_18A4_20181106_2.jpg,5472,3648,3980.0,3390.5,55.5,39.0,1,2164.5,0.01084,0.01014,0.01069,1.4231,0,0
uas_waterfowl_experts,aerien_non_marin,BDA_18A4_20181106_2.jpg,5472,3648,3859.5,3264.5,59.5,38.0,1,2261.0,0.01133,0.01087,0.01042,1.5658,0,0
uas_waterfowl_experts,aerien_non_marin,BDA_18A4_20181106_2.jpg,5472,3648,3836.5,3231.0,56.0,36.5,1,2044.0,0.01024,0.01023,0.01001,1.5342,0,0
uas_waterfowl_experts,aerien_non_marin,BDA_18A4_20181106_2.jpg,5472,3648,3780.0,3100.0,53.0,44.5,1,2358.5,0.01182,0.00969,0.0122,1.191,0,0
uas_waterfowl_experts,aerien_non_marin,BDA_18A4_20181106_2.jpg,5472,3648,5074.0,3433.0,51.0,52.0,1,2652.0,0.01329,0.00932,0.01425,0.9808,0,0
uas_waterfowl_experts,aerien_non_marin,BDA_18A4_20181106_2.jpg,5472,3648,5109.0,3481.0,30.5,58.5,1,1784.25,0.00894,0.00557,0.01604,0.5214,0,0
uas_waterfowl_experts,aerien_non_marin,BDA_18A4_20181106_2.jpg,5472,3648,4369.0,3627.0,59.0,21.0,1,1239.0,0.00621,0.01078,0.00576,2.8095,0,0
uas_waterfowl_experts,aerien_non_marin,BDA_18A4_20181106_2.jpg,5472,3648,5201.0,3098.0,61.0,34.0,1,2074.0,0.01039,0.01115,0.00932,1.7941,0,0
uas_waterfowl_experts,aerien_non_marin,BDA_18A4_20181106_2.jpg,5472,3648,5345.5,3178.0,51.0,64.5,1,3289.5,0.01648,0.00932,0.01768,0.7907,0,0
uas_waterfowl_experts,aerien_non_marin,BDA_18A4_20181106_2.jpg,5472,3648,5380.5,2930.0,46.0,55.5,1,2553.0,0.01279,0.00841,0.01521,0.8288,0,0
uas_waterfowl_experts,aerien_non_marin,BDA_18A4_20181106_2.jpg,5472,3648,4986.0,2862.5,36.5,49.5,1,1806.75,0.00905,0.00667,0.01357,0.7374,0,0
uas_waterfowl_experts,aerien_non_marin,BDA_18A4_20181106_2.jpg,5472,3648,5034.0,2880.0,54.5,32.5,1,1771.25,0.00887,0.00996,0.00891,1.6769,0,0
uas_waterfowl_experts,aerien_non_marin,BDA_18A4_20181106_2.jpg,5472,3648,3738.5,2741.5,75.0,37.5,1,2812.5,0.01409,0.01371,0.01028,2.0,0,0
uas_waterfowl_experts,aerien_non_marin,BDA_18A4_20181106_2.jpg,5472,3648,3820.5,2616.0,64.0,43.0,1,2752.0,0.01379,0.0117,0.01179,1.4884,0,0
uas_waterfowl_experts,aerien_non_marin,BDA_18A4_20181106_2.jpg,5472,3648,3912.5,2637.5,61.0,38.0,1,2318.0,0.01161,0.01115,0.01042,1.6053,0,0
uas_waterfowl_experts,aerien_non_marin,BDA_18A4_20181106_2.jpg,5472,3648,4112.0,2444.0,67.0,46.0,1,3082.0,0.01544,0.01224,0.01261,1.4565,0,0
uas_waterfowl_experts,aerien_non_marin,BDA_18A4_20181106_2.jpg,5472,3648,4355.0,2615.0,59.0,41.0,1,2419.0,0.01212,0.01078,0.01124,1.439,0,0
uas_waterfowl_experts,aerien_non_marin,BDA_18A4_20181106_2.jpg,5472,3648,4512.0,2454.0,45.0,59.0,1,2655.0,0.0133,0.00822,0.01617,0.7627,0,0
uas_waterfowl_experts,aerien_non_marin,BDA_18A4_20181106_2.jpg,5472,3648,4657.0,2269.0,33.0,62.0,1,2046.0,0.01025,0.00603,0.017,0.5323,0,0
uas_waterfowl_experts,aerien_non_marin,BDA_18A4_20181106_2.jpg,5472,3648,4724.5,2269.5,66.0,36.5,1,2409.0,0.01207,0.01206,0.01001,1.8082,0,0
uas_waterfowl_experts,aerien_non_marin,BDA_18A4_20181106_2.jpg,5472,3648,4841.0,2306.0,48.0,57.0,1,2736.0,0.01371,0.00877,0.01562,0.8421,0,0
uas_waterfowl_experts,aerien_non_marin,BDA_18A4_20181106_2.jpg,5472,3648,4972.0,2240.5,62.5,48.5,1,3031.25,0.01519,0.01142,0.01329,1.2887,0,0
uas_waterfowl_experts,aerien_non_marin,BDA_18A4_20181106_2.jpg,5472,3648,4117.5,1958.0,61.0,32.0,1,1952.0,0.00978,0.01115,0.00877,1.9062,0,0
uas_waterfowl_experts,aerien_non_marin,BDA_18A4_20181106_2.jpg,5472,3648,4128.0,1980.5,62.5,54.0,1,3375.0,0.01691,0.01142,0.0148,1.1574,0,0
uas_waterfowl_experts,aerien_non_marin,BDA_18A4_20181106_2.jpg,5472,3648,4237.0,1831.5,34.0,42.5,1,1445.0,0.00724,0.00621,0.01165,0.8,0,0
uas_waterfowl_experts,aerien_non_marin,BDA_18A4_20181106_2.jpg,5472,3648,4225.5,1786.0,52.5,49.0,1,2572.5,0.01289,0.00959,0.01343,1.0714,0,0
uas_waterfowl_experts,aerien_non_marin,BDA_18A4_20181106_2.jpg,5472,3648,4927.5,929.5,72.5,40.0,1,2900.0,0.01453,0.01325,0.01096,1.8125,0,0
uas_waterfowl_experts,aerien_non_marin,BDA_18A4_20181106_2.jpg,5472,3648,5236.0,922.0,62.0,38.0,1,2356.0,0.0118,0.01133,0.01042,1.6316,0,0
uas_waterfowl_experts,aerien_non_marin,BDA_18A4_20181106_2.jpg,5472,3648,5004.0,672.0,59.0,35.0,1,2065.0,0.01034,0.01078,0.00959,1.6857,0,0
uas_waterfowl_experts,aerien_non_marin,BDA_18A4_20181106_2.jpg,5472,3648,5078.0,715.0,62.0,32.0,1,1984.0,0.00994,0.01133,0.00877,1.9375,0,0
uas_waterfowl_experts,aerien_non_marin,BDA_18A4_20181106_2.jpg,5472,3648,4950.0,778.0,54.0,25.0,1,1350.0,0.00676,0.00987,0.00685,2.16,0,0
uas_waterfowl_experts,aerien_non_marin,BDA_18A4_20181106_2.jpg,5472,3648,4871.0,798.0,64.0,35.0,1,2240.0,0.01122,0.0117,0.00959,1.8286,0,0
uas_waterfowl_experts,aerien_non_marin,BDA_18A4_20181106_2.jpg,5472,3648,4889.0,836.0,64.0,37.0,1,2368.0,0.01186,0.0117,0.01014,1.7297,0,0
uas_waterfowl_experts,aerien_non_marin,BDA_18A4_20181106_2.jpg,5472,3648,4626.0,364.0,64.0,36.0,1,2304.0,0.01154,0.0117,0.00987,1.7778,0,0
uas_waterfowl_experts,aerien_non_marin,BDA_18A4_20181106_2.jpg,5472,3648,4620.0,411.0,68.0,31.0,1,2108.0,0.01056,0.01243,0.0085,2.1935,0,0
uas_waterfowl_experts,aerien_non_marin,BDA_18A4_20181106_2.jpg,5472,3648,4690.0,450.0,61.0,33.0,1,2013.0,0.01008,0.01115,0.00905,1.8485,0,0
uas_waterfowl_experts,aerien_non_marin,BDA_18A4_20181106_2.jpg,5472,3648,4680.0,497.0,59.0,34.0,1,2006.0,0.01005,0.01078,0.00932,1.7353,0,0
uas_waterfowl_experts,aerien_non_marin,BDA_18A4_20181106_2.jpg,5472,3648,4743.0,506.0,64.0,30.0,1,1920.0,0.00962,0.0117,0.00822,2.1333,0,0
uas_waterfowl_experts,aerien_non_marin,BDA_18A4_20181106_2.jpg,5472,3648,4750.0,538.0,53.0,26.0,1,1378.0,0.0069,0.00969,0.00713,2.0385,0,0
uas_waterfowl_experts,aerien_non_marin,BDA_18A4_20181106_2.jpg,5472,3648,4670.0,801.0,60.0,41.0,1,2460.0,0.01232,0.01096,0.01124,1.4634,0,0
uas_waterfowl_experts,aerien_non_marin,BDA_18A4_20181106_2.jpg,5472,3648,4652.0,737.0,59.0,30.0,1,1770.0,0.00887,0.01078,0.00822,1.9667,0,0
uas_waterfowl_experts,aerien_non_marin,BDA_18A4_20181106_2.jpg,5472,3648,4599.0,620.0,64.0,34.0,1,2176.0,0.0109,0.0117,0.00932,1.8824,0,0
uas_waterfowl_experts,aerien_non_marin,BDA_18A4_20181106_2.jpg,5472,3648,4538.0,749.0,51.0,33.0,1,1683.0,0.00843,0.00932,0.00905,1.5455,0,0
uas_waterfowl_experts,aerien_non_marin,BDA_18A4_20181106_2.jpg,5472,3648,4476.0,761.0,49.0,26.0,1,1274.0,0.00638,0.00895,0.00713,1.8846,0,0
uas_waterfowl_experts,aerien_non_marin,BDA_18A4_20181106_2.jpg,5472,3648,4409.0,816.0,60.0,34.0,1,2040.0,0.01022,0.01096,0.00932,1.7647,0,0
uas_waterfowl_experts,aerien_non_marin,BDA_18A4_20181106_2.jpg,5472,3648,4404.0,737.0,58.0,31.0,1,1798.0,0.00901,0.0106,0.0085,1.871,0,0
uas_waterfowl_experts,aerien_non_marin,BDA_18A4_20181106_2.jpg,5472,3648,4400.0,635.0,58.0,38.0,1,2204.0,0.01104,0.0106,0.01042,1.5263,0,0
uas_waterfowl_experts,aerien_non_marin,BDA_18A4_20181106_2.jpg,5472,3648,4473.0,561.0,53.0,31.0,1,1643.0,0.00823,0.00969,0.0085,1.7097,0,0
uas_waterfowl_experts,aerien_non_marin,BDA_18A4_20181106_2.jpg,5472,3648,4381.0,530.0,68.0,45.0,1,3060.0,0.01533,0.01243,0.01234,1.5111,0,0
uas_waterfowl_experts,aerien_non_marin,BDA_18A4_20181106_2.jpg,5472,3648,4006.0,550.0,56.0,55.0,1,3080.0,0.01543,0.01023,0.01508,1.0182,0,0
uas_waterfowl_experts,aerien_non_marin,BDA_18A4_20181106_2.jpg,5472,3648,3971.0,347.0,51.0,57.0,1,2907.0,0.01456,0.00932,0.01562,0.8947,0,0
uas_waterfowl_experts,aerien_non_marin,BDA_18A4_20181106_2.jpg,5472,3648,4020.0,370.0,68.0,41.0,1,2788.0,0.01397,0.01243,0.01124,1.6585,0,0
uas_waterfowl_experts,aerien_non_marin,BDA_18A4_20181106_2.jpg,5472,3648,4074.0,306.0,78.0,33.0,1,2574.0,0.01289,0.01425,0.00905,2.3636,0,0
uas_waterfowl_experts,aerien_non_marin,BDA_18A4_20181106_2.jpg,5472,3648,4115.0,187.0,54.0,36.0,1,1944.0,0.00974,0.00987,0.00987,1.5,0,0
uas_waterfowl_experts,aerien_non_marin,BDA_18A4_20181106_2.jpg,5472,3648,4215.0,265.0,65.0,43.0,1,2795.0,0.014,0.01188,0.01179,1.5116,0,0
uas_waterfowl_experts,aerien_non_marin,BDA_18A4_20181106_2.jpg,5472,3648,4273.0,259.0,54.0,34.0,1,1836.0,0.0092,0.00987,0.00932,1.5882,0,0
uas_waterfowl_experts,aerien_non_marin,BDA_18A4_20181106_2.jpg,5472,3648,4143.0,78.0,63.0,32.0,1,2016.0,0.0101,0.01151,0.00877,1.9688,0,0
uas_waterfowl_experts,aerien_non_marin,BDA_18A4_20181106_2.jpg,5472,3648,3082.0,348.0,58.0,42.0,1,2436.0,0.0122,0.0106,0.01151,1.381,0,0
uas_waterfowl_experts,aerien_non_marin,BDA_18A4_20181106_2.jpg,5472,3648,3120.0,344.0,59.0,37.5,1,2212.5,0.01108,0.01078,0.01028,1.5733,0,0
uas_waterfowl_experts,aerien_non_marin,BDA_18A4_20181106_2.jpg,5472,3648,3159.5,671.0,33.0,68.5,1,2260.5,0.01132,0.00603,0.01878,0.4818,0,0
uas_waterfowl_experts,aerien_non_marin,BDA_18A4_20181106_2.jpg,5472,3648,3094.5,658.5,49.5,51.5,1,2549.25,0.01277,0.00905,0.01412,0.9612,0,0
uas_waterfowl_experts,aerien_non_marin,BDA_18A4_20181106_2.jpg,5472,3648,2929.0,686.5,40.0,50.0,1,2000.0,0.01002,0.00731,0.01371,0.8,0,0
uas_waterfowl_experts,aerien_non_marin,BDA_18A4_20181106_2.jpg,5472,3648,2916.5,563.5,46.5,63.5,1,2952.75,0.01479,0.0085,0.01741,0.7323,0,0
uas_waterfowl_experts,aerien_non_marin,BDA_18A4_20181106_2.jpg,5472,3648,2813.0,629.0,46.0,57.0,1,2622.0,0.01314,0.00841,0.01562,0.807,0,0
uas_waterfowl_experts,aerien_non_marin,BDA_18A4_20181106_2.jpg,5472,3648,2278.5,51.5,34.5,64.5,1,2225.25,0.01115,0.0063,0.01768,0.5349,0,0
uas_waterfowl_experts,aerien_non_marin,BDA_18A4_20181106_2.jpg,5472,3648,2388.0,69.5,63.5,36.5,1,2317.75,0.01161,0.0116,0.01001,1.7397,0,0
uas_waterfowl_experts,aerien_non_marin,BDA_18A4_20181106_2.jpg,5472,3648,2400.0,1.0,42.5,44.0,1,1870.0,0.00937,0.00777,0.01206,0.9659,0,0
uas_waterfowl_experts,aerien_non_marin,BDA_18A4_20181106_2.jpg,5472,3648,2592.0,14.0,57.0,37.0,1,2109.0,0.01057,0.01042,0.01014,1.5405,0,0
uas_waterfowl_experts,aerien_non_marin,BDA_18A4_20181106_2.jpg,5472,3648,1520.0,1643.5,85.0,34.0,1,2890.0,0.01448,0.01553,0.00932,2.5,0,0
uas_waterfowl_experts,aerien_non_marin,BDA_18A4_20181106_2.jpg,5472,3648,1555.0,1774.5,53.0,30.5,1,1616.5,0.0081,0.00969,0.00836,1.7377,0,0
uas_waterfowl_experts,aerien_non_marin,BDA_18A4_20181106_2.jpg,5472,3648,1537.0,1821.0,68.5,29.5,1,2020.75,0.01012,0.01252,0.00809,2.322,0,0
uas_waterfowl_experts,aerien_non_marin,BDA_18A4_20181106_2.jpg,5472,3648,1832.0,1808.0,37.5,53.5,1,2006.25,0.01005,0.00685,0.01467,0.7009,0,0
uas_waterfowl_experts,aerien_non_marin,BDA_18A4_20181106_2.jpg,5472,3648,1146.0,2923.0,60.0,37.5,1,2250.0,0.01127,0.01096,0.01028,1.6,0,0
uas_waterfowl_experts,aerien_non_marin,BDA_18A4_20181106_2.jpg,5472,3648,1214.0,2774.0,59.0,40.0,1,2360.0,0.01182,0.01078,0.01096,1.475,0,0
uas_waterfowl_experts,aerien_non_marin,BDA_18A4_20181106_2.jpg,5472,3648,2908.5,2337.5,41.5,58.5,1,2427.75,0.01216,0.00758,0.01604,0.7094,0,0
uas_waterfowl_experts,aerien_non_marin,BDA_18A4_20181106_2.jpg,5472,3648,2565.0,2200.0,49.5,47.0,1,2326.5,0.01165,0.00905,0.01288,1.0532,0,0
uas_waterfowl_experts,aerien_non_marin,BDA_18A4_20181106_2.jpg,5472,3648,2923.5,1964.0,58.0,40.0,1,2320.0,0.01162,0.0106,0.01096,1.45,0,0
uas_waterfowl_experts,aerien_non_marin,BDA_18A4_20181106_2.jpg,5472,3648,3260.5,1620.0,45.0,54.5,1,2452.5,0.01229,0.00822,0.01494,0.8257,0,0
uas_waterfowl_experts,aerien_non_marin,BDA_18A4_20181106_2.jpg,5472,3648,3174.0,1541.5,59.5,36.5,1,2171.75,0.01088,0.01087,0.01001,1.6301,0,0
uas_waterfowl_experts,aerien_non_marin,BDA_18A4_20181106_2.jpg,5472,3648,3159.5,1493.5,51.0,29.0,1,1479.0,0.00741,0.00932,0.00795,1.7586,0,0
uas_waterfowl_experts,aerien_non_marin,BDA_18A4_20181106_2.jpg,5472,3648,3124.0,1463.0,41.0,42.0,1,1722.0,0.00863,0.00749,0.01151,0.9762,0,0
uas_waterfowl_experts,aerien_non_marin,BDA_18A4_20181106_2.jpg,5472,3648,3200.5,1366.0,59.5,38.5,1,2290.75,0.01148,0.01087,0.01055,1.5455,0,0
uas_waterfowl_experts,aerien_non_marin,BDA_18A4_20181106_2.jpg,5472,3648,3294.0,1346.5,68.5,40.0,1,2740.0,0.01373,0.01252,0.01096,1.7125,0,0
uas_waterfowl_experts,aerien_non_marin,BDA_18A4_20181106_2.jpg,5472,3648,3334.5,1280.0,61.5,34.0,1,2091.0,0.01047,0.01124,0.00932,1.8088,0,0
uas_waterfowl_experts,aerien_non_marin,BDA_18A4_20181106_2.jpg,5472,3648,2792.5,1652.5,37.5,49.5,1,1856.25,0.0093,0.00685,0.01357,0.7576,0,0
uas_waterfowl_experts,aerien_non_marin,BDA_18A4_20181106_2.jpg,5472,3648,2854.0,1595.5,55.5,41.5,1,2303.25,0.01154,0.01014,0.01138,1.3373,0,0
uas_waterfowl_experts,aerien_non_marin,BDA_18A4_20181106_2.jpg,5472,3648,3017.0,1228.5,50.0,30.0,1,1500.0,0.00751,0.00914,0.00822,1.6667,0,0
uas_waterfowl_experts,aerien_non_marin,BDA_18A4_20181106_2.jpg,5472,3648,2961.5,1207.5,62.0,26.5,1,1643.0,0.00823,0.01133,0.00726,2.3396,0,0
uas_waterfowl_experts,aerien_non_marin,BDA_18A4_20181106_2.jpg,5472,3648,3171.0,1135.0,63.0,39.0,1,2457.0,0.01231,0.01151,0.01069,1.6154,0,0
uas_waterfowl_experts,aerien_non_marin,BDA_18A4_20181106_2.jpg,5472,3648,3415.5,691.5,44.0,55.5,1,2442.0,0.01223,0.00804,0.01521,0.7928,0,0
uas_waterfowl_experts,aerien_non_marin,BDA_18A4_20181106_2.jpg,5472,3648,728.0,1396.5,39.0,54.0,1,2106.0,0.01055,0.00713,0.0148,0.7222,0,0
uas_waterfowl_experts,aerien_non_marin,BDA_18A4_20181106_2.jpg,5472,3648,963.5,1391.5,70.0,36.0,1,2520.0,0.01262,0.01279,0.00987,1.9444,0,0
uas_waterfowl_experts,aerien_non_marin,BDA_18A4_20181106_2.jpg,5472,3648,2049.0,770.5,44.0,50.0,1,2200.0,0.01102,0.00804,0.01371,0.88,0,0
uas_waterfowl_experts,aerien_non_marin,BDA_18A4_20181106_2.jpg,5472,3648,2003.5,837.5,48.0,65.0,1,3120.0,0.01563,0.00877,0.01782,0.7385,0,0
uas_waterfowl_experts,aerien_non_marin,BDA_18A4_20181106_2.jpg,5472,3648,2195.0,894.5,47.0,56.5,1,2655.5,0.0133,0.00859,0.01549,0.8319,0,0
uas_waterfowl_experts,aerien_non_marin,BDA_18A4_20181106_2.jpg,5472,3648,2177.5,994.5,49.0,58.5,1,2866.5,0.01436,0.00895,0.01604,0.8376,0,0
uas_waterfowl_experts,aerien_non_marin,BDA_18A4_20181106_2.jpg,5472,3648,2624.5,3572.5,63.0,38.0,1,2394.0,0.01199,0.01151,0.01042,1.6579,0,0
uas_waterfowl_experts,aerien_non_marin,BDA_18A4_20181106_2.jpg,5472,3648,5127.5,3002.0,49.5,65.5,1,3242.25,0.01624,0.00905,0.01796,0.7557,0,0
uas_waterfowl_experts,aerien_non_marin,BDA_18A4_20181106_2.jpg,5472,3648,5280.5,3072.0,47.0,61.5,1,2890.5,0.01448,0.00859,0.01686,0.7642,0,0
uas_waterfowl_experts,aerien_non_marin,BDA_18A4_20181106_2.jpg,5472,3648,4612.5,2698.0,72.0,33.5,1,2412.0,0.01208,0.01316,0.00918,2.1493,0,0
uas_waterfowl_experts,aerien_non_marin,BDA_18A4_20181106_2.jpg,5472,3648,5303.0,1694.5,69.0,32.5,1,2242.5,0.01123,0.01261,0.00891,2.1231,0,0
uas_waterfowl_experts,aerien_non_marin,BDA_18A4_20181106_2.jpg,5472,3648,5277.5,1632.0,60.0,23.5,1,1410.0,0.00706,0.01096,0.00644,2.5532,0,0
uas_waterfowl_experts,aerien_non_marin,BDA_18A4_20181106_2.jpg,5472,3648,5353.0,1613.0,56.5,39.5,1,2231.75,0.01118,0.01033,0.01083,1.4304,0,0
uas_waterfowl_experts,aerien_non_marin,BDA_18A4_20181106_2.jpg,5472,3648,5456.0,1594.0,15.0,30.0,1,450.0,0.00225,0.00274,0.00822,0.5,0,0
uas_waterfowl_experts,aerien_non_marin,BDA_18A4_20181106_2.jpg,5472,3648,5260.0,1571.5,79.0,34.0,1,2686.0,0.01346,0.01444,0.00932,2.3235,0,0
uas_waterfowl_experts,aerien_non_marin,BDA_18A4_20181106_2.jpg,5472,3648,5243.5,1506.5,61.0,29.0,1,1769.0,0.00886,0.01115,0.00795,2.1034,0,0
uas_waterfowl_experts,aerien_non_marin,BDA_18A4_20181106_2.jpg,5472,3648,4658.0,1516.5,45.0,53.0,1,2385.0,0.01195,0.00822,0.01453,0.8491,0,0
uas_waterfowl_experts,aerien_non_marin,BDA_18A4_20181106_2.jpg,5472,3648,4594.0,1488.0,65.0,32.0,1,2080.0,0.01042,0.01188,0.00877,2.0312,0,0
uas_waterfowl_experts,aerien_non_marin,BDA_18A4_20181106_2.jpg,5472,3648,4745.5,1225.0,61.5,68.0,1,4182.0,0.02095,0.01124,0.01864,0.9044,0,0
uas_waterfowl_experts,aerien_non_marin,BDA_18A4_20181106_2.jpg,5472,3648,1462.5,1231.0,53.0,59.5,1,3153.5,0.0158,0.00969,0.01631,0.8908,0,0
uas_waterfowl_experts,aerien_non_marin,BDA_18A4_20181106_2.jpg,5472,3648,1373.5,203.0,82.0,37.0,1,3034.0,0.0152,0.01499,0.01014,2.2162,0,0
uas_waterfowl_experts,aerien_non_marin,BDA_18A4_20181106_2.jpg,5472,3648,787.0,673.5,51.5,36.5,1,1879.75,0.00942,0.00941,0.01001,1.411,0,0
uas_waterfowl_experts,aerien_non_marin,BDA_18A4_20181106_2.jpg,5472,3648,759.0,695.5,40.0,47.5,1,1900.0,0.00952,0.00731,0.01302,0.8421,0,0
uas_waterfowl_experts,aerien_non_marin,BDA_18A4_20181106_2.jpg,5472,3648,1147.5,767.0,74.5,38.5,1,2868.25,0.01437,0.01361,0.01055,1.9351,0,0
uas_waterfowl_experts,aerien_non_marin,BDA_18A4_20181106_2.jpg,5472,3648,1214.5,802.5,40.5,68.5,1,2774.25,0.0139,0.0074,0.01878,0.5912,0,0
uas_waterfowl_experts,aerien_non_marin,BDA_18A4_20181106_2.jpg,5472,3648,1230.0,936.0,64.0,43.0,1,2752.0,0.01379,0.0117,0.01179,1.4884,0,0
uas_waterfowl_experts,aerien_non_marin,BDA_18A4_20181106_2.jpg,5472,3648,1376.0,798.0,48.0,74.0,1,3552.0,0.01779,0.00877,0.02029,0.6486,0,0
uas_waterfowl_experts,aerien_non_marin,BDA_18A4_20181106_2.jpg,5472,3648,1398.0,861.0,50.0,33.0,1,1650.0,0.00827,0.00914,0.00905,1.5152,0,0
uas_waterfowl_experts,aerien_non_marin,BDA_18A4_20181106_2.jpg,5472,3648,1481.0,742.0,57.0,61.5,1,3505.5,0.01756,0.01042,0.01686,0.9268,0,0
uas_waterfowl_experts,aerien_non_marin,BDA_18A4_20181106_2.jpg,5472,3648,593.0,869.0,58.5,42.0,1,2457.0,0.01231,0.01069,0.01151,1.3929,0,0
uas_waterfowl_experts,aerien_non_marin,BDA_18A4_20181106_2.jpg,5472,3648,621.0,933.0,60.0,39.0,1,2340.0,0.01172,0.01096,0.01069,1.5385,0,0
uas_waterfowl_experts,aerien_non_marin,BDA_18A4_20181106_2.jpg,5472,3648,626.0,1039.0,59.5,49.0,1,2915.5,0.01461,0.01087,0.01343,1.2143,0,0
uas_waterfowl_experts,aerien_non_marin,BDA_18A4_20181106_2.jpg,5472,3648,861.5,1026.5,40.5,53.5,1,2166.75,0.01085,0.0074,0.01467,0.757,0,0
uas_waterfowl_experts,aerien_non_marin,BDA_18A4_20181106_2.jpg,5472,3648,817.0,1297.5,40.0,61.5,1,2460.0,0.01232,0.00731,0.01686,0.6504,0,0
uas_waterfowl_experts,aerien_non_marin,BDA_18A4_20181106_2.jpg,5472,3648,834.0,1372.0,53.0,62.0,1,3286.0,0.01646,0.00969,0.017,0.8548,0,0
uas_waterfowl_experts,aerien_non_marin,BDA_18A4_20181106_2.jpg,5472,3648,281.5,1061.0,63.5,36.5,1,2317.75,0.01161,0.0116,0.01001,1.7397,0,0
uas_waterfowl_experts,aerien_non_marin,BDA_18A4_20181106_2.jpg,5472,3648,1392.0,316.5,67.5,37.5,1,2531.25,0.01268,0.01234,0.01028,1.8,0,0
uas_waterfowl_experts,aerien_non_marin,BDA_18A4_20181106_2.jpg,5472,3648,1423.0,525.0,46.5,68.0,1,3162.0,0.01584,0.0085,0.01864,0.6838,0,0
uas_waterfowl_experts,aerien_non_marin,BDA_18A4_20181106_2.jpg,5472,3648,2027.0,745.0,71.0,29.0,1,2059.0,0.01031,0.01298,0.00795,2.4483,0,0
uas_waterfowl_experts,aerien_non_marin,BDA_18A4_20181106_2.jpg,5472,3648,2241.0,666.5,65.0,42.0,1,2730.0,0.01368,0.01188,0.01151,1.5476,0,0
uas_waterfowl_experts,aerien_non_marin,BDA_18A4_20181106_2.jpg,5472,3648,2383.5,1210.5,65.5,32.0,1,2096.0,0.0105,0.01197,0.00877,2.0469,0,0
uas_waterfowl_experts,aerien_non_marin,BDA_18A4_20181106_2.jpg,5472,3648,1992.0,1383.5,61.5,31.5,1,1937.25,0.0097,0.01124,0.00863,1.9524,0,0
uas_waterfowl_experts,aerien_non_marin,BDA_18A4_20181106_2.jpg,5472,3648,2016.5,1414.0,58.5,30.0,1,1755.0,0.00879,0.01069,0.00822,1.95,0,0
uas_waterfowl_experts,aerien_non_marin,BDA_18A4_20181106_2.jpg,5472,3648,1759.5,1592.0,62.5,35.0,1,2187.5,0.01096,0.01142,0.00959,1.7857,0,0
uas_waterfowl_experts,aerien_non_marin,BDA_18A4_20181106_2.jpg,5472,3648,951.0,1561.0,52.5,61.0,1,3202.5,0.01604,0.00959,0.01672,0.8607,0,0
uas_waterfowl_experts,aerien_non_marin,BDA_18A4_20181106_2.jpg,5472,3648,815.5,2058.5,63.0,56.0,1,3528.0,0.01767,0.01151,0.01535,1.125,0,0
uas_waterfowl_experts,aerien_non_marin,BDA_18A4_20181106_2.jpg,5472,3648,1187.0,3272.0,50.0,55.5,1,2775.0,0.0139,0.00914,0.01521,0.9009,0,0
uas_waterfowl_experts,aerien_non_marin,BDA_18A4_20181106_2.jpg,5472,3648,1167.0,3331.0,47.0,45.0,1,2115.0,0.0106,0.00859,0.01234,1.0444,0,0
uas_waterfowl_experts,aerien_non_marin,BDA_18A4_20181106_2.jpg,5472,3648,1249.5,3324.0,42.5,61.0,1,2592.5,0.01299,0.00777,0.01672,0.6967,0,0
uas_waterfowl_experts,aerien_non_marin,BDA_18A4_20181106_2.jpg,5472,3648,1204.0,3360.5,49.5,26.0,1,1287.0,0.00645,0.00905,0.00713,1.9038,0,0
uas_waterfowl_experts,aerien_non_marin,BDA_18A4_20181106_2.jpg,5472,3648,1333.5,3372.5,33.0,63.0,1,2079.0,0.01041,0.00603,0.01727,0.5238,0,0
uas_waterfowl_experts,aerien_non_marin,BDA_18A4_20181106_2.jpg,5472,3648,1374.0,3391.0,49.5,33.0,1,1633.5,0.00818,0.00905,0.00905,1.5,0,0
uas_waterfowl_experts,aerien_non_marin,BDA_18A4_20181106_2.jpg,5472,3648,1453.0,3195.0,45.5,49.0,1,2229.5,0.01117,0.00832,0.01343,0.9286,0,0
uas_waterfowl_experts,aerien_non_marin,BDA_18A4_20181106_2.jpg,5472,3648,1286.5,3524.0,45.5,60.0,1,2730.0,0.01368,0.00832,0.01645,0.7583,0,0
uas_waterfowl_experts,aerien_non_marin,BDA_18A4_20181106_2.jpg,5472,3648,990.0,3623.5,62.5,24.0,1,1500.0,0.00751,0.01142,0.00658,2.6042,0,0
uas_waterfowl_experts,aerien_non_marin,BDA_18A4_20181106_2.jpg,5472,3648,4357.5,3180.0,61.5,36.5,1,2244.75,0.01125,0.01124,0.01001,1.6849,0,0
uas_waterfowl_experts,aerien_non_marin,BDA_18A4_20181106_2.jpg,5472,3648,4390.0,3145.0,52.0,51.0,1,2652.0,0.01329,0.0095,0.01398,1.0196,0,0
uas_waterfowl_experts,aerien_non_marin,BDA_18A4_20181106_2.jpg,5472,3648,3615.0,2585.5,72.0,40.0,1,2880.0,0.01443,0.01316,0.01096,1.8,0,0
uas_waterfowl_experts,aerien_non_marin,BDA_18A4_20181106_2.jpg,5472,3648,3660.0,2521.0,67.0,34.5,1,2311.5,0.01158,0.01224,0.00946,1.942,0,0
uas_waterfowl_experts,aerien_non_marin,BDA_18A4_20181106_2.jpg,5472,3648,4275.5,2141.0,46.5,66.5,1,3092.25,0.01549,0.0085,0.01823,0.6992,0,0
uas_waterfowl_experts,aerien_non_marin,BDA_18A4_20181106_2.jpg,5472,3648,4450.0,1016.0,62.0,29.0,1,1798.0,0.00901,0.01133,0.00795,2.1379,0,0
uas_waterfowl_experts,aerien_non_marin,BDA_18A4_20181106_2.jpg,5472,3648,4761.5,955.0,64.0,39.0,1,2496.0,0.0125,0.0117,0.01069,1.641,0,0
uas_waterfowl_experts,aerien_non_marin,BDA_18A4_20181106_2.jpg,5472,3648,5209.0,502.0,53.0,57.0,1,3021.0,0.01513,0.00969,0.01562,0.9298,0,0
uas_waterfowl_experts,aerien_non_marin,BDA_18A4_20181106_2.jpg,5472,3648,5163.0,519.0,62.0,47.0,1,2914.0,0.0146,0.01133,0.01288,1.3191,0,0
uas_waterfowl_experts,aerien_non_marin,BDA_18A4_20181106_2.jpg,5472,3648,4486.0,603.0,56.0,32.0,1,1792.0,0.00898,0.01023,0.00877,1.75,0,0
uas_waterfowl_experts,aerien_non_marin,BDA_18A4_20181106_2.jpg,5472,3648,4529.0,695.0,58.0,36.0,1,2088.0,0.01046,0.0106,0.00987,1.6111,0,0
uas_waterfowl_experts,aerien_non_marin,BDA_18A4_20181106_2.jpg,5472,3648,4275.0,708.0,52.0,38.0,1,1976.0,0.0099,0.0095,0.01042,1.3684,0,0
uas_waterfowl_experts,aerien_non_marin,BDA_18A4_20181106_2.jpg,5472,3648,3515.0,99.0,66.0,48.0,1,3168.0,0.01587,0.01206,0.01316,1.375,0,0
uas_waterfowl_experts,aerien_non_marin,BDA_18A4_20181106_2.jpg,5472,3648,3261.0,139.0,83.0,37.0,1,3071.0,0.01538,0.01517,0.01014,2.2432,0,0
uas_waterfowl_experts,aerien_non_marin,BDA_18A4_20181106_2.jpg,5472,3648,2225.0,2647.5,77.0,86.0,1,6622.0,0.03317,0.01407,0.02357,0.8953,0,0
uas_waterfowl_experts,aerien_non_marin,BDA_18A4_20181106_2.jpg,5472,3648,1876.5,2716.5,37.0,67.0,1,2479.0,0.01242,0.00676,0.01837,0.5522,0,0
uas_waterfowl_experts,aerien_non_marin,BDA_18A4_20181106_2.jpg,5472,3648,754.5,2975.0,52.0,68.0,1,3536.0,0.01771,0.0095,0.01864,0.7647,0,0
uas_waterfowl_experts,aerien_non_marin,BDA_18A4_20181106_2.jpg,5472,3648,2097.5,2000.5,46.0,42.0,1,1932.0,0.00968,0.00841,0.01151,1.0952,0,0
uas_waterfowl_experts,aerien_non_marin,BDA_18A4_20181106_2.jpg,5472,3648,2230.0,1658.0,32.0,56.0,1,1792.0,0.00898,0.00585,0.01535,0.5714,0,0
uas_waterfowl_experts,aerien_non_marin,BDA_18A4_20181106_2.jpg,5472,3648,2244.0,1615.0,47.0,42.0,1,1974.0,0.00989,0.00859,0.01151,1.119,0,0
uas_waterfowl_experts,aerien_non_marin,BDA_18A4_20181106_2.jpg,5472,3648,2351.0,1669.0,41.0,65.0,1,2665.0,0.01335,0.00749,0.01782,0.6308,0,0
uas_waterfowl_experts,aerien_non_marin,BDA_18A4_20181106_2.jpg,5472,3648,2424.5,1562.0,64.5,34.5,1,2225.25,0.01115,0.01179,0.00946,1.8696,0,0
uas_waterfowl_experts,aerien_non_marin,BDA_18A4_20181106_2.jpg,5472,3648,2493.0,1577.5,35.0,48.5,1,1697.5,0.0085,0.0064,0.01329,0.7216,0,0
uas_waterfowl_experts,aerien_non_marin,BDA_18A4_20181106_2.jpg,5472,3648,2650.5,1663.0,38.0,49.5,1,1881.0,0.00942,0.00694,0.01357,0.7677,0,0
uas_waterfowl_experts,aerien_non_marin,BDA_18A4_20181106_2.jpg,5472,3648,2830.5,1777.0,63.5,43.5,1,2762.25,0.01384,0.0116,0.01192,1.4598,0,0
uas_waterfowl_experts,aerien_non_marin,BDA_18A4_20181106_2.jpg,5472,3648,2965.5,1702.0,44.0,59.5,1,2618.0,0.01312,0.00804,0.01631,0.7395,0,0
uas_waterfowl_experts,aerien_non_marin,BDA_18A4_20181106_2.jpg,5472,3648,3018.5,1558.5,70.5,36.5,1,2573.25,0.01289,0.01288,0.01001,1.9315,0,0
uas_waterfowl_experts,aerien_non_marin,BDA_18A4_20181106_2.jpg,5472,3648,3068.5,1608.5,72.0,38.5,1,2772.0,0.01389,0.01316,0.01055,1.8701,0,0
uas_waterfowl_experts,aerien_non_marin,BDA_18A4_20181106_2.jpg,5472,3648,3110.0,1757.5,67.0,40.5,1,2713.5,0.01359,0.01224,0.0111,1.6543,0,0
uas_waterfowl_experts,aerien_non_marin,BDA_18A4_20181106_2.jpg,5472,3648,2506.0,1857.0,50.0,52.5,1,2625.0,0.01315,0.00914,0.01439,0.9524,0,0
uas_waterfowl_experts,aerien_non_marin,BDA_18A4_20181106_2.jpg,5472,3648,2654.0,1816.5,55.0,50.5,1,2777.5,0.01391,0.01005,0.01384,1.0891,0,0
uas_waterfowl_experts,aerien_non_marin,BDA_18A4_20181106_2.jpg,5472,3648,2650.5,1121.0,78.5,43.0,1,3375.5,0.01691,0.01435,0.01179,1.8256,0,0
uas_waterfowl_experts,aerien_non_marin,BDA_18A4_20181106_2.jpg,5472,3648,3127.5,1022.0,58.0,46.5,1,2697.0,0.01351,0.0106,0.01275,1.2473,0,0
uas_waterfowl_experts,aerien_non_marin,BDA_18A4_20181106_2.jpg,5472,3648,3134.5,971.5,54.0,55.5,1,2997.0,0.01501,0.00987,0.01521,0.973,0,0
uas_waterfowl_experts,aerien_non_marin,BDA_18A4_20181106_2.jpg,5472,3648,5181.0,2.0,76.5,20.5,1,1568.25,0.00786,0.01398,0.00562,3.7317,0,0
uas_waterfowl_experts,aerien_non_marin,BDA_18A4_20181106_2.jpg,5472,3648,1250.0,7.5,63.5,29.0,1,1841.5,0.00923,0.0116,0.00795,2.1897,0,0
uas_waterfowl_experts,aerien_non_marin,BDA_18A4_20181106_2.jpg,5472,3648,1241.5,271.0,55.5,40.0,1,2220.0,0.01112,0.01014,0.01096,1.3875,0,0
uas_waterfowl_experts,aerien_non_marin,BDA_18A4_20181106_2.jpg,5472,3648,966.0,444.0,53.0,61.0,1,3233.0,0.0162,0.00969,0.01672,0.8689,0,0
uas_waterfowl_experts,aerien_non_marin,BDA_18A4_20181106_2.jpg,5472,3648,1041.5,1137.5,60.0,36.5,1,2190.0,0.01097,0.01096,0.01001,1.6438,0,0
uas_waterfowl_experts,aerien_non_marin,BDA_18A4_20181106_2.jpg,5472,3648,624.0,1143.5,63.0,34.0,1,2142.0,0.01073,0.01151,0.00932,1.8529,0,0
uas_waterfowl_experts,aerien_non_marin,BDA_18A4_20181106_2.jpg,5472,3648,604.5,1253.5,49.0,53.5,1,2621.5,0.01313,0.00895,0.01467,0.9159,0,0
uas_waterfowl_experts,aerien_non_marin,BDA_18A4_20181106_2.jpg,5472,3648,372.0,1483.5,51.5,49.0,1,2523.5,0.01264,0.00941,0.01343,1.051,0,0
uas_waterfowl_experts,aerien_non_marin,BDA_18A4_20181106_2.jpg,5472,3648,251.5,1668.5,53.5,65.5,1,3504.25,0.01755,0.00978,0.01796,0.8168,0,0
uas_waterfowl_experts,aerien_non_marin,BDA_18A4_20181106_2.jpg,5472,3648,161.5,1673.5,59.5,34.5,1,2052.75,0.01028,0.01087,0.00946,1.7246,0,0
uas_waterfowl_experts,aerien_non_marin,BDA_18A4_20181106_2.jpg,5472,3648,1572.5,373.0,35.0,55.0,1,1925.0,0.00964,0.0064,0.01508,0.6364,0,0
uas_waterfowl_experts,aerien_non_marin,BDA_18A4_20181106_2.jpg,5472,3648,1651.5,893.0,62.5,30.5,1,1906.25,0.00955,0.01142,0.00836,2.0492,0,0
uas_waterfowl_experts,aerien_non_marin,BDA_18A4_20181106_2.jpg,5472,3648,1727.0,890.0,48.0,52.0,1,2496.0,0.0125,0.00877,0.01425,0.9231,0,0
uas_waterfowl_experts,aerien_non_marin,BDA_18A4_20181106_2.jpg,5472,3648,1746.5,769.0,46.0,46.0,1,2116.0,0.0106,0.00841,0.01261,1.0,0,0
uas_waterfowl_experts,aerien_non_marin,BDA_18A4_20181106_2.jpg,5472,3648,1889.0,669.0,41.5,51.5,1,2137.25,0.01071,0.00758,0.01412,0.8058,0,0
uas_waterfowl_experts,aerien_non_marin,BDA_18A4_20181106_2.jpg,5472,3648,2261.5,875.5,79.0,41.0,1,3239.0,0.01623,0.01444,0.01124,1.9268,0,0
uas_waterfowl_experts,aerien_non_marin,BDA_18A4_20181106_2.jpg,5472,3648,2097.5,1130.5,69.0,41.5,1,2863.5,0.01434,0.01261,0.01138,1.6627,0,0
uas_waterfowl_experts,aerien_non_marin,BDA_18A4_20181106_2.jpg,5472,3648,2169.0,1188.5,64.0,29.5,1,1888.0,0.00946,0.0117,0.00809,2.1695,0,0
uas_waterfowl_experts,aerien_non_marin,BDA_18A4_20181106_2.jpg,5472,3648,2143.0,1211.0,71.5,32.0,1,2288.0,0.01146,0.01307,0.00877,2.2344,0,0
uas_waterfowl_experts,aerien_non_marin,BDA_18A4_20181106_2.jpg,5472,3648,2398.0,1249.0,61.0,30.5,1,1860.5,0.00932,0.01115,0.00836,2.0,0,0
uas_waterfowl_experts,aerien_non_marin,BDA_18A4_20181106_2.jpg,5472,3648,2159.0,1441.0,65.5,54.5,1,3569.75,0.01788,0.01197,0.01494,1.2018,0,0
uas_waterfowl_experts,aerien_non_marin,BDA_18A4_20181106_2.jpg,5472,3648,1756.5,1525.0,36.5,62.5,1,2281.25,0.01143,0.00667,0.01713,0.584,0,0
uas_waterfowl_experts,aerien_non_marin,BDA_18A4_20181106_2.jpg,5472,3648,1792.5,1489.5,58.5,31.5,1,1842.75,0.00923,0.01069,0.00863,1.8571,0,0
uas_waterfowl_experts,aerien_non_marin,BDA_18A4_20181106_2.jpg,5472,3648,1893.0,1577.5,38.0,65.0,1,2470.0,0.01237,0.00694,0.01782,0.5846,0,0
uas_waterfowl_experts,aerien_non_marin,BDA_18A4_20181106_2.jpg,5472,3648,1956.0,1603.5,41.5,52.0,1,2158.0,0.01081,0.00758,0.01425,0.7981,0,0
uas_waterfowl_experts,aerien_non_marin,BDA_18A4_20181106_2.jpg,5472,3648,1184.5,1446.5,65.5,37.0,1,2423.5,0.01214,0.01197,0.01014,1.7703,0,0
uas_waterfowl_experts,aerien_non_marin,BDA_18A4_20181106_2.jpg,5472,3648,1239.0,1458.5,65.0,37.5,1,2437.5,0.01221,0.01188,0.01028,1.7333,0,0
uas_waterfowl_experts,aerien_non_marin,BDA_18A4_20181106_2.jpg,5472,3648,1344.5,1557.0,47.0,54.0,1,2538.0,0.01271,0.00859,0.0148,0.8704,0,0
uas_waterfowl_experts,aerien_non_marin,BDA_18A4_20181106_2.jpg,5472,3648,1156.5,1548.0,47.5,60.0,1,2850.0,0.01428,0.00868,0.01645,0.7917,0,0
uas_waterfowl_experts,aerien_non_marin,BDA_18A4_20181106_2.jpg,5472,3648,1054.0,1481.5,40.5,51.0,1,2065.5,0.01035,0.0074,0.01398,0.7941,0,0
uas_waterfowl_experts,aerien_non_marin,BDA_18A4_20181106_2.jpg,5472,3648,1060.5,1753.0,65.0,38.0,1,2470.0,0.01237,0.01188,0.01042,1.7105,0,0
uas_waterfowl_experts,aerien_non_marin,BDA_18A4_20181106_2.jpg,5472,3648,1206.0,1787.5,57.0,40.0,1,2280.0,0.01142,0.01042,0.01096,1.425,0,0
uas_waterfowl_experts,aerien_non_marin,BDA_18A4_20181106_2.jpg,5472,3648,1223.5,1837.0,53.0,46.0,1,2438.0,0.01221,0.00969,0.01261,1.1522,0,0
uas_waterfowl_experts,aerien_non_marin,BDA_18A4_20181106_2.jpg,5472,3648,1097.5,1848.0,68.0,36.0,1,2448.0,0.01226,0.01243,0.00987,1.8889,0,0
uas_waterfowl_experts,aerien_non_marin,BDA_18A4_20181106_2.jpg,5472,3648,1401.0,1863.0,30.0,54.0,1,1620.0,0.00812,0.00548,0.0148,0.5556,0,0
uas_waterfowl_experts,aerien_non_marin,BDA_18A4_20181106_2.jpg,5472,3648,366.0,1878.5,64.0,39.5,1,2528.0,0.01266,0.0117,0.01083,1.6203,0,0
uas_waterfowl_experts,aerien_non_marin,BDA_18A4_20181106_2.jpg,5472,3648,136.0,1976.0,60.0,41.5,1,2490.0,0.01247,0.01096,0.01138,1.4458,0,0
uas_waterfowl_experts,aerien_non_marin,BDA_18A4_20181106_2.jpg,5472,3648,736.5,2006.0,49.0,57.0,1,2793.0,0.01399,0.00895,0.01562,0.8596,0,0
uas_waterfowl_experts,aerien_non_marin,BDA_18A4_20181106_2.jpg,5472,3648,252.0,2460.5,61.0,48.5,1,2958.5,0.01482,0.01115,0.01329,1.2577,0,0
uas_waterfowl_experts,aerien_non_marin,BDA_18A4_20181106_2.jpg,5472,3648,200.0,2552.0,57.0,58.0,1,3306.0,0.01656,0.01042,0.0159,0.9828,0,0
uas_waterfowl_experts,aerien_non_marin,BDA_18A4_20181106_2.jpg,5472,3648,307.0,2610.0,63.5,49.0,1,3111.5,0.01559,0.0116,0.01343,1.2959,0,0
uas_waterfowl_experts,aerien_non_marin,BDA_18A4_20181106_2.jpg,5472,3648,419.0,3036.0,53.0,63.5,1,3365.5,0.01686,0.00969,0.01741,0.8346,0,0
uas_waterfowl_experts,aerien_non_marin,BDA_18A4_20181106_2.jpg,5472,3648,531.0,3149.5,53.5,55.0,1,2942.5,0.01474,0.00978,0.01508,0.9727,0,0
uas_waterfowl_experts,aerien_non_marin,BDA_18A4_20181106_2.jpg,5472,3648,516.0,3203.0,52.0,31.0,1,1612.0,0.00808,0.0095,0.0085,1.6774,0,0
uas_waterfowl_experts,aerien_non_marin,BDA_18A4_20181106_2.jpg,5472,3648,549.5,3535.0,40.0,58.5,1,2340.0,0.01172,0.00731,0.01604,0.6838,0,0
uas_waterfowl_experts,aerien_non_marin,BDA_18A4_20181106_2.jpg,5472,3648,589.5,3541.0,37.0,55.0,1,2035.0,0.01019,0.00676,0.01508,0.6727,0,0
uas_waterfowl_experts,aerien_non_marin,BDA_18A4_20181106_2.jpg,5472,3648,672.0,3549.0,52.5,46.0,1,2415.0,0.0121,0.00959,0.01261,1.1413,0,0
uas_waterfowl_experts,aerien_non_marin,BDA_18A4_20181106_2.jpg,5472,3648,784.0,3274.5,55.0,53.5,1,2942.5,0.01474,0.01005,0.01467,1.028,0,0
uas_waterfowl_experts,aerien_non_marin,BDA_18A4_20181106_2.jpg,5472,3648,919.0,3176.0,55.0,56.5,1,3107.5,0.01557,0.01005,0.01549,0.9735,0,0
uas_waterfowl_experts,aerien_non_marin,BDA_18A4_20181106_2.jpg,5472,3648,963.5,3246.5,57.5,54.0,1,3105.0,0.01555,0.01051,0.0148,1.0648,0,0
uas_waterfowl_experts,aerien_non_marin,BDA_18A4_20181106_2.jpg,5472,3648,952.5,3385.0,65.0,44.5,1,2892.5,0.01449,0.01188,0.0122,1.4607,0,0
uas_waterfowl_experts,aerien_non_marin,BDA_18A4_20181106_2.jpg,5472,3648,941.5,3407.5,44.0,58.5,1,2574.0,0.01289,0.00804,0.01604,0.7521,0,0
uas_waterfowl_experts,aerien_non_marin,BDA_18A4_20181106_2.jpg,5472,3648,1093.0,3416.5,44.0,57.5,1,2530.0,0.01267,0.00804,0.01576,0.7652,0,0
uas_waterfowl_experts,aerien_non_marin,BDA_18A4_20181106_2.jpg,5472,3648,1124.0,3193.5,38.5,62.5,1,2406.25,0.01205,0.00704,0.01713,0.616,0,0
uas_waterfowl_experts,aerien_non_marin,BDA_18A4_20181106_2.jpg,5472,3648,1233.0,3107.0,46.5,48.5,1,2255.25,0.0113,0.0085,0.01329,0.9588,0,0
uas_waterfowl_experts,aerien_non_marin,BDA_18A4_20181106_2.jpg,5472,3648,1841.5,3493.0,71.5,37.5,1,2681.25,0.01343,0.01307,0.01028,1.9067,0,0
uas_waterfowl_experts,aerien_non_marin,BDA_18A4_20181106_2.jpg,5472,3648,1916.0,3605.0,61.0,37.0,1,2257.0,0.01131,0.01115,0.01014,1.6486,0,0
uas_waterfowl_experts,aerien_non_marin,BDA_18A4_20181106_2.jpg,5472,3648,1575.5,3411.5,73.5,29.0,1,2131.5,0.01068,0.01343,0.00795,2.5345,0,0
uas_waterfowl_experts,aerien_non_marin,BDA_18A4_20181106_2.jpg,5472,3648,1715.0,3393.5,71.5,35.0,1,2502.5,0.01254,0.01307,0.00959,2.0429,0,0
uas_waterfowl_experts,aerien_non_marin,BDA_18A4_20181106_2.jpg,5472,3648,1747.0,3318.0,42.0,48.0,1,2016.0,0.0101,0.00768,0.01316,0.875,0,0
uas_waterfowl_experts,aerien_non_marin,BDA_18A4_20181106_2.jpg,5472,3648,1962.0,3159.5,48.0,58.5,1,2808.0,0.01407,0.00877,0.01604,0.8205,0,0
uas_waterfowl_experts,aerien_non_marin,BDA_18A4_20181106_2.jpg,5472,3648,2147.5,3151.5,67.0,36.5,1,2445.5,0.01225,0.01224,0.01001,1.8356,0,0
uas_waterfowl_experts,aerien_non_marin,BDA_18A4_20181106_2.jpg,5472,3648,2243.5,3124.0,49.5,30.5,1,1509.75,0.00756,0.00905,0.00836,1.623,0,0
uas_waterfowl_experts,aerien_non_marin,BDA_18A4_20181106_2.jpg,5472,3648,2473.0,3328.0,56.0,57.0,1,3192.0,0.01599,0.01023,0.01562,0.9825,0,0
uas_waterfowl_experts,aerien_non_marin,BDA_18A4_20181106_2.jpg,5472,3648,3907.5,3544.5,60.5,44.0,1,2662.0,0.01334,0.01106,0.01206,1.375,0,0
uas_waterfowl_experts,aerien_non_marin,BDA_18A4_20181106_2.jpg,5472,3648,4306.5,3032.5,54.5,61.0,1,3324.5,0.01665,0.00996,0.01672,0.8934,0,0
uas_waterfowl_experts,aerien_non_marin,BDA_18A4_20181106_2.jpg,5472,3648,4309.0,2967.0,58.0,43.0,1,2494.0,0.01249,0.0106,0.01179,1.3488,0,0
uas_waterfowl_experts,aerien_non_marin,BDA_18A4_20181106_2.jpg,5472,3648,4158.5,3021.0,68.0,33.0,1,2244.0,0.01124,0.01243,0.00905,2.0606,0,0
uas_waterfowl_experts,aerien_non_marin,BDA_18A4_20181106_2.jpg,5472,3648,4177.0,3107.5,44.5,41.5,1,1846.75,0.00925,0.00813,0.01138,1.0723,0,0
uas_waterfowl_experts,aerien_non_marin,BDA_18A4_20181106_2.jpg,5472,3648,4137.0,2794.0,75.0,53.0,1,3975.0,0.01991,0.01371,0.01453,1.4151,0,0
uas_waterfowl_experts,aerien_non_marin,BDA_18A4_20181106_2.jpg,5472,3648,4474.5,2890.5,60.5,53.0,1,3206.5,0.01606,0.01106,0.01453,1.1415,0,0
uas_waterfowl_experts,aerien_non_marin,BDA_18A4_20181106_2.jpg,5472,3648,4696.0,3182.0,29.0,49.0,1,1421.0,0.00712,0.0053,0.01343,0.5918,0,0
uas_waterfowl_experts,aerien_non_marin,BDA_18A4_20181106_2.jpg,5472,3648,4714.5,3155.0,41.0,44.0,1,1804.0,0.00904,0.00749,0.01206,0.9318,0,0
uas_waterfowl_experts,aerien_non_marin,BDA_18A4_20181106_2.jpg,5472,3648,4941.5,3407.0,63.5,43.0,1,2730.5,0.01368,0.0116,0.01179,1.4767,0,0
uas_waterfowl_experts,aerien_non_marin,BDA_18A4_20181106_2.jpg,5472,3648,5205.5,3428.5,71.5,32.0,1,2288.0,0.01146,0.01307,0.00877,2.2344,0,0
uas_waterfowl_experts,aerien_non_marin,BDA_18A4_20181106_2.jpg,5472,3648,5266.5,3383.0,41.5,53.0,1,2199.5,0.01102,0.00758,0.01453,0.783,0,0
uas_waterfowl_experts,aerien_non_marin,BDA_18A4_20181106_2.jpg,5472,3648,4855.5,2687.0,55.5,49.5,1,2747.25,0.01376,0.01014,0.01357,1.1212,0,0
uas_waterfowl_experts,aerien_non_marin,BDA_18A4_20181106_2.jpg,5472,3648,4793.0,2517.0,67.0,40.0,1,2680.0,0.01343,0.01224,0.01096,1.675,0,0
uas_waterfowl_experts,aerien_non_marin,BDA_18A4_20181106_2.jpg,5472,3648,4838.5,2486.5,61.0,33.5,1,2043.5,0.01024,0.01115,0.00918,1.8209,0,0
uas_waterfowl_experts,aerien_non_marin,BDA_18A4_20181106_2.jpg,5472,3648,5092.5,2463.5,61.0,30.5,1,1860.5,0.00932,0.01115,0.00836,2.0,0,0
uas_waterfowl_experts,aerien_non_marin,BDA_18A4_20181106_2.jpg,5472,3648,5119.0,2491.5,44.0,35.5,1,1562.0,0.00782,0.00804,0.00973,1.2394,0,0
uas_waterfowl_experts,aerien_non_marin,BDA_18A4_20181106_2.jpg,5472,3648,4439.5,2429.0,44.0,55.5,1,2442.0,0.01223,0.00804,0.01521,0.7928,0,0
uas_waterfowl_experts,aerien_non_marin,BDA_18A4_20181106_2.jpg,5472,3648,4451.0,2357.0,77.0,46.0,1,3542.0,0.01774,0.01407,0.01261,1.6739,0,0
uas_waterfowl_experts,aerien_non_marin,BDA_18A4_20181106_2.jpg,5472,3648,3336.0,2851.0,55.5,61.5,1,3413.25,0.0171,0.01014,0.01686,0.9024,0,0
uas_waterfowl_experts,aerien_non_marin,BDA_18A4_20181106_2.jpg,5472,3648,3130.5,2612.0,54.5,45.5,1,2479.75,0.01242,0.00996,0.01247,1.1978,0,0
uas_waterfowl_experts,aerien_non_marin,BDA_18A4_20181106_2.jpg,5472,3648,3156.5,2650.0,62.0,38.5,1,2387.0,0.01196,0.01133,0.01055,1.6104,0,0
uas_waterfowl_experts,aerien_non_marin,BDA_18A4_20181106_2.jpg,5472,3648,3129.5,2471.5,49.5,52.5,1,2598.75,0.01302,0.00905,0.01439,0.9429,0,0
uas_waterfowl_experts,aerien_non_marin,BDA_18A4_20181106_2.jpg,5472,3648,3127.0,2443.0,36.0,43.0,1,1548.0,0.00775,0.00658,0.01179,0.8372,0,0
uas_waterfowl_experts,aerien_non_marin,BDA_18A4_20181106_2.jpg,5472,3648,4844.0,1895.5,71.0,42.0,1,2982.0,0.01494,0.01298,0.01151,1.6905,0,0
uas_waterfowl_experts,aerien_non_marin,BDA_18A4_20181106_2.jpg,5472,3648,4364.0,1332.5,63.5,49.0,1,3111.5,0.01559,0.0116,0.01343,1.2959,0,0
uas_waterfowl_experts,aerien_non_marin,BDA_18A4_20181106_2.jpg,5472,3648,4187.0,1492.0,57.0,59.0,1,3363.0,0.01685,0.01042,0.01617,0.9661,0,0
uas_waterfowl_experts,aerien_non_marin,BDA_18A4_20181106_2.jpg,5472,3648,4943.0,746.0,69.0,28.0,1,1932.0,0.00968,0.01261,0.00768,2.4643,0,0
uas_waterfowl_experts,aerien_non_marin,BDA_18A4_20181106_2.jpg,5472,3648,4988.0,535.0,71.0,38.0,1,2698.0,0.01352,0.01298,0.01042,1.8684,0,0
uas_waterfowl_experts,aerien_non_marin,BDA_18A4_20181106_2.jpg,5472,3648,4799.0,583.0,76.0,41.0,1,3116.0,0.01561,0.01389,0.01124,1.8537,0,0
uas_waterfowl_experts,aerien_non_marin,BDA_18A4_20181106_2.jpg,5472,3648,4239.0,572.0,55.0,46.0,1,2530.0,0.01267,0.01005,0.01261,1.1957,0,0
uas_waterfowl_experts,aerien_non_marin,BDA_18A4_20181106_2.jpg,5472,3648,2976.5,230.0,69.5,49.5,1,3440.25,0.01723,0.0127,0.01357,1.404,0,0
uas_waterfowl_experts,aerien_non_marin,BDA_18A4_20181106_2.jpg,5472,3648,1824.0,0.0,55.0,17.5,1,962.5,0.00482,0.01005,0.0048,3.1429,0,0
uas_waterfowl_experts,aerien_non_marin,BDA_18A4_20181106_2.jpg,5472,3648,1864.5,2.0,43.5,34.5,1,1500.75,0.00752,0.00795,0.00946,1.2609,0,0
uas_waterfowl_experts,aerien_non_marin,BDA_18A4_20181106_2.jpg,5472,3648,2034.0,0.0,60.0,26.0,1,1560.0,0.00781,0.01096,0.00713,2.3077,0,0
uas_waterfowl_experts,aerien_non_marin,BDA_18A4_20181106_2.jpg,5472,3648,2064.0,170.5,79.5,44.0,1,3498.0,0.01752,0.01453,0.01206,1.8068,0,0
uas_waterfowl_experts,aerien_non_marin,BDA_18A4_20181106_2.jpg,5472,3648,205.0,25.0,52.0,53.0,1,2756.0,0.01381,0.0095,0.01453,0.9811,0,0
uas_waterfowl_experts,aerien_non_marin,BDA_18A4_20181106_2.jpg,5472,3648,1710.0,1852.5,51.0,70.5,1,3595.5,0.01801,0.00932,0.01933,0.7234,0,0
uas_waterfowl_experts,aerien_non_marin,BDA_18A4_20181106_2.jpg,5472,3648,2001.5,2577.0,53.0,36.5,1,1934.5,0.00969,0.00969,0.01001,1.4521,0,0
uas_waterfowl_experts,aerien_non_marin,BDA_18A4_20181106_2.jpg,5472,3648,2036.0,2548.5,51.0,39.0,1,1989.0,0.00996,0.00932,0.01069,1.3077,0,0
uas_waterfowl_experts,aerien_non_marin,BDA_18A4_20181106_2.jpg,5472,3648,767.5,2598.5,57.5,51.5,1,2961.25,0.01483,0.01051,0.01412,1.1165,0,0
uas_waterfowl_experts,aerien_non_marin,BDA_18A4_20181106_2.jpg,5472,3648,659.0,2708.0,56.5,46.5,1,2627.25,0.01316,0.01033,0.01275,1.2151,0,0
uas_waterfowl_experts,aerien_non_marin,BDA_18A4_20181106_2.jpg,5472,3648,2159.5,2160.0,51.0,43.0,1,2193.0,0.01099,0.00932,0.01179,1.186,0,0
uas_waterfowl_experts,aerien_non_marin,BDA_18A4_20181106_2.jpg,5472,3648,2325.0,1981.0,55.5,46.5,1,2580.75,0.01293,0.01014,0.01275,1.1935,0,0
uas_waterfowl_experts,aerien_non_marin,BDA_18A4_20181106_2.jpg,5472,3648,2274.5,1889.5,48.5,36.0,1,1746.0,0.00875,0.00886,0.00987,1.3472,0,0
uas_waterfowl_experts,aerien_non_marin,BDA_18A4_20181106_2.jpg,5472,3648,2217.5,1940.0,39.0,60.0,1,2340.0,0.01172,0.00713,0.01645,0.65,0,0
uas_waterfowl_experts,aerien_non_marin,BDA_18A4_20181106_2.jpg,5472,3648,3009.0,1366.0,54.5,39.0,1,2125.5,0.01065,0.00996,0.01069,1.3974,0,0
uas_waterfowl_experts,aerien_non_marin,BDA_18A4_20181106_2.jpg,5472,3648,3062.0,1374.0,37.0,44.0,1,1628.0,0.00816,0.00676,0.01206,0.8409,0,0
uas_waterfowl_experts,aerien_non_marin,BDA_18A4_20181106_2.jpg,5472,3648,2748.5,1372.5,33.0,62.0,1,2046.0,0.01025,0.00603,0.017,0.5323,0,0
uas_waterfowl_experts,aerien_non_marin,BDA_18A4_20181106_2.jpg,5472,3648,2726.0,1350.0,29.0,58.0,1,1682.0,0.00843,0.0053,0.0159,0.5,0,0
uas_waterfowl_experts,aerien_non_marin,BDA_18A4_20181106_2.jpg,5472,3648,2666.0,1541.5,51.0,68.0,1,3468.0,0.01737,0.00932,0.01864,0.75,0,0
uas_waterfowl_experts,aerien_non_marin,BDA_18A4_20181106_2.jpg,5472,3648,3481.5,1657.5,64.0,30.5,1,1952.0,0.00978,0.0117,0.00836,2.0984,0,0
uas_waterfowl_experts,aerien_non_marin,BDA_18A4_20181106_2.jpg,5472,3648,3484.5,1692.0,63.0,31.5,1,1984.5,0.00994,0.01151,0.00863,2.0,0,0
uas_waterfowl_experts,aerien_non_marin,BDA_18A4_20181106_2.jpg,5472,3648,2723.0,1174.5,65.5,39.5,1,2587.25,0.01296,0.01197,0.01083,1.6582,0,0
uas_waterfowl_experts,aerien_non_marin,BDA_18A4_20181106_2.jpg,5472,3648,2852.0,1119.0,50.0,49.5,1,2475.0,0.0124,0.00914,0.01357,1.0101,0,0
uas_waterfowl_experts,aerien_non_marin,BDA_18A4_20181106_2.jpg,5472,3648,2425.5,808.5,52.5,47.0,1,2467.5,0.01236,0.00959,0.01288,1.117,0,0
uas_waterfowl_experts,aerien_non_marin,BDA_18A4_20181106_2.jpg,5472,3648,2417.5,824.5,32.0,50.0,1,1600.0,0.00802,0.00585,0.01371,0.64,0,0
uas_waterfowl_experts,aerien_non_marin,BDA_18A4_20181106_2.jpg,5472,3648,2634.0,886.0,45.5,68.0,1,3094.0,0.0155,0.00832,0.01864,0.6691,0,0
uas_waterfowl_experts,aerien_non_marin,BDA_18A4_20181106_2.jpg,5472,3648,2729.0,873.0,67.0,37.0,1,2479.0,0.01242,0.01224,0.01014,1.8108,0,0
uas_waterfowl_experts,aerien_non_marin,BDA_18A4_20181106_2.jpg,5472,3648,2875.5,834.5,81.5,34.0,1,2771.0,0.01388,0.01489,0.00932,2.3971,0,0
uas_waterfowl_experts,aerien_non_marin,BDA_18A4_20181106_2.jpg,5472,3648,3659.0,1254.5,42.5,64.0,1,2720.0,0.01363,0.00777,0.01754,0.6641,0,0
uas_waterfowl_experts,aerien_non_marin,BDA_18A4_20181106_2.jpg,5472,3648,3682.5,1203.5,67.5,38.0,1,2565.0,0.01285,0.01234,0.01042,1.7763,0,0
uas_waterfowl_experts,aerien_non_marin,BDA_18A4_20181106_2.jpg,5472,3648,1256.0,1162.0,62.5,33.5,1,2093.75,0.01049,0.01142,0.00918,1.8657,0,0
uas_waterfowl_experts,aerien_non_marin,BDA_18A4_20181106_2.jpg,5472,3648,3915.5,1170.5,74.0,56.0,1,4144.0,0.02076,0.01352,0.01535,1.3214,0,0
uas_waterfowl_experts,aerien_non_marin,BDA_18A4_20181106_2.jpg,5472,3648,79.5,1598.5,57.0,28.5,1,1624.5,0.00814,0.01042,0.00781,2.0,0,0
uas_waterfowl_experts,aerien_non_marin,BDA_18A4_20181106_2.jpg,5472,3648,26.0,1585.0,55.0,41.0,1,2255.0,0.0113,0.01005,0.01124,1.3415,0,0
uas_waterfowl_experts,aerien_non_marin,BDA_18A4_20181106_2.jpg,5472,3648,3981.0,2924.0,71.0,51.0,1,3621.0,0.01814,0.01298,0.01398,1.3922,0,0
uas_waterfowl_experts,aerien_non_marin,BDA_18A4_20181106_2.jpg,5472,3648,4490.5,2982.0,64.0,54.0,1,3456.0,0.01731,0.0117,0.0148,1.1852,0,0
uas_waterfowl_experts,aerien_non_marin,BDA_18A4_20181106_2.jpg,5472,3648,3911.0,1490.0,56.0,31.0,1,1736.0,0.0087,0.01023,0.0085,1.8065,0,0
uas_waterfowl_experts,aerien_non_marin,BDA_18A4_20181106_2.jpg,5472,3648,1982.0,1802.5,62.0,33.5,1,2077.0,0.0104,0.01133,0.00918,1.8507,0,0
uas_waterfowl_experts,aerien_non_marin,BDA_18A4_20181106_2.jpg,5472,3648,4368.0,1461.0,71.5,54.0,1,3861.0,0.01934,0.01307,0.0148,1.3241,0,0
uas_waterfowl_experts,aerien_non_marin,BDA_18A4_20181106_2.jpg,5472,3648,4114.0,432.0,79.0,42.0,1,3318.0,0.01662,0.01444,0.01151,1.881,0,0
uas_waterfowl_experts,aerien_non_marin,BDA_18A4_20181106_2.jpg,5472,3648,4427.0,792.0,60.0,31.0,1,1860.0,0.00932,0.01096,0.0085,1.9355,0,0
uas_waterfowl_experts,aerien_non_marin,BDA_18A4_20181106_3.jpg,5472,3648,412.0,3440.0,63.0,77.0,1,4851.0,0.0243,0.01151,0.02111,0.8182,0,0
uas_waterfowl_experts,aerien_non_marin,BDA_18A4_20181106_3.jpg,5472,3648,529.0,3421.0,88.0,54.0,1,4752.0,0.02381,0.01608,0.0148,1.6296,0,0
uas_waterfowl_experts,aerien_non_marin,BDA_18A4_20181106_3.jpg,5472,3648,2063.0,1824.0,75.0,52.0,1,3900.0,0.01954,0.01371,0.01425,1.4423,0,0
uas_waterfowl_experts,aerien_non_marin,BDA_18A4_20181106_3.jpg,5472,3648,2103.0,976.0,89.0,52.0,1,4628.0,0.02318,0.01626,0.01425,1.7115,0,0
uas_waterfowl_experts,aerien_non_marin,BDA_18A4_20181106_3.jpg,5472,3648,1837.5,1261.5,49.5,79.5,1,3935.25,0.01971,0.00905,0.02179,0.6226,0,0
uas_waterfowl_experts,aerien_non_marin,BDA_18A4_20181106_3.jpg,5472,3648,2684.0,3324.0,76.0,65.0,1,4940.0,0.02475,0.01389,0.01782,1.1692,0,0
uas_waterfowl_experts,aerien_non_marin,BDA_18A4_20181106_3.jpg,5472,3648,2636.0,3166.0,74.0,49.0,1,3626.0,0.01816,0.01352,0.01343,1.5102,0,0
uas_waterfowl_experts,aerien_non_marin,BDA_18A4_20181106_3.jpg,5472,3648,2318.0,2925.0,66.0,51.0,1,3366.0,0.01686,0.01206,0.01398,1.2941,0,0
uas_waterfowl_experts,aerien_non_marin,BDA_18A4_20181106_3.jpg,5472,3648,5162.0,1653.0,50.0,77.0,1,3850.0,0.01929,0.00914,0.02111,0.6494,0,0
uas_waterfowl_experts,aerien_non_marin,BDA_18A4_20181106_3.jpg,5472,3648,3589.0,551.0,97.0,43.5,1,4219.5,0.02114,0.01773,0.01192,2.2299,0,0
uas_waterfowl_experts,aerien_non_marin,BDA_18A4_20181106_3.jpg,5472,3648,3796.0,202.0,101.0,50.0,1,5050.0,0.0253,0.01846,0.01371,2.02,0,0
uas_waterfowl_experts,aerien_non_marin,BDA_18A4_20181106_3.jpg,5472,3648,4113.0,2962.0,106.0,60.0,1,6360.0,0.03186,0.01937,0.01645,1.7667,0,0
uas_waterfowl_experts,aerien_non_marin,BDA_18A4_20181106_3.jpg,5472,3648,3436.0,113.0,110.0,57.0,1,6270.0,0.03141,0.0201,0.01562,1.9298,0,0
uas_waterfowl_experts,aerien_non_marin,BDA_18A4_20181106_3.jpg,5472,3648,3772.0,298.0,70.0,61.0,1,4270.0,0.02139,0.01279,0.01672,1.1475,0,0
uas_waterfowl_experts,aerien_non_marin,BDA_18A4_20181106_3.jpg,5472,3648,4779.0,194.0,92.0,47.0,1,4324.0,0.02166,0.01681,0.01288,1.9574,0,0
uas_waterfowl_experts,aerien_non_marin,BDA_18A4_20181106_3.jpg,5472,3648,2456.0,3382.0,58.0,82.0,1,4756.0,0.02383,0.0106,0.02248,0.7073,0,0
uas_waterfowl_experts,aerien_non_marin,BDA_18A4_20181106_3.jpg,5472,3648,1517.0,2659.0,79.0,56.0,1,4424.0,0.02216,0.01444,0.01535,1.4107,0,0
uas_waterfowl_experts,aerien_non_marin,BDA_18A4_20181106_3.jpg,5472,3648,3238.0,2171.0,98.0,78.0,1,7644.0,0.03829,0.01791,0.02138,1.2564,0,0
uas_waterfowl_experts,aerien_non_marin,BDA_18A4_20181106_3.jpg,5472,3648,3570.0,1945.0,86.0,50.0,1,4300.0,0.02154,0.01572,0.01371,1.72,0,0
uas_waterfowl_experts,aerien_non_marin,BDA_18A4_20181106_3.jpg,5472,3648,3647.0,2001.0,81.0,51.0,1,4131.0,0.02069,0.0148,0.01398,1.5882,0,0
uas_waterfowl_experts,aerien_non_marin,BDA_18A4_20181106_3.jpg,5472,3648,3664.0,1860.0,84.0,54.0,1,4536.0,0.02272,0.01535,0.0148,1.5556,0,0
uas_waterfowl_experts,aerien_non_marin,BDA_18A4_20181106_3.jpg,5472,3648,3477.0,1713.0,83.0,48.0,1,3984.0,0.01996,0.01517,0.01316,1.7292,0,0
uas_waterfowl_experts,aerien_non_marin,BDA_18A4_20181106_3.jpg,5472,3648,3990.0,2117.0,92.0,55.0,1,5060.0,0.02535,0.01681,0.01508,1.6727,0,0
uas_waterfowl_experts,aerien_non_marin,BDA_18A4_20181106_3.jpg,5472,3648,3891.0,2409.0,65.0,78.5,1,5102.5,0.02556,0.01188,0.02152,0.828,0,0
uas_waterfowl_experts,aerien_non_marin,BDA_18A4_20181106_3.jpg,5472,3648,4085.0,2484.5,96.5,47.0,1,4535.5,0.02272,0.01764,0.01288,2.0532,0,0
uas_waterfowl_experts,aerien_non_marin,BDA_18A4_20181106_3.jpg,5472,3648,4176.0,2123.0,83.0,63.0,1,5229.0,0.02619,0.01517,0.01727,1.3175,0,0
uas_waterfowl_experts,aerien_non_marin,BDA_18A4_20181106_3.jpg,5472,3648,4705.0,2326.0,66.0,91.0,1,6006.0,0.03009,0.01206,0.02495,0.7253,0,0
uas_waterfowl_experts,aerien_non_marin,BDA_18A4_20181106_3.jpg,5472,3648,4639.0,2407.0,95.0,78.0,1,7410.0,0.03712,0.01736,0.02138,1.2179,0,0
uas_waterfowl_experts,aerien_non_marin,BDA_18A4_20181106_3.jpg,5472,3648,3805.0,2980.0,80.0,81.0,1,6480.0,0.03246,0.01462,0.0222,0.9877,0,0
uas_waterfowl_experts,aerien_non_marin,BDA_18A4_20181106_3.jpg,5472,3648,3548.0,3241.0,73.0,102.0,1,7446.0,0.0373,0.01334,0.02796,0.7157,0,0
uas_waterfowl_experts,aerien_non_marin,BDA_18A4_20181106_3.jpg,5472,3648,3804.0,3289.0,65.0,92.0,1,5980.0,0.02996,0.01188,0.02522,0.7065,0,0
uas_waterfowl_experts,aerien_non_marin,BDA_18A4_20181106_3.jpg,5472,3648,3905.0,3312.0,76.5,46.5,1,3557.25,0.01782,0.01398,0.01275,1.6452,0,0
uas_waterfowl_experts,aerien_non_marin,BDA_18A4_20181106_3.jpg,5472,3648,3394.0,1428.0,51.0,67.0,1,3417.0,0.01712,0.00932,0.01837,0.7612,0,0
uas_waterfowl_experts,aerien_non_marin,BDA_18A4_20181106_3.jpg,5472,3648,3495.0,1514.0,71.0,62.0,1,4402.0,0.02205,0.01298,0.017,1.1452,0,0
uas_waterfowl_experts,aerien_non_marin,BDA_18A4_20181106_3.jpg,5472,3648,3568.0,1440.0,106.0,51.0,1,5406.0,0.02708,0.01937,0.01398,2.0784,0,0
uas_waterfowl_experts,aerien_non_marin,BDA_18A4_20181106_3.jpg,5472,3648,3660.0,1524.0,91.0,54.0,1,4914.0,0.02462,0.01663,0.0148,1.6852,0,0
uas_waterfowl_experts,aerien_non_marin,BDA_18A4_20181106_3.jpg,5472,3648,3934.0,1137.0,84.0,64.0,1,5376.0,0.02693,0.01535,0.01754,1.3125,0,0
uas_waterfowl_experts,aerien_non_marin,BDA_18A4_20181106_3.jpg,5472,3648,3828.0,1137.0,77.0,42.0,1,3234.0,0.0162,0.01407,0.01151,1.8333,0,0
uas_waterfowl_experts,aerien_non_marin,BDA_18A4_20181106_3.jpg,5472,3648,3852.0,1237.0,83.0,50.0,1,4150.0,0.02079,0.01517,0.01371,1.66,0,0
uas_waterfowl_experts,aerien_non_marin,BDA_18A4_20181106_3.jpg,5472,3648,2861.0,886.0,49.0,88.0,1,4312.0,0.0216,0.00895,0.02412,0.5568,0,0
uas_waterfowl_experts,aerien_non_marin,BDA_18A4_20181106_3.jpg,5472,3648,3958.5,285.5,79.5,69.0,1,5485.5,0.02748,0.01453,0.01891,1.1522,0,0
uas_waterfowl_experts,aerien_non_marin,BDA_18A4_20181106_3.jpg,5472,3648,4286.0,456.0,96.0,55.0,1,5280.0,0.02645,0.01754,0.01508,1.7455,0,0
uas_waterfowl_experts,aerien_non_marin,BDA_18A4_20181106_3.jpg,5472,3648,4538.0,240.0,101.5,57.0,1,5785.5,0.02898,0.01855,0.01562,1.7807,0,0
uas_waterfowl_experts,aerien_non_marin,BDA_18A4_20181106_3.jpg,5472,3648,185.0,3460.0,71.0,45.0,1,3195.0,0.01601,0.01298,0.01234,1.5778,0,0
uas_waterfowl_experts,aerien_non_marin,BDA_18A4_20181106_3.jpg,5472,3648,225.0,3530.0,63.0,57.0,1,3591.0,0.01799,0.01151,0.01562,1.1053,0,0
uas_waterfowl_experts,aerien_non_marin,BDA_18A4_20181106_3.jpg,5472,3648,282.0,3579.0,75.0,45.0,1,3375.0,0.01691,0.01371,0.01234,1.6667,0,0
uas_waterfowl_experts,aerien_non_marin,BDA_18A4_20181106_3.jpg,5472,3648,1849.0,2820.0,66.0,89.0,1,5874.0,0.02943,0.01206,0.0244,0.7416,0,0
uas_waterfowl_experts,aerien_non_marin,BDA_18A4_20181106_3.jpg,5472,3648,1965.5,2465.5,60.5,71.0,1,4295.5,0.02152,0.01106,0.01946,0.8521,0,0
uas_waterfowl_experts,aerien_non_marin,BDA_18A4_20181106_3.jpg,5472,3648,4940.0,2780.0,88.0,59.0,1,5192.0,0.02601,0.01608,0.01617,1.4915,0,0
uas_waterfowl_experts,aerien_non_marin,BDA_18A4_20181106_3.jpg,5472,3648,4805.0,44.0,69.0,88.0,1,6072.0,0.03042,0.01261,0.02412,0.7841,0,0
uas_waterfowl_experts,aerien_non_marin,BDA_18A4_20181106_3.jpg,5472,3648,137.5,3609.0,74.0,39.0,1,2886.0,0.01446,0.01352,0.01069,1.8974,0,0
uas_waterfowl_experts,aerien_non_marin,BDA_18A4_20181106_3.jpg,5472,3648,413.0,3287.0,57.0,69.0,1,3933.0,0.0197,0.01042,0.01891,0.8261,0,0
uas_waterfowl_experts,aerien_non_marin,BDA_18A4_20181106_3.jpg,5472,3648,3972.0,3154.0,91.0,77.0,1,7007.0,0.0351,0.01663,0.02111,1.1818,0,0
uas_waterfowl_experts,aerien_non_marin,BDA_18A4_20181106_3.jpg,5472,3648,4752.0,2615.0,112.0,52.0,1,5824.0,0.02918,0.02047,0.01425,2.1538,0,0
uas_waterfowl_experts,aerien_non_marin,BDA_18A4_20181106_3.jpg,5472,3648,3899.0,2164.0,85.0,40.0,1,3400.0,0.01703,0.01553,0.01096,2.125,0,0
uas_waterfowl_experts,aerien_non_marin,BDA_18A4_20181106_3.jpg,5472,3648,4266.0,2172.0,93.0,55.0,1,5115.0,0.02562,0.017,0.01508,1.6909,0,0
uas_waterfowl_experts,aerien_non_marin,BDA_18A4_20181106_3.jpg,5472,3648,923.0,800.0,84.0,69.0,1,5796.0,0.02904,0.01535,0.01891,1.2174,0,0
uas_waterfowl_experts,aerien_non_marin,BDA_18A4_20181106_3.jpg,5472,3648,1091.5,858.0,70.5,90.5,1,6380.25,0.03196,0.01288,0.02481,0.779,0,0
uas_waterfowl_experts,aerien_non_marin,BDA_18A4_20181106_3.jpg,5472,3648,2034.0,2310.0,67.0,68.0,1,4556.0,0.02282,0.01224,0.01864,0.9853,0,0
uas_waterfowl_experts,aerien_non_marin,BDA_18A4_20181106_3.jpg,5472,3648,1499.5,1995.0,86.5,84.0,1,7266.0,0.0364,0.01581,0.02303,1.0298,0,0
uas_waterfowl_experts,aerien_non_marin,BDA_18A4_20181106_3.jpg,5472,3648,2462.5,2546.5,85.0,58.0,1,4930.0,0.0247,0.01553,0.0159,1.4655,0,0
uas_waterfowl_experts,aerien_non_marin,BDA_18A4_20181106_3.jpg,5472,3648,3455.0,1962.0,97.0,45.0,1,4365.0,0.02187,0.01773,0.01234,2.1556,0,0
uas_waterfowl_experts,aerien_non_marin,BDA_18A4_20181106_4.jpg,5472,3648,661.0,1348.0,81.0,69.0,1,5589.0,0.028,0.0148,0.01891,1.1739,0,0
uas_waterfowl_experts,aerien_non_marin,BDA_18A4_20181106_4.jpg,5472,3648,784.0,1335.5,70.0,62.0,1,4340.0,0.02174,0.01279,0.017,1.129,0,0
uas_waterfowl_experts,aerien_non_marin,BDA_18A4_20181106_4.jpg,5472,3648,1126.5,1485.5,88.0,52.5,1,4620.0,0.02314,0.01608,0.01439,1.6762,0,0
uas_waterfowl_experts,aerien_non_marin,BDA_18A4_20181106_4.jpg,5472,3648,3310.0,831.0,80.5,75.0,1,6037.5,0.03025,0.01471,0.02056,1.0733,0,0
uas_waterfowl_experts,aerien_non_marin,BDA_18A4_20181106_4.jpg,5472,3648,3402.5,1132.5,82.0,79.0,1,6478.0,0.03245,0.01499,0.02166,1.038,0,0
uas_waterfowl_experts,aerien_non_marin,BDA_18A4_20181106_4.jpg,5472,3648,3719.0,1196.5,78.0,72.5,1,5655.0,0.02833,0.01425,0.01987,1.0759,0,0
uas_waterfowl_experts,aerien_non_marin,BDA_18A4_20181106_4.jpg,5472,3648,2280.5,1491.0,99.5,68.5,1,6815.75,0.03414,0.01818,0.01878,1.4526,0,0
uas_waterfowl_experts,aerien_non_marin,BDA_18A4_20181106_4.jpg,5472,3648,3321.0,1767.0,95.0,64.0,1,6080.0,0.03046,0.01736,0.01754,1.4844,0,0
uas_waterfowl_experts,aerien_non_marin,BDA_18A4_20181106_4.jpg,5472,3648,3970.5,2965.5,92.5,60.0,1,5550.0,0.0278,0.0169,0.01645,1.5417,0,0
uas_waterfowl_experts,aerien_non_marin,BDA_18A4_20181106_4.jpg,5472,3648,3320.0,3198.0,86.0,81.0,1,6966.0,0.0349,0.01572,0.0222,1.0617,0,0
uas_waterfowl_experts,aerien_non_marin,BDA_18A4_20181106_4.jpg,5472,3648,3109.5,1623.5,83.0,82.5,1,6847.5,0.0343,0.01517,0.02262,1.0061,0,0
uas_waterfowl_experts,aerien_non_marin,BDA_18A4_20181106_4.jpg,5472,3648,2594.5,2671.0,86.0,83.0,1,7138.0,0.03576,0.01572,0.02275,1.0361,0,0
uas_waterfowl_experts,aerien_non_marin,BDA_18A4_20181106_4.jpg,5472,3648,266.5,2747.5,104.5,80.0,1,8360.0,0.04188,0.0191,0.02193,1.3062,0,0
uas_waterfowl_experts,aerien_non_marin,BDA_18A4_20181106_4.jpg,5472,3648,3546.0,2808.5,104.0,81.5,1,8476.0,0.04246,0.01901,0.02234,1.2761,0,0
uas_waterfowl_experts,aerien_non_marin,BDA_18A4_20181106_4.jpg,5472,3648,291.5,1422.0,93.0,70.0,1,6510.0,0.03261,0.017,0.01919,1.3286,0,0
uas_waterfowl_experts,aerien_non_marin,BDA_18A4_20181106_4.jpg,5472,3648,2301.0,405.0,39.0,90.0,1,3510.0,0.01758,0.00713,0.02467,0.4333,0,0
uas_waterfowl_experts,aerien_non_marin,BDA_18A4_20181106_4.jpg,5472,3648,2761.5,524.0,84.0,62.5,1,5250.0,0.0263,0.01535,0.01713,1.344,0,0
uas_waterfowl_experts,aerien_non_marin,BDA_18A4_20181106_4.jpg,5472,3648,3403.5,1298.0,87.0,86.5,1,7525.5,0.0377,0.0159,0.02371,1.0058,0,0
uas_waterfowl_experts,aerien_non_marin,BDA_18A4_20181106_4.jpg,5472,3648,3530.0,1106.5,90.5,66.5,1,6018.25,0.03015,0.01654,0.01823,1.3609,0,0
uas_waterfowl_experts,aerien_non_marin,BDA_18A4_20181106_4.jpg,5472,3648,3719.0,1072.0,92.5,96.0,1,8880.0,0.04448,0.0169,0.02632,0.9635,0,0
uas_waterfowl_experts,aerien_non_marin,BDA_18A4_20181106_4.jpg,5472,3648,4237.5,98.0,62.5,91.0,1,5687.5,0.02849,0.01142,0.02495,0.6868,0,0
uas_waterfowl_experts,aerien_non_marin,BDA_18A4_20181106_4.jpg,5472,3648,4026.0,62.0,91.5,73.5,1,6725.25,0.03369,0.01672,0.02015,1.2449,0,0
uas_waterfowl_experts,aerien_non_marin,BDA_18A4_20181106_4.jpg,5472,3648,5226.5,1069.5,72.5,100.5,1,7286.25,0.0365,0.01325,0.02755,0.7214,0,0
uas_waterfowl_experts,aerien_non_marin,BDA_18A4_20181106_4.jpg,5472,3648,5195.5,1318.5,125.5,62.5,1,7843.75,0.03929,0.02293,0.01713,2.008,0,0
uas_waterfowl_experts,aerien_non_marin,BDA_18A4_20181106_4.jpg,5472,3648,4923.5,1193.5,77.5,96.0,1,7440.0,0.03727,0.01416,0.02632,0.8073,0,0
uas_waterfowl_experts,aerien_non_marin,BDA_18A4_20181106_4.jpg,5472,3648,4284.0,564.5,86.0,96.5,1,8299.0,0.04157,0.01572,0.02645,0.8912,0,0
uas_waterfowl_experts,aerien_non_marin,BDA_18A4_20181106_4.jpg,5472,3648,4785.5,3442.0,83.0,94.0,1,7802.0,0.03908,0.01517,0.02577,0.883,0,0
uas_waterfowl_experts,aerien_non_marin,BDA_18A4_20181106_4.jpg,5472,3648,397.0,2366.0,82.0,44.0,1,3608.0,0.01807,0.01499,0.01206,1.8636,0,0
uas_waterfowl_experts,aerien_non_marin,BDA_18A4_20181106_4.jpg,5472,3648,244.0,2358.5,81.0,74.0,1,5994.0,0.03003,0.0148,0.02029,1.0946,0,0
uas_waterfowl_experts,aerien_non_marin,BDA_18A4_20181106_4.jpg,5472,3648,971.0,202.0,109.0,64.0,1,6976.0,0.03495,0.01992,0.01754,1.7031,0,0
uas_waterfowl_experts,aerien_non_marin,BDA_18A4_20181106_4.jpg,5472,3648,1244.0,136.5,103.0,60.5,1,6231.5,0.03122,0.01882,0.01658,1.7025,0,0
uas_waterfowl_experts,aerien_non_marin,BDA_18A4_20181106_4.jpg,5472,3648,1434.5,157.5,102.0,58.5,1,5967.0,0.02989,0.01864,0.01604,1.7436,0,0
uas_waterfowl_experts,aerien_non_marin,BDA_18A4_20181106_4.jpg,5472,3648,1134.5,234.0,94.0,79.5,1,7473.0,0.03744,0.01718,0.02179,1.1824,0,0
uas_waterfowl_experts,aerien_non_marin,BDA_18A4_20181106_4.jpg,5472,3648,1277.5,421.0,89.0,112.0,1,9968.0,0.04994,0.01626,0.0307,0.7946,0,0
uas_waterfowl_experts,aerien_non_marin,BDA_18A4_20181106_4.jpg,5472,3648,1168.5,653.5,56.0,96.5,1,5404.0,0.02707,0.01023,0.02645,0.5803,0,0
uas_waterfowl_experts,aerien_non_marin,BDA_18A4_20181106_4.jpg,5472,3648,1729.0,1297.0,84.0,74.0,1,6216.0,0.03114,0.01535,0.02029,1.1351,0,0
uas_waterfowl_experts,aerien_non_marin,BDA_18A4_20181106_4.jpg,5472,3648,1890.0,1136.0,107.0,91.0,1,9737.0,0.04878,0.01955,0.02495,1.1758,0,0
uas_waterfowl_experts,aerien_non_marin,BDA_18A4_20181106_4.jpg,5472,3648,229.0,954.5,92.0,73.5,1,6762.0,0.03387,0.01681,0.02015,1.2517,0,0
uas_waterfowl_experts,aerien_non_marin,BDA_18A4_20181106_4.jpg,5472,3648,167.0,978.5,82.0,60.5,1,4961.0,0.02485,0.01499,0.01658,1.3554,0,0
uas_waterfowl_experts,aerien_non_marin,BDA_18A4_20181106_4.jpg,5472,3648,179.0,1124.0,109.0,76.0,1,8284.0,0.0415,0.01992,0.02083,1.4342,0,0
uas_waterfowl_experts,aerien_non_marin,BDA_18A4_20181106_4.jpg,5472,3648,972.0,1408.5,61.0,105.0,1,6405.0,0.03209,0.01115,0.02878,0.581,0,0
uas_waterfowl_experts,aerien_non_marin,BDA_18A4_20181106_4.jpg,5472,3648,1174.5,1423.0,109.0,77.0,1,8393.0,0.04205,0.01992,0.02111,1.4156,0,0
uas_waterfowl_experts,aerien_non_marin,BDA_18A4_20181106_4.jpg,5472,3648,1793.0,355.0,90.5,58.0,1,5249.0,0.0263,0.01654,0.0159,1.5603,0,0
uas_waterfowl_experts,aerien_non_marin,BDA_18A4_20181106_4.jpg,5472,3648,1441.0,1098.5,93.0,59.5,1,5533.5,0.02772,0.017,0.01631,1.563,0,0
uas_waterfowl_experts,aerien_non_marin,BDA_18A4_20181106_4.jpg,5472,3648,1851.0,809.5,79.5,90.5,1,7194.75,0.03604,0.01453,0.02481,0.8785,0,0
uas_waterfowl_experts,aerien_non_marin,BDA_18A4_20181106_4.jpg,5472,3648,3192.0,825.5,88.5,70.5,1,6239.25,0.03126,0.01617,0.01933,1.2553,0,0
uas_waterfowl_experts,aerien_non_marin,BDA_18A4_20181106_4.jpg,5472,3648,3266.5,878.0,80.5,63.0,1,5071.5,0.02541,0.01471,0.01727,1.2778,0,0
uas_waterfowl_experts,aerien_non_marin,BDA_18A4_20181106_4.jpg,5472,3648,2984.5,1056.5,84.5,57.5,1,4858.75,0.02434,0.01544,0.01576,1.4696,0,0
uas_waterfowl_experts,aerien_non_marin,BDA_18A4_20181106_4.jpg,5472,3648,3089.0,1019.5,89.5,69.0,1,6175.5,0.03094,0.01636,0.01891,1.2971,0,0
uas_waterfowl_experts,aerien_non_marin,BDA_18A4_20181106_4.jpg,5472,3648,3145.0,958.5,79.0,61.0,1,4819.0,0.02414,0.01444,0.01672,1.2951,0,0
uas_waterfowl_experts,aerien_non_marin,BDA_18A4_20181106_4.jpg,5472,3648,3835.5,1217.0,82.0,77.0,1,6314.0,0.03163,0.01499,0.02111,1.0649,0,0
uas_waterfowl_experts,aerien_non_marin,BDA_18A4_20181106_4.jpg,5472,3648,3901.0,1287.0,69.5,80.5,1,5594.75,0.02803,0.0127,0.02207,0.8634,0,0
uas_waterfowl_experts,aerien_non_marin,BDA_18A4_20181106_4.jpg,5472,3648,3943.5,1223.0,82.5,51.0,1,4207.5,0.02108,0.01508,0.01398,1.6176,0,0
uas_waterfowl_experts,aerien_non_marin,BDA_18A4_20181106_4.jpg,5472,3648,3994.0,1288.0,90.5,77.0,1,6968.5,0.03491,0.01654,0.02111,1.1753,0,0
uas_waterfowl_experts,aerien_non_marin,BDA_18A4_20181106_4.jpg,5472,3648,3861.0,1467.0,91.0,90.0,1,8190.0,0.04103,0.01663,0.02467,1.0111,0,0
uas_waterfowl_experts,aerien_non_marin,BDA_18A4_20181106_4.jpg,5472,3648,1367.0,1851.0,103.5,65.0,1,6727.5,0.0337,0.01891,0.01782,1.5923,0,0
uas_waterfowl_experts,aerien_non_marin,BDA_18A4_20181106_4.jpg,5472,3648,1702.0,1982.0,130.5,62.0,1,8091.0,0.04053,0.02385,0.017,2.1048,0,0
uas_waterfowl_experts,aerien_non_marin,BDA_18A4_20181106_4.jpg,5472,3648,2143.0,1623.5,108.5,73.0,1,7920.5,0.03968,0.01983,0.02001,1.4863,0,0
uas_waterfowl_experts,aerien_non_marin,BDA_18A4_20181106_4.jpg,5472,3648,2197.0,1165.0,87.0,105.0,1,9135.0,0.04576,0.0159,0.02878,0.8286,0,0
uas_waterfowl_experts,aerien_non_marin,BDA_18A4_20181106_4.jpg,5472,3648,2576.0,1530.0,94.0,63.5,1,5969.0,0.0299,0.01718,0.01741,1.4803,0,0
uas_waterfowl_experts,aerien_non_marin,BDA_18A4_20181106_4.jpg,5472,3648,2963.5,1317.0,74.0,77.0,1,5698.0,0.02854,0.01352,0.02111,0.961,0,0
uas_waterfowl_experts,aerien_non_marin,BDA_18A4_20181106_4.jpg,5472,3648,2883.0,1491.5,80.5,69.5,1,5594.75,0.02803,0.01471,0.01905,1.1583,0,0
uas_waterfowl_experts,aerien_non_marin,BDA_18A4_20181106_4.jpg,5472,3648,3152.5,1501.0,106.5,61.5,1,6549.75,0.03281,0.01946,0.01686,1.7317,0,0
uas_waterfowl_experts,aerien_non_marin,BDA_18A4_20181106_4.jpg,5472,3648,3537.0,1451.0,81.5,88.5,1,7212.75,0.03613,0.01489,0.02426,0.9209,0,0
uas_waterfowl_experts,aerien_non_marin,BDA_18A4_20181106_4.jpg,5472,3648,3428.0,485.0,98.5,73.0,1,7190.5,0.03602,0.018,0.02001,1.3493,0,0
uas_waterfowl_experts,aerien_non_marin,BDA_18A4_20181106_4.jpg,5472,3648,3822.5,282.0,101.5,73.5,1,7460.25,0.03737,0.01855,0.02015,1.381,0,0
uas_waterfowl_experts,aerien_non_marin,BDA_18A4_20181106_4.jpg,5472,3648,4102.0,294.0,116.0,82.0,1,9512.0,0.04765,0.0212,0.02248,1.4146,0,0
uas_waterfowl_experts,aerien_non_marin,BDA_18A4_20181106_4.jpg,5472,3648,4128.5,11.0,91.0,72.0,1,6552.0,0.03282,0.01663,0.01974,1.2639,0,0
uas_waterfowl_experts,aerien_non_marin,BDA_18A4_20181106_4.jpg,5472,3648,4374.0,36.5,92.5,107.5,1,9943.75,0.04981,0.0169,0.02947,0.8605,0,0
uas_waterfowl_experts,aerien_non_marin,BDA_18A4_20181106_4.jpg,5472,3648,4999.5,70.5,84.0,89.5,1,7518.0,0.03766,0.01535,0.02453,0.9385,0,0
uas_waterfowl_experts,aerien_non_marin,BDA_18A4_20181106_4.jpg,5472,3648,5143.0,80.0,74.0,110.0,1,8140.0,0.04078,0.01352,0.03015,0.6727,0,0
uas_waterfowl_experts,aerien_non_marin,BDA_18A4_20181106_4.jpg,5472,3648,5206.0,299.0,114.0,100.0,1,11400.0,0.05711,0.02083,0.02741,1.14,0,0
uas_waterfowl_experts,aerien_non_marin,BDA_18A4_20181106_4.jpg,5472,3648,5302.0,470.0,97.5,109.0,1,10627.5,0.05324,0.01782,0.02988,0.8945,0,0
uas_waterfowl_experts,aerien_non_marin,BDA_18A4_20181106_4.jpg,5472,3648,5307.5,658.0,103.5,80.0,1,8280.0,0.04148,0.01891,0.02193,1.2937,0,0
uas_waterfowl_experts,aerien_non_marin,BDA_18A4_20181106_4.jpg,5472,3648,5347.0,1015.0,103.0,83.0,1,8549.0,0.04283,0.01882,0.02275,1.241,0,0
uas_waterfowl_experts,aerien_non_marin,BDA_18A4_20181106_4.jpg,5472,3648,4626.5,680.5,99.5,105.0,1,10447.5,0.05234,0.01818,0.02878,0.9476,0,0
uas_waterfowl_experts,aerien_non_marin,BDA_18A4_20181106_4.jpg,5472,3648,4613.5,894.5,76.0,87.0,1,6612.0,0.03312,0.01389,0.02385,0.8736,0,0
uas_waterfowl_experts,aerien_non_marin,BDA_18A4_20181106_4.jpg,5472,3648,4700.0,1431.5,105.0,57.0,1,5985.0,0.02998,0.01919,0.01562,1.8421,0,0
uas_waterfowl_experts,aerien_non_marin,BDA_18A4_20181106_4.jpg,5472,3648,4588.0,1619.0,99.0,63.0,1,6237.0,0.03124,0.01809,0.01727,1.5714,0,0
uas_waterfowl_experts,aerien_non_marin,BDA_18A4_20181106_4.jpg,5472,3648,4378.0,1839.0,100.0,92.0,1,9200.0,0.04609,0.01827,0.02522,1.087,0,0
uas_waterfowl_experts,aerien_non_marin,BDA_18A4_20181106_4.jpg,5472,3648,4282.0,2015.0,79.5,99.0,1,7870.5,0.03943,0.01453,0.02714,0.803,0,0
uas_waterfowl_experts,aerien_non_marin,BDA_18A4_20181106_4.jpg,5472,3648,4644.0,2491.0,91.5,114.5,1,10476.75,0.05248,0.01672,0.03139,0.7991,0,0
uas_waterfowl_experts,aerien_non_marin,BDA_18A4_20181106_4.jpg,5472,3648,4332.0,3000.0,82.0,92.5,1,7585.0,0.038,0.01499,0.02536,0.8865,0,0
uas_waterfowl_experts,aerien_non_marin,BDA_18A4_20181106_4.jpg,5472,3648,3922.5,3128.0,123.0,74.0,1,9102.0,0.0456,0.02248,0.02029,1.6622,0,0
uas_waterfowl_experts,aerien_non_marin,BDA_18A4_20181106_4.jpg,5472,3648,3962.0,3203.0,97.5,63.5,1,6191.25,0.03102,0.01782,0.01741,1.5354,0,0
uas_waterfowl_experts,aerien_non_marin,BDA_18A4_20181106_4.jpg,5472,3648,3154.5,2670.5,107.5,87.5,1,9406.25,0.04712,0.01965,0.02399,1.2286,0,0
uas_waterfowl_experts,aerien_non_marin,BDA_18A4_20181106_4.jpg,5472,3648,3024.0,1378.0,108.0,58.0,1,6264.0,0.03138,0.01974,0.0159,1.8621,0,0
uas_waterfowl_experts,aerien_non_marin,BDA_18A4_20181106_4.jpg,5472,3648,3300.0,3462.0,84.0,128.0,1,10752.0,0.05386,0.01535,0.03509,0.6562,0,0
uas_waterfowl_experts,aerien_non_marin,BDA_18A4_20181106_4.jpg,5472,3648,3113.0,2230.0,111.0,113.0,1,12543.0,0.06283,0.02029,0.03098,0.9823,0,0
uas_waterfowl_experts,aerien_non_marin,BDA_18A4_20181106_4.jpg,5472,3648,2431.0,2425.0,103.0,68.0,1,7004.0,0.03509,0.01882,0.01864,1.5147,0,0
uas_waterfowl_experts,aerien_non_marin,BDA_18A4_20181106_4.jpg,5472,3648,1074.5,3325.0,121.0,61.0,1,7381.0,0.03698,0.02211,0.01672,1.9836,0,0
uas_waterfowl_experts,aerien_non_marin,BDA_18A4_20181106_4.jpg,5472,3648,755.5,3468.0,77.5,83.0,1,6432.5,0.03222,0.01416,0.02275,0.9337,0,0
uas_waterfowl_experts,aerien_non_marin,BDA_18A4_20181106_4.jpg,5472,3648,775.5,3361.5,78.0,55.5,1,4329.0,0.02169,0.01425,0.01521,1.4054,0,0
uas_waterfowl_experts,aerien_non_marin,BDA_18A4_20181106_4.jpg,5472,3648,839.5,3257.0,99.5,57.0,1,5671.5,0.02841,0.01818,0.01562,1.7456,0,0
uas_waterfowl_experts,aerien_non_marin,BDA_18A4_20181106_4.jpg,5472,3648,857.5,3327.0,75.5,57.0,1,4303.5,0.02156,0.0138,0.01562,1.3246,0,0
uas_waterfowl_experts,aerien_non_marin,BDA_18A4_20181106_4.jpg,5472,3648,1540.0,3605.5,74.5,41.5,1,3091.75,0.01549,0.01361,0.01138,1.7952,0,0
uas_waterfowl_experts,aerien_non_marin,BDA_18A4_20181106_4.jpg,5472,3648,831.5,644.5,87.0,99.5,1,8656.5,0.04337,0.0159,0.02728,0.8744,0,0
uas_waterfowl_experts,aerien_non_marin,BDA_18A4_20181106_4.jpg,5472,3648,986.5,581.0,69.0,98.5,1,6796.5,0.03405,0.01261,0.027,0.7005,0,0
uas_waterfowl_experts,aerien_non_marin,BDA_18A4_20181106_4.jpg,5472,3648,1518.5,790.0,128.5,61.5,1,7902.75,0.03959,0.02348,0.01686,2.0894,0,0
uas_waterfowl_experts,aerien_non_marin,BDA_18A4_20181106_4.jpg,5472,3648,1914.5,382.0,82.0,53.0,1,4346.0,0.02177,0.01499,0.01453,1.5472,0,0
uas_waterfowl_experts,aerien_non_marin,BDA_18A4_20181106_4.jpg,5472,3648,3470.0,713.0,65.0,85.0,1,5525.0,0.02768,0.01188,0.0233,0.7647,0,0
uas_waterfowl_experts,aerien_non_marin,BDA_18A4_20181106_4.jpg,5472,3648,4294.0,1384.5,135.5,73.5,1,9959.25,0.04989,0.02476,0.02015,1.8435,0,0
uas_waterfowl_experts,aerien_non_marin,BDA_18A4_20181106_4.jpg,5472,3648,1316.5,1706.5,115.0,66.5,1,7647.5,0.03831,0.02102,0.01823,1.7293,0,0
uas_waterfowl_experts,aerien_non_marin,BDA_18A4_20181106_4.jpg,5472,3648,1386.0,1661.5,98.0,78.0,1,7644.0,0.03829,0.01791,0.02138,1.2564,0,0
uas_waterfowl_experts,aerien_non_marin,BDA_18A4_20181106_4.jpg,5472,3648,4722.0,1485.0,103.0,39.0,1,4017.0,0.02012,0.01882,0.01069,2.641,0,0
uas_waterfowl_experts,aerien_non_marin,BDA_18A4_20181106_4.jpg,5472,3648,3875.0,2068.0,79.0,74.0,1,5846.0,0.02929,0.01444,0.02029,1.0676,0,0
uas_waterfowl_experts,aerien_non_marin,BDA_18A4_20181106_4.jpg,5472,3648,77.5,596.0,78.0,52.0,1,4056.0,0.02032,0.01425,0.01425,1.5,0,0
uas_waterfowl_experts,aerien_non_marin,BDA_18A4_20181106_4.jpg,5472,3648,164.0,0.0,112.5,57.0,1,6412.5,0.03212,0.02056,0.01562,1.9737,0,0
uas_waterfowl_experts,aerien_non_marin,BDA_18A4_20181106_4.jpg,5472,3648,1886.5,2179.0,105.0,82.0,1,8610.0,0.04313,0.01919,0.02248,1.2805,0,0
uas_waterfowl_experts,aerien_non_marin,BDA_18A4_20181106_4.jpg,5472,3648,4464.0,1659.5,103.5,97.0,1,10039.5,0.05029,0.01891,0.02659,1.067,0,0
uas_waterfowl_experts,aerien_non_marin,BDA_18A4_20181106_4.jpg,5472,3648,4645.5,277.5,82.5,123.0,1,10147.5,0.05083,0.01508,0.03372,0.6707,0,0
uas_waterfowl_experts,aerien_non_marin,BDA_18A4_20181106_4.jpg,5472,3648,1588.0,952.0,98.0,95.0,1,9310.0,0.04664,0.01791,0.02604,1.0316,0,0
uas_waterfowl_experts,aerien_non_marin,BDA_18A4_20181106_4.jpg,5472,3648,1633.0,566.0,115.0,55.0,1,6325.0,0.03169,0.02102,0.01508,2.0909,0,0
uas_waterfowl_experts,aerien_non_marin,BDA_18A4_20181106_4.jpg,5472,3648,2293.5,2689.0,89.5,66.5,1,5951.75,0.02982,0.01636,0.01823,1.3459,0,0
uas_waterfowl_experts,aerien_non_marin,BDA_18A4_20181106_4.jpg,5472,3648,661.0,3180.0,105.5,68.5,1,7226.75,0.0362,0.01928,0.01878,1.5401,0,0
uas_waterfowl_experts,aerien_non_marin,BDA_18A4_20181107_1.jpg,5472,3648,0.0,215.0,80.0,90.0,1,7200.0,0.03607,0.01462,0.02467,0.8889,0,0
uas_waterfowl_experts,aerien_non_marin,BDA_18A4_20181107_1.jpg,5472,3648,1.5,510.5,114.0,137.5,1,15675.0,0.07852,0.02083,0.03769,0.8291,0,0
uas_waterfowl_experts,aerien_non_marin,BDA_18A4_20181107_1.jpg,5472,3648,1590.0,246.0,80.0,223.0,1,17840.0,0.08937,0.01462,0.06113,0.3587,0,0
uas_waterfowl_experts,aerien_non_marin,BDA_18A4_20181107_1.jpg,5472,3648,4556.0,2127.5,110.5,172.0,1,19006.0,0.09521,0.02019,0.04715,0.6424,0,0
uas_waterfowl_experts,aerien_non_marin,BDA_18A4_20181107_1.jpg,5472,3648,5407.0,2729.0,65.0,94.5,1,6142.5,0.03077,0.01188,0.0259,0.6878,0,0
uas_waterfowl_experts,aerien_non_marin,BDA_18A4_20181107_1.jpg,5472,3648,3608.5,1315.0,83.5,66.5,1,5552.75,0.02782,0.01526,0.01823,1.2556,0,0
uas_waterfowl_experts,aerien_non_marin,BDA_18A4_20181107_1.jpg,5472,3648,4897.5,2378.5,67.5,92.0,1,6210.0,0.03111,0.01234,0.02522,0.7337,0,0
uas_waterfowl_experts,aerien_non_marin,BDA_18A4_20181107_1.jpg,5472,3648,4746.0,2353.5,67.5,86.5,1,5838.75,0.02925,0.01234,0.02371,0.7803,0,0
uas_waterfowl_experts,aerien_non_marin,BDA_18A4_20181107_1.jpg,5472,3648,4754.0,2564.0,91.0,67.0,1,6097.0,0.03054,0.01663,0.01837,1.3582,0,0
uas_waterfowl_experts,aerien_non_marin,BDA_18A4_20181107_1.jpg,5472,3648,3480.0,2303.0,57.0,93.0,1,5301.0,0.02656,0.01042,0.02549,0.6129,0,0
uas_waterfowl_experts,aerien_non_marin,BDA_18A4_20181107_1.jpg,5472,3648,2552.5,315.0,87.5,43.0,1,3762.5,0.01885,0.01599,0.01179,2.0349,0,0
uas_waterfowl_experts,aerien_non_marin,BDA_18A4_20181107_1.jpg,5472,3648,2568.5,415.0,95.5,46.0,1,4393.0,0.02201,0.01745,0.01261,2.0761,0,0
uas_waterfowl_experts,aerien_non_marin,BDA_18A4_20181107_1.jpg,5472,3648,2753.5,487.5,78.5,47.0,1,3689.5,0.01848,0.01435,0.01288,1.6702,0,0
uas_waterfowl_experts,aerien_non_marin,BDA_18A4_20181107_1.jpg,5472,3648,2633.0,525.5,73.0,60.5,1,4416.5,0.02212,0.01334,0.01658,1.2066,0,0
uas_waterfowl_experts,aerien_non_marin,BDA_18A4_20181107_1.jpg,5472,3648,3064.0,1030.0,50.0,89.0,1,4450.0,0.02229,0.00914,0.0244,0.5618,0,0
uas_waterfowl_experts,aerien_non_marin,BDA_18A4_20181107_1.jpg,5472,3648,3059.0,1266.0,95.0,47.0,1,4465.0,0.02237,0.01736,0.01288,2.0213,0,0
uas_waterfowl_experts,aerien_non_marin,BDA_18A4_20181107_1.jpg,5472,3648,3338.0,1783.0,44.5,80.0,1,3560.0,0.01783,0.00813,0.02193,0.5563,0,0
uas_waterfowl_experts,aerien_non_marin,BDA_18A4_20181107_1.jpg,5472,3648,3510.5,1680.0,81.5,45.0,1,3667.5,0.01837,0.01489,0.01234,1.8111,0,0
uas_waterfowl_experts,aerien_non_marin,BDA_18A4_20181107_1.jpg,5472,3648,3620.0,1617.5,83.0,46.0,1,3818.0,0.01913,0.01517,0.01261,1.8043,0,0
uas_waterfowl_experts,aerien_non_marin,BDA_18A4_20181107_1.jpg,5472,3648,3729.0,1583.0,52.0,88.0,1,4576.0,0.02292,0.0095,0.02412,0.5909,0,0
uas_waterfowl_experts,aerien_non_marin,BDA_18A4_20181107_1.jpg,5472,3648,3566.5,1761.5,60.5,81.0,1,4900.5,0.02455,0.01106,0.0222,0.7469,0,0
uas_waterfowl_experts,aerien_non_marin,BDA_18A4_20181107_1.jpg,5472,3648,3455.5,1847.5,73.5,81.5,1,5990.25,0.03001,0.01343,0.02234,0.9018,0,0
uas_waterfowl_experts,aerien_non_marin,BDA_18A4_20181107_1.jpg,5472,3648,3555.0,1864.5,57.0,84.5,1,4816.5,0.02413,0.01042,0.02316,0.6746,0,0
uas_waterfowl_experts,aerien_non_marin,BDA_18A4_20181107_1.jpg,5472,3648,3490.5,1986.5,98.5,52.5,1,5171.25,0.02591,0.018,0.01439,1.8762,0,0
uas_waterfowl_experts,aerien_non_marin,BDA_18A4_20181107_1.jpg,5472,3648,3640.5,1705.0,53.5,84.5,1,4520.75,0.02265,0.00978,0.02316,0.6331,0,0
uas_waterfowl_experts,aerien_non_marin,BDA_18A4_20181107_1.jpg,5472,3648,3879.0,1663.0,43.0,79.0,1,3397.0,0.01702,0.00786,0.02166,0.5443,0,0
uas_waterfowl_experts,aerien_non_marin,BDA_18A4_20181107_1.jpg,5472,3648,3856.0,1745.5,74.5,78.5,1,5848.25,0.0293,0.01361,0.02152,0.949,0,0
uas_waterfowl_experts,aerien_non_marin,BDA_18A4_20181107_1.jpg,5472,3648,3693.0,1968.0,58.0,83.0,1,4814.0,0.02412,0.0106,0.02275,0.6988,0,0
uas_waterfowl_experts,aerien_non_marin,BDA_18A4_20181107_1.jpg,5472,3648,3693.5,2147.0,69.5,71.5,1,4969.25,0.02489,0.0127,0.0196,0.972,0,0
uas_waterfowl_experts,aerien_non_marin,BDA_18A4_20181107_1.jpg,5472,3648,3914.5,1918.0,94.0,65.5,1,6157.0,0.03084,0.01718,0.01796,1.4351,0,0
uas_waterfowl_experts,aerien_non_marin,BDA_18A4_20181107_1.jpg,5472,3648,4022.5,1767.5,69.0,83.0,1,5727.0,0.02869,0.01261,0.02275,0.8313,0,0
uas_waterfowl_experts,aerien_non_marin,BDA_18A4_20181107_1.jpg,5472,3648,4233.5,1878.0,90.5,57.5,1,5203.75,0.02607,0.01654,0.01576,1.5739,0,0
uas_waterfowl_experts,aerien_non_marin,BDA_18A4_20181107_1.jpg,5472,3648,4213.5,1613.5,60.5,85.5,1,5172.75,0.02591,0.01106,0.02344,0.7076,0,0
uas_waterfowl_experts,aerien_non_marin,BDA_18A4_20181107_1.jpg,5472,3648,4247.5,1779.0,58.5,82.5,1,4826.25,0.02418,0.01069,0.02262,0.7091,0,0
uas_waterfowl_experts,aerien_non_marin,BDA_18A4_20181107_1.jpg,5472,3648,4308.5,1970.5,52.5,82.5,1,4331.25,0.0217,0.00959,0.02262,0.6364,0,0
uas_waterfowl_experts,aerien_non_marin,BDA_18A4_20181107_1.jpg,5472,3648,4374.0,1915.0,46.0,87.0,1,4002.0,0.02005,0.00841,0.02385,0.5287,0,0
uas_waterfowl_experts,aerien_non_marin,BDA_18A4_20181107_1.jpg,5472,3648,4446.5,1993.5,98.0,56.5,1,5537.0,0.02774,0.01791,0.01549,1.7345,0,0
uas_waterfowl_experts,aerien_non_marin,BDA_18A4_20181107_1.jpg,5472,3648,4478.0,1906.0,75.0,45.0,1,3375.0,0.01691,0.01371,0.01234,1.6667,0,0
uas_waterfowl_experts,aerien_non_marin,BDA_18A4_20181107_1.jpg,5472,3648,4580.5,1717.0,74.0,65.0,1,4810.0,0.0241,0.01352,0.01782,1.1385,0,0
uas_waterfowl_experts,aerien_non_marin,BDA_18A4_20181107_1.jpg,5472,3648,4719.5,1651.0,47.0,92.5,1,4347.5,0.02178,0.00859,0.02536,0.5081,0,0
uas_waterfowl_experts,aerien_non_marin,BDA_18A4_20181107_1.jpg,5472,3648,4825.0,1656.0,58.0,80.0,1,4640.0,0.02324,0.0106,0.02193,0.725,0,0
uas_waterfowl_experts,aerien_non_marin,BDA_18A4_20181107_1.jpg,5472,3648,4686.0,1541.5,85.5,75.0,1,6412.5,0.03212,0.01562,0.02056,1.14,0,0
uas_waterfowl_experts,aerien_non_marin,BDA_18A4_20181107_1.jpg,5472,3648,4533.0,1546.0,105.0,45.5,1,4777.5,0.02393,0.01919,0.01247,2.3077,0,0
uas_waterfowl_experts,aerien_non_marin,BDA_18A4_20181107_1.jpg,5472,3648,4521.5,1622.0,65.0,82.5,1,5362.5,0.02686,0.01188,0.02262,0.7879,0,0
uas_waterfowl_experts,aerien_non_marin,BDA_18A4_20181107_1.jpg,5472,3648,4620.5,1660.0,73.5,46.5,1,3417.75,0.01712,0.01343,0.01275,1.5806,0,0
uas_waterfowl_experts,aerien_non_marin,BDA_18A4_20181107_1.jpg,5472,3648,4378.5,1662.5,78.5,60.0,1,4710.0,0.0236,0.01435,0.01645,1.3083,0,0
uas_waterfowl_experts,aerien_non_marin,BDA_18A4_20181107_1.jpg,5472,3648,4404.5,1772.0,94.5,45.5,1,4299.75,0.02154,0.01727,0.01247,2.0769,0,0
uas_waterfowl_experts,aerien_non_marin,BDA_18A4_20181107_1.jpg,5472,3648,4732.0,1839.0,71.0,68.0,1,4828.0,0.02419,0.01298,0.01864,1.0441,0,0
uas_waterfowl_experts,aerien_non_marin,BDA_18A4_20181107_1.jpg,5472,3648,4817.0,1906.5,60.5,72.0,1,4356.0,0.02182,0.01106,0.01974,0.8403,0,0
uas_waterfowl_experts,aerien_non_marin,BDA_18A4_20181107_1.jpg,5472,3648,4736.0,1954.0,45.0,85.0,1,3825.0,0.01916,0.00822,0.0233,0.5294,0,0
uas_waterfowl_experts,aerien_non_marin,BDA_18A4_20181107_1.jpg,5472,3648,4600.5,1886.5,73.0,48.5,1,3540.5,0.01774,0.01334,0.01329,1.5052,0,0
uas_waterfowl_experts,aerien_non_marin,BDA_18A4_20181107_1.jpg,5472,3648,4683.5,2036.0,56.5,76.0,1,4294.0,0.02151,0.01033,0.02083,0.7434,0,0
uas_waterfowl_experts,aerien_non_marin,BDA_18A4_20181107_1.jpg,5472,3648,4814.0,1991.5,47.5,81.0,1,3847.5,0.01927,0.00868,0.0222,0.5864,0,0
uas_waterfowl_experts,aerien_non_marin,BDA_18A4_20181107_1.jpg,5472,3648,4839.0,1737.5,65.5,77.5,1,5076.25,0.02543,0.01197,0.02124,0.8452,0,0
uas_waterfowl_experts,aerien_non_marin,BDA_18A4_20181107_1.jpg,5472,3648,4882.0,1959.5,54.0,57.0,1,3078.0,0.01542,0.00987,0.01562,0.9474,0,0
uas_waterfowl_experts,aerien_non_marin,BDA_18A4_20181107_1.jpg,5472,3648,4915.0,2021.0,47.0,72.0,1,3384.0,0.01695,0.00859,0.01974,0.6528,0,0
uas_waterfowl_experts,aerien_non_marin,BDA_18A4_20181107_1.jpg,5472,3648,4985.5,2063.5,79.0,35.5,1,2804.5,0.01405,0.01444,0.00973,2.2254,0,0
uas_waterfowl_experts,aerien_non_marin,BDA_18A4_20181107_1.jpg,5472,3648,5001.0,2142.0,53.0,74.0,1,3922.0,0.01965,0.00969,0.02029,0.7162,0,0
uas_waterfowl_experts,aerien_non_marin,BDA_18A4_20181107_1.jpg,5472,3648,4890.0,2212.5,80.0,64.5,1,5160.0,0.02585,0.01462,0.01768,1.2403,0,0
uas_waterfowl_experts,aerien_non_marin,BDA_18A4_20181107_1.jpg,5472,3648,5013.5,2240.0,83.0,61.0,1,5063.0,0.02536,0.01517,0.01672,1.3607,0,0
uas_waterfowl_experts,aerien_non_marin,BDA_18A4_20181107_1.jpg,5472,3648,5139.0,2174.5,72.0,57.5,1,4140.0,0.02074,0.01316,0.01576,1.2522,0,0
uas_waterfowl_experts,aerien_non_marin,BDA_18A4_20181107_1.jpg,5472,3648,5149.5,2232.5,75.5,52.0,1,3926.0,0.01967,0.0138,0.01425,1.4519,0,0
uas_waterfowl_experts,aerien_non_marin,BDA_18A4_20181107_1.jpg,5472,3648,5282.0,2169.5,58.5,79.0,1,4621.5,0.02315,0.01069,0.02166,0.7405,0,0
uas_waterfowl_experts,aerien_non_marin,BDA_18A4_20181107_1.jpg,5472,3648,5123.0,2332.0,62.5,80.0,1,5000.0,0.02505,0.01142,0.02193,0.7812,0,0
uas_waterfowl_experts,aerien_non_marin,BDA_18A4_20181107_1.jpg,5472,3648,5168.0,2378.0,55.5,81.5,1,4523.25,0.02266,0.01014,0.02234,0.681,0,0
uas_waterfowl_experts,aerien_non_marin,BDA_18A4_20181107_1.jpg,5472,3648,5205.0,2312.5,80.0,44.0,1,3520.0,0.01763,0.01462,0.01206,1.8182,0,0
uas_waterfowl_experts,aerien_non_marin,BDA_18A4_20181107_1.jpg,5472,3648,5349.5,2354.0,86.0,69.0,1,5934.0,0.02973,0.01572,0.01891,1.2464,0,0
uas_waterfowl_experts,aerien_non_marin,BDA_18A4_20181107_1.jpg,5472,3648,4601.5,2664.0,74.0,60.5,1,4477.0,0.02243,0.01352,0.01658,1.2231,0,0
uas_waterfowl_experts,aerien_non_marin,BDA_18A4_20181107_1.jpg,5472,3648,4722.5,2463.5,85.5,70.5,1,6027.75,0.0302,0.01562,0.01933,1.2128,0,0
uas_waterfowl_experts,aerien_non_marin,BDA_18A4_20181107_1.jpg,5472,3648,5382.0,877.0,57.0,99.0,1,5643.0,0.02827,0.01042,0.02714,0.5758,0,0
uas_waterfowl_experts,aerien_non_marin,BDA_18A4_20181107_1.jpg,5472,3648,1340.0,843.0,48.0,59.0,1,2832.0,0.01419,0.00877,0.01617,0.8136,0,0
uas_waterfowl_experts,aerien_non_marin,BDA_18A4_20181107_1.jpg,5472,3648,753.0,165.0,227.0,105.0,1,23835.0,0.1194,0.04148,0.02878,2.1619,0,0
uas_waterfowl_experts,aerien_non_marin,BDA_18A4_20181107_1.jpg,5472,3648,130.5,237.0,246.0,118.0,1,29028.0,0.14542,0.04496,0.03235,2.0847,0,0
uas_waterfowl_experts,aerien_non_marin,BDA_18A4_20181107_1.jpg,5472,3648,130.0,0.0,87.0,23.0,1,2001.0,0.01002,0.0159,0.0063,3.7826,0,0
uas_waterfowl_experts,aerien_non_marin,BDA_18A4_20181107_1.jpg,5472,3648,5247.0,2588.0,138.0,222.0,1,30636.0,0.15347,0.02522,0.06086,0.6216,0,0
uas_waterfowl_experts,aerien_non_marin,BDA_18A4_20181107_1.jpg,5472,3648,4051.5,428.0,226.5,146.5,1,33182.25,0.16623,0.04139,0.04016,1.5461,0,0
uas_waterfowl_experts,aerien_non_marin,BDA_18A4_20181107_1.jpg,5472,3648,480.5,266.5,233.5,100.5,1,23466.75,0.11756,0.04267,0.02755,2.3234,0,0
uas_waterfowl_experts,aerien_non_marin,BDA_18A4_20181107_2.jpg,5472,3648,3301.0,1463.0,45.0,66.0,1,2970.0,0.01488,0.00822,0.01809,0.6818,0,0
uas_waterfowl_experts,aerien_non_marin,BDA_18A4_20181107_2.jpg,5472,3648,3391.0,1597.0,76.0,42.0,1,3192.0,0.01599,0.01389,0.01151,1.8095,0,0
uas_waterfowl_experts,aerien_non_marin,BDA_18A4_20181107_2.jpg,5472,3648,3353.0,1670.0,47.5,65.5,1,3111.25,0.01559,0.00868,0.01796,0.7252,0,0
uas_waterfowl_experts,aerien_non_marin,BDA_18A4_20181107_2.jpg,5472,3648,3538.0,1974.0,80.0,51.0,1,4080.0,0.02044,0.01462,0.01398,1.5686,0,0
uas_waterfowl_experts,aerien_non_marin,BDA_18A4_20181107_2.jpg,5472,3648,3628.0,2666.0,55.0,88.0,1,4840.0,0.02425,0.01005,0.02412,0.625,0,0
uas_waterfowl_experts,aerien_non_marin,BDA_18A4_20181107_2.jpg,5472,3648,3520.0,2945.0,44.0,64.0,1,2816.0,0.01411,0.00804,0.01754,0.6875,0,0
uas_waterfowl_experts,aerien_non_marin,BDA_18A4_20181107_2.jpg,5472,3648,3580.0,2938.0,36.0,72.0,1,2592.0,0.01298,0.00658,0.01974,0.5,0,0
uas_waterfowl_experts,aerien_non_marin,BDA_18A4_20181107_2.jpg,5472,3648,3723.0,2765.0,57.0,88.0,1,5016.0,0.02513,0.01042,0.02412,0.6477,0,0
uas_waterfowl_experts,aerien_non_marin,BDA_18A4_20181107_2.jpg,5472,3648,1242.0,2890.0,39.0,70.0,1,2730.0,0.01368,0.00713,0.01919,0.5571,0,0
uas_waterfowl_experts,aerien_non_marin,BDA_18A4_20181107_2.jpg,5472,3648,1355.0,2864.0,40.0,73.0,1,2920.0,0.01463,0.00731,0.02001,0.5479,0,0
uas_waterfowl_experts,aerien_non_marin,BDA_18A4_20181107_2.jpg,5472,3648,1471.0,2919.0,53.0,79.0,1,4187.0,0.02098,0.00969,0.02166,0.6709,0,0
uas_waterfowl_experts,aerien_non_marin,BDA_18A4_20181107_2.jpg,5472,3648,4298.0,3388.0,56.0,61.0,1,3416.0,0.01711,0.01023,0.01672,0.918,0,0
uas_waterfowl_experts,aerien_non_marin,BDA_18A4_20181107_2.jpg,5472,3648,4101.0,3476.0,47.0,62.0,1,2914.0,0.0146,0.00859,0.017,0.7581,0,0
uas_waterfowl_experts,aerien_non_marin,BDA_18A4_20181107_2.jpg,5472,3648,4346.0,3507.0,63.0,86.0,1,5418.0,0.02714,0.01151,0.02357,0.7326,0,0
uas_waterfowl_experts,aerien_non_marin,BDA_18A4_20181107_2.jpg,5472,3648,4486.0,3600.0,63.0,44.0,1,2772.0,0.01389,0.01151,0.01206,1.4318,0,0
uas_waterfowl_experts,aerien_non_marin,BDA_18A4_20181107_2.jpg,5472,3648,3336.0,3182.0,130.0,55.0,1,7150.0,0.03582,0.02376,0.01508,2.3636,0,0
uas_waterfowl_experts,aerien_non_marin,BDA_18A4_20181107_2.jpg,5472,3648,4919.0,1619.0,24.0,48.0,1,1152.0,0.00577,0.00439,0.01316,0.5,0,0
uas_waterfowl_experts,aerien_non_marin,BDA_18A4_20181107_2.jpg,5472,3648,5069.0,1670.0,27.0,37.0,1,999.0,0.005,0.00493,0.01014,0.7297,0,0
uas_waterfowl_experts,aerien_non_marin,BDA_18A4_20181107_2.jpg,5472,3648,5152.0,1759.0,47.0,25.0,1,1175.0,0.00589,0.00859,0.00685,1.88,0,0
uas_waterfowl_experts,aerien_non_marin,BDA_18A4_20181107_2.jpg,5472,3648,4907.0,3079.0,38.0,30.0,1,1140.0,0.00571,0.00694,0.00822,1.2667,0,0
uas_waterfowl_experts,aerien_non_marin,BDA_18A4_20181107_2.jpg,5472,3648,5005.0,3184.0,30.0,51.0,1,1530.0,0.00766,0.00548,0.01398,0.5882,0,0
uas_waterfowl_experts,aerien_non_marin,BDA_18A4_20181107_2.jpg,5472,3648,5040.0,3202.0,28.0,43.0,1,1204.0,0.00603,0.00512,0.01179,0.6512,0,0
uas_waterfowl_experts,aerien_non_marin,BDA_18A4_20181107_2.jpg,5472,3648,5410.0,548.0,32.0,48.0,1,1536.0,0.00769,0.00585,0.01316,0.6667,0,0
uas_waterfowl_experts,aerien_non_marin,BDA_18A4_20181107_3.jpg,5472,3648,3560.0,567.5,60.0,100.0,1,6000.0,0.03006,0.01096,0.02741,0.6,0,0
uas_waterfowl_experts,aerien_non_marin,BDA_18A4_20181107_3.jpg,5472,3648,2747.5,2494.0,99.5,77.5,1,7711.25,0.03863,0.01818,0.02124,1.2839,0,0
uas_waterfowl_experts,aerien_non_marin,BDA_18A4_20181107_3.jpg,5472,3648,3341.5,2683.5,99.5,60.0,1,5970.0,0.02991,0.01818,0.01645,1.6583,0,0
uas_waterfowl_experts,aerien_non_marin,BDA_18A4_20181107_3.jpg,5472,3648,2365.5,2220.5,77.5,81.0,1,6277.5,0.03145,0.01416,0.0222,0.9568,0,0
uas_waterfowl_experts,aerien_non_marin,BDA_18A4_20181107_3.jpg,5472,3648,2318.5,2305.5,90.5,70.0,1,6335.0,0.03174,0.01654,0.01919,1.2929,0,0
uas_waterfowl_experts,aerien_non_marin,BDA_18A4_20181107_3.jpg,5472,3648,2352.0,2412.5,102.5,50.5,1,5176.25,0.02593,0.01873,0.01384,2.0297,0,0
uas_waterfowl_experts,aerien_non_marin,BDA_18A4_20181107_3.jpg,5472,3648,2430.5,2489.0,87.5,61.5,1,5381.25,0.02696,0.01599,0.01686,1.4228,0,0
uas_waterfowl_experts,aerien_non_marin,BDA_18A4_20181107_3.jpg,5472,3648,2288.0,2036.0,89.5,62.0,1,5549.0,0.0278,0.01636,0.017,1.4435,0,0
uas_waterfowl_experts,aerien_non_marin,BDA_18A4_20181107_3.jpg,5472,3648,2007.0,2204.5,96.5,56.0,1,5404.0,0.02707,0.01764,0.01535,1.7232,0,0
uas_waterfowl_experts,aerien_non_marin,BDA_18A4_20181107_3.jpg,5472,3648,2133.0,2195.5,87.5,71.5,1,6256.25,0.03134,0.01599,0.0196,1.2238,0,0
uas_waterfowl_experts,aerien_non_marin,BDA_18A4_20181107_3.jpg,5472,3648,2041.5,1653.0,90.5,77.5,1,7013.75,0.03514,0.01654,0.02124,1.1677,0,0
uas_waterfowl_experts,aerien_non_marin,BDA_18A4_20181107_3.jpg,5472,3648,4383.5,0.5,101.5,49.5,1,5024.25,0.02517,0.01855,0.01357,2.0505,0,0
uas_waterfowl_experts,aerien_non_marin,BDA_18A4_20181107_3.jpg,5472,3648,4874.0,745.0,104.0,106.0,1,11024.0,0.05523,0.01901,0.02906,0.9811,0,0
uas_waterfowl_experts,aerien_non_marin,BDA_18A4_20181107_3.jpg,5472,3648,4876.0,1065.5,87.0,89.5,1,7786.5,0.03901,0.0159,0.02453,0.9721,0,0
uas_waterfowl_experts,aerien_non_marin,BDA_18A4_20181107_3.jpg,5472,3648,4515.0,1356.0,97.0,62.0,1,6014.0,0.03013,0.01773,0.017,1.5645,0,0
uas_waterfowl_experts,aerien_non_marin,BDA_18A4_20181107_3.jpg,5472,3648,4622.5,2081.5,87.0,121.5,1,10570.5,0.05295,0.0159,0.03331,0.716,0,0
uas_waterfowl_experts,aerien_non_marin,BDA_18A4_20181107_3.jpg,5472,3648,5087.0,1660.5,106.5,98.5,1,10490.25,0.05255,0.01946,0.027,1.0812,0,0
uas_waterfowl_experts,aerien_non_marin,BDA_18A4_20181107_3.jpg,5472,3648,4618.0,3294.0,73.0,116.0,1,8468.0,0.04242,0.01334,0.0318,0.6293,0,0
uas_waterfowl_experts,aerien_non_marin,BDA_18A4_20181107_3.jpg,5472,3648,5411.5,3064.0,56.5,88.5,1,5000.25,0.02505,0.01033,0.02426,0.6384,0,0
uas_waterfowl_experts,aerien_non_marin,BDA_18A4_20181107_3.jpg,5472,3648,3580.0,3082.0,96.0,62.0,1,5952.0,0.02982,0.01754,0.017,1.5484,0,0
uas_waterfowl_experts,aerien_non_marin,BDA_18A4_20181107_3.jpg,5472,3648,1903.5,1850.5,86.5,92.0,1,7958.0,0.03987,0.01581,0.02522,0.9402,0,0
uas_waterfowl_experts,aerien_non_marin,BDA_18A4_20181107_3.jpg,5472,3648,4092.0,1363.5,131.5,104.5,1,13741.75,0.06884,0.02403,0.02865,1.2584,0,0
uas_waterfowl_experts,aerien_non_marin,BDA_18A4_20181107_3.jpg,5472,3648,4173.5,1798.5,104.5,62.5,1,6531.25,0.03272,0.0191,0.01713,1.672,0,0
uas_waterfowl_experts,aerien_non_marin,BDA_18A4_20181107_3.jpg,5472,3648,1744.5,2778.0,77.5,119.5,1,9261.25,0.04639,0.01416,0.03276,0.6485,0,0
uas_waterfowl_experts,aerien_non_marin,BDA_18A4_20181107_3.jpg,5472,3648,1947.0,2946.5,94.5,97.0,1,9166.5,0.04592,0.01727,0.02659,0.9742,0,0
uas_waterfowl_experts,aerien_non_marin,BDA_18A4_20181107_3.jpg,5472,3648,1841.5,3115.0,89.0,101.0,1,8989.0,0.04503,0.01626,0.02769,0.8812,0,0
uas_waterfowl_experts,aerien_non_marin,BDA_18A4_20181107_3.jpg,5472,3648,1940.0,3107.0,107.0,88.5,1,9469.5,0.04744,0.01955,0.02426,1.209,0,0
uas_waterfowl_experts,aerien_non_marin,BDA_18A4_20181107_3.jpg,5472,3648,2278.0,2891.5,89.0,105.0,1,9345.0,0.04681,0.01626,0.02878,0.8476,0,0
uas_waterfowl_experts,aerien_non_marin,BDA_18A4_20181107_3.jpg,5472,3648,2470.0,2719.0,118.0,100.0,1,11800.0,0.05911,0.02156,0.02741,1.18,0,0
uas_waterfowl_experts,aerien_non_marin,BDA_18A4_20181107_3.jpg,5472,3648,2340.0,2487.0,99.0,91.0,1,9009.0,0.04513,0.01809,0.02495,1.0879,0,0
uas_waterfowl_experts,aerien_non_marin,BDA_18A4_20181107_3.jpg,5472,3648,2070.0,2057.0,112.0,76.0,1,8512.0,0.04264,0.02047,0.02083,1.4737,0,0
uas_waterfowl_experts,aerien_non_marin,BDA_18A4_20181107_3.jpg,5472,3648,2209.0,1690.0,83.0,111.0,1,9213.0,0.04615,0.01517,0.03043,0.7477,0,0
uas_waterfowl_experts,aerien_non_marin,BDA_18A4_20181107_3.jpg,5472,3648,2318.0,1570.0,77.0,104.0,1,8008.0,0.04012,0.01407,0.02851,0.7404,0,0
uas_waterfowl_experts,aerien_non_marin,BDA_18A4_20181107_3.jpg,5472,3648,2562.0,1566.0,115.0,90.0,1,10350.0,0.05185,0.02102,0.02467,1.2778,0,0
uas_waterfowl_experts,aerien_non_marin,BDA_18A4_20181107_3.jpg,5472,3648,2678.5,1344.0,110.0,70.5,1,7755.0,0.03885,0.0201,0.01933,1.5603,0,0
uas_waterfowl_experts,aerien_non_marin,BDA_18A4_20181107_3.jpg,5472,3648,2817.0,1611.0,89.0,64.0,1,5696.0,0.02853,0.01626,0.01754,1.3906,0,0
uas_waterfowl_experts,aerien_non_marin,BDA_18A4_20181107_3.jpg,5472,3648,2654.0,1504.5,60.0,102.0,1,6120.0,0.03066,0.01096,0.02796,0.5882,0,0
uas_waterfowl_experts,aerien_non_marin,BDA_18A4_20181107_3.jpg,5472,3648,3281.0,1008.0,121.0,98.0,1,11858.0,0.0594,0.02211,0.02686,1.2347,0,0
uas_waterfowl_experts,aerien_non_marin,BDA_18A4_20181107_3.jpg,5472,3648,3417.5,1023.0,101.5,82.5,1,8373.75,0.04195,0.01855,0.02262,1.2303,0,0
uas_waterfowl_experts,aerien_non_marin,BDA_18A4_20181107_3.jpg,5472,3648,3565.0,1255.5,118.5,68.0,1,8058.0,0.04037,0.02166,0.01864,1.7426,0,0
uas_waterfowl_experts,aerien_non_marin,BDA_18A4_20181107_3.jpg,5472,3648,3542.0,719.5,119.5,95.5,1,11412.25,0.05717,0.02184,0.02618,1.2513,0,0
uas_waterfowl_experts,aerien_non_marin,BDA_18A4_20181107_3.jpg,5472,3648,3667.0,564.0,87.0,82.5,1,7177.5,0.03596,0.0159,0.02262,1.0545,0,0
uas_waterfowl_experts,aerien_non_marin,BDA_18A4_20181107_3.jpg,5472,3648,5164.0,219.0,122.0,99.0,1,12078.0,0.06051,0.0223,0.02714,1.2323,0,0
uas_waterfowl_experts,aerien_non_marin,BDA_18A4_20181107_3.jpg,5472,3648,4646.0,1054.0,88.0,114.0,1,10032.0,0.05026,0.01608,0.03125,0.7719,0,0
uas_waterfowl_experts,aerien_non_marin,BDA_18A4_20181107_3.jpg,5472,3648,4515.0,1690.0,92.5,121.0,1,11192.5,0.05607,0.0169,0.03317,0.7645,0,0
uas_waterfowl_experts,aerien_non_marin,BDA_18A4_20181107_3.jpg,5472,3648,4465.5,1787.5,106.5,107.0,1,11395.5,0.05709,0.01946,0.02933,0.9953,0,0
uas_waterfowl_experts,aerien_non_marin,BDA_18A4_20181107_3.jpg,5472,3648,4619.0,1793.5,64.0,96.5,1,6176.0,0.03094,0.0117,0.02645,0.6632,0,0
uas_waterfowl_experts,aerien_non_marin,BDA_18A4_20181107_3.jpg,5472,3648,4784.0,1734.5,109.0,97.5,1,10627.5,0.05324,0.01992,0.02673,1.1179,0,0
uas_waterfowl_experts,aerien_non_marin,BDA_18A4_20181107_3.jpg,5472,3648,4846.5,1666.0,101.0,74.0,1,7474.0,0.03744,0.01846,0.02029,1.3649,0,0
uas_waterfowl_experts,aerien_non_marin,BDA_18A4_20181107_3.jpg,5472,3648,4868.5,1607.0,104.0,56.0,1,5824.0,0.02918,0.01901,0.01535,1.8571,0,0
uas_waterfowl_experts,aerien_non_marin,BDA_18A4_20181107_3.jpg,5472,3648,4848.5,2083.0,89.0,96.0,1,8544.0,0.0428,0.01626,0.02632,0.9271,0,0
uas_waterfowl_experts,aerien_non_marin,BDA_18A4_20181107_3.jpg,5472,3648,5140.0,2136.0,120.0,100.0,1,12000.0,0.06011,0.02193,0.02741,1.2,0,0
uas_waterfowl_experts,aerien_non_marin,BDA_18A4_20181107_3.jpg,5472,3648,5268.5,2049.0,110.5,76.0,1,8398.0,0.04207,0.02019,0.02083,1.4539,0,0
uas_waterfowl_experts,aerien_non_marin,BDA_18A4_20181107_3.jpg,5472,3648,5349.0,2232.0,106.0,65.0,1,6890.0,0.03452,0.01937,0.01782,1.6308,0,0
uas_waterfowl_experts,aerien_non_marin,BDA_18A4_20181107_3.jpg,5472,3648,5368.0,2287.5,96.5,76.5,1,7382.25,0.03698,0.01764,0.02097,1.2614,0,0
uas_waterfowl_experts,aerien_non_marin,BDA_18A4_20181107_3.jpg,5472,3648,4967.0,2472.5,122.0,98.5,1,12017.0,0.0602,0.0223,0.027,1.2386,0,0
uas_waterfowl_experts,aerien_non_marin,BDA_18A4_20181107_3.jpg,5472,3648,5147.0,2651.0,85.0,74.0,1,6290.0,0.03151,0.01553,0.02029,1.1486,0,0
uas_waterfowl_experts,aerien_non_marin,BDA_18A4_20181107_3.jpg,5472,3648,4512.5,2645.5,127.5,83.5,1,10646.25,0.05333,0.0233,0.02289,1.5269,0,0
uas_waterfowl_experts,aerien_non_marin,BDA_18A4_20181107_3.jpg,5472,3648,4295.5,2399.5,114.5,125.5,1,14369.75,0.07199,0.02092,0.0344,0.9124,0,0
uas_waterfowl_experts,aerien_non_marin,BDA_18A4_20181107_3.jpg,5472,3648,5146.0,1295.0,87.5,112.5,1,9843.75,0.04931,0.01599,0.03084,0.7778,0,0
uas_waterfowl_experts,aerien_non_marin,BDA_18A4_20181107_3.jpg,5472,3648,5284.0,1208.5,112.0,91.5,1,10248.0,0.05134,0.02047,0.02508,1.224,0,0
uas_waterfowl_experts,aerien_non_marin,BDA_18A4_20181107_3.jpg,5472,3648,5352.5,1445.0,107.5,70.5,1,7578.75,0.03797,0.01965,0.01933,1.5248,0,0
uas_waterfowl_experts,aerien_non_marin,BDA_18A4_20181107_3.jpg,5472,3648,4453.0,3328.0,101.0,111.0,1,11211.0,0.05616,0.01846,0.03043,0.9099,0,0
uas_waterfowl_experts,aerien_non_marin,BDA_18A4_20181107_3.jpg,5472,3648,4348.0,3423.0,109.0,78.0,1,8502.0,0.04259,0.01992,0.02138,1.3974,0,0
uas_waterfowl_experts,aerien_non_marin,BDA_18A4_20181107_3.jpg,5472,3648,4240.5,3497.5,84.0,77.0,1,6468.0,0.0324,0.01535,0.02111,1.0909,0,0
uas_waterfowl_experts,aerien_non_marin,BDA_18A4_20181107_3.jpg,5472,3648,4002.5,3571.0,76.5,75.0,1,5737.5,0.02874,0.01398,0.02056,1.02,0,0
uas_waterfowl_experts,aerien_non_marin,BDA_18A4_20181107_3.jpg,5472,3648,3868.5,3540.0,73.0,97.0,1,7081.0,0.03547,0.01334,0.02659,0.7526,0,0
uas_waterfowl_experts,aerien_non_marin,BDA_18A4_20181107_3.jpg,5472,3648,4893.5,3094.5,141.5,106.0,1,14999.0,0.07514,0.02586,0.02906,1.3349,0,0
uas_waterfowl_experts,aerien_non_marin,BDA_18A4_20181107_3.jpg,5472,3648,3858.0,3147.0,87.0,82.0,1,7134.0,0.03574,0.0159,0.02248,1.061,0,0
uas_waterfowl_experts,aerien_non_marin,BDA_18A4_20181107_3.jpg,5472,3648,3427.0,2895.0,105.0,67.0,1,7035.0,0.03524,0.01919,0.01837,1.5672,0,0
uas_waterfowl_experts,aerien_non_marin,BDA_18A4_20181107_3.jpg,5472,3648,2832.0,2309.0,84.0,70.0,1,5880.0,0.02946,0.01535,0.01919,1.2,0,0
uas_waterfowl_experts,aerien_non_marin,BDA_18A4_20181107_3.jpg,5472,3648,2802.0,2551.5,93.0,58.0,1,5394.0,0.02702,0.017,0.0159,1.6034,0,0
uas_waterfowl_experts,aerien_non_marin,BDA_18A4_20181107_3.jpg,5472,3648,2959.0,2601.0,110.5,74.5,1,8232.25,0.04124,0.02019,0.02042,1.4832,0,0
uas_waterfowl_experts,aerien_non_marin,BDA_18A4_20181107_3.jpg,5472,3648,3220.5,2616.5,64.5,100.5,1,6482.25,0.03247,0.01179,0.02755,0.6418,0,0
uas_waterfowl_experts,aerien_non_marin,BDA_18A4_20181107_3.jpg,5472,3648,3354.5,2528.0,97.5,55.0,1,5362.5,0.02686,0.01782,0.01508,1.7727,0,0
uas_waterfowl_experts,aerien_non_marin,BDA_18A4_20181107_3.jpg,5472,3648,2473.5,2209.5,86.5,96.0,1,8304.0,0.0416,0.01581,0.02632,0.901,0,0
uas_waterfowl_experts,aerien_non_marin,BDA_18A4_20181107_3.jpg,5472,3648,4159.0,3498.0,101.0,81.0,1,8181.0,0.04098,0.01846,0.0222,1.2469,0,0
uas_waterfowl_experts,aerien_non_marin,BDA_18A4_20181107_3.jpg,5472,3648,4952.0,3578.0,120.0,64.5,1,7740.0,0.03877,0.02193,0.01768,1.8605,0,0
uas_waterfowl_experts,aerien_non_marin,BDA_18A4_20181107_3.jpg,5472,3648,4257.0,3107.5,88.5,90.0,1,7965.0,0.0399,0.01617,0.02467,0.9833,0,0
uas_waterfowl_experts,aerien_non_marin,BDA_18A4_20181107_3.jpg,5472,3648,3459.0,3070.5,65.5,89.5,1,5862.25,0.02937,0.01197,0.02453,0.7318,0,0
uas_waterfowl_experts,aerien_non_marin,BDA_18A4_20181107_3.jpg,5472,3648,2434.5,1554.0,83.5,87.0,1,7264.5,0.03639,0.01526,0.02385,0.9598,0,0
uas_waterfowl_experts,aerien_non_marin,BDA_18A4_20181107_3.jpg,5472,3648,2843.0,1881.5,109.5,87.0,1,9526.5,0.04772,0.02001,0.02385,1.2586,0,0
uas_waterfowl_experts,aerien_non_marin,BDA_18A4_20181107_3.jpg,5472,3648,2189.0,2601.0,110.0,82.0,1,9020.0,0.04519,0.0201,0.02248,1.3415,0,0
uas_waterfowl_experts,aerien_non_marin,BDA_18A4_20181107_3.jpg,5472,3648,1933.0,1997.0,108.5,65.0,1,7052.5,0.03533,0.01983,0.01782,1.6692,0,0
uas_waterfowl_experts,aerien_non_marin,BDA_18A4_20181107_3.jpg,5472,3648,2038.5,1814.0,110.0,80.0,1,8800.0,0.04408,0.0201,0.02193,1.375,0,0
uas_waterfowl_experts,aerien_non_marin,BDA_18A4_20181107_3.jpg,5472,3648,4517.0,1535.0,75.0,96.0,1,7200.0,0.03607,0.01371,0.02632,0.7812,0,0
uas_waterfowl_experts,aerien_non_marin,BDA_18A4_20181107_4.jpg,5472,3648,2270.5,186.0,146.0,154.0,1,22484.0,0.11263,0.02668,0.04221,0.9481,0,0
uas_waterfowl_experts,aerien_non_marin,BDA_18A4_20181107_4.jpg,5472,3648,2971.5,1.5,105.5,71.0,1,7490.5,0.03752,0.01928,0.01946,1.4859,0,0
uas_waterfowl_experts,aerien_non_marin,BDA_18A4_20181107_4.jpg,5472,3648,2719.0,243.0,97.0,150.0,1,14550.0,0.07289,0.01773,0.04112,0.6467,0,0
uas_waterfowl_experts,aerien_non_marin,BDA_18A4_20181107_4.jpg,5472,3648,2191.5,553.0,193.0,100.5,1,19396.5,0.09717,0.03527,0.02755,1.9204,0,0
uas_waterfowl_experts,aerien_non_marin,BDA_18A4_20181107_4.jpg,5472,3648,2207.0,803.0,167.0,122.5,1,20457.5,0.10248,0.03052,0.03358,1.3633,0,0
uas_waterfowl_experts,aerien_non_marin,BDA_18A4_20181107_4.jpg,5472,3648,2425.0,803.0,80.0,147.0,1,11760.0,0.05891,0.01462,0.0403,0.5442,0,0
uas_waterfowl_experts,aerien_non_marin,BDA_18A4_20181107_4.jpg,5472,3648,2653.0,814.0,188.0,106.0,1,19928.0,0.09983,0.03436,0.02906,1.7736,0,0
uas_waterfowl_experts,aerien_non_marin,BDA_18A4_20181107_4.jpg,5472,3648,2871.5,372.5,111.5,134.5,1,14996.75,0.07513,0.02038,0.03687,0.829,0,0
uas_waterfowl_experts,aerien_non_marin,BDA_18A4_20181107_4.jpg,5472,3648,3249.0,527.0,107.0,196.0,1,20972.0,0.10506,0.01955,0.05373,0.5459,0,0
uas_waterfowl_experts,aerien_non_marin,BDA_18A4_20181107_4.jpg,5472,3648,3472.0,688.0,141.0,164.0,1,23124.0,0.11584,0.02577,0.04496,0.8598,0,0
uas_waterfowl_experts,aerien_non_marin,BDA_18A4_20181107_4.jpg,5472,3648,3765.0,1138.5,159.5,116.5,1,18581.75,0.09309,0.02915,0.03194,1.3691,0,0
uas_waterfowl_experts,aerien_non_marin,BDA_18A4_20181107_4.jpg,5472,3648,401.0,1969.5,131.0,163.5,1,21418.5,0.1073,0.02394,0.04482,0.8012,0,0
uas_waterfowl_experts,aerien_non_marin,BDA_18A4_20181107_4.jpg,5472,3648,174.0,2208.0,135.0,166.0,1,22410.0,0.11226,0.02467,0.0455,0.8133,0,0
uas_waterfowl_experts,aerien_non_marin,BDA_18A4_20181107_4.jpg,5472,3648,170.0,2660.0,141.0,214.0,1,30174.0,0.15116,0.02577,0.05866,0.6589,0,0
uas_waterfowl_experts,aerien_non_marin,BDA_18A4_20181107_4.jpg,5472,3648,88.0,2965.0,188.0,132.0,1,24816.0,0.12432,0.03436,0.03618,1.4242,0,0
uas_waterfowl_experts,aerien_non_marin,BDA_18A4_20181107_4.jpg,5472,3648,214.0,3333.0,144.0,194.5,1,28008.0,0.14031,0.02632,0.05332,0.7404,0,0
uas_waterfowl_experts,aerien_non_marin,BDA_18A4_20181107_4.jpg,5472,3648,780.0,2627.0,177.5,117.5,1,20856.25,0.10448,0.03244,0.03221,1.5106,0,0
uas_waterfowl_experts,aerien_non_marin,BDA_18A4_20181107_4.jpg,5472,3648,1034.0,2789.0,211.0,118.0,1,24898.0,0.12473,0.03856,0.03235,1.7881,0,0
uas_waterfowl_experts,aerien_non_marin,BDA_18A4_20181107_4.jpg,5472,3648,1341.0,1970.0,196.0,160.0,1,31360.0,0.1571,0.03582,0.04386,1.225,0,0
uas_waterfowl_experts,aerien_non_marin,BDA_18A4_20181107_4.jpg,5472,3648,2891.0,1249.5,72.5,45.0,1,3262.5,0.01634,0.01325,0.01234,1.6111,0,0
uas_waterfowl_experts,aerien_non_marin,BDA_18A4_20181107_4.jpg,5472,3648,3321.5,1151.5,76.5,56.5,1,4322.25,0.02165,0.01398,0.01549,1.354,0,0
uas_waterfowl_experts,aerien_non_marin,BDA_18A4_20181107_4.jpg,5472,3648,3338.5,1779.0,84.5,51.5,1,4351.75,0.0218,0.01544,0.01412,1.6408,0,0
uas_waterfowl_experts,aerien_non_marin,BDA_18A4_20181107_4.jpg,5472,3648,2997.0,2374.0,64.5,59.5,1,3837.75,0.01923,0.01179,0.01631,1.084,0,0
uas_waterfowl_experts,aerien_non_marin,BDA_18A4_20181107_4.jpg,5472,3648,2352.0,2881.0,96.0,45.0,1,4320.0,0.02164,0.01754,0.01234,2.1333,0,0
uas_waterfowl_experts,aerien_non_marin,BDA_18A4_20181107_4.jpg,5472,3648,1822.0,842.0,68.0,68.0,1,4624.0,0.02316,0.01243,0.01864,1.0,0,0
uas_waterfowl_experts,aerien_non_marin,BDA_18A4_20181107_4.jpg,5472,3648,1869.0,815.5,71.0,58.0,1,4118.0,0.02063,0.01298,0.0159,1.2241,0,0
uas_waterfowl_experts,aerien_non_marin,BDA_18A4_20181107_4.jpg,5472,3648,1879.0,750.0,45.5,79.0,1,3594.5,0.01801,0.00832,0.02166,0.5759,0,0
uas_waterfowl_experts,aerien_non_marin,BDA_18A4_20181107_4.jpg,5472,3648,5119.0,1664.0,58.0,75.5,1,4379.0,0.02194,0.0106,0.0207,0.7682,0,0
uas_waterfowl_experts,aerien_non_marin,BDA_18A4_20181107_4.jpg,5472,3648,5194.5,1804.0,81.5,72.0,1,5868.0,0.0294,0.01489,0.01974,1.1319,0,0
uas_waterfowl_experts,aerien_non_marin,BDA_18A4_20181107_4.jpg,5472,3648,5102.0,2207.5,83.5,48.0,1,4008.0,0.02008,0.01526,0.01316,1.7396,0,0
uas_waterfowl_experts,aerien_non_marin,BDA_18A4_20181107_4.jpg,5472,3648,3842.5,1725.5,101.5,56.5,1,5734.75,0.02873,0.01855,0.01549,1.7965,0,0
uas_waterfowl_experts,aerien_non_marin,BDA_18A4_20181107_4.jpg,5472,3648,3895.5,1895.5,86.0,58.0,1,4988.0,0.02499,0.01572,0.0159,1.4828,0,0
uas_waterfowl_experts,aerien_non_marin,BDA_18A4_20181107_4.jpg,5472,3648,3768.0,1923.0,75.0,63.5,1,4762.5,0.02386,0.01371,0.01741,1.1811,0,0
uas_waterfowl_experts,aerien_non_marin,BDA_18A4_20181107_4.jpg,5472,3648,3695.0,1823.5,53.5,74.0,1,3959.0,0.01983,0.00978,0.02029,0.723,0,0
uas_waterfowl_experts,aerien_non_marin,BDA_18A4_20181107_4.jpg,5472,3648,2978.0,1444.0,54.0,77.0,1,4158.0,0.02083,0.00987,0.02111,0.7013,0,0
uas_waterfowl_experts,aerien_non_marin,BDA_18A4_20181107_4.jpg,5472,3648,3148.5,1358.0,67.0,74.0,1,4958.0,0.02484,0.01224,0.02029,0.9054,0,0
uas_waterfowl_experts,aerien_non_marin,BDA_18A4_20181107_4.jpg,5472,3648,3865.5,1587.5,81.0,64.5,1,5224.5,0.02617,0.0148,0.01768,1.2558,0,0
uas_waterfowl_experts,aerien_non_marin,BDA_18A4_20181107_4.jpg,5472,3648,3367.0,1893.0,61.0,66.0,1,4026.0,0.02017,0.01115,0.01809,0.9242,0,0
uas_waterfowl_experts,aerien_non_marin,BDA_18A4_20181107_4.jpg,5472,3648,3312.5,1960.5,78.5,57.0,1,4474.5,0.02242,0.01435,0.01562,1.3772,0,0
uas_waterfowl_experts,aerien_non_marin,BDA_18A4_20181107_4.jpg,5472,3648,3440.0,1841.0,58.5,79.0,1,4621.5,0.02315,0.01069,0.02166,0.7405,0,0
uas_waterfowl_experts,aerien_non_marin,BDA_18A4_20181107_4.jpg,5472,3648,3675.5,2051.5,55.0,89.0,1,4895.0,0.02452,0.01005,0.0244,0.618,0,0
uas_waterfowl_experts,aerien_non_marin,BDA_18A4_20181107_4.jpg,5472,3648,3518.0,2138.5,56.5,82.5,1,4661.25,0.02335,0.01033,0.02262,0.6848,0,0
uas_waterfowl_experts,aerien_non_marin,BDA_18A4_20181107_4.jpg,5472,3648,3352.0,2248.5,76.5,49.5,1,3786.75,0.01897,0.01398,0.01357,1.5455,0,0
uas_waterfowl_experts,aerien_non_marin,BDA_18A4_20181107_4.jpg,5472,3648,3302.0,2147.0,85.0,57.5,1,4887.5,0.02448,0.01553,0.01576,1.4783,0,0
uas_waterfowl_experts,aerien_non_marin,BDA_18A4_20181107_4.jpg,5472,3648,3246.0,2205.5,54.0,78.5,1,4239.0,0.02124,0.00987,0.02152,0.6879,0,0
uas_waterfowl_experts,aerien_non_marin,BDA_18A4_20181107_4.jpg,5472,3648,3116.5,2226.0,57.5,87.5,1,5031.25,0.0252,0.01051,0.02399,0.6571,0,0
uas_waterfowl_experts,aerien_non_marin,BDA_18A4_20181107_4.jpg,5472,3648,3062.0,2326.0,54.5,72.0,1,3924.0,0.01966,0.00996,0.01974,0.7569,0,0
uas_waterfowl_experts,aerien_non_marin,BDA_18A4_20181107_4.jpg,5472,3648,2839.5,2869.5,89.5,39.5,1,3535.25,0.01771,0.01636,0.01083,2.2658,0,0
uas_waterfowl_experts,aerien_non_marin,BDA_18A4_20181107_4.jpg,5472,3648,2555.5,2601.0,75.0,62.0,1,4650.0,0.02329,0.01371,0.017,1.2097,0,0
uas_waterfowl_experts,aerien_non_marin,BDA_18A4_20181107_4.jpg,5472,3648,2817.0,2623.0,100.0,47.0,1,4700.0,0.02354,0.01827,0.01288,2.1277,0,0
uas_waterfowl_experts,aerien_non_marin,BDA_18A4_20181107_4.jpg,5472,3648,1872.0,620.5,79.5,50.0,1,3975.0,0.01991,0.01453,0.01371,1.59,0,0
uas_waterfowl_experts,aerien_non_marin,BDA_18A4_20181107_4.jpg,5472,3648,4839.0,2080.0,85.5,47.0,1,4018.5,0.02013,0.01562,0.01288,1.8191,0,0
uas_waterfowl_experts,aerien_non_marin,BDA_18A4_20181107_4.jpg,5472,3648,3285.0,1205.0,85.0,68.0,1,5780.0,0.02896,0.01553,0.01864,1.25,0,0
uas_waterfowl_experts,aerien_non_marin,BDA_18A4_20181107_4.jpg,5472,3648,3379.5,1646.0,70.5,85.0,1,5992.5,0.03002,0.01288,0.0233,0.8294,0,0
uas_waterfowl_experts,aerien_non_marin,BDA_18A4_20181107_4.jpg,5472,3648,1705.0,621.0,81.5,92.5,1,7538.75,0.03777,0.01489,0.02536,0.8811,0,0
uas_waterfowl_experts,aerien_non_marin,BDA_18A4_20181107_4.jpg,5472,3648,1797.0,680.0,95.0,55.0,1,5225.0,0.02617,0.01736,0.01508,1.7273,0,0
uas_waterfowl_experts,aerien_non_marin,BDA_18A4_20181107_4.jpg,5472,3648,5.0,2050.5,94.0,60.5,1,5687.0,0.02849,0.01718,0.01658,1.5537,0,0
uas_waterfowl_experts,aerien_non_marin,BDA_18A4_20181107_4.jpg,5472,3648,3234.0,1420.0,86.0,68.0,1,5848.0,0.0293,0.01572,0.01864,1.2647,0,0
uas_waterfowl_experts,aerien_non_marin,BDA_18A4_20181107_4.jpg,5472,3648,3365.5,1516.0,79.0,67.5,1,5332.5,0.02671,0.01444,0.0185,1.1704,0,0
uas_waterfowl_experts,aerien_non_marin,BDA_18A4_20181107_4.jpg,5472,3648,3156.0,1597.5,61.0,89.0,1,5429.0,0.0272,0.01115,0.0244,0.6854,0,0
uas_waterfowl_experts,aerien_non_marin,BDA_18A4_20181107_4.jpg,5472,3648,3014.5,1274.5,82.0,62.0,1,5084.0,0.02547,0.01499,0.017,1.3226,0,0
uas_waterfowl_experts,aerien_non_marin,BDA_18A4_20181107_4.jpg,5472,3648,3139.0,1175.0,78.0,76.5,1,5967.0,0.02989,0.01425,0.02097,1.0196,0,0
uas_waterfowl_experts,aerien_non_marin,BDA_18A4_20181107_4.jpg,5472,3648,3209.0,1255.5,78.5,74.0,1,5809.0,0.0291,0.01435,0.02029,1.0608,0,0
uas_waterfowl_experts,aerien_non_marin,BDA_18A4_20181107_4.jpg,5472,3648,3538.5,1836.0,49.5,94.5,1,4677.75,0.02343,0.00905,0.0259,0.5238,0,0
uas_waterfowl_experts,aerien_non_marin,BDA_18A4_20181107_4.jpg,5472,3648,3643.5,1913.5,63.5,70.5,1,4476.75,0.02243,0.0116,0.01933,0.9007,0,0
uas_waterfowl_experts,aerien_non_marin,BDA_18A4_20181107_4.jpg,5472,3648,3558.0,2006.5,78.0,44.0,1,3432.0,0.01719,0.01425,0.01206,1.7727,0,0
uas_waterfowl_experts,aerien_non_marin,BDA_18A4_20181107_4.jpg,5472,3648,3461.5,1985.5,53.0,96.5,1,5114.5,0.02562,0.00969,0.02645,0.5492,0,0
uas_waterfowl_experts,aerien_non_marin,BDA_18A4_20181107_4.jpg,5472,3648,1822.0,2842.0,54.5,97.0,1,5286.5,0.02648,0.00996,0.02659,0.5619,0,0
uas_waterfowl_experts,aerien_non_marin,BDA_18A4_20181107_4.jpg,5472,3648,2016.0,2760.5,81.5,74.5,1,6071.75,0.03042,0.01489,0.02042,1.094,0,0
uas_waterfowl_experts,aerien_non_marin,BDA_18A4_20181107_4.jpg,5472,3648,2154.0,3060.0,96.0,52.0,1,4992.0,0.02501,0.01754,0.01425,1.8462,0,0
uas_waterfowl_experts,aerien_non_marin,BDA_18A4_20181107_4.jpg,5472,3648,2409.0,3022.0,54.5,84.0,1,4578.0,0.02293,0.00996,0.02303,0.6488,0,0
uas_waterfowl_experts,aerien_non_marin,BDA_18A4_20181107_4.jpg,5472,3648,2383.5,2724.5,95.5,49.5,1,4727.25,0.02368,0.01745,0.01357,1.9293,0,0
uas_waterfowl_experts,aerien_non_marin,BDA_18A4_20181107_4.jpg,5472,3648,2707.0,2794.0,82.0,74.5,1,6109.0,0.0306,0.01499,0.02042,1.1007,0,0
uas_waterfowl_experts,aerien_non_marin,BDA_18A4_20181107_4.jpg,5472,3648,2290.0,2498.0,61.0,87.0,1,5307.0,0.02659,0.01115,0.02385,0.7011,0,0
uas_waterfowl_experts,aerien_non_marin,BDA_18A4_20181107_4.jpg,5472,3648,4651.0,1509.5,68.5,96.0,1,6576.0,0.03294,0.01252,0.02632,0.7135,0,0
uas_waterfowl_experts,aerien_non_marin,BDA_18A4_20181107_4.jpg,5472,3648,4561.0,1777.0,57.0,101.5,1,5785.5,0.02898,0.01042,0.02782,0.5616,0,0
uas_waterfowl_experts,aerien_non_marin,BDA_18A4_20181107_4.jpg,5472,3648,4848.5,1759.0,70.0,70.5,1,4935.0,0.02472,0.01279,0.01933,0.9929,0,0
uas_waterfowl_experts,aerien_non_marin,BDA_18A4_20181107_4.jpg,5472,3648,4884.5,1534.0,58.5,93.0,1,5440.5,0.02725,0.01069,0.02549,0.629,0,0
uas_waterfowl_experts,aerien_non_marin,BDA_18A4_20181107_4.jpg,5472,3648,4996.0,2002.5,73.5,91.5,1,6725.25,0.03369,0.01343,0.02508,0.8033,0,0
uas_waterfowl_experts,aerien_non_marin,BDA_18A4_20181107_4.jpg,5472,3648,802.5,1579.5,69.5,71.5,1,4969.25,0.02489,0.0127,0.0196,0.972,0,0
uas_waterfowl_experts,aerien_non_marin,BDA_18A4_20181107_4.jpg,5472,3648,1129.5,2026.5,147.5,183.5,1,27066.25,0.13559,0.02696,0.0503,0.8038,0,0
uas_waterfowl_experts,aerien_non_marin,BDA_18A4_20181107_4.jpg,5472,3648,395.0,2801.0,154.0,121.5,1,18711.0,0.09373,0.02814,0.03331,1.2675,0,0
uas_waterfowl_experts,aerien_non_marin,BDA_18A4_20181107_4.jpg,5472,3648,4903.0,3153.0,289.0,116.0,1,33524.0,0.16794,0.05281,0.0318,2.4914,0,0
uas_waterfowl_experts,aerien_non_marin,BDA_18A4_20181107_4.jpg,5472,3648,3485.5,1717.5,70.5,98.0,1,6909.0,0.03461,0.01288,0.02686,0.7194,0,0
uas_waterfowl_experts,aerien_non_marin,mxw_L13_20181215_1.jpg,5472,3648,1171.0,1307.0,31.0,30.0,1,930.0,0.00466,0.00567,0.00822,1.0333,0,0
uas_waterfowl_experts,aerien_non_marin,mxw_L13_20181215_1.jpg,5472,3648,1200.5,1262.0,29.0,20.5,1,594.5,0.00298,0.0053,0.00562,1.4146,0,0
uas_waterfowl_experts,aerien_non_marin,mxw_L13_20181215_1.jpg,5472,3648,1688.5,1527.0,56.5,32.5,1,1836.25,0.0092,0.01033,0.00891,1.7385,0,0
uas_waterfowl_experts,aerien_non_marin,mxw_L13_20181215_1.jpg,5472,3648,1790.0,1441.5,39.0,45.0,1,1755.0,0.00879,0.00713,0.01234,0.8667,0,0
uas_waterfowl_experts,aerien_non_marin,mxw_L13_20181215_1.jpg,5472,3648,1848.5,1504.5,38.0,41.0,1,1558.0,0.0078,0.00694,0.01124,0.9268,0,0
uas_waterfowl_experts,aerien_non_marin,mxw_L13_20181215_1.jpg,5472,3648,1873.0,1455.0,46.0,40.0,1,1840.0,0.00922,0.00841,0.01096,1.15,0,0
uas_waterfowl_experts,aerien_non_marin,mxw_L13_20181215_1.jpg,5472,3648,1786.0,1569.0,48.0,20.0,1,960.0,0.00481,0.00877,0.00548,2.4,0,0
uas_waterfowl_experts,aerien_non_marin,mxw_L13_20181215_1.jpg,5472,3648,1829.5,1601.0,46.5,41.0,1,1906.5,0.00955,0.0085,0.01124,1.1341,0,0
uas_waterfowl_experts,aerien_non_marin,mxw_L13_20181215_1.jpg,5472,3648,1918.5,1631.5,31.0,45.0,1,1395.0,0.00699,0.00567,0.01234,0.6889,0,0
uas_waterfowl_experts,aerien_non_marin,mxw_L13_20181215_1.jpg,5472,3648,1972.0,1622.0,33.5,42.0,1,1407.0,0.00705,0.00612,0.01151,0.7976,0,0
uas_waterfowl_experts,aerien_non_marin,mxw_L13_20181215_1.jpg,5472,3648,2000.5,1556.0,38.5,44.0,1,1694.0,0.00849,0.00704,0.01206,0.875,0,0
uas_waterfowl_experts,aerien_non_marin,mxw_L13_20181215_1.jpg,5472,3648,2003.0,1673.5,39.5,39.0,1,1540.5,0.00772,0.00722,0.01069,1.0128,0,0
uas_waterfowl_experts,aerien_non_marin,mxw_L13_20181215_1.jpg,5472,3648,2067.5,1616.5,30.5,38.0,1,1159.0,0.00581,0.00557,0.01042,0.8026,0,0
uas_waterfowl_experts,aerien_non_marin,mxw_L13_20181215_1.jpg,5472,3648,2060.0,1665.0,31.0,45.0,1,1395.0,0.00699,0.00567,0.01234,0.6889,0,0
uas_waterfowl_experts,aerien_non_marin,mxw_L13_20181215_1.jpg,5472,3648,2040.0,1745.0,39.0,44.5,1,1735.5,0.00869,0.00713,0.0122,0.8764,0,0
uas_waterfowl_experts,aerien_non_marin,mxw_L13_20181215_1.jpg,5472,3648,2116.0,1701.5,33.0,51.5,1,1699.5,0.00851,0.00603,0.01412,0.6408,0,0
uas_waterfowl_experts,aerien_non_marin,mxw_L13_20181215_1.jpg,5472,3648,2198.0,1747.0,38.5,50.0,1,1925.0,0.00964,0.00704,0.01371,0.77,0,0
uas_waterfowl_experts,aerien_non_marin,mxw_L13_20181215_1.jpg,5472,3648,2282.0,1689.0,34.5,43.5,1,1500.75,0.00752,0.0063,0.01192,0.7931,0,0
uas_waterfowl_experts,aerien_non_marin,mxw_L13_20181215_1.jpg,5472,3648,2302.0,1735.5,35.5,40.0,1,1420.0,0.00711,0.00649,0.01096,0.8875,0,0
uas_waterfowl_experts,aerien_non_marin,mxw_L13_20181215_1.jpg,5472,3648,3243.0,2443.0,47.0,28.5,1,1339.5,0.00671,0.00859,0.00781,1.6491,0,0
uas_waterfowl_experts,aerien_non_marin,mxw_L13_20181215_1.jpg,5472,3648,3201.5,2428.5,36.0,36.0,1,1296.0,0.00649,0.00658,0.00987,1.0,0,0
uas_waterfowl_experts,aerien_non_marin,mxw_L13_20181215_1.jpg,5472,3648,3195.5,2339.0,40.5,41.0,1,1660.5,0.00832,0.0074,0.01124,0.9878,0,0
uas_waterfowl_experts,aerien_non_marin,mxw_L13_20181215_1.jpg,5472,3648,3117.0,2359.0,40.0,38.0,1,1520.0,0.00761,0.00731,0.01042,1.0526,0,0
uas_waterfowl_experts,aerien_non_marin,mxw_L13_20181215_1.jpg,5472,3648,3138.0,2293.0,31.5,44.0,1,1386.0,0.00694,0.00576,0.01206,0.7159,0,0
uas_waterfowl_experts,aerien_non_marin,mxw_L13_20181215_1.jpg,5472,3648,3061.5,2456.5,28.5,44.0,1,1254.0,0.00628,0.00521,0.01206,0.6477,0,0
uas_waterfowl_experts,aerien_non_marin,mxw_L13_20181215_1.jpg,5472,3648,2967.5,2534.0,47.0,52.5,1,2467.5,0.01236,0.00859,0.01439,0.8952,0,0
uas_waterfowl_experts,aerien_non_marin,mxw_L13_20181215_1.jpg,5472,3648,2978.5,2430.0,34.5,43.5,1,1500.75,0.00752,0.0063,0.01192,0.7931,0,0
uas_waterfowl_experts,aerien_non_marin,mxw_L13_20181215_1.jpg,5472,3648,3064.5,2349.0,28.0,46.0,1,1288.0,0.00645,0.00512,0.01261,0.6087,0,0
uas_waterfowl_experts,aerien_non_marin,mxw_L13_20181215_1.jpg,5472,3648,3085.0,2268.5,35.5,41.0,1,1455.5,0.00729,0.00649,0.01124,0.8659,0,0
uas_waterfowl_experts,aerien_non_marin,mxw_L13_20181215_1.jpg,5472,3648,3003.5,2351.5,28.5,39.5,1,1125.75,0.00564,0.00521,0.01083,0.7215,0,0
uas_waterfowl_experts,aerien_non_marin,mxw_L13_20181215_1.jpg,5472,3648,2922.5,2371.0,42.5,41.0,1,1742.5,0.00873,0.00777,0.01124,1.0366,0,0
uas_waterfowl_experts,aerien_non_marin,mxw_L13_20181215_1.jpg,5472,3648,2963.5,2282.5,35.0,39.0,1,1365.0,0.00684,0.0064,0.01069,0.8974,0,0
uas_waterfowl_experts,aerien_non_marin,mxw_L13_20181215_1.jpg,5472,3648,2915.5,2232.5,40.0,38.0,1,1520.0,0.00761,0.00731,0.01042,1.0526,0,0
uas_waterfowl_experts,aerien_non_marin,mxw_L13_20181215_1.jpg,5472,3648,2706.5,2192.0,36.5,54.5,1,1989.25,0.00997,0.00667,0.01494,0.6697,0,0
uas_waterfowl_experts,aerien_non_marin,mxw_L13_20181215_1.jpg,5472,3648,2579.5,1975.0,33.5,57.0,1,1909.5,0.00957,0.00612,0.01562,0.5877,0,0
uas_waterfowl_experts,aerien_non_marin,mxw_L13_20181215_1.jpg,5472,3648,2582.0,2039.0,30.5,41.0,1,1250.5,0.00626,0.00557,0.01124,0.7439,0,0
uas_waterfowl_experts,aerien_non_marin,mxw_L13_20181215_1.jpg,5472,3648,938.0,1560.5,44.5,28.0,1,1246.0,0.00624,0.00813,0.00768,1.5893,0,0
uas_waterfowl_experts,aerien_non_marin,mxw_L13_20181215_1.jpg,5472,3648,969.5,1581.0,36.0,42.0,1,1512.0,0.00757,0.00658,0.01151,0.8571,0,0
