dataset,domain,image,img_w,img_h,x,y,w,h,cls,area_px,rel_area_pct,rel_w,rel_h,aspect_w_over_h,degenerate,out_of_frame
beluga_seeker_sam,satellite,21SEP07162703-P3DS_R06C2-014413001050_01_P001_24_5.png,320,320,137.0,69.0,12.0,7.0,1,84.0,0.08203,0.0375,0.02187,1.7143,0,0
beluga_seeker_sam,satellite,21SEP07162703-P3DS_R07C1-014413001050_01_P001_14_15.png,320,320,167.0,311.0,6.0,6.0,1,36.0,0.03516,0.01875,0.01875,1.0,0,0
beluga_seeker_sam,satellite,21SEP07162703-P3DS_R07C1-014413001050_01_P001_14_15.png,320,320,137.0,306.0,4.0,7.0,1,28.0,0.02734,0.0125,0.02187,0.5714,0,0
beluga_seeker_sam,satellite,21SEP07162703-P3DS_R07C1-014413001050_01_P001_14_15.png,320,320,125.0,303.0,4.0,6.0,1,24.0,0.02344,0.0125,0.01875,0.6667,0,0
beluga_seeker_sam,satellite,21SEP07162703-P3DS_R07C1-014413001050_01_P001_14_15.png,320,320,116.0,306.0,4.0,6.0,1,24.0,0.02344,0.0125,0.01875,0.6667,0,0
beluga_seeker_sam,satellite,21SEP07162703-P3DS_R07C1-014413001050_01_P001_14_15.png,320,320,80.0,295.0,5.0,6.0,1,30.0,0.0293,0.01562,0.01875,0.8333,0,0
beluga_seeker_sam,satellite,21SEP07162703-P3DS_R07C1-014413001050_01_P001_14_15.png,320,320,103.0,295.0,4.0,7.0,1,28.0,0.02734,0.0125,0.02187,0.5714,0,0
beluga_seeker_sam,satellite,21SEP07162703-P3DS_R07C1-014413001050_01_P001_14_15.png,320,320,108.0,294.0,5.0,7.0,1,35.0,0.03418,0.01562,0.02187,0.7143,0,0
beluga_seeker_sam,satellite,21SEP07162703-P3DS_R07C1-014413001050_01_P001_14_15.png,320,320,113.0,294.0,6.0,6.0,1,36.0,0.03516,0.01875,0.01875,1.0,0,0
beluga_seeker_sam,satellite,21SEP07162703-P3DS_R07C1-014413001050_01_P001_14_15.png,320,320,120.0,294.0,4.0,7.0,1,28.0,0.02734,0.0125,0.02187,0.5714,0,0
beluga_seeker_sam,satellite,21SEP07162703-P3DS_R07C1-014413001050_01_P001_14_15.png,320,320,129.0,296.0,4.0,6.0,1,24.0,0.02344,0.0125,0.01875,0.6667,0,0
beluga_seeker_sam,satellite,21SEP07162703-P3DS_R07C1-014413001050_01_P001_14_15.png,320,320,140.0,268.0,5.0,5.0,1,25.0,0.02441,0.01562,0.01562,1.0,0,0
beluga_seeker_sam,satellite,21SEP07162703-P3DS_R07C1-014413001050_01_P001_14_15.png,320,320,133.0,268.0,5.0,5.0,1,25.0,0.02441,0.01562,0.01562,1.0,0,0
beluga_seeker_sam,satellite,21SEP07162703-P3DS_R07C1-014413001050_01_P001_14_15.png,320,320,141.0,286.0,5.0,6.0,1,30.0,0.0293,0.01562,0.01875,0.8333,0,0
beluga_seeker_sam,satellite,21SEP07162703-P3DS_R07C1-014413001050_01_P001_14_15.png,320,320,158.0,310.0,4.0,6.0,1,24.0,0.02344,0.0125,0.01875,0.6667,0,0
beluga_seeker_sam,satellite,21SEP07162703-P3DS_R07C1-014413001050_01_P001_14_15.png,320,320,149.0,305.0,4.0,7.0,1,28.0,0.02734,0.0125,0.02187,0.5714,0,0
beluga_seeker_sam,satellite,21SEP07162703-P3DS_R07C1-014413001050_01_P001_14_15.png,320,320,149.0,297.0,5.0,6.0,1,30.0,0.0293,0.01562,0.01875,0.8333,0,0
beluga_seeker_sam,satellite,21SEP07162703-P3DS_R07C1-014413001050_01_P001_14_15.png,320,320,95.0,290.0,8.0,6.0,1,48.0,0.04688,0.025,0.01875,1.3333,0,0
beluga_seeker_sam,satellite,21SEP07162703-P3DS_R07C1-014413001050_01_P001_14_15.png,320,320,114.0,269.0,5.0,5.0,1,25.0,0.02441,0.01562,0.01562,1.0,0,0
beluga_seeker_sam,satellite,21SEP07162703-P3DS_R07C1-014413001050_01_P001_14_15.png,320,320,126.0,274.0,6.0,7.0,1,42.0,0.04102,0.01875,0.02187,0.8571,0,0
beluga_seeker_sam,satellite,21SEP07162703-P3DS_R07C1-014413001050_01_P001_14_15.png,320,320,125.0,283.0,6.0,8.0,1,48.0,0.04688,0.01875,0.025,0.75,0,0
beluga_seeker_sam,satellite,21SEP07162703-P3DS_R07C1-014413001050_01_P001_14_15.png,320,320,121.0,284.0,8.0,8.0,1,64.0,0.0625,0.025,0.025,1.0,0,0
beluga_seeker_sam,satellite,21SEP07162703-P3DS_R07C1-014413001050_01_P001_14_15.png,320,320,79.0,299.0,6.0,3.0,1,18.0,0.01758,0.01875,0.00937,2.0,0,0
beluga_seeker_sam,satellite,21SEP07162703-P3DS_R07C1-014413001050_01_P001_14_15.png,320,320,130.0,307.0,4.0,6.0,1,24.0,0.02344,0.0125,0.01875,0.6667,0,0
beluga_seeker_sam,satellite,21SEP07162703-P3DS_R07C1-014413001050_01_P001_14_15.png,320,320,132.0,311.0,2.0,3.0,1,6.0,0.00586,0.00625,0.00937,0.6667,0,0
beluga_seeker_sam,satellite,21SEP07162703-P3DS_R07C1-014413001050_01_P001_14_15.png,320,320,111.0,284.0,8.0,7.0,1,56.0,0.05469,0.025,0.02187,1.1429,0,0
beluga_seeker_sam,satellite,22JUL31174054-P3DS_R2C1-050169967010_01_P001_37_46.png,320,320,211.0,101.0,9.0,12.0,1,108.0,0.10547,0.02813,0.0375,0.75,0,0
beluga_seeker_sam,satellite,22JUL31174054-P3DS_R2C2-050169967010_01_P001_49_20.png,320,320,102.0,63.0,12.0,8.0,1,96.0,0.09375,0.0375,0.025,1.5,0,0
beluga_seeker_sam,satellite,22JUL31174054-P3DS_R2C2-050169967010_01_P001_49_20.png,320,320,31.0,115.0,14.0,9.0,1,126.0,0.12305,0.04375,0.02813,1.5556,0,0
beluga_seeker_sam,satellite,22JUL31174054-P3DS_R2C2-050169967010_01_P001_49_20.png,320,320,113.0,138.0,13.0,10.0,1,130.0,0.12695,0.04063,0.03125,1.3,0,0
beluga_seeker_sam,satellite,22JUL31174054-P3DS_R2C2-050169967010_01_P001_49_20.png,320,320,73.0,164.0,13.0,8.0,1,104.0,0.10156,0.04063,0.025,1.625,0,0
beluga_seeker_sam,satellite,22JUL31174054-P3DS_R2C2-050169967010_01_P001_49_20.png,320,320,1.0,178.0,14.0,8.0,1,112.0,0.10938,0.04375,0.025,1.75,0,0
beluga_seeker_sam,satellite,22JUL31174054-P3DS_R2C2-050169967010_01_P001_49_20.png,320,320,21.0,200.0,16.0,7.0,1,112.0,0.10938,0.05,0.02187,2.2857,0,0
beluga_seeker_sam,satellite,<absent>21SEP07162638-P3DS_R03C1-014413001050_01_P003_38_9.png,320,320,140.0,303.0,9.0,10.0,1,90.0,0.08789,0.02813,0.03125,0.9,0,0
beluga_seeker_sam,satellite,<absent>21SEP07162638-P3DS_R04C1-014413001050_01_P003_21_36.png,320,320,251.0,306.0,8.0,8.0,1,64.0,0.0625,0.025,0.025,1.0,0,0
beluga_seeker_sam,satellite,<absent>21SEP07162638-P3DS_R04C1-014413001050_01_P003_21_36.png,320,320,243.0,306.0,8.0,7.0,1,56.0,0.05469,0.025,0.02187,1.1429,0,0
beluga_seeker_sam,satellite,<absent>21SEP07162638-P3DS_R04C1-014413001050_01_P003_21_36.png,320,320,257.0,308.0,6.0,7.0,1,42.0,0.04102,0.01875,0.02187,0.8571,0,0
beluga_seeker_sam,satellite,<absent>21SEP07162638-P3DS_R04C1-014413001050_01_P003_21_36.png,320,320,266.0,315.0,11.0,5.0,1,55.0,0.05371,0.03438,0.01562,2.2,0,0
beluga_seeker_sam,satellite,<absent>21SEP07162638-P3DS_R04C1-014413001050_01_P003_21_36.png,320,320,276.0,316.0,5.0,4.0,1,20.0,0.01953,0.01562,0.0125,1.25,0,0
beluga_seeker_sam,satellite,<absent>21SEP07162638-P3DS_R04C1-014413001050_01_P003_21_36.png,320,320,256.0,314.0,7.0,6.0,1,42.0,0.04102,0.02187,0.01875,1.1667,0,0
beluga_seeker_sam,satellite,<absent>21SEP07162638-P3DS_R04C1-014413001050_01_P003_21_36.png,320,320,247.0,312.0,9.0,8.0,1,72.0,0.07031,0.02813,0.025,1.125,0,0
beluga_seeker_sam,satellite,<absent>21SEP07162638-P3DS_R04C1-014413001050_01_P003_21_36.png,320,320,284.0,315.0,10.0,5.0,1,50.0,0.04883,0.03125,0.01562,2.0,0,0
beluga_seeker_sam,satellite,<absent>21SEP07162638-P3DS_R04C1-014413001050_01_P003_21_36.png,320,320,239.0,311.0,10.0,9.0,1,90.0,0.08789,0.03125,0.02813,1.1111,0,0
beluga_seeker_sam,satellite,<absent>21SEP07162638-P3DS_R04C1-014413001050_01_P003_22_36.png,320,320,264.0,0.0,5.0,6.0,1,30.0,0.0293,0.01562,0.01875,0.8333,0,0
beluga_seeker_sam,satellite,<absent>21SEP07162638-P3DS_R04C1-014413001050_01_P003_22_36.png,320,320,273.0,6.0,6.0,6.0,1,36.0,0.03516,0.01875,0.01875,1.0,0,0
beluga_seeker_sam,satellite,<absent>21SEP07162638-P3DS_R04C1-014413001050_01_P003_22_36.png,320,320,272.0,0.0,7.0,7.0,1,49.0,0.04785,0.02187,0.02187,1.0,0,0
beluga_seeker_sam,satellite,<absent>21SEP07162638-P3DS_R04C1-014413001050_01_P003_8_28.png,320,320,110.0,36.0,8.0,7.0,1,56.0,0.05469,0.025,0.02187,1.1429,0,0
beluga_seeker_sam,satellite,<absent>21SEP07162638-P3DS_R04C1-014413001050_01_P003_8_28.png,320,320,115.0,36.0,11.0,9.0,1,99.0,0.09668,0.03438,0.02813,1.2222,0,0
beluga_seeker_sam,satellite,<absent>21SEP07162638-P3DS_R04C1-014413001050_01_P003_8_28.png,320,320,110.0,40.0,7.0,7.0,1,49.0,0.04785,0.02187,0.02187,1.0,0,0
beluga_seeker_sam,satellite,<absent>21SEP07162638-P3DS_R04C1-014413001050_01_P003_8_28.png,320,320,104.0,45.0,6.0,9.0,1,54.0,0.05273,0.01875,0.02813,0.6667,0,0
beluga_seeker_sam,satellite,<absent>21SEP07162638-P3DS_R04C1-014413001050_01_P003_8_28.png,320,320,109.0,47.0,8.0,9.0,1,72.0,0.07031,0.025,0.02813,0.8889,0,0
beluga_seeker_sam,satellite,<absent>21SEP07162638-P3DS_R04C1-014413001050_01_P003_8_28.png,320,320,112.0,43.0,8.0,11.0,1,88.0,0.08594,0.025,0.03438,0.7273,0,0
beluga_seeker_sam,satellite,<absent>21SEP07162638-P3DS_R04C1-014413001050_01_P003_8_28.png,320,320,111.0,78.0,6.0,10.0,1,60.0,0.05859,0.01875,0.03125,0.6,0,0
beluga_seeker_sam,satellite,<absent>21SEP07162638-P3DS_R04C1-014413001050_01_P003_8_28.png,320,320,116.0,85.0,10.0,9.0,1,90.0,0.08789,0.03125,0.02813,1.1111,0,0
beluga_seeker_sam,satellite,<absent>21SEP07162638-P3DS_R04C1-014413001050_01_P003_8_28.png,320,320,114.0,89.0,9.0,9.0,1,81.0,0.0791,0.02813,0.02813,1.0,0,0
beluga_seeker_sam,satellite,<absent>21SEP07162638-P3DS_R04C1-014413001050_01_P003_8_28.png,320,320,111.0,93.0,7.0,7.0,1,49.0,0.04785,0.02187,0.02187,1.0,0,0
beluga_seeker_sam,satellite,<absent>21SEP07162638-P3DS_R04C1-014413001050_01_P003_8_28.png,320,320,117.0,94.0,8.0,10.0,1,80.0,0.07812,0.025,0.03125,0.8,0,0
beluga_seeker_sam,satellite,<absent>21SEP07162638-P3DS_R04C1-014413001050_01_P003_8_28.png,320,320,114.0,106.0,6.0,8.0,1,48.0,0.04688,0.01875,0.025,0.75,0,0
beluga_seeker_sam,satellite,<absent>21SEP07162638-P3DS_R04C1-014413001050_01_P003_8_28.png,320,320,117.0,111.0,8.0,8.0,1,64.0,0.0625,0.025,0.025,1.0,0,0
beluga_seeker_sam,satellite,<absent>21SEP07162638-P3DS_R04C1-014413001050_01_P003_8_28.png,320,320,110.0,115.0,13.0,11.0,1,143.0,0.13965,0.04063,0.03438,1.1818,0,0
beluga_seeker_sam,satellite,<absent>21SEP07162638-P3DS_R04C1-014413001050_01_P003_8_28.png,320,320,108.0,123.0,7.0,7.0,1,49.0,0.04785,0.02187,0.02187,1.0,0,0
beluga_seeker_sam,satellite,<absent>21SEP07162638-P3DS_R04C1-014413001050_01_P003_8_28.png,320,320,118.0,43.0,9.0,13.0,1,117.0,0.11426,0.02813,0.04063,0.6923,0,0
beluga_seeker_sam,satellite,<absent>21SEP07162638-P3DS_R04C1-014413001050_01_P003_8_28.png,320,320,112.0,62.0,10.0,10.0,1,100.0,0.09766,0.03125,0.03125,1.0,0,0
beluga_seeker_sam,satellite,<absent>21SEP07162638-P3DS_R04C1-014413001050_01_P003_8_28.png,320,320,121.0,60.0,8.0,8.0,1,64.0,0.0625,0.025,0.025,1.0,0,0
beluga_seeker_sam,satellite,<absent>21SEP07162638-P3DS_R04C1-014413001050_01_P003_8_28.png,320,320,110.0,54.0,7.0,10.0,1,70.0,0.06836,0.02187,0.03125,0.7,0,0
beluga_seeker_sam,satellite,<absent>21SEP07162638-P3DS_R04C1-014413001050_01_P003_8_28.png,320,320,116.0,54.0,8.0,8.0,1,64.0,0.0625,0.025,0.025,1.0,0,0
beluga_seeker_sam,satellite,<absent>21SEP07162638-P3DS_R04C1-014413001050_01_P003_8_28.png,320,320,117.0,80.0,8.0,7.0,1,56.0,0.05469,0.025,0.02187,1.1429,0,0
beluga_seeker_sam,satellite,<absent>21SEP07162638-P3DS_R04C1-014413001050_01_P003_8_28.png,320,320,117.0,104.0,4.0,7.0,1,28.0,0.02734,0.0125,0.02187,0.5714,0,0
beluga_seeker_sam,satellite,<absent>21SEP07162638-P3DS_R04C1-014413001050_01_P003_8_28.png,320,320,122.0,114.0,8.0,7.0,1,56.0,0.05469,0.025,0.02187,1.1429,0,0
beluga_seeker_sam,satellite,<absent>21SEP07162638-P3DS_R04C2-014413001050_01_P003_35_26.png,320,320,81.0,105.0,9.0,12.0,1,108.0,0.10547,0.02813,0.0375,0.75,0,0
beluga_seeker_sam,satellite,<absent>21SEP07162638-P3DS_R04C2-014413001050_01_P003_42_43.png,320,320,15.0,73.0,12.0,9.0,1,108.0,0.10547,0.0375,0.02813,1.3333,0,0
beluga_seeker_sam,satellite,<absent>21SEP07162638-P3DS_R04C2-014413001050_01_P003_42_43.png,320,320,26.0,148.0,12.0,14.0,1,168.0,0.16406,0.0375,0.04375,0.8571,0,0
beluga_seeker_sam,satellite,<absent>21SEP07162638-P3DS_R05C2-014413001050_01_P003_2_26.png,320,320,296.0,288.0,6.0,6.0,1,36.0,0.03516,0.01875,0.01875,1.0,0,0
beluga_seeker_sam,satellite,<absent>21SEP07162638-P3DS_R05C2-014413001050_01_P003_3_26.png,320,320,309.0,2.0,7.0,7.0,1,49.0,0.04785,0.02187,0.02187,1.0,0,0
beluga_seeker_sam,satellite,<absent>21SEP07162638-P3DS_R05C2-014413001050_01_P003_3_26.png,320,320,311.0,1.0,6.0,7.0,1,42.0,0.04102,0.01875,0.02187,0.8571,0,0
beluga_seeker_sam,satellite,<absent>21SEP07162638-P3DS_R05C2-014413001050_01_P003_3_26.png,320,320,317.0,1.0,3.0,6.0,1,18.0,0.01758,0.00937,0.01875,0.5,0,0
beluga_seeker_sam,satellite,<absent>21SEP07162638-P3DS_R05C2-014413001050_01_P003_41_27.png,320,320,141.0,20.0,18.0,8.0,1,144.0,0.14062,0.05625,0.025,2.25,0,0
beluga_seeker_sam,satellite,<absent>21SEP07162638-P3DS_R05C3-014413001050_01_P003_31_41.png,320,320,65.0,159.0,12.0,8.0,1,96.0,0.09375,0.0375,0.025,1.5,0,0
beluga_seeker_sam,satellite,<absent>21SEP07162638-P3DS_R06C3-014413001050_01_P003_16_32.png,320,320,183.0,132.0,10.0,8.0,1,80.0,0.07812,0.03125,0.025,1.25,0,0
beluga_seeker_sam,satellite,<absent>21SEP07162638-P3DS_R08C3-014413001050_01_P003_22_30.png,320,320,50.0,55.0,7.0,11.0,1,77.0,0.0752,0.02187,0.03438,0.6364,0,0
beluga_seeker_sam,satellite,<absent>21SEP07162703-P3DS_R02C1-014413001050_01_P001_18_38.png,320,320,35.0,123.0,8.0,6.0,1,48.0,0.04688,0.025,0.01875,1.3333,0,0
beluga_seeker_sam,satellite,<absent>21SEP07162703-P3DS_R02C1-014413001050_01_P001_18_38.png,320,320,299.0,103.0,7.0,6.0,1,42.0,0.04102,0.02187,0.01875,1.1667,0,0
beluga_seeker_sam,satellite,<absent>21SEP07162703-P3DS_R02C2-014413001050_01_P001_48_48.png,320,320,31.0,239.0,10.0,8.0,1,80.0,0.07812,0.03125,0.025,1.25,0,0
beluga_seeker_sam,satellite,<absent>21SEP07162703-P3DS_R02C2-014413001050_01_P001_49_45.png,320,320,204.0,123.0,6.0,6.0,1,36.0,0.03516,0.01875,0.01875,1.0,0,0
beluga_seeker_sam,satellite,<absent>21SEP07162703-P3DS_R02C2-014413001050_01_P001_50_45.png,320,320,269.0,292.0,8.0,8.0,1,64.0,0.0625,0.025,0.025,1.0,0,0
beluga_seeker_sam,satellite,<absent>21SEP07162703-P3DS_R02C2-014413001050_01_P001_51_46.png,320,320,313.0,14.0,7.0,11.0,1,77.0,0.0752,0.02187,0.03438,0.6364,0,0
beluga_seeker_sam,satellite,<absent>21SEP07162703-P3DS_R02C3-014413001050_01_P001_42_35.png,320,320,148.0,258.0,9.0,7.0,1,63.0,0.06152,0.02813,0.02187,1.2857,0,0
beluga_seeker_sam,satellite,<absent>21SEP07162703-P3DS_R03C2-014413001050_01_P001_0_45.png,320,320,315.0,82.0,5.0,15.0,1,75.0,0.07324,0.01562,0.04688,0.3333,0,0
beluga_seeker_sam,satellite,<absent>21SEP07162703-P3DS_R03C2-014413001050_01_P001_0_46.png,320,320,0.0,82.0,8.0,10.0,1,80.0,0.07812,0.025,0.03125,0.8,0,0
beluga_seeker_sam,satellite,<absent>21SEP07162703-P3DS_R03C2-014413001050_01_P001_10_46.png,320,320,225.0,269.0,11.0,7.0,1,77.0,0.0752,0.03438,0.02187,1.5714,0,0
beluga_seeker_sam,satellite,<absent>21SEP07162703-P3DS_R03C2-014413001050_01_P001_10_46.png,320,320,230.0,268.0,8.0,7.0,1,56.0,0.05469,0.025,0.02187,1.1429,0,0
beluga_seeker_sam,satellite,<absent>21SEP07162703-P3DS_R03C2-014413001050_01_P001_10_47.png,320,320,300.0,231.0,15.0,10.0,1,150.0,0.14648,0.04688,0.03125,1.5,0,0
beluga_seeker_sam,satellite,<absent>21SEP07162703-P3DS_R03C2-014413001050_01_P001_10_47.png,320,320,294.0,243.0,6.0,16.0,1,96.0,0.09375,0.01875,0.05,0.375,0,0
beluga_seeker_sam,satellite,<absent>21SEP07162703-P3DS_R03C2-014413001050_01_P001_10_47.png,320,320,283.0,252.0,9.0,9.0,1,81.0,0.0791,0.02813,0.02813,1.0,0,0
beluga_seeker_sam,satellite,<absent>21SEP07162703-P3DS_R03C2-014413001050_01_P001_10_47.png,320,320,153.0,228.0,13.0,10.0,1,130.0,0.12695,0.04063,0.03125,1.3,0,0
beluga_seeker_sam,satellite,<absent>21SEP07162703-P3DS_R03C2-014413001050_01_P001_10_47.png,320,320,150.0,223.0,12.0,11.0,1,132.0,0.12891,0.0375,0.03438,1.0909,0,0
beluga_seeker_sam,satellite,<absent>21SEP07162703-P3DS_R03C2-014413001050_01_P001_10_48.png,320,320,162.0,187.0,11.0,11.0,1,121.0,0.11816,0.03438,0.03438,1.0,0,0
beluga_seeker_sam,satellite,<absent>21SEP07162703-P3DS_R03C2-014413001050_01_P001_10_48.png,320,320,172.0,201.0,4.0,6.0,1,24.0,0.02344,0.0125,0.01875,0.6667,0,0
beluga_seeker_sam,satellite,<absent>21SEP07162703-P3DS_R03C2-014413001050_01_P001_10_48.png,320,320,139.0,186.0,9.0,9.0,1,81.0,0.0791,0.02813,0.02813,1.0,0,0
beluga_seeker_sam,satellite,<absent>21SEP07162703-P3DS_R03C2-014413001050_01_P001_10_48.png,320,320,167.0,198.0,7.0,8.0,1,56.0,0.05469,0.02187,0.025,0.875,0,0
beluga_seeker_sam,satellite,<absent>21SEP07162703-P3DS_R03C2-014413001050_01_P001_10_48.png,320,320,311.0,309.0,6.0,11.0,1,66.0,0.06445,0.01875,0.03438,0.5455,0,0
beluga_seeker_sam,satellite,<absent>21SEP07162703-P3DS_R03C2-014413001050_01_P001_10_49.png,320,320,7.0,271.0,13.0,7.0,1,91.0,0.08887,0.04063,0.02187,1.8571,0,0
beluga_seeker_sam,satellite,<absent>21SEP07162703-P3DS_R03C2-014413001050_01_P001_10_49.png,320,320,11.0,258.0,16.0,7.0,1,112.0,0.10938,0.05,0.02187,2.2857,0,0
beluga_seeker_sam,satellite,<absent>21SEP07162703-P3DS_R03C2-014413001050_01_P001_10_49.png,320,320,163.0,259.0,8.0,7.0,1,56.0,0.05469,0.025,0.02187,1.1429,0,0
beluga_seeker_sam,satellite,<absent>21SEP07162703-P3DS_R03C2-014413001050_01_P001_10_49.png,320,320,171.0,258.0,7.0,8.0,1,56.0,0.05469,0.02187,0.025,0.875,0,0
beluga_seeker_sam,satellite,<absent>21SEP07162703-P3DS_R03C2-014413001050_01_P001_11_46.png,320,320,206.0,0.0,15.0,6.0,1,90.0,0.08789,0.04688,0.01875,2.5,0,0
beluga_seeker_sam,satellite,<absent>21SEP07162703-P3DS_R03C2-014413001050_01_P001_11_46.png,320,320,195.0,1.0,10.0,7.0,1,70.0,0.06836,0.03125,0.02187,1.4286,0,0
beluga_seeker_sam,satellite,<absent>21SEP07162703-P3DS_R03C2-014413001050_01_P001_11_46.png,320,320,201.0,0.0,16.0,12.0,1,192.0,0.1875,0.05,0.0375,1.3333,0,0
beluga_seeker_sam,satellite,<absent>21SEP07162703-P3DS_R03C2-014413001050_01_P001_11_47.png,320,320,121.0,0.0,8.0,7.0,1,56.0,0.05469,0.025,0.02187,1.1429,0,0
beluga_seeker_sam,satellite,<absent>21SEP07162703-P3DS_R03C2-014413001050_01_P001_11_47.png,320,320,107.0,3.0,12.0,7.0,1,84.0,0.08203,0.0375,0.02187,1.7143,0,0
beluga_seeker_sam,satellite,<absent>21SEP07162703-P3DS_R03C2-014413001050_01_P001_11_48.png,320,320,115.0,123.0,7.0,9.0,1,63.0,0.06152,0.02187,0.02813,0.7778,0,0
beluga_seeker_sam,satellite,<absent>21SEP07162703-P3DS_R03C2-014413001050_01_P001_11_49.png,320,320,315.0,95.0,5.0,8.0,1,40.0,0.03906,0.01562,0.025,0.625,0,0
beluga_seeker_sam,satellite,<absent>21SEP07162703-P3DS_R03C2-014413001050_01_P001_11_49.png,320,320,51.0,191.0,13.0,7.0,1,91.0,0.08887,0.04063,0.02187,1.8571,0,0
beluga_seeker_sam,satellite,<absent>21SEP07162703-P3DS_R03C2-014413001050_01_P001_11_49.png,320,320,22.0,186.0,10.0,8.0,1,80.0,0.07812,0.03125,0.025,1.25,0,0
beluga_seeker_sam,satellite,<absent>21SEP07162703-P3DS_R03C2-014413001050_01_P001_11_49.png,320,320,29.0,175.0,14.0,8.0,1,112.0,0.10938,0.04375,0.025,1.75,0,0
beluga_seeker_sam,satellite,<absent>21SEP07162703-P3DS_R03C2-014413001050_01_P001_11_49.png,320,320,16.0,184.0,7.0,8.0,1,56.0,0.05469,0.02187,0.025,0.875,0,0
beluga_seeker_sam,satellite,<absent>21SEP07162703-P3DS_R03C2-014413001050_01_P001_11_49.png,320,320,10.0,27.0,8.0,8.0,1,64.0,0.0625,0.025,0.025,1.0,0,0
beluga_seeker_sam,satellite,<absent>21SEP07162703-P3DS_R03C2-014413001050_01_P001_11_50.png,320,320,0.0,99.0,7.0,10.0,1,70.0,0.06836,0.02187,0.03125,0.7,0,0
beluga_seeker_sam,satellite,<absent>21SEP07162703-P3DS_R03C2-014413001050_01_P001_13_46.png,320,320,280.0,231.0,12.0,14.0,1,168.0,0.16406,0.0375,0.04375,0.8571,0,0
beluga_seeker_sam,satellite,<absent>21SEP07162703-P3DS_R03C2-014413001050_01_P001_13_49.png,320,320,155.0,299.0,6.0,11.0,1,66.0,0.06445,0.01875,0.03438,0.5455,0,0
beluga_seeker_sam,satellite,<absent>21SEP07162703-P3DS_R03C2-014413001050_01_P001_14_49.png,320,320,194.0,252.0,7.0,12.0,1,84.0,0.08203,0.02187,0.0375,0.5833,0,0
beluga_seeker_sam,satellite,<absent>21SEP07162703-P3DS_R03C2-014413001050_01_P001_15_47.png,320,320,93.0,51.0,14.0,8.0,1,112.0,0.10938,0.04375,0.025,1.75,0,0
beluga_seeker_sam,satellite,<absent>21SEP07162703-P3DS_R03C2-014413001050_01_P001_15_47.png,320,320,107.0,41.0,11.0,10.0,1,110.0,0.10742,0.03438,0.03125,1.1,0,0
beluga_seeker_sam,satellite,<absent>21SEP07162703-P3DS_R03C2-014413001050_01_P001_17_44.png,320,320,132.0,42.0,11.0,10.0,1,110.0,0.10742,0.03438,0.03125,1.1,0,0
beluga_seeker_sam,satellite,<absent>21SEP07162703-P3DS_R03C2-014413001050_01_P001_17_44.png,320,320,113.0,19.0,11.0,9.0,1,99.0,0.09668,0.03438,0.02813,1.2222,0,0
beluga_seeker_sam,satellite,<absent>21SEP07162703-P3DS_R03C2-014413001050_01_P001_17_44.png,320,320,65.0,168.0,10.0,13.0,1,130.0,0.12695,0.03125,0.04063,0.7692,0,0
beluga_seeker_sam,satellite,<absent>21SEP07162703-P3DS_R03C2-014413001050_01_P001_17_44.png,320,320,74.0,198.0,12.0,10.0,1,120.0,0.11719,0.0375,0.03125,1.2,0,0
beluga_seeker_sam,satellite,<absent>21SEP07162703-P3DS_R03C2-014413001050_01_P001_17_44.png,320,320,71.0,220.0,9.0,8.0,1,72.0,0.07031,0.02813,0.025,1.125,0,0
beluga_seeker_sam,satellite,<absent>21SEP07162703-P3DS_R03C2-014413001050_01_P001_17_44.png,320,320,80.0,218.0,6.0,9.0,1,54.0,0.05273,0.01875,0.02813,0.6667,0,0
beluga_seeker_sam,satellite,<absent>21SEP07162703-P3DS_R03C2-014413001050_01_P001_17_44.png,320,320,120.0,17.0,14.0,9.0,1,126.0,0.12305,0.04375,0.02813,1.5556,0,0
beluga_seeker_sam,satellite,<absent>21SEP07162703-P3DS_R03C2-014413001050_01_P001_17_48.png,320,320,250.0,54.0,10.0,9.0,1,90.0,0.08789,0.03125,0.02813,1.1111,0,0
beluga_seeker_sam,satellite,<absent>21SEP07162703-P3DS_R03C2-014413001050_01_P001_17_50.png,320,320,155.0,14.0,11.0,10.0,1,110.0,0.10742,0.03438,0.03125,1.1,0,0
beluga_seeker_sam,satellite,<absent>21SEP07162703-P3DS_R03C2-014413001050_01_P001_17_50.png,320,320,150.0,0.0,10.0,6.0,1,60.0,0.05859,0.03125,0.01875,1.6667,0,0
beluga_seeker_sam,satellite,<absent>21SEP07162703-P3DS_R03C2-014413001050_01_P001_17_51.png,320,320,7.0,84.0,13.0,6.0,1,78.0,0.07617,0.04063,0.01875,2.1667,0,0
beluga_seeker_sam,satellite,<absent>21SEP07162703-P3DS_R03C2-014413001050_01_P001_17_51.png,320,320,16.0,80.0,13.0,9.0,1,117.0,0.11426,0.04063,0.02813,1.4444,0,0
beluga_seeker_sam,satellite,<absent>21SEP07162703-P3DS_R03C2-014413001050_01_P001_1_46.png,320,320,56.0,107.0,10.0,7.0,1,70.0,0.06836,0.03125,0.02187,1.4286,0,0
beluga_seeker_sam,satellite,<absent>21SEP07162703-P3DS_R03C2-014413001050_01_P001_1_48.png,320,320,259.0,108.0,8.0,13.0,1,104.0,0.10156,0.025,0.04063,0.6154,0,0
beluga_seeker_sam,satellite,<absent>21SEP07162703-P3DS_R03C2-014413001050_01_P001_1_49.png,320,320,138.0,264.0,9.0,10.0,1,90.0,0.08789,0.02813,0.03125,0.9,0,0
beluga_seeker_sam,satellite,<absent>21SEP07162703-P3DS_R03C2-014413001050_01_P001_22_44.png,320,320,248.0,282.0,8.0,6.0,1,48.0,0.04688,0.025,0.01875,1.3333,0,0
beluga_seeker_sam,satellite,<absent>21SEP07162703-P3DS_R03C2-014413001050_01_P001_22_45.png,320,320,145.0,55.0,11.0,7.0,1,77.0,0.0752,0.03438,0.02187,1.5714,0,0
beluga_seeker_sam,satellite,<absent>21SEP07162703-P3DS_R03C2-014413001050_01_P001_22_45.png,320,320,169.0,248.0,15.0,12.0,1,180.0,0.17578,0.04688,0.0375,1.25,0,0
beluga_seeker_sam,satellite,<absent>21SEP07162703-P3DS_R03C2-014413001050_01_P001_22_45.png,320,320,165.0,248.0,9.0,11.0,1,99.0,0.09668,0.02813,0.03438,0.8182,0,0
beluga_seeker_sam,satellite,<absent>21SEP07162703-P3DS_R03C2-014413001050_01_P001_23_44.png,320,320,109.0,11.0,7.0,14.0,1,98.0,0.0957,0.02187,0.04375,0.5,0,0
beluga_seeker_sam,satellite,<absent>21SEP07162703-P3DS_R03C2-014413001050_01_P001_23_44.png,320,320,107.0,20.0,5.0,5.0,1,25.0,0.02441,0.01562,0.01562,1.0,0,0
beluga_seeker_sam,satellite,<absent>21SEP07162703-P3DS_R03C2-014413001050_01_P001_23_47.png,320,320,200.0,310.0,16.0,10.0,1,160.0,0.15625,0.05,0.03125,1.6,0,0
beluga_seeker_sam,satellite,<absent>21SEP07162703-P3DS_R03C2-014413001050_01_P001_24_46.png,320,320,197.0,92.0,14.0,8.0,1,112.0,0.10938,0.04375,0.025,1.75,0,0
beluga_seeker_sam,satellite,<absent>21SEP07162703-P3DS_R03C2-014413001050_01_P001_24_46.png,320,320,200.0,83.0,14.0,12.0,1,168.0,0.16406,0.04375,0.0375,1.1667,0,0
beluga_seeker_sam,satellite,<absent>21SEP07162703-P3DS_R03C2-014413001050_01_P001_2_49.png,320,320,73.0,103.0,8.0,11.0,1,88.0,0.08594,0.025,0.03438,0.7273,0,0
beluga_seeker_sam,satellite,<absent>21SEP07162703-P3DS_R03C2-014413001050_01_P001_5_46.png,320,320,246.0,253.0,8.0,8.0,1,64.0,0.0625,0.025,0.025,1.0,0,0
beluga_seeker_sam,satellite,<absent>21SEP07162703-P3DS_R03C2-014413001050_01_P001_6_49.png,320,320,87.0,16.0,9.0,9.0,1,81.0,0.0791,0.02813,0.02813,1.0,0,0
beluga_seeker_sam,satellite,<absent>21SEP07162703-P3DS_R03C2-014413001050_01_P001_9_47.png,320,320,1.0,221.0,9.0,14.0,1,126.0,0.12305,0.02813,0.04375,0.6429,0,0
beluga_seeker_sam,satellite,<absent>21SEP07162703-P3DS_R03C3-014413001050_01_P001_11_0.png,320,320,93.0,275.0,9.0,12.0,1,108.0,0.10547,0.02813,0.0375,0.75,0,0
beluga_seeker_sam,satellite,<absent>21SEP07162703-P3DS_R03C3-014413001050_01_P001_11_0.png,320,320,94.0,280.0,8.0,8.0,1,64.0,0.0625,0.025,0.025,1.0,0,0
beluga_seeker_sam,satellite,<absent>21SEP07162703-P3DS_R03C3-014413001050_01_P001_16_9.png,320,320,267.0,100.0,9.0,11.0,1,99.0,0.09668,0.02813,0.03438,0.8182,0,0
beluga_seeker_sam,satellite,<absent>21SEP07162703-P3DS_R03C3-014413001050_01_P001_16_9.png,320,320,271.0,102.0,7.0,7.0,1,49.0,0.04785,0.02187,0.02187,1.0,0,0
beluga_seeker_sam,satellite,<absent>21SEP07162703-P3DS_R03C3-014413001050_01_P001_17_18.png,320,320,272.0,13.0,8.0,7.0,1,56.0,0.05469,0.025,0.02187,1.1429,0,0
beluga_seeker_sam,satellite,<absent>21SEP07162703-P3DS_R03C3-014413001050_01_P001_17_9.png,320,320,59.0,292.0,9.0,6.0,1,54.0,0.05273,0.02813,0.01875,1.5,0,0
beluga_seeker_sam,satellite,<absent>21SEP07162703-P3DS_R03C3-014413001050_01_P001_17_9.png,320,320,60.0,290.0,12.0,8.0,1,96.0,0.09375,0.0375,0.025,1.5,0,0
beluga_seeker_sam,satellite,<absent>21SEP07162703-P3DS_R03C3-014413001050_01_P001_18_4.png,320,320,34.0,148.0,11.0,13.0,1,143.0,0.13965,0.03438,0.04063,0.8462,0,0
beluga_seeker_sam,satellite,<absent>21SEP07162703-P3DS_R03C3-014413001050_01_P001_18_4.png,320,320,27.0,141.0,14.0,13.0,1,182.0,0.17773,0.04375,0.04063,1.0769,0,0
beluga_seeker_sam,satellite,<absent>21SEP07162703-P3DS_R03C3-014413001050_01_P001_18_8.png,320,320,75.0,286.0,14.0,10.0,1,140.0,0.13672,0.04375,0.03125,1.4,0,0
beluga_seeker_sam,satellite,<absent>21SEP07162703-P3DS_R03C3-014413001050_01_P001_19_0.png,320,320,210.0,59.0,10.0,7.0,1,70.0,0.06836,0.03125,0.02187,1.4286,0,0
beluga_seeker_sam,satellite,<absent>21SEP07162703-P3DS_R03C3-014413001050_01_P001_19_0.png,320,320,207.0,65.0,13.0,7.0,1,91.0,0.08887,0.04063,0.02187,1.8571,0,0
beluga_seeker_sam,satellite,<absent>21SEP07162703-P3DS_R03C3-014413001050_01_P001_19_1.png,320,320,17.0,35.0,11.0,11.0,1,121.0,0.11816,0.03438,0.03438,1.0,0,0
beluga_seeker_sam,satellite,<absent>21SEP07162703-P3DS_R03C3-014413001050_01_P001_19_1.png,320,320,7.0,33.0,15.0,6.0,1,90.0,0.08789,0.04688,0.01875,2.5,0,0
beluga_seeker_sam,satellite,<absent>21SEP07162703-P3DS_R03C3-014413001050_01_P001_19_1.png,320,320,260.0,56.0,7.0,10.0,1,70.0,0.06836,0.02187,0.03125,0.7,0,0
beluga_seeker_sam,satellite,<absent>21SEP07162703-P3DS_R03C3-014413001050_01_P001_19_7.png,320,320,200.0,146.0,15.0,6.0,1,90.0,0.08789,0.04688,0.01875,2.5,0,0
beluga_seeker_sam,satellite,<absent>21SEP07162703-P3DS_R03C3-014413001050_01_P001_19_7.png,320,320,190.0,145.0,10.0,7.0,1,70.0,0.06836,0.03125,0.02187,1.4286,0,0
beluga_seeker_sam,satellite,<absent>21SEP07162703-P3DS_R03C3-014413001050_01_P001_22_4.png,320,320,139.0,297.0,6.0,16.0,1,96.0,0.09375,0.01875,0.05,0.375,0,0
beluga_seeker_sam,satellite,<absent>21SEP07162703-P3DS_R03C3-014413001050_01_P001_23_34.png,320,320,267.0,244.0,7.0,7.0,1,49.0,0.04785,0.02187,0.02187,1.0,0,0
beluga_seeker_sam,satellite,<absent>21SEP07162703-P3DS_R03C3-014413001050_01_P001_23_35.png,320,320,91.0,202.0,7.0,9.0,1,63.0,0.06152,0.02187,0.02813,0.7778,0,0
beluga_seeker_sam,satellite,<absent>21SEP07162703-P3DS_R03C3-014413001050_01_P001_23_35.png,320,320,64.0,205.0,7.0,7.0,1,49.0,0.04785,0.02187,0.02187,1.0,0,0
beluga_seeker_sam,satellite,<absent>21SEP07162703-P3DS_R03C3-014413001050_01_P001_23_35.png,320,320,180.0,169.0,9.0,7.0,1,63.0,0.06152,0.02813,0.02187,1.2857,0,0
beluga_seeker_sam,satellite,<absent>21SEP07162703-P3DS_R03C3-014413001050_01_P001_23_35.png,320,320,100.0,138.0,7.0,8.0,1,56.0,0.05469,0.02187,0.025,0.875,0,0
beluga_seeker_sam,satellite,<absent>21SEP07162703-P3DS_R03C3-014413001050_01_P001_23_35.png,320,320,77.0,144.0,7.0,6.0,1,42.0,0.04102,0.02187,0.01875,1.1667,0,0
beluga_seeker_sam,satellite,<absent>21SEP07162703-P3DS_R03C3-014413001050_01_P001_23_4.png,320,320,145.0,4.0,11.0,15.0,1,165.0,0.16113,0.03438,0.04688,0.7333,0,0
beluga_seeker_sam,satellite,<absent>21SEP07162703-P3DS_R03C3-014413001050_01_P001_25_5.png,320,320,314.0,0.0,6.0,12.0,1,72.0,0.07031,0.01875,0.0375,0.5,0,0
beluga_seeker_sam,satellite,<absent>21SEP07162703-P3DS_R06C1-014413001050_01_P001_21_8.png,320,320,22.0,276.0,12.0,8.0,1,96.0,0.09375,0.0375,0.025,1.5,0,0
beluga_seeker_sam,satellite,<absent>21SEP07162703-P3DS_R06C1-014413001050_01_P001_33_25.png,320,320,150.0,0.0,7.0,6.0,1,42.0,0.04102,0.02187,0.01875,1.1667,0,0
beluga_seeker_sam,satellite,<absent>21SEP07162703-P3DS_R06C1-014413001050_01_P001_35_6.png,320,320,190.0,152.0,10.0,6.0,1,60.0,0.05859,0.03125,0.01875,1.6667,0,0
beluga_seeker_sam,satellite,<absent>21SEP07162703-P3DS_R06C2-014413001050_01_P001_23_0.png,320,320,187.0,260.0,13.0,9.0,1,117.0,0.11426,0.04063,0.02813,1.4444,0,0
beluga_seeker_sam,satellite,<absent>21SEP07162703-P3DS_R06C2-014413001050_01_P001_24_6.png,320,320,39.0,126.0,10.0,12.0,1,120.0,0.11719,0.03125,0.0375,0.8333,0,0
beluga_seeker_sam,satellite,<absent>21SEP07162703-P3DS_R06C2-014413001050_01_P001_27_15.png,320,320,272.0,192.0,9.0,9.0,1,81.0,0.0791,0.02813,0.02813,1.0,0,0
beluga_seeker_sam,satellite,<absent>21SEP07162703-P3DS_R06C2-014413001050_01_P001_27_15.png,320,320,153.0,181.0,9.0,9.0,1,81.0,0.0791,0.02813,0.02813,1.0,0,0
beluga_seeker_sam,satellite,<absent>21SEP07162703-P3DS_R06C2-014413001050_01_P001_45_27.png,320,320,236.0,5.0,13.0,9.0,1,117.0,0.11426,0.04063,0.02813,1.4444,0,0
beluga_seeker_sam,satellite,<absent>21SEP07162703-P3DS_R07C1-014413001050_01_P001_15_15.png,320,320,165.0,2.0,4.0,6.0,1,24.0,0.02344,0.0125,0.01875,0.6667,0,0
beluga_seeker_sam,satellite,<absent>21SEP07162703-P3DS_R07C1-014413001050_01_P001_15_15.png,320,320,160.0,0.0,4.0,5.0,1,20.0,0.01953,0.0125,0.01562,0.8,0,0
beluga_seeker_sam,satellite,<absent>21SEP07162703-P3DS_R07C1-014413001050_01_P001_15_15.png,320,320,159.0,4.0,4.0,6.0,1,24.0,0.02344,0.0125,0.01875,0.6667,0,0
beluga_seeker_sam,satellite,<absent>21SEP07162703-P3DS_R07C1-014413001050_01_P001_15_15.png,320,320,153.0,6.0,5.0,6.0,1,30.0,0.0293,0.01562,0.01875,0.8333,0,0
beluga_seeker_sam,satellite,<absent>21SEP07162703-P3DS_R07C1-014413001050_01_P001_15_15.png,320,320,144.0,16.0,6.0,6.0,1,36.0,0.03516,0.01875,0.01875,1.0,0,0
beluga_seeker_sam,satellite,<absent>21SEP07162703-P3DS_R07C1-014413001050_01_P001_15_15.png,320,320,149.0,0.0,4.0,5.0,1,20.0,0.01953,0.0125,0.01562,0.8,0,0
beluga_seeker_sam,satellite,<absent>21SEP07162703-P3DS_R07C1-014413001050_01_P001_15_15.png,320,320,152.0,0.0,6.0,3.0,1,18.0,0.01758,0.01875,0.00937,2.0,0,0
beluga_seeker_sam,satellite,<absent>21SEP07162703-P3DS_R07C2-014413001050_01_P001_10_12.png,320,320,307.0,311.0,12.0,6.0,1,72.0,0.07031,0.0375,0.01875,2.0,0,0
beluga_seeker_sam,satellite,<absent>21SEP07162703-P3DS_R07C2-014413001050_01_P001_16_2.png,320,320,290.0,299.0,7.0,5.0,1,35.0,0.03418,0.02187,0.01562,1.4,0,0
beluga_seeker_sam,satellite,<absent>21SEP07162703-P3DS_R07C2-014413001050_01_P001_16_2.png,320,320,284.0,307.0,5.0,5.0,1,25.0,0.02441,0.01562,0.01562,1.0,0,0
beluga_seeker_sam,satellite,<absent>21SEP07162703-P3DS_R07C2-014413001050_01_P001_16_2.png,320,320,280.0,301.0,6.0,4.0,1,24.0,0.02344,0.01875,0.0125,1.5,0,0
beluga_seeker_sam,satellite,<absent>21SEP07162703-P3DS_R07C2-014413001050_01_P001_16_2.png,320,320,288.0,289.0,6.0,5.0,1,30.0,0.0293,0.01875,0.01562,1.2,0,0
beluga_seeker_sam,satellite,<absent>21SEP07162703-P3DS_R07C2-014413001050_01_P001_16_2.png,320,320,280.0,289.0,5.0,5.0,1,25.0,0.02441,0.01562,0.01562,1.0,0,0
beluga_seeker_sam,satellite,<absent>21SEP07162703-P3DS_R07C2-014413001050_01_P001_16_2.png,320,320,276.0,297.0,5.0,5.0,1,25.0,0.02441,0.01562,0.01562,1.0,0,0
beluga_seeker_sam,satellite,<absent>21SEP07162703-P3DS_R07C2-014413001050_01_P001_16_2.png,320,320,272.0,287.0,5.0,5.0,1,25.0,0.02441,0.01562,0.01562,1.0,0,0
beluga_seeker_sam,satellite,<absent>21SEP07162703-P3DS_R07C2-014413001050_01_P001_16_2.png,320,320,264.0,288.0,5.0,5.0,1,25.0,0.02441,0.01562,0.01562,1.0,0,0
beluga_seeker_sam,satellite,<absent>21SEP07162703-P3DS_R07C2-014413001050_01_P001_16_2.png,320,320,262.0,293.0,7.0,6.0,1,42.0,0.04102,0.02187,0.01875,1.1667,0,0
beluga_seeker_sam,satellite,<absent>21SEP07162703-P3DS_R07C2-014413001050_01_P001_16_2.png,320,320,268.0,296.0,4.0,4.0,1,16.0,0.01562,0.0125,0.0125,1.0,0,0
beluga_seeker_sam,satellite,<absent>21SEP07162703-P3DS_R07C2-014413001050_01_P001_16_2.png,320,320,264.0,299.0,5.0,4.0,1,20.0,0.01953,0.01562,0.0125,1.25,0,0
beluga_seeker_sam,satellite,<absent>21SEP07162703-P3DS_R07C2-014413001050_01_P001_16_2.png,320,320,266.0,305.0,8.0,5.0,1,40.0,0.03906,0.025,0.01562,1.6,0,0
beluga_seeker_sam,satellite,<absent>21SEP07162703-P3DS_R07C2-014413001050_01_P001_16_3.png,320,320,42.0,70.0,7.0,5.0,1,35.0,0.03418,0.02187,0.01562,1.4,0,0
beluga_seeker_sam,satellite,<absent>21SEP07162703-P3DS_R07C2-014413001050_01_P001_16_3.png,320,320,48.0,73.0,5.0,5.0,1,25.0,0.02441,0.01562,0.01562,1.0,0,0
beluga_seeker_sam,satellite,<absent>21SEP07162703-P3DS_R07C2-014413001050_01_P001_16_3.png,320,320,50.0,82.0,5.0,4.0,1,20.0,0.01953,0.01562,0.0125,1.25,0,0
beluga_seeker_sam,satellite,<absent>21SEP07162703-P3DS_R07C2-014413001050_01_P001_16_3.png,320,320,67.0,83.0,6.0,5.0,1,30.0,0.0293,0.01875,0.01562,1.2,0,0
beluga_seeker_sam,satellite,<absent>21SEP07162703-P3DS_R07C2-014413001050_01_P001_16_3.png,320,320,52.0,86.0,8.0,5.0,1,40.0,0.03906,0.025,0.01562,1.6,0,0
beluga_seeker_sam,satellite,<absent>21SEP07162703-P3DS_R07C2-014413001050_01_P001_16_3.png,320,320,66.0,94.0,8.0,4.0,1,32.0,0.03125,0.025,0.0125,2.0,0,0
beluga_seeker_sam,satellite,<absent>21SEP07162703-P3DS_R07C2-014413001050_01_P001_16_3.png,320,320,49.0,91.0,7.0,4.0,1,28.0,0.02734,0.02187,0.0125,1.75,0,0
beluga_seeker_sam,satellite,<absent>21SEP07162703-P3DS_R07C2-014413001050_01_P001_16_3.png,320,320,56.0,92.0,5.0,4.0,1,20.0,0.01953,0.01562,0.0125,1.25,0,0
beluga_seeker_sam,satellite,<absent>21SEP07162703-P3DS_R07C2-014413001050_01_P001_16_3.png,320,320,55.0,94.0,6.0,4.0,1,24.0,0.02344,0.01875,0.0125,1.5,0,0
beluga_seeker_sam,satellite,<absent>21SEP07162703-P3DS_R07C2-014413001050_01_P001_16_3.png,320,320,49.0,97.0,6.0,4.0,1,24.0,0.02344,0.01875,0.0125,1.5,0,0
beluga_seeker_sam,satellite,<absent>21SEP07162703-P3DS_R07C2-014413001050_01_P001_16_3.png,320,320,46.0,101.0,5.0,5.0,1,25.0,0.02441,0.01562,0.01562,1.0,0,0
beluga_seeker_sam,satellite,<absent>21SEP07162703-P3DS_R07C2-014413001050_01_P001_16_3.png,320,320,57.0,104.0,6.0,4.0,1,24.0,0.02344,0.01875,0.0125,1.5,0,0
beluga_seeker_sam,satellite,<absent>21SEP07162703-P3DS_R07C2-014413001050_01_P001_16_3.png,320,320,57.0,108.0,6.0,5.0,1,30.0,0.0293,0.01875,0.01562,1.2,0,0
beluga_seeker_sam,satellite,<absent>21SEP07162703-P3DS_R07C2-014413001050_01_P001_16_3.png,320,320,60.0,114.0,7.0,4.0,1,28.0,0.02734,0.02187,0.0125,1.75,0,0
beluga_seeker_sam,satellite,<absent>21SEP07162703-P3DS_R07C2-014413001050_01_P001_16_3.png,320,320,48.0,111.0,6.0,4.0,1,24.0,0.02344,0.01875,0.0125,1.5,0,0
beluga_seeker_sam,satellite,<absent>21SEP07162703-P3DS_R07C2-014413001050_01_P001_16_3.png,320,320,40.0,108.0,5.0,5.0,1,25.0,0.02441,0.01562,0.01562,1.0,0,0
beluga_seeker_sam,satellite,<absent>21SEP07162703-P3DS_R07C2-014413001050_01_P001_16_3.png,320,320,39.0,109.0,5.0,5.0,1,25.0,0.02441,0.01562,0.01562,1.0,0,0
beluga_seeker_sam,satellite,<absent>21SEP07162703-P3DS_R07C2-014413001050_01_P001_16_3.png,320,320,52.0,75.0,7.0,6.0,1,42.0,0.04102,0.02187,0.01875,1.1667,0,0
beluga_seeker_sam,satellite,<absent>21SEP07162703-P3DS_R07C2-014413001050_01_P001_16_3.png,320,320,51.0,101.0,7.0,5.0,1,35.0,0.03418,0.02187,0.01562,1.4,0,0
beluga_seeker_sam,satellite,<absent>21SEP07162703-P3DS_R07C2-014413001050_01_P001_16_3.png,320,320,40.0,98.0,6.0,5.0,1,30.0,0.0293,0.01875,0.01562,1.2,0,0
beluga_seeker_sam,satellite,<absent>21SEP07162703-P3DS_R07C2-014413001050_01_P001_16_3.png,320,320,55.0,81.0,6.0,5.0,1,30.0,0.0293,0.01875,0.01562,1.2,0,0
beluga_seeker_sam,satellite,<absent>21SEP07162703-P3DS_R07C2-014413001050_01_P001_19_44.png,320,320,302.0,210.0,14.0,11.0,1,154.0,0.15039,0.04375,0.03438,1.2727,0,0
beluga_seeker_sam,satellite,<absent>21SEP07162703-P3DS_R07C2-014413001050_01_P001_44_50.png,320,320,185.0,281.0,6.0,5.0,1,30.0,0.0293,0.01875,0.01562,1.2,0,0
beluga_seeker_sam,satellite,<absent>21SEP07162703-P3DS_R07C2-014413001050_01_P001_44_50.png,320,320,192.0,288.0,6.0,7.0,1,42.0,0.04102,0.01875,0.02187,0.8571,0,0
beluga_seeker_sam,satellite,<absent>21SEP07162703-P3DS_R07C2-014413001050_01_P001_44_50.png,320,320,196.0,298.0,5.0,7.0,1,35.0,0.03418,0.01562,0.02187,0.7143,0,0
beluga_seeker_sam,satellite,<absent>21SEP07162703-P3DS_R07C2-014413001050_01_P001_44_50.png,320,320,210.0,290.0,4.0,5.0,1,20.0,0.01953,0.0125,0.01562,0.8,0,0
beluga_seeker_sam,satellite,<absent>21SEP07162703-P3DS_R07C2-014413001050_01_P001_44_50.png,320,320,216.0,291.0,5.0,7.0,1,35.0,0.03418,0.01562,0.02187,0.7143,0,0
beluga_seeker_sam,satellite,<absent>21SEP07162703-P3DS_R07C2-014413001050_01_P001_44_50.png,320,320,219.0,297.0,4.0,6.0,1,24.0,0.02344,0.0125,0.01875,0.6667,0,0
beluga_seeker_sam,satellite,<absent>21SEP07162703-P3DS_R07C2-014413001050_01_P001_44_50.png,320,320,224.0,294.0,6.0,7.0,1,42.0,0.04102,0.01875,0.02187,0.8571,0,0
beluga_seeker_sam,satellite,<absent>21SEP07162703-P3DS_R07C2-014413001050_01_P001_44_50.png,320,320,213.0,301.0,4.0,6.0,1,24.0,0.02344,0.0125,0.01875,0.6667,0,0
beluga_seeker_sam,satellite,<absent>21SEP07162703-P3DS_R07C2-014413001050_01_P001_44_50.png,320,320,217.0,303.0,6.0,8.0,1,48.0,0.04688,0.01875,0.025,0.75,0,0
beluga_seeker_sam,satellite,<absent>21SEP07162703-P3DS_R07C2-014413001050_01_P001_44_50.png,320,320,225.0,305.0,6.0,6.0,1,36.0,0.03516,0.01875,0.01875,1.0,0,0
beluga_seeker_sam,satellite,<absent>21SEP07162703-P3DS_R07C2-014413001050_01_P001_44_50.png,320,320,231.0,305.0,4.0,5.0,1,20.0,0.01953,0.0125,0.01562,0.8,0,0
beluga_seeker_sam,satellite,<absent>21SEP07162703-P3DS_R07C2-014413001050_01_P001_44_50.png,320,320,236.0,307.0,5.0,6.0,1,30.0,0.0293,0.01562,0.01875,0.8333,0,0
beluga_seeker_sam,satellite,<absent>21SEP07162703-P3DS_R07C2-014413001050_01_P001_44_50.png,320,320,239.0,311.0,4.0,6.0,1,24.0,0.02344,0.0125,0.01875,0.6667,0,0
beluga_seeker_sam,satellite,<absent>21SEP07162703-P3DS_R07C2-014413001050_01_P001_44_50.png,320,320,227.0,317.0,9.0,3.0,1,27.0,0.02637,0.02813,0.00937,3.0,0,0
beluga_seeker_sam,satellite,<absent>21SEP07162703-P3DS_R07C2-014413001050_01_P001_44_50.png,320,320,313.0,254.0,7.0,7.0,1,49.0,0.04785,0.02187,0.02187,1.0,0,0
beluga_seeker_sam,satellite,<absent>21SEP07162703-P3DS_R07C2-014413001050_01_P001_44_50.png,320,320,313.0,249.0,7.0,7.0,1,49.0,0.04785,0.02187,0.02187,1.0,0,0
beluga_seeker_sam,satellite,<absent>21SEP07162703-P3DS_R07C2-014413001050_01_P001_44_50.png,320,320,211.0,313.0,8.0,6.0,1,48.0,0.04688,0.025,0.01875,1.3333,0,0
beluga_seeker_sam,satellite,<absent>21SEP07162703-P3DS_R07C2-014413001050_01_P001_44_50.png,320,320,210.0,295.0,5.0,6.0,1,30.0,0.0293,0.01562,0.01875,0.8333,0,0
beluga_seeker_sam,satellite,<absent>21SEP07162703-P3DS_R07C2-014413001050_01_P001_44_50.png,320,320,312.0,293.0,8.0,8.0,1,64.0,0.0625,0.025,0.025,1.0,0,0
beluga_seeker_sam,satellite,<absent>21SEP07162703-P3DS_R07C2-014413001050_01_P001_44_50.png,320,320,308.0,257.0,6.0,5.0,1,30.0,0.0293,0.01875,0.01562,1.2,0,0
beluga_seeker_sam,satellite,<absent>21SEP07162703-P3DS_R07C2-014413001050_01_P001_44_51.png,320,320,8.0,308.0,6.0,6.0,1,36.0,0.03516,0.01875,0.01875,1.0,0,0
beluga_seeker_sam,satellite,<absent>21SEP07162703-P3DS_R07C2-014413001050_01_P001_44_51.png,320,320,0.0,295.0,6.0,5.0,1,30.0,0.0293,0.01875,0.01562,1.2,0,0
beluga_seeker_sam,satellite,<absent>21SEP07162703-P3DS_R07C2-014413001050_01_P001_44_51.png,320,320,0.0,287.0,3.0,5.0,1,15.0,0.01465,0.00937,0.01562,0.6,0,0
beluga_seeker_sam,satellite,<absent>21SEP07162703-P3DS_R07C2-014413001050_01_P001_44_51.png,320,320,14.0,285.0,5.0,4.0,1,20.0,0.01953,0.01562,0.0125,1.25,0,0
beluga_seeker_sam,satellite,<absent>21SEP07162703-P3DS_R07C2-014413001050_01_P001_44_51.png,320,320,4.0,282.0,7.0,4.0,1,28.0,0.02734,0.02187,0.0125,1.75,0,0
beluga_seeker_sam,satellite,<absent>21SEP07162703-P3DS_R07C2-014413001050_01_P001_44_51.png,320,320,4.0,276.0,7.0,4.0,1,28.0,0.02734,0.02187,0.0125,1.75,0,0
beluga_seeker_sam,satellite,<absent>21SEP07162703-P3DS_R07C2-014413001050_01_P001_44_51.png,320,320,2.0,273.0,5.0,4.0,1,20.0,0.01953,0.01562,0.0125,1.25,0,0
beluga_seeker_sam,satellite,<absent>21SEP07162703-P3DS_R07C2-014413001050_01_P001_44_51.png,320,320,8.0,267.0,6.0,5.0,1,30.0,0.0293,0.01875,0.01562,1.2,0,0
beluga_seeker_sam,satellite,<absent>21SEP07162703-P3DS_R07C2-014413001050_01_P001_44_51.png,320,320,10.0,261.0,7.0,5.0,1,35.0,0.03418,0.02187,0.01562,1.4,0,0
beluga_seeker_sam,satellite,<absent>21SEP07162703-P3DS_R07C2-014413001050_01_P001_44_51.png,320,320,2.0,264.0,6.0,4.0,1,24.0,0.02344,0.01875,0.0125,1.5,0,0
beluga_seeker_sam,satellite,<absent>21SEP07162703-P3DS_R07C2-014413001050_01_P001_44_51.png,320,320,0.0,259.0,5.0,5.0,1,25.0,0.02441,0.01562,0.01562,1.0,0,0
beluga_seeker_sam,satellite,<absent>21SEP07162703-P3DS_R07C2-014413001050_01_P001_44_51.png,320,320,2.0,252.0,5.0,6.0,1,30.0,0.0293,0.01562,0.01875,0.8333,0,0
beluga_seeker_sam,satellite,<absent>21SEP07162703-P3DS_R07C2-014413001050_01_P001_44_51.png,320,320,0.0,245.0,5.0,4.0,1,20.0,0.01953,0.01562,0.0125,1.25,0,0
beluga_seeker_sam,satellite,<absent>21SEP07162703-P3DS_R07C2-014413001050_01_P001_44_51.png,320,320,0.0,266.0,4.0,6.0,1,24.0,0.02344,0.0125,0.01875,0.6667,0,0
beluga_seeker_sam,satellite,<absent>21SEP07162703-P3DS_R07C2-014413001050_01_P001_45_50.png,320,320,233.0,0.0,4.0,6.0,1,24.0,0.02344,0.0125,0.01875,0.6667,0,0
beluga_seeker_sam,satellite,<absent>21SEP07162703-P3DS_R07C2-014413001050_01_P001_4_3.png,320,320,107.0,135.0,8.0,13.0,1,104.0,0.10156,0.025,0.04063,0.6154,0,0
beluga_seeker_sam,satellite,<absent>21SEP07162703-P3DS_R07C2-014413001050_01_P001_5_27.png,320,320,271.0,307.0,7.0,8.0,1,56.0,0.05469,0.02187,0.025,0.875,0,0
beluga_seeker_sam,satellite,<absent>21SEP07162703-P3DS_R07C2-014413001050_01_P001_5_27.png,320,320,269.0,300.0,7.0,8.0,1,56.0,0.05469,0.02187,0.025,0.875,0,0
beluga_seeker_sam,satellite,<absent>21SEP07162703-P3DS_R08C1-014413001050_01_P001_34_41.png,320,320,180.0,30.0,7.0,11.0,1,77.0,0.0752,0.02187,0.03438,0.6364,0,0
beluga_seeker_sam,satellite,<absent>21SEP07162703-P3DS_R08C1-014413001050_01_P001_41_50.png,320,320,94.0,297.0,16.0,7.0,1,112.0,0.10938,0.05,0.02187,2.2857,0,0
beluga_seeker_sam,satellite,<absent>21SEP07162703-P3DS_R08C2-014413001050_01_P001_6_50.png,320,320,50.0,128.0,12.0,6.0,1,72.0,0.07031,0.0375,0.01875,2.0,0,0
beluga_seeker_sam,satellite,<absent>21SEP07162703-P3DS_R08C3-014413001050_01_P001_11_3.png,320,320,265.0,145.0,11.0,6.0,1,66.0,0.06445,0.03438,0.01875,1.8333,0,0
beluga_seeker_sam,satellite,<absent>21SEP07162703-P3DS_R08C3-014413001050_01_P001_12_3.png,320,320,102.0,2.0,9.0,11.0,1,99.0,0.09668,0.02813,0.03438,0.8182,0,0
beluga_seeker_sam,satellite,<absent>21SEP07162703-P3DS_R08C3-014413001050_01_P001_18_20.png,320,320,154.0,119.0,12.0,12.0,1,144.0,0.14062,0.0375,0.0375,1.0,0,0
beluga_seeker_sam,satellite,<absent>21SEP07162703-P3DS_R08C3-014413001050_01_P001_30_31.png,320,320,307.0,140.0,13.0,7.0,1,91.0,0.08887,0.04063,0.02187,1.8571,0,0
beluga_seeker_sam,satellite,<absent>21SEP07162703-P3DS_R08C3-014413001050_01_P001_30_6.png,320,320,298.0,27.0,8.0,8.0,1,64.0,0.0625,0.025,0.025,1.0,0,0
beluga_seeker_sam,satellite,<absent>21SEP07162703-P3DS_R08C3-014413001050_01_P001_30_6.png,320,320,286.0,72.0,11.0,7.0,1,77.0,0.0752,0.03438,0.02187,1.5714,0,0
beluga_seeker_sam,satellite,<absent>21SEP07162703-P3DS_R08C3-014413001050_01_P001_32_31.png,320,320,302.0,258.0,4.0,6.0,1,24.0,0.02344,0.0125,0.01875,0.6667,0,0
beluga_seeker_sam,satellite,<absent>21SEP07162703-P3DS_R08C3-014413001050_01_P001_32_31.png,320,320,298.0,265.0,5.0,5.0,1,25.0,0.02441,0.01562,0.01562,1.0,0,0
beluga_seeker_sam,satellite,<absent>21SEP07162703-P3DS_R08C3-014413001050_01_P001_32_31.png,320,320,302.0,266.0,7.0,7.0,1,49.0,0.04785,0.02187,0.02187,1.0,0,0
beluga_seeker_sam,satellite,<absent>21SEP07162703-P3DS_R08C3-014413001050_01_P001_32_31.png,320,320,306.0,265.0,6.0,5.0,1,30.0,0.0293,0.01875,0.01562,1.2,0,0
beluga_seeker_sam,satellite,<absent>21SEP07162703-P3DS_R08C3-014413001050_01_P001_32_31.png,320,320,298.0,276.0,5.0,4.0,1,20.0,0.01953,0.01562,0.0125,1.25,0,0
beluga_seeker_sam,satellite,<absent>21SEP07162703-P3DS_R08C3-014413001050_01_P001_32_31.png,320,320,295.0,277.0,4.0,6.0,1,24.0,0.02344,0.0125,0.01875,0.6667,0,0
beluga_seeker_sam,satellite,<absent>21SEP07162703-P3DS_R08C3-014413001050_01_P001_32_31.png,320,320,302.0,279.0,5.0,7.0,1,35.0,0.03418,0.01562,0.02187,0.7143,0,0
beluga_seeker_sam,satellite,<absent>21SEP07162703-P3DS_R08C3-014413001050_01_P001_32_31.png,320,320,305.0,287.0,7.0,11.0,1,77.0,0.0752,0.02187,0.03438,0.6364,0,0
beluga_seeker_sam,satellite,<absent>21SEP07162703-P3DS_R08C3-014413001050_01_P001_32_31.png,320,320,307.0,270.0,7.0,6.0,1,42.0,0.04102,0.02187,0.01875,1.1667,0,0
beluga_seeker_sam,satellite,<absent>21SEP07162703-P3DS_R08C3-014413001050_01_P001_32_31.png,320,320,313.0,270.0,5.0,4.0,1,20.0,0.01953,0.01562,0.0125,1.25,0,0
beluga_seeker_sam,satellite,<absent>21SEP07162703-P3DS_R08C3-014413001050_01_P001_32_31.png,320,320,309.0,270.0,5.0,3.0,1,15.0,0.01465,0.01562,0.00937,1.6667,0,0
beluga_seeker_sam,satellite,<absent>21SEP07162703-P3DS_R08C3-014413001050_01_P001_32_32.png,320,320,5.0,252.0,4.0,7.0,1,28.0,0.02734,0.0125,0.02187,0.5714,0,0
beluga_seeker_sam,satellite,<absent>21SEP07162703-P3DS_R08C3-014413001050_01_P001_32_32.png,320,320,6.0,263.0,4.0,6.0,1,24.0,0.02344,0.0125,0.01875,0.6667,0,0
beluga_seeker_sam,satellite,<absent>21SEP07162703-P3DS_R08C3-014413001050_01_P001_32_32.png,320,320,1.0,274.0,4.0,4.0,1,16.0,0.01562,0.0125,0.0125,1.0,0,0
beluga_seeker_sam,satellite,<absent>21SEP07162703-P3DS_R08C3-014413001050_01_P001_39_32.png,320,320,219.0,177.0,8.0,6.0,1,48.0,0.04688,0.025,0.01875,1.3333,0,0
beluga_seeker_sam,satellite,<absent>21SEP07162703-P3DS_R08C3-014413001050_01_P001_39_32.png,320,320,211.0,277.0,7.0,8.0,1,56.0,0.05469,0.02187,0.025,0.875,0,0
beluga_seeker_sam,satellite,<absent>21SEP07162703-P3DS_R08C3-014413001050_01_P001_39_32.png,320,320,228.0,247.0,6.0,7.0,1,42.0,0.04102,0.01875,0.02187,0.8571,0,0
beluga_seeker_sam,satellite,<absent>21SEP07162703-P3DS_R09C1-014413001050_01_P001_43_26.png,320,320,157.0,217.0,7.0,10.0,1,70.0,0.06836,0.02187,0.03125,0.7,0,0
beluga_seeker_sam,satellite,<absent>21SEP07162703-P3DS_R09C1-014413001050_01_P001_43_26.png,320,320,153.0,195.0,7.0,9.0,1,63.0,0.06152,0.02187,0.02813,0.7778,0,0
beluga_seeker_sam,satellite,<absent>21SEP07162703-P3DS_R09C1-014413001050_01_P001_43_26.png,320,320,154.0,181.0,11.0,11.0,1,121.0,0.11816,0.03438,0.03438,1.0,0,0
beluga_seeker_sam,satellite,<absent>21SEP07162703-P3DS_R09C1-014413001050_01_P001_43_26.png,320,320,152.0,174.0,13.0,10.0,1,130.0,0.12695,0.04063,0.03125,1.3,0,0
beluga_seeker_sam,satellite,<absent>21SEP07162703-P3DS_R09C1-014413001050_01_P001_43_26.png,320,320,152.0,168.0,9.0,11.0,1,99.0,0.09668,0.02813,0.03438,0.8182,0,0
beluga_seeker_sam,satellite,<absent>21SEP07162703-P3DS_R09C1-014413001050_01_P001_43_26.png,320,320,165.0,170.0,8.0,9.0,1,72.0,0.07031,0.025,0.02813,0.8889,0,0
beluga_seeker_sam,satellite,<absent>21SEP07162703-P3DS_R09C1-014413001050_01_P001_43_26.png,320,320,166.0,162.0,7.0,8.0,1,56.0,0.05469,0.02187,0.025,0.875,0,0
beluga_seeker_sam,satellite,<absent>21SEP07162703-P3DS_R09C1-014413001050_01_P001_43_26.png,320,320,158.0,166.0,10.0,9.0,1,90.0,0.08789,0.03125,0.02813,1.1111,0,0
beluga_seeker_sam,satellite,<absent>21SEP07162703-P3DS_R09C1-014413001050_01_P001_43_26.png,320,320,159.0,159.0,7.0,7.0,1,49.0,0.04785,0.02187,0.02187,1.0,0,0
beluga_seeker_sam,satellite,<absent>21SEP07162703-P3DS_R09C1-014413001050_01_P001_43_26.png,320,320,149.0,153.0,10.0,9.0,1,90.0,0.08789,0.03125,0.02813,1.1111,0,0
beluga_seeker_sam,satellite,<absent>21SEP07162703-P3DS_R09C1-014413001050_01_P001_43_26.png,320,320,145.0,147.0,9.0,13.0,1,117.0,0.11426,0.02813,0.04063,0.6923,0,0
beluga_seeker_sam,satellite,<absent>21SEP07162703-P3DS_R09C1-014413001050_01_P001_43_26.png,320,320,136.0,146.0,10.0,15.0,1,150.0,0.14648,0.03125,0.04688,0.6667,0,0
beluga_seeker_sam,satellite,<absent>21SEP07162703-P3DS_R09C1-014413001050_01_P001_43_26.png,320,320,127.0,144.0,13.0,11.0,1,143.0,0.13965,0.04063,0.03438,1.1818,0,0
beluga_seeker_sam,satellite,<absent>21SEP07162703-P3DS_R09C1-014413001050_01_P001_43_26.png,320,320,125.0,141.0,7.0,9.0,1,63.0,0.06152,0.02187,0.02813,0.7778,0,0
beluga_seeker_sam,satellite,<absent>21SEP07162703-P3DS_R09C1-014413001050_01_P001_43_26.png,320,320,114.0,159.0,6.0,14.0,1,84.0,0.08203,0.01875,0.04375,0.4286,0,0
beluga_seeker_sam,satellite,<absent>21SEP07162703-P3DS_R09C1-014413001050_01_P001_43_26.png,320,320,140.0,160.0,12.0,13.0,1,156.0,0.15234,0.0375,0.04063,0.9231,0,0
beluga_seeker_sam,satellite,<absent>21SEP07162703-P3DS_R09C1-014413001050_01_P001_7_23.png,320,320,176.0,34.0,5.0,7.0,1,35.0,0.03418,0.01562,0.02187,0.7143,0,0
beluga_seeker_sam,satellite,<absent>21SEP07162703-P3DS_R09C1-014413001050_01_P001_7_23.png,320,320,180.0,43.0,6.0,7.0,1,42.0,0.04102,0.01875,0.02187,0.8571,0,0
beluga_seeker_sam,satellite,<absent>21SEP07162703-P3DS_R09C1-014413001050_01_P001_7_23.png,320,320,189.0,41.0,4.0,7.0,1,28.0,0.02734,0.0125,0.02187,0.5714,0,0
beluga_seeker_sam,satellite,<absent>21SEP07162703-P3DS_R09C1-014413001050_01_P001_7_23.png,320,320,190.0,54.0,5.0,7.0,1,35.0,0.03418,0.01562,0.02187,0.7143,0,0
beluga_seeker_sam,satellite,<absent>21SEP07162703-P3DS_R09C1-014413001050_01_P001_7_23.png,320,320,204.0,67.0,6.0,5.0,1,30.0,0.0293,0.01875,0.01562,1.2,0,0
beluga_seeker_sam,satellite,<absent>21SEP07162703-P3DS_R09C1-014413001050_01_P001_7_23.png,320,320,148.0,28.0,6.0,6.0,1,36.0,0.03516,0.01875,0.01875,1.0,0,0
beluga_seeker_sam,satellite,<absent>21SEP07162703-P3DS_R09C1-014413001050_01_P001_7_23.png,320,320,171.0,50.0,4.0,6.0,1,24.0,0.02344,0.0125,0.01875,0.6667,0,0
beluga_seeker_sam,satellite,<absent>21SEP07162703-P3DS_R09C1-014413001050_01_P001_7_23.png,320,320,167.0,42.0,6.0,7.0,1,42.0,0.04102,0.01875,0.02187,0.8571,0,0
beluga_seeker_sam,satellite,<absent>21SEP07162703-P3DS_R09C1-014413001050_01_P001_7_23.png,320,320,164.0,38.0,6.0,6.0,1,36.0,0.03516,0.01875,0.01875,1.0,0,0
beluga_seeker_sam,satellite,<absent>21SEP07162703-P3DS_R09C1-014413001050_01_P001_7_23.png,320,320,160.0,38.0,6.0,6.0,1,36.0,0.03516,0.01875,0.01875,1.0,0,0
beluga_seeker_sam,satellite,<absent>21SEP07162703-P3DS_R09C1-014413001050_01_P001_7_23.png,320,320,156.0,38.0,5.0,5.0,1,25.0,0.02441,0.01562,0.01562,1.0,0,0
beluga_seeker_sam,satellite,<absent>21SEP07162703-P3DS_R09C1-014413001050_01_P001_7_23.png,320,320,162.0,107.0,5.0,7.0,1,35.0,0.03418,0.01562,0.02187,0.7143,0,0
beluga_seeker_sam,satellite,<absent>21SEP07162703-P3DS_R09C1-014413001050_01_P001_7_23.png,320,320,157.0,105.0,5.0,6.0,1,30.0,0.0293,0.01562,0.01875,0.8333,0,0
beluga_seeker_sam,satellite,<absent>21SEP07162703-P3DS_R09C1-014413001050_01_P001_7_23.png,320,320,154.0,102.0,4.0,5.0,1,20.0,0.01953,0.0125,0.01562,0.8,0,0
beluga_seeker_sam,satellite,<absent>21SEP07162703-P3DS_R09C1-014413001050_01_P001_7_23.png,320,320,150.0,104.0,4.0,6.0,1,24.0,0.02344,0.0125,0.01875,0.6667,0,0
beluga_seeker_sam,satellite,<absent>21SEP07162703-P3DS_R09C1-014413001050_01_P001_7_23.png,320,320,145.0,110.0,4.0,6.0,1,24.0,0.02344,0.0125,0.01875,0.6667,0,0
beluga_seeker_sam,satellite,<absent>21SEP07162703-P3DS_R09C1-014413001050_01_P001_7_23.png,320,320,140.0,110.0,4.0,6.0,1,24.0,0.02344,0.0125,0.01875,0.6667,0,0
beluga_seeker_sam,satellite,<absent>21SEP07162703-P3DS_R09C1-014413001050_01_P001_7_23.png,320,320,164.0,99.0,5.0,5.0,1,25.0,0.02441,0.01562,0.01562,1.0,0,0
beluga_seeker_sam,satellite,<absent>21SEP07162703-P3DS_R09C1-014413001050_01_P001_7_23.png,320,320,156.0,91.0,4.0,6.0,1,24.0,0.02344,0.0125,0.01875,0.6667,0,0
beluga_seeker_sam,satellite,<absent>21SEP07162703-P3DS_R09C1-014413001050_01_P001_7_23.png,320,320,146.0,96.0,5.0,5.0,1,25.0,0.02441,0.01562,0.01562,1.0,0,0
beluga_seeker_sam,satellite,<absent>21SEP07162703-P3DS_R09C1-014413001050_01_P001_7_23.png,320,320,139.0,95.0,5.0,5.0,1,25.0,0.02441,0.01562,0.01562,1.0,0,0
beluga_seeker_sam,satellite,<absent>21SEP07162703-P3DS_R09C1-014413001050_01_P001_7_23.png,320,320,148.0,88.0,6.0,5.0,1,30.0,0.0293,0.01875,0.01562,1.2,0,0
beluga_seeker_sam,satellite,<absent>21SEP07162703-P3DS_R09C1-014413001050_01_P001_7_23.png,320,320,152.0,81.0,5.0,6.0,1,30.0,0.0293,0.01562,0.01875,0.8333,0,0
beluga_seeker_sam,satellite,<absent>21SEP07162703-P3DS_R09C1-014413001050_01_P001_7_23.png,320,320,158.0,76.0,6.0,7.0,1,42.0,0.04102,0.01875,0.02187,0.8571,0,0
beluga_seeker_sam,satellite,<absent>21SEP07162703-P3DS_R09C1-014413001050_01_P001_7_23.png,320,320,166.0,76.0,4.0,5.0,1,20.0,0.01953,0.0125,0.01562,0.8,0,0
beluga_seeker_sam,satellite,<absent>21SEP07162703-P3DS_R09C1-014413001050_01_P001_7_23.png,320,320,173.0,68.0,4.0,7.0,1,28.0,0.02734,0.0125,0.02187,0.5714,0,0
beluga_seeker_sam,satellite,<absent>21SEP07162703-P3DS_R09C1-014413001050_01_P001_7_23.png,320,320,164.0,86.0,4.0,6.0,1,24.0,0.02344,0.0125,0.01875,0.6667,0,0
beluga_seeker_sam,satellite,<absent>21SEP07162703-P3DS_R09C1-014413001050_01_P001_7_23.png,320,320,148.0,76.0,4.0,5.0,1,20.0,0.01953,0.0125,0.01562,0.8,0,0
beluga_seeker_sam,satellite,<absent>21SEP07162703-P3DS_R09C1-014413001050_01_P001_7_23.png,320,320,145.0,77.0,4.0,6.0,1,24.0,0.02344,0.0125,0.01875,0.6667,0,0
beluga_seeker_sam,satellite,<absent>21SEP07162703-P3DS_R09C1-014413001050_01_P001_7_23.png,320,320,140.0,76.0,5.0,4.0,1,20.0,0.01953,0.01562,0.0125,1.25,0,0
beluga_seeker_sam,satellite,<absent>21SEP07162703-P3DS_R09C1-014413001050_01_P001_7_23.png,320,320,132.0,76.0,5.0,6.0,1,30.0,0.0293,0.01562,0.01875,0.8333,0,0
beluga_seeker_sam,satellite,<absent>21SEP07162703-P3DS_R09C1-014413001050_01_P001_7_23.png,320,320,128.0,82.0,4.0,5.0,1,20.0,0.01953,0.0125,0.01562,0.8,0,0
beluga_seeker_sam,satellite,<absent>21SEP07162703-P3DS_R09C1-014413001050_01_P001_7_23.png,320,320,123.0,81.0,5.0,6.0,1,30.0,0.0293,0.01562,0.01875,0.8333,0,0
beluga_seeker_sam,satellite,<absent>21SEP07162703-P3DS_R09C1-014413001050_01_P001_7_23.png,320,320,122.0,78.0,4.0,5.0,1,20.0,0.01953,0.0125,0.01562,0.8,0,0
beluga_seeker_sam,satellite,<absent>21SEP07162703-P3DS_R09C1-014413001050_01_P001_7_23.png,320,320,117.0,72.0,5.0,7.0,1,35.0,0.03418,0.01562,0.02187,0.7143,0,0
beluga_seeker_sam,satellite,<absent>21SEP07162703-P3DS_R09C1-014413001050_01_P001_7_23.png,320,320,111.0,65.0,7.0,5.0,1,35.0,0.03418,0.02187,0.01562,1.4,0,0
beluga_seeker_sam,satellite,<absent>21SEP07162703-P3DS_R09C1-014413001050_01_P001_7_23.png,320,320,123.0,70.0,4.0,4.0,1,16.0,0.01562,0.0125,0.0125,1.0,0,0
beluga_seeker_sam,satellite,<absent>21SEP07162703-P3DS_R09C1-014413001050_01_P001_7_23.png,320,320,137.0,71.0,5.0,5.0,1,25.0,0.02441,0.01562,0.01562,1.0,0,0
beluga_seeker_sam,satellite,<absent>21SEP07162703-P3DS_R09C1-014413001050_01_P001_7_23.png,320,320,134.0,65.0,7.0,6.0,1,42.0,0.04102,0.02187,0.01875,1.1667,0,0
beluga_seeker_sam,satellite,<absent>21SEP07162703-P3DS_R09C1-014413001050_01_P001_7_23.png,320,320,129.0,61.0,4.0,6.0,1,24.0,0.02344,0.0125,0.01875,0.6667,0,0
beluga_seeker_sam,satellite,<absent>21SEP07162703-P3DS_R09C1-014413001050_01_P001_7_23.png,320,320,134.0,59.0,6.0,5.0,1,30.0,0.0293,0.01875,0.01562,1.2,0,0
beluga_seeker_sam,satellite,<absent>21SEP07162703-P3DS_R09C1-014413001050_01_P001_7_23.png,320,320,133.0,55.0,5.0,5.0,1,25.0,0.02441,0.01562,0.01562,1.0,0,0
beluga_seeker_sam,satellite,<absent>21SEP07162703-P3DS_R09C1-014413001050_01_P001_7_23.png,320,320,125.0,50.0,5.0,5.0,1,25.0,0.02441,0.01562,0.01562,1.0,0,0
beluga_seeker_sam,satellite,<absent>21SEP07162703-P3DS_R09C1-014413001050_01_P001_7_23.png,320,320,125.0,50.0,5.0,5.0,1,25.0,0.02441,0.01562,0.01562,1.0,0,0
beluga_seeker_sam,satellite,<absent>21SEP07162703-P3DS_R09C1-014413001050_01_P001_7_23.png,320,320,125.0,44.0,6.0,6.0,1,36.0,0.03516,0.01875,0.01875,1.0,0,0
beluga_seeker_sam,satellite,<absent>21SEP07162703-P3DS_R09C1-014413001050_01_P001_7_23.png,320,320,140.0,42.0,7.0,6.0,1,42.0,0.04102,0.02187,0.01875,1.1667,0,0
beluga_seeker_sam,satellite,<absent>21SEP07162703-P3DS_R09C1-014413001050_01_P001_7_23.png,320,320,137.0,46.0,6.0,6.0,1,36.0,0.03516,0.01875,0.01875,1.0,0,0
beluga_seeker_sam,satellite,<absent>21SEP07162703-P3DS_R09C1-014413001050_01_P001_7_23.png,320,320,157.0,49.0,5.0,5.0,1,25.0,0.02441,0.01562,0.01562,1.0,0,0
beluga_seeker_sam,satellite,<absent>21SEP07162703-P3DS_R09C1-014413001050_01_P001_7_23.png,320,320,143.0,50.0,6.0,6.0,1,36.0,0.03516,0.01875,0.01875,1.0,0,0
beluga_seeker_sam,satellite,<absent>21SEP07162703-P3DS_R09C1-014413001050_01_P001_7_23.png,320,320,145.0,53.0,6.0,6.0,1,36.0,0.03516,0.01875,0.01875,1.0,0,0
beluga_seeker_sam,satellite,<absent>21SEP07162703-P3DS_R09C1-014413001050_01_P001_7_23.png,320,320,151.0,54.0,5.0,6.0,1,30.0,0.0293,0.01562,0.01875,0.8333,0,0
beluga_seeker_sam,satellite,<absent>21SEP07162703-P3DS_R09C1-014413001050_01_P001_7_23.png,320,320,152.0,58.0,6.0,6.0,1,36.0,0.03516,0.01875,0.01875,1.0,0,0
beluga_seeker_sam,satellite,<absent>21SEP07162703-P3DS_R09C1-014413001050_01_P001_7_23.png,320,320,159.0,54.0,6.0,6.0,1,36.0,0.03516,0.01875,0.01875,1.0,0,0
beluga_seeker_sam,satellite,<absent>21SEP07162703-P3DS_R09C1-014413001050_01_P001_7_23.png,320,320,160.0,65.0,5.0,5.0,1,25.0,0.02441,0.01562,0.01562,1.0,0,0
beluga_seeker_sam,satellite,<absent>21SEP07162703-P3DS_R09C1-014413001050_01_P001_7_23.png,320,320,151.0,67.0,6.0,5.0,1,30.0,0.0293,0.01875,0.01562,1.2,0,0
beluga_seeker_sam,satellite,<absent>21SEP07162703-P3DS_R09C1-014413001050_01_P001_7_23.png,320,320,145.0,67.0,6.0,6.0,1,36.0,0.03516,0.01875,0.01875,1.0,0,0
beluga_seeker_sam,satellite,<absent>21SEP07162703-P3DS_R09C1-014413001050_01_P001_7_23.png,320,320,144.0,63.0,6.0,6.0,1,36.0,0.03516,0.01875,0.01875,1.0,0,0
beluga_seeker_sam,satellite,<absent>21SEP07162703-P3DS_R09C1-014413001050_01_P001_7_23.png,320,320,141.0,60.0,5.0,6.0,1,30.0,0.0293,0.01562,0.01875,0.8333,0,0
beluga_seeker_sam,satellite,<absent>21SEP07162703-P3DS_R09C1-014413001050_01_P001_7_23.png,320,320,157.0,58.0,5.0,6.0,1,30.0,0.0293,0.01562,0.01875,0.8333,0,0
beluga_seeker_sam,satellite,<absent>21SEP07162703-P3DS_R09C1-014413001050_01_P001_7_23.png,320,320,139.0,51.0,6.0,6.0,1,36.0,0.03516,0.01875,0.01875,1.0,0,0
beluga_seeker_sam,satellite,<absent>21SEP07162703-P3DS_R09C1-014413001050_01_P001_7_23.png,320,320,152.0,46.0,5.0,6.0,1,30.0,0.0293,0.01562,0.01875,0.8333,0,0
beluga_seeker_sam,satellite,<absent>21SEP07162703-P3DS_R09C1-014413001050_01_P001_7_23.png,320,320,156.0,42.0,6.0,6.0,1,36.0,0.03516,0.01875,0.01875,1.0,0,0
beluga_seeker_sam,satellite,<absent>21SEP07162703-P3DS_R09C1-014413001050_01_P001_7_23.png,320,320,161.0,44.0,8.0,6.0,1,48.0,0.04688,0.025,0.01875,1.3333,0,0
beluga_seeker_sam,satellite,<absent>21SEP07162703-P3DS_R09C1-014413001050_01_P001_7_23.png,320,320,180.0,52.0,6.0,4.0,1,24.0,0.02344,0.01875,0.0125,1.5,0,0
beluga_seeker_sam,satellite,<absent>21SEP07162703-P3DS_R09C1-014413001050_01_P001_7_23.png,320,320,165.0,70.0,6.0,5.0,1,30.0,0.0293,0.01875,0.01562,1.2,0,0
beluga_seeker_sam,satellite,<absent>21SEP07162703-P3DS_R09C1-014413001050_01_P001_7_23.png,320,320,129.0,87.0,4.0,5.0,1,20.0,0.01953,0.0125,0.01562,0.8,0,0
beluga_seeker_sam,satellite,<absent>21SEP07162703-P3DS_R09C1-014413001050_01_P001_7_23.png,320,320,121.0,59.0,6.0,6.0,1,36.0,0.03516,0.01875,0.01875,1.0,0,0
beluga_seeker_sam,satellite,<absent>21SEP07162703-P3DS_R09C1-014413001050_01_P001_7_23.png,320,320,135.0,44.0,6.0,3.0,1,18.0,0.01758,0.01875,0.00937,2.0,0,0
beluga_seeker_sam,satellite,<absent>21SEP07162703-P3DS_R09C3-014413001050_01_P001_0_10.png,320,320,106.0,92.0,14.0,16.0,1,224.0,0.21875,0.04375,0.05,0.875,0,0
beluga_seeker_sam,satellite,<absent>21SEP07162703-P3DS_R09C3-014413001050_01_P001_0_38.png,320,320,99.0,54.0,9.0,9.0,1,81.0,0.0791,0.02813,0.02813,1.0,0,0
beluga_seeker_sam,satellite,<absent>21SEP07162703-P3DS_R09C3-014413001050_01_P001_0_38.png,320,320,101.0,62.0,7.0,6.0,1,42.0,0.04102,0.02187,0.01875,1.1667,0,0
beluga_seeker_sam,satellite,<absent>21SEP07162703-P3DS_R09C3-014413001050_01_P001_0_38.png,320,320,106.0,68.0,9.0,7.0,1,63.0,0.06152,0.02813,0.02187,1.2857,0,0
beluga_seeker_sam,satellite,<absent>21SEP07162703-P3DS_R09C3-014413001050_01_P001_0_38.png,320,320,110.0,52.0,16.0,13.0,1,208.0,0.20312,0.05,0.04063,1.2308,0,0
beluga_seeker_sam,satellite,<absent>21SEP07162703-P3DS_R09C3-014413001050_01_P001_0_38.png,320,320,121.0,45.0,16.0,14.0,1,224.0,0.21875,0.05,0.04375,1.1429,0,0
beluga_seeker_sam,satellite,<absent>21SEP07162703-P3DS_R09C3-014413001050_01_P001_0_38.png,320,320,128.0,52.0,9.0,7.0,1,63.0,0.06152,0.02813,0.02187,1.2857,0,0
beluga_seeker_sam,satellite,<absent>21SEP07162703-P3DS_R09C3-014413001050_01_P001_0_38.png,320,320,141.0,63.0,8.0,8.0,1,64.0,0.0625,0.025,0.025,1.0,0,0
beluga_seeker_sam,satellite,<absent>21SEP07162703-P3DS_R09C3-014413001050_01_P001_0_38.png,320,320,130.0,62.0,12.0,11.0,1,132.0,0.12891,0.0375,0.03438,1.0909,0,0
beluga_seeker_sam,satellite,<absent>21SEP07162703-P3DS_R09C3-014413001050_01_P001_0_38.png,320,320,129.0,77.0,7.0,7.0,1,49.0,0.04785,0.02187,0.02187,1.0,0,0
beluga_seeker_sam,satellite,<absent>21SEP07162703-P3DS_R09C3-014413001050_01_P001_0_38.png,320,320,147.0,84.0,9.0,6.0,1,54.0,0.05273,0.02813,0.01875,1.5,0,0
beluga_seeker_sam,satellite,<absent>21SEP07162703-P3DS_R09C3-014413001050_01_P001_0_38.png,320,320,153.0,71.0,11.0,10.0,1,110.0,0.10742,0.03438,0.03125,1.1,0,0
beluga_seeker_sam,satellite,<absent>21SEP07162703-P3DS_R09C3-014413001050_01_P001_0_38.png,320,320,167.0,95.0,5.0,4.0,1,20.0,0.01953,0.01562,0.0125,1.25,0,0
beluga_seeker_sam,satellite,<absent>21SEP07162703-P3DS_R09C3-014413001050_01_P001_0_38.png,320,320,171.0,95.0,7.0,5.0,1,35.0,0.03418,0.02187,0.01562,1.4,0,0
beluga_seeker_sam,satellite,<absent>21SEP07162703-P3DS_R09C3-014413001050_01_P001_0_38.png,320,320,177.0,97.0,12.0,12.0,1,144.0,0.14062,0.0375,0.0375,1.0,0,0
beluga_seeker_sam,satellite,<absent>21SEP07162703-P3DS_R09C3-014413001050_01_P001_0_38.png,320,320,168.0,108.0,7.0,5.0,1,35.0,0.03418,0.02187,0.01562,1.4,0,0
beluga_seeker_sam,satellite,<absent>21SEP07162703-P3DS_R09C3-014413001050_01_P001_0_38.png,320,320,177.0,117.0,12.0,6.0,1,72.0,0.07031,0.0375,0.01875,2.0,0,0
beluga_seeker_sam,satellite,<absent>21SEP07162703-P3DS_R09C3-014413001050_01_P001_0_38.png,320,320,154.0,122.0,13.0,6.0,1,78.0,0.07617,0.04063,0.01875,2.1667,0,0
beluga_seeker_sam,satellite,<absent>21SEP07162703-P3DS_R09C3-014413001050_01_P001_0_47.png,320,320,49.0,266.0,10.0,11.0,1,110.0,0.10742,0.03125,0.03438,0.9091,0,0
beluga_seeker_sam,satellite,<absent>21SEP07162703-P3DS_R09C3-014413001050_01_P001_0_47.png,320,320,41.0,309.0,10.0,11.0,1,110.0,0.10742,0.03125,0.03438,0.9091,0,0
beluga_seeker_sam,satellite,<absent>21SEP07162703-P3DS_R09C3-014413001050_01_P001_15_46.png,320,320,247.0,60.0,4.0,6.0,1,24.0,0.02344,0.0125,0.01875,0.6667,0,0
beluga_seeker_sam,satellite,<absent>21SEP07162703-P3DS_R09C3-014413001050_01_P001_15_46.png,320,320,242.0,58.0,7.0,7.0,1,49.0,0.04785,0.02187,0.02187,1.0,0,0
beluga_seeker_sam,satellite,<absent>21SEP07162703-P3DS_R09C3-014413001050_01_P001_15_46.png,320,320,238.0,57.0,6.0,7.0,1,42.0,0.04102,0.01875,0.02187,0.8571,0,0
beluga_seeker_sam,satellite,<absent>21SEP07162703-P3DS_R09C3-014413001050_01_P001_15_46.png,320,320,234.0,59.0,7.0,6.0,1,42.0,0.04102,0.02187,0.01875,1.1667,0,0
beluga_seeker_sam,satellite,<absent>21SEP07162703-P3DS_R09C3-014413001050_01_P001_15_46.png,320,320,232.0,61.0,5.0,7.0,1,35.0,0.03418,0.01562,0.02187,0.7143,0,0
beluga_seeker_sam,satellite,<absent>21SEP07162703-P3DS_R09C3-014413001050_01_P001_15_46.png,320,320,230.0,74.0,5.0,9.0,1,45.0,0.04395,0.01562,0.02813,0.5556,0,0
beluga_seeker_sam,satellite,<absent>21SEP07162703-P3DS_R09C3-014413001050_01_P001_15_46.png,320,320,225.0,68.0,4.0,6.0,1,24.0,0.02344,0.0125,0.01875,0.6667,0,0
beluga_seeker_sam,satellite,<absent>21SEP07162703-P3DS_R09C3-014413001050_01_P001_15_46.png,320,320,216.0,68.0,4.0,6.0,1,24.0,0.02344,0.0125,0.01875,0.6667,0,0
beluga_seeker_sam,satellite,<absent>21SEP07162703-P3DS_R09C3-014413001050_01_P001_15_46.png,320,320,210.0,62.0,6.0,6.0,1,36.0,0.03516,0.01875,0.01875,1.0,0,0
beluga_seeker_sam,satellite,<absent>21SEP07162703-P3DS_R09C3-014413001050_01_P001_15_46.png,320,320,208.0,60.0,4.0,6.0,1,24.0,0.02344,0.0125,0.01875,0.6667,0,0
beluga_seeker_sam,satellite,<absent>21SEP07162703-P3DS_R09C3-014413001050_01_P001_15_46.png,320,320,202.0,54.0,5.0,7.0,1,35.0,0.03418,0.01562,0.02187,0.7143,0,0
beluga_seeker_sam,satellite,<absent>21SEP07162703-P3DS_R09C3-014413001050_01_P001_15_46.png,320,320,202.0,62.0,4.0,6.0,1,24.0,0.02344,0.0125,0.01875,0.6667,0,0
beluga_seeker_sam,satellite,<absent>21SEP07162703-P3DS_R09C3-014413001050_01_P001_15_46.png,320,320,195.0,54.0,4.0,7.0,1,28.0,0.02734,0.0125,0.02187,0.5714,0,0
beluga_seeker_sam,satellite,<absent>21SEP07162703-P3DS_R09C3-014413001050_01_P001_15_46.png,320,320,265.0,55.0,6.0,6.0,1,36.0,0.03516,0.01875,0.01875,1.0,0,0
beluga_seeker_sam,satellite,<absent>21SEP07162703-P3DS_R09C3-014413001050_01_P001_15_46.png,320,320,224.0,78.0,4.0,5.0,1,20.0,0.01953,0.0125,0.01562,0.8,0,0
beluga_seeker_sam,satellite,<absent>21SEP07162703-P3DS_R09C3-014413001050_01_P001_15_46.png,320,320,232.0,54.0,6.0,6.0,1,36.0,0.03516,0.01875,0.01875,1.0,0,0
beluga_seeker_sam,satellite,<absent>21SEP07162703-P3DS_R09C3-014413001050_01_P001_15_46.png,320,320,269.0,44.0,6.0,7.0,1,42.0,0.04102,0.01875,0.02187,0.8571,0,0
beluga_seeker_sam,satellite,<absent>21SEP07162703-P3DS_R09C3-014413001050_01_P001_15_46.png,320,320,193.0,54.0,3.0,5.0,1,15.0,0.01465,0.00937,0.01562,0.6,0,0
beluga_seeker_sam,satellite,<absent>21SEP07162703-P3DS_R09C3-014413001050_01_P001_31_35.png,320,320,64.0,200.0,11.0,10.0,1,110.0,0.10742,0.03438,0.03125,1.1,0,0
beluga_seeker_sam,satellite,<absent>21SEP07162703-P3DS_R09C3-014413001050_01_P001_31_49.png,320,320,119.0,6.0,6.0,5.0,1,30.0,0.0293,0.01875,0.01562,1.2,0,0
beluga_seeker_sam,satellite,<absent>21SEP07162703-P3DS_R09C3-014413001050_01_P001_31_49.png,320,320,122.0,11.0,6.0,6.0,1,36.0,0.03516,0.01875,0.01875,1.0,0,0
beluga_seeker_sam,satellite,<absent>21SEP07162703-P3DS_R09C3-014413001050_01_P001_31_49.png,320,320,129.0,16.0,6.0,4.0,1,24.0,0.02344,0.01875,0.0125,1.5,0,0
beluga_seeker_sam,satellite,<absent>21SEP07162703-P3DS_R09C3-014413001050_01_P001_31_49.png,320,320,119.0,18.0,6.0,5.0,1,30.0,0.0293,0.01875,0.01562,1.2,0,0
beluga_seeker_sam,satellite,<absent>21SEP07162703-P3DS_R09C3-014413001050_01_P001_31_49.png,320,320,121.0,22.0,6.0,5.0,1,30.0,0.0293,0.01875,0.01562,1.2,0,0
beluga_seeker_sam,satellite,<absent>21SEP07162703-P3DS_R09C3-014413001050_01_P001_31_49.png,320,320,131.0,23.0,7.0,4.0,1,28.0,0.02734,0.02187,0.0125,1.75,0,0
beluga_seeker_sam,satellite,<absent>21SEP07162703-P3DS_R09C3-014413001050_01_P001_31_49.png,320,320,132.0,26.0,6.0,7.0,1,42.0,0.04102,0.01875,0.02187,0.8571,0,0
beluga_seeker_sam,satellite,<absent>21SEP07162703-P3DS_R09C3-014413001050_01_P001_31_49.png,320,320,134.0,35.0,5.0,4.0,1,20.0,0.01953,0.01562,0.0125,1.25,0,0
beluga_seeker_sam,satellite,<absent>21SEP07162703-P3DS_R09C3-014413001050_01_P001_31_49.png,320,320,139.0,39.0,5.0,4.0,1,20.0,0.01953,0.01562,0.0125,1.25,0,0
beluga_seeker_sam,satellite,<absent>21SEP07162703-P3DS_R09C3-014413001050_01_P001_31_49.png,320,320,138.0,45.0,7.0,5.0,1,35.0,0.03418,0.02187,0.01562,1.4,0,0
beluga_seeker_sam,satellite,<absent>21SEP07162703-P3DS_R09C3-014413001050_01_P001_31_49.png,320,320,145.0,50.0,6.0,5.0,1,30.0,0.0293,0.01875,0.01562,1.2,0,0
beluga_seeker_sam,satellite,<absent>21SEP07162703-P3DS_R09C3-014413001050_01_P001_31_49.png,320,320,130.0,49.0,6.0,4.0,1,24.0,0.02344,0.01875,0.0125,1.5,0,0
beluga_seeker_sam,satellite,<absent>21SEP07162703-P3DS_R09C3-014413001050_01_P001_31_49.png,320,320,126.0,45.0,5.0,5.0,1,25.0,0.02441,0.01562,0.01562,1.0,0,0
beluga_seeker_sam,satellite,<absent>21SEP07162703-P3DS_R09C3-014413001050_01_P001_31_49.png,320,320,118.0,50.0,5.0,4.0,1,20.0,0.01953,0.01562,0.0125,1.25,0,0
beluga_seeker_sam,satellite,<absent>21SEP07162703-P3DS_R09C3-014413001050_01_P001_31_49.png,320,320,118.0,46.0,5.0,5.0,1,25.0,0.02441,0.01562,0.01562,1.0,0,0
beluga_seeker_sam,satellite,<absent>21SEP07162703-P3DS_R09C3-014413001050_01_P001_31_49.png,320,320,117.0,42.0,6.0,5.0,1,30.0,0.0293,0.01875,0.01562,1.2,0,0
beluga_seeker_sam,satellite,<absent>21SEP07162703-P3DS_R09C3-014413001050_01_P001_31_49.png,320,320,112.0,39.0,7.0,5.0,1,35.0,0.03418,0.02187,0.01562,1.4,0,0
beluga_seeker_sam,satellite,<absent>21SEP07162703-P3DS_R09C3-014413001050_01_P001_31_49.png,320,320,125.0,36.0,5.0,5.0,1,25.0,0.02441,0.01562,0.01562,1.0,0,0
beluga_seeker_sam,satellite,<absent>21SEP07162703-P3DS_R09C3-014413001050_01_P001_31_49.png,320,320,118.0,35.0,6.0,6.0,1,36.0,0.03516,0.01875,0.01875,1.0,0,0
beluga_seeker_sam,satellite,<absent>21SEP07162703-P3DS_R09C3-014413001050_01_P001_31_49.png,320,320,116.0,32.0,6.0,5.0,1,30.0,0.0293,0.01875,0.01562,1.2,0,0
beluga_seeker_sam,satellite,<absent>21SEP07162703-P3DS_R09C3-014413001050_01_P001_31_49.png,320,320,115.0,29.0,6.0,4.0,1,24.0,0.02344,0.01875,0.0125,1.5,0,0
beluga_seeker_sam,satellite,<absent>21SEP07162703-P3DS_R09C3-014413001050_01_P001_31_49.png,320,320,117.0,66.0,6.0,7.0,1,42.0,0.04102,0.01875,0.02187,0.8571,0,0
beluga_seeker_sam,satellite,<absent>21SEP07162703-P3DS_R09C3-014413001050_01_P001_31_49.png,320,320,129.0,70.0,6.0,8.0,1,48.0,0.04688,0.01875,0.025,0.75,0,0
beluga_seeker_sam,satellite,<absent>21SEP07162703-P3DS_R09C3-014413001050_01_P001_31_49.png,320,320,117.0,85.0,8.0,6.0,1,48.0,0.04688,0.025,0.01875,1.3333,0,0
beluga_seeker_sam,satellite,<absent>21SEP07162703-P3DS_R09C3-014413001050_01_P001_31_49.png,320,320,106.0,24.0,6.0,7.0,1,42.0,0.04102,0.01875,0.02187,0.8571,0,0
beluga_seeker_sam,satellite,<absent>21SEP07162703-P3DS_R09C3-014413001050_01_P001_31_49.png,320,320,116.0,17.0,5.0,5.0,1,25.0,0.02441,0.01562,0.01562,1.0,0,0
beluga_seeker_sam,satellite,<absent>21SEP07162703-P3DS_R09C3-014413001050_01_P001_41_35.png,320,320,9.0,294.0,7.0,5.0,1,35.0,0.03418,0.02187,0.01562,1.4,0,0
beluga_seeker_sam,satellite,<absent>21SEP07162703-P3DS_R09C3-014413001050_01_P001_41_35.png,320,320,78.0,292.0,6.0,4.0,1,24.0,0.02344,0.01875,0.0125,1.5,0,0
beluga_seeker_sam,satellite,<absent>21SEP07162703-P3DS_R09C3-014413001050_01_P001_41_35.png,320,320,74.0,294.0,7.0,6.0,1,42.0,0.04102,0.02187,0.01875,1.1667,0,0
beluga_seeker_sam,satellite,<absent>21SEP07162703-P3DS_R09C3-014413001050_01_P001_41_35.png,320,320,84.0,295.0,6.0,5.0,1,30.0,0.0293,0.01875,0.01562,1.2,0,0
beluga_seeker_sam,satellite,<absent>21SEP07162703-P3DS_R09C3-014413001050_01_P001_41_35.png,320,320,82.0,299.0,7.0,6.0,1,42.0,0.04102,0.02187,0.01875,1.1667,0,0
beluga_seeker_sam,satellite,<absent>21SEP07162703-P3DS_R09C3-014413001050_01_P001_41_35.png,320,320,83.0,307.0,6.0,4.0,1,24.0,0.02344,0.01875,0.0125,1.5,0,0
beluga_seeker_sam,satellite,<absent>21SEP07162703-P3DS_R09C3-014413001050_01_P001_41_35.png,320,320,74.0,306.0,6.0,5.0,1,30.0,0.0293,0.01875,0.01562,1.2,0,0
beluga_seeker_sam,satellite,<absent>21SEP07162703-P3DS_R09C3-014413001050_01_P001_41_35.png,320,320,75.0,304.0,5.0,4.0,1,20.0,0.01953,0.01562,0.0125,1.25,0,0
beluga_seeker_sam,satellite,<absent>21SEP07162703-P3DS_R09C3-014413001050_01_P001_41_35.png,320,320,65.0,311.0,5.0,4.0,1,20.0,0.01953,0.01562,0.0125,1.25,0,0
beluga_seeker_sam,satellite,<absent>21SEP07162703-P3DS_R09C3-014413001050_01_P001_41_35.png,320,320,78.0,313.0,7.0,6.0,1,42.0,0.04102,0.02187,0.01875,1.1667,0,0
beluga_seeker_sam,satellite,<absent>21SEP07162703-P3DS_R09C3-014413001050_01_P001_41_35.png,320,320,72.0,315.0,7.0,5.0,1,35.0,0.03418,0.02187,0.01562,1.4,0,0
beluga_seeker_sam,satellite,<absent>21SEP07162703-P3DS_R09C3-014413001050_01_P001_41_35.png,320,320,40.0,312.0,8.0,6.0,1,48.0,0.04688,0.025,0.01875,1.3333,0,0
beluga_seeker_sam,satellite,<absent>21SEP07162703-P3DS_R09C3-014413001050_01_P001_41_35.png,320,320,65.0,299.0,6.0,6.0,1,36.0,0.03516,0.01875,0.01875,1.0,0,0
beluga_seeker_sam,satellite,<absent>21SEP07162703-P3DS_R09C3-014413001050_01_P001_41_35.png,320,320,64.0,296.0,5.0,6.0,1,30.0,0.0293,0.01562,0.01875,0.8333,0,0
beluga_seeker_sam,satellite,<absent>21SEP07162703-P3DS_R09C3-014413001050_01_P001_41_35.png,320,320,59.0,294.0,5.0,4.0,1,20.0,0.01953,0.01562,0.0125,1.25,0,0
beluga_seeker_sam,satellite,<absent>21SEP07162703-P3DS_R09C3-014413001050_01_P001_41_35.png,320,320,65.0,287.0,5.0,7.0,1,35.0,0.03418,0.01562,0.02187,0.7143,0,0
beluga_seeker_sam,satellite,<absent>21SEP07162703-P3DS_R09C3-014413001050_01_P001_41_35.png,320,320,70.0,292.0,6.0,4.0,1,24.0,0.02344,0.01875,0.0125,1.5,0,0
beluga_seeker_sam,satellite,<absent>21SEP07162703-P3DS_R09C3-014413001050_01_P001_41_35.png,320,320,46.0,309.0,6.0,6.0,1,36.0,0.03516,0.01875,0.01875,1.0,0,0
beluga_seeker_sam,satellite,<absent>21SEP07162703-P3DS_R09C3-014413001050_01_P001_41_35.png,320,320,64.0,311.0,2.0,2.0,1,4.0,0.00391,0.00625,0.00625,1.0,0,0
beluga_seeker_sam,satellite,<absent>21SEP07162703-P3DS_R09C3-014413001050_01_P001_41_35.png,320,320,59.0,308.0,7.0,4.0,1,28.0,0.02734,0.02187,0.0125,1.75,0,0
beluga_seeker_sam,satellite,<absent>21SEP07162703-P3DS_R09C3-014413001050_01_P001_41_35.png,320,320,59.0,301.0,6.0,7.0,1,42.0,0.04102,0.01875,0.02187,0.8571,0,0
beluga_seeker_sam,satellite,<absent>21SEP07162703-P3DS_R09C3-014413001050_01_P001_41_35.png,320,320,51.0,304.0,5.0,6.0,1,30.0,0.0293,0.01562,0.01875,0.8333,0,0
beluga_seeker_sam,satellite,<absent>21SEP07162703-P3DS_R09C3-014413001050_01_P001_41_35.png,320,320,39.0,282.0,5.0,5.0,1,25.0,0.02441,0.01562,0.01562,1.0,0,0
beluga_seeker_sam,satellite,<absent>21SEP07162703-P3DS_R09C3-014413001050_01_P001_42_35.png,320,320,77.0,7.0,8.0,5.0,1,40.0,0.03906,0.025,0.01562,1.6,0,0
beluga_seeker_sam,satellite,<absent>21SEP07162703-P3DS_R09C3-014413001050_01_P001_42_35.png,320,320,63.0,21.0,6.0,6.0,1,36.0,0.03516,0.01875,0.01875,1.0,0,0
beluga_seeker_sam,satellite,<absent>21SEP07162703-P3DS_R09C3-014413001050_01_P001_42_35.png,320,320,66.0,16.0,6.0,4.0,1,24.0,0.02344,0.01875,0.0125,1.5,0,0
beluga_seeker_sam,satellite,<absent>21SEP07162703-P3DS_R09C3-014413001050_01_P001_42_35.png,320,320,65.0,11.0,6.0,4.0,1,24.0,0.02344,0.01875,0.0125,1.5,0,0
beluga_seeker_sam,satellite,<absent>21SEP07162703-P3DS_R09C3-014413001050_01_P001_42_35.png,320,320,58.0,4.0,7.0,4.0,1,28.0,0.02734,0.02187,0.0125,1.75,0,0
beluga_seeker_sam,satellite,<absent>21SEP07162703-P3DS_R09C3-014413001050_01_P001_42_35.png,320,320,54.0,0.0,6.0,3.0,1,18.0,0.01758,0.01875,0.00937,2.0,0,0
beluga_seeker_sam,satellite,<absent>21SEP07162703-P3DS_R09C3-014413001050_01_P001_42_35.png,320,320,32.0,2.0,5.0,7.0,1,35.0,0.03418,0.01562,0.02187,0.7143,0,0
beluga_seeker_sam,satellite,<absent>21SEP07162703-P3DS_R09C3-014413001050_01_P001_42_35.png,320,320,43.0,7.0,6.0,5.0,1,30.0,0.0293,0.01875,0.01562,1.2,0,0
beluga_seeker_sam,satellite,<absent>21SEP07162703-P3DS_R09C3-014413001050_01_P001_42_35.png,320,320,50.0,11.0,7.0,4.0,1,28.0,0.02734,0.02187,0.0125,1.75,0,0
beluga_seeker_sam,satellite,<absent>21SEP07162703-P3DS_R09C3-014413001050_01_P001_42_35.png,320,320,49.0,14.0,5.0,5.0,1,25.0,0.02441,0.01562,0.01562,1.0,0,0
beluga_seeker_sam,satellite,<absent>21SEP07162703-P3DS_R09C3-014413001050_01_P001_42_35.png,320,320,51.0,17.0,6.0,6.0,1,36.0,0.03516,0.01875,0.01875,1.0,0,0
beluga_seeker_sam,satellite,<absent>21SEP07162703-P3DS_R09C3-014413001050_01_P001_42_35.png,320,320,50.0,26.0,8.0,5.0,1,40.0,0.03906,0.025,0.01562,1.6,0,0
beluga_seeker_sam,satellite,<absent>21SEP07162703-P3DS_R10C2-014413001050_01_P001_29_31.png,320,320,301.0,290.0,7.0,5.0,1,35.0,0.03418,0.02187,0.01562,1.4,0,0
beluga_seeker_sam,satellite,<absent>21SEP07162703-P3DS_R10C2-014413001050_01_P001_29_31.png,320,320,281.0,305.0,7.0,7.0,1,49.0,0.04785,0.02187,0.02187,1.0,0,0
beluga_seeker_sam,satellite,<absent>21SEP07162703-P3DS_R10C2-014413001050_01_P001_29_31.png,320,320,279.0,307.0,5.0,9.0,1,45.0,0.04395,0.01562,0.02813,0.5556,0,0
beluga_seeker_sam,satellite,<absent>21SEP07162703-P3DS_R10C2-014413001050_01_P001_29_31.png,320,320,274.0,302.0,4.0,8.0,1,32.0,0.03125,0.0125,0.025,0.5,0,0
beluga_seeker_sam,satellite,<absent>21SEP07162703-P3DS_R10C2-014413001050_01_P001_29_31.png,320,320,266.0,301.0,5.0,7.0,1,35.0,0.03418,0.01562,0.02187,0.7143,0,0
beluga_seeker_sam,satellite,<absent>21SEP07162703-P3DS_R10C2-014413001050_01_P001_29_31.png,320,320,260.0,304.0,5.0,7.0,1,35.0,0.03418,0.01562,0.02187,0.7143,0,0
beluga_seeker_sam,satellite,<absent>21SEP07162703-P3DS_R10C2-014413001050_01_P001_29_31.png,320,320,250.0,302.0,5.0,7.0,1,35.0,0.03418,0.01562,0.02187,0.7143,0,0
beluga_seeker_sam,satellite,<absent>21SEP07162703-P3DS_R10C2-014413001050_01_P001_29_31.png,320,320,288.0,312.0,8.0,8.0,1,64.0,0.0625,0.025,0.025,1.0,0,0
beluga_seeker_sam,satellite,<absent>21SEP07162703-P3DS_R10C2-014413001050_01_P001_29_31.png,320,320,198.0,316.0,7.0,4.0,1,28.0,0.02734,0.02187,0.0125,1.75,0,0
beluga_seeker_sam,satellite,<absent>21SEP07162703-P3DS_R10C2-014413001050_01_P001_29_31.png,320,320,204.0,307.0,5.0,8.0,1,40.0,0.03906,0.01562,0.025,0.625,0,0
beluga_seeker_sam,satellite,<absent>21SEP07162703-P3DS_R10C2-014413001050_01_P001_29_31.png,320,320,241.0,309.0,6.0,6.0,1,36.0,0.03516,0.01875,0.01875,1.0,0,0
beluga_seeker_sam,satellite,<absent>21SEP07162703-P3DS_R10C2-014413001050_01_P001_29_31.png,320,320,225.0,307.0,4.0,8.0,1,32.0,0.03125,0.0125,0.025,0.5,0,0
beluga_seeker_sam,satellite,<absent>21SEP07162703-P3DS_R10C2-014413001050_01_P001_29_31.png,320,320,303.0,296.0,10.0,10.0,1,100.0,0.09766,0.03125,0.03125,1.0,0,0
beluga_seeker_sam,satellite,<absent>21SEP07162703-P3DS_R10C2-014413001050_01_P001_29_31.png,320,320,307.0,296.0,12.0,11.0,1,132.0,0.12891,0.0375,0.03438,1.0909,0,0
beluga_seeker_sam,satellite,<absent>21SEP07162703-P3DS_R10C2-014413001050_01_P001_29_31.png,320,320,257.0,310.0,7.0,10.0,1,70.0,0.06836,0.02187,0.03125,0.7,0,0
beluga_seeker_sam,satellite,<absent>21SEP07162703-P3DS_R10C2-014413001050_01_P001_29_32.png,320,320,156.0,278.0,4.0,6.0,1,24.0,0.02344,0.0125,0.01875,0.6667,0,0
beluga_seeker_sam,satellite,<absent>21SEP07162703-P3DS_R10C2-014413001050_01_P001_29_32.png,320,320,147.0,279.0,9.0,6.0,1,54.0,0.05273,0.02813,0.01875,1.5,0,0
beluga_seeker_sam,satellite,<absent>21SEP07162703-P3DS_R10C2-014413001050_01_P001_29_32.png,320,320,142.0,274.0,9.0,7.0,1,63.0,0.06152,0.02813,0.02187,1.2857,0,0
beluga_seeker_sam,satellite,<absent>21SEP07162703-P3DS_R10C2-014413001050_01_P001_29_32.png,320,320,151.0,269.0,6.0,6.0,1,36.0,0.03516,0.01875,0.01875,1.0,0,0
beluga_seeker_sam,satellite,<absent>21SEP07162703-P3DS_R10C2-014413001050_01_P001_29_32.png,320,320,154.0,263.0,7.0,5.0,1,35.0,0.03418,0.02187,0.01562,1.4,0,0
beluga_seeker_sam,satellite,<absent>21SEP07162703-P3DS_R10C2-014413001050_01_P001_29_32.png,320,320,137.0,271.0,10.0,6.0,1,60.0,0.05859,0.03125,0.01875,1.6667,0,0
beluga_seeker_sam,satellite,<absent>21SEP07162703-P3DS_R10C2-014413001050_01_P001_29_32.png,320,320,135.0,268.0,8.0,7.0,1,56.0,0.05469,0.025,0.02187,1.1429,0,0
beluga_seeker_sam,satellite,<absent>21SEP07162703-P3DS_R10C2-014413001050_01_P001_29_32.png,320,320,113.0,258.0,8.0,6.0,1,48.0,0.04688,0.025,0.01875,1.3333,0,0
beluga_seeker_sam,satellite,<absent>21SEP07162703-P3DS_R10C2-014413001050_01_P001_29_32.png,320,320,119.0,252.0,6.0,6.0,1,36.0,0.03516,0.01875,0.01875,1.0,0,0
beluga_seeker_sam,satellite,<absent>21SEP07162703-P3DS_R10C2-014413001050_01_P001_29_32.png,320,320,132.0,253.0,6.0,8.0,1,48.0,0.04688,0.01875,0.025,0.75,0,0
beluga_seeker_sam,satellite,<absent>21SEP07162703-P3DS_R10C2-014413001050_01_P001_29_32.png,320,320,135.0,258.0,8.0,7.0,1,56.0,0.05469,0.025,0.02187,1.1429,0,0
beluga_seeker_sam,satellite,<absent>21SEP07162703-P3DS_R10C2-014413001050_01_P001_29_32.png,320,320,138.0,262.0,8.0,6.0,1,48.0,0.04688,0.025,0.01875,1.3333,0,0
beluga_seeker_sam,satellite,<absent>21SEP07162703-P3DS_R10C2-014413001050_01_P001_29_32.png,320,320,145.0,255.0,8.0,8.0,1,64.0,0.0625,0.025,0.025,1.0,0,0
beluga_seeker_sam,satellite,<absent>21SEP07162703-P3DS_R10C2-014413001050_01_P001_29_32.png,320,320,145.0,252.0,6.0,5.0,1,30.0,0.0293,0.01875,0.01562,1.2,0,0
beluga_seeker_sam,satellite,<absent>21SEP07162703-P3DS_R10C2-014413001050_01_P001_29_32.png,320,320,129.0,267.0,7.0,6.0,1,42.0,0.04102,0.02187,0.01875,1.1667,0,0
beluga_seeker_sam,satellite,<absent>21SEP07162703-P3DS_R10C2-014413001050_01_P001_29_32.png,320,320,107.0,254.0,8.0,8.0,1,64.0,0.0625,0.025,0.025,1.0,0,0
beluga_seeker_sam,satellite,<absent>21SEP07162703-P3DS_R10C2-014413001050_01_P001_29_32.png,320,320,114.0,250.0,6.0,5.0,1,30.0,0.0293,0.01875,0.01562,1.2,0,0
beluga_seeker_sam,satellite,<absent>21SEP07162703-P3DS_R10C2-014413001050_01_P001_29_32.png,320,320,118.0,248.0,6.0,4.0,1,24.0,0.02344,0.01875,0.0125,1.5,0,0
beluga_seeker_sam,satellite,<absent>21SEP07162703-P3DS_R10C2-014413001050_01_P001_29_32.png,320,320,125.0,265.0,6.0,7.0,1,42.0,0.04102,0.01875,0.02187,0.8571,0,0
beluga_seeker_sam,satellite,<absent>21SEP07162703-P3DS_R10C2-014413001050_01_P001_29_32.png,320,320,134.0,287.0,9.0,7.0,1,63.0,0.06152,0.02813,0.02187,1.2857,0,0
beluga_seeker_sam,satellite,<absent>21SEP07162703-P3DS_R10C2-014413001050_01_P001_30_29.png,320,320,277.0,118.0,6.0,5.0,1,30.0,0.0293,0.01875,0.01562,1.2,0,0
beluga_seeker_sam,satellite,<absent>21SEP07162703-P3DS_R10C2-014413001050_01_P001_30_29.png,320,320,264.0,120.0,6.0,5.0,1,30.0,0.0293,0.01875,0.01562,1.2,0,0
beluga_seeker_sam,satellite,<absent>21SEP07162703-P3DS_R10C2-014413001050_01_P001_30_29.png,320,320,275.0,126.0,6.0,6.0,1,36.0,0.03516,0.01875,0.01875,1.0,0,0
beluga_seeker_sam,satellite,<absent>21SEP07162703-P3DS_R10C2-014413001050_01_P001_30_29.png,320,320,281.0,131.0,5.0,5.0,1,25.0,0.02441,0.01562,0.01562,1.0,0,0
beluga_seeker_sam,satellite,<absent>21SEP07162703-P3DS_R10C2-014413001050_01_P001_30_29.png,320,320,264.0,132.0,5.0,6.0,1,30.0,0.0293,0.01562,0.01875,0.8333,0,0
beluga_seeker_sam,satellite,<absent>21SEP07162703-P3DS_R10C2-014413001050_01_P001_30_29.png,320,320,257.0,132.0,5.0,5.0,1,25.0,0.02441,0.01562,0.01562,1.0,0,0
beluga_seeker_sam,satellite,<absent>21SEP07162703-P3DS_R10C2-014413001050_01_P001_30_29.png,320,320,254.0,127.0,5.0,5.0,1,25.0,0.02441,0.01562,0.01562,1.0,0,0
beluga_seeker_sam,satellite,<absent>21SEP07162703-P3DS_R10C2-014413001050_01_P001_30_29.png,320,320,263.0,146.0,5.0,5.0,1,25.0,0.02441,0.01562,0.01562,1.0,0,0
beluga_seeker_sam,satellite,<absent>21SEP07162703-P3DS_R10C2-014413001050_01_P001_30_29.png,320,320,256.0,149.0,5.0,4.0,1,20.0,0.01953,0.01562,0.0125,1.25,0,0
beluga_seeker_sam,satellite,<absent>21SEP07162703-P3DS_R10C2-014413001050_01_P001_30_29.png,320,320,249.0,144.0,5.0,5.0,1,25.0,0.02441,0.01562,0.01562,1.0,0,0
beluga_seeker_sam,satellite,<absent>21SEP07162703-P3DS_R10C2-014413001050_01_P001_30_29.png,320,320,245.0,145.0,5.0,6.0,1,30.0,0.0293,0.01562,0.01875,0.8333,0,0
beluga_seeker_sam,satellite,<absent>21SEP07162703-P3DS_R10C2-014413001050_01_P001_30_29.png,320,320,242.0,149.0,5.0,5.0,1,25.0,0.02441,0.01562,0.01562,1.0,0,0
beluga_seeker_sam,satellite,<absent>21SEP07162703-P3DS_R10C2-014413001050_01_P001_30_29.png,320,320,234.0,145.0,6.0,5.0,1,30.0,0.0293,0.01875,0.01562,1.2,0,0
beluga_seeker_sam,satellite,<absent>21SEP07162703-P3DS_R10C2-014413001050_01_P001_30_29.png,320,320,238.0,140.0,6.0,5.0,1,30.0,0.0293,0.01875,0.01562,1.2,0,0
beluga_seeker_sam,satellite,<absent>21SEP07162703-P3DS_R10C2-014413001050_01_P001_30_29.png,320,320,224.0,149.0,6.0,6.0,1,36.0,0.03516,0.01875,0.01875,1.0,0,0
beluga_seeker_sam,satellite,<absent>21SEP07162703-P3DS_R10C2-014413001050_01_P001_30_29.png,320,320,235.0,161.0,7.0,5.0,1,35.0,0.03418,0.02187,0.01562,1.4,0,0
beluga_seeker_sam,satellite,<absent>21SEP07162703-P3DS_R10C2-014413001050_01_P001_30_29.png,320,320,218.0,156.0,6.0,6.0,1,36.0,0.03516,0.01875,0.01875,1.0,0,0
beluga_seeker_sam,satellite,<absent>21SEP07162703-P3DS_R10C2-014413001050_01_P001_30_29.png,320,320,209.0,158.0,5.0,6.0,1,30.0,0.0293,0.01562,0.01875,0.8333,0,0
beluga_seeker_sam,satellite,<absent>21SEP07162703-P3DS_R10C2-014413001050_01_P001_30_29.png,320,320,205.0,167.0,6.0,6.0,1,36.0,0.03516,0.01875,0.01875,1.0,0,0
beluga_seeker_sam,satellite,<absent>21SEP07162703-P3DS_R10C2-014413001050_01_P001_30_29.png,320,320,196.0,166.0,5.0,5.0,1,25.0,0.02441,0.01562,0.01562,1.0,0,0
beluga_seeker_sam,satellite,<absent>21SEP07162703-P3DS_R10C2-014413001050_01_P001_30_29.png,320,320,197.0,173.0,5.0,6.0,1,30.0,0.0293,0.01562,0.01875,0.8333,0,0
beluga_seeker_sam,satellite,<absent>21SEP07162703-P3DS_R10C2-014413001050_01_P001_30_29.png,320,320,186.0,174.0,8.0,6.0,1,48.0,0.04688,0.025,0.01875,1.3333,0,0
beluga_seeker_sam,satellite,<absent>21SEP07162703-P3DS_R10C2-014413001050_01_P001_30_29.png,320,320,191.0,185.0,6.0,6.0,1,36.0,0.03516,0.01875,0.01875,1.0,0,0
beluga_seeker_sam,satellite,<absent>21SEP07162703-P3DS_R10C2-014413001050_01_P001_30_29.png,320,320,204.0,188.0,4.0,7.0,1,28.0,0.02734,0.0125,0.02187,0.5714,0,0
beluga_seeker_sam,satellite,<absent>21SEP07162703-P3DS_R10C2-014413001050_01_P001_30_29.png,320,320,210.0,193.0,5.0,6.0,1,30.0,0.0293,0.01562,0.01875,0.8333,0,0
beluga_seeker_sam,satellite,<absent>21SEP07162703-P3DS_R10C2-014413001050_01_P001_30_29.png,320,320,213.0,186.0,7.0,6.0,1,42.0,0.04102,0.02187,0.01875,1.1667,0,0
beluga_seeker_sam,satellite,<absent>21SEP07162703-P3DS_R10C2-014413001050_01_P001_30_29.png,320,320,242.0,175.0,5.0,5.0,1,25.0,0.02441,0.01562,0.01562,1.0,0,0
beluga_seeker_sam,satellite,<absent>21SEP07162703-P3DS_R10C2-014413001050_01_P001_30_29.png,320,320,213.0,172.0,5.0,5.0,1,25.0,0.02441,0.01562,0.01562,1.0,0,0
beluga_seeker_sam,satellite,<absent>21SEP07162703-P3DS_R10C2-014413001050_01_P001_30_29.png,320,320,217.0,168.0,5.0,6.0,1,30.0,0.0293,0.01562,0.01875,0.8333,0,0
beluga_seeker_sam,satellite,<absent>21SEP07162703-P3DS_R10C2-014413001050_01_P001_30_29.png,320,320,221.0,167.0,7.0,7.0,1,49.0,0.04785,0.02187,0.02187,1.0,0,0
beluga_seeker_sam,satellite,<absent>21SEP07162703-P3DS_R10C2-014413001050_01_P001_30_29.png,320,320,226.0,179.0,5.0,6.0,1,30.0,0.0293,0.01562,0.01875,0.8333,0,0
beluga_seeker_sam,satellite,<absent>21SEP07162703-P3DS_R10C2-014413001050_01_P001_30_29.png,320,320,287.0,190.0,4.0,6.0,1,24.0,0.02344,0.0125,0.01875,0.6667,0,0
beluga_seeker_sam,satellite,<absent>21SEP07162703-P3DS_R10C2-014413001050_01_P001_30_29.png,320,320,277.0,198.0,5.0,7.0,1,35.0,0.03418,0.01562,0.02187,0.7143,0,0
beluga_seeker_sam,satellite,<absent>21SEP07162703-P3DS_R10C2-014413001050_01_P001_30_29.png,320,320,284.0,196.0,5.0,6.0,1,30.0,0.0293,0.01562,0.01875,0.8333,0,0
beluga_seeker_sam,satellite,<absent>21SEP07162703-P3DS_R10C2-014413001050_01_P001_30_29.png,320,320,303.0,184.0,6.0,6.0,1,36.0,0.03516,0.01875,0.01875,1.0,0,0
beluga_seeker_sam,satellite,<absent>21SEP07162703-P3DS_R10C2-014413001050_01_P001_30_29.png,320,320,301.0,177.0,5.0,6.0,1,30.0,0.0293,0.01562,0.01875,0.8333,0,0
beluga_seeker_sam,satellite,<absent>21SEP07162703-P3DS_R10C2-014413001050_01_P001_30_29.png,320,320,311.0,167.0,5.0,5.0,1,25.0,0.02441,0.01562,0.01562,1.0,0,0
beluga_seeker_sam,satellite,<absent>21SEP07162703-P3DS_R10C2-014413001050_01_P001_30_29.png,320,320,314.0,194.0,6.0,6.0,1,36.0,0.03516,0.01875,0.01875,1.0,0,0
beluga_seeker_sam,satellite,<absent>21SEP07162703-P3DS_R10C2-014413001050_01_P001_30_29.png,320,320,299.0,192.0,6.0,8.0,1,48.0,0.04688,0.01875,0.025,0.75,0,0
beluga_seeker_sam,satellite,<absent>21SEP07162703-P3DS_R10C2-014413001050_01_P001_30_29.png,320,320,245.0,187.0,5.0,8.0,1,40.0,0.03906,0.01562,0.025,0.625,0,0
beluga_seeker_sam,satellite,<absent>21SEP07162703-P3DS_R10C2-014413001050_01_P001_30_29.png,320,320,248.0,186.0,7.0,4.0,1,28.0,0.02734,0.02187,0.0125,1.75,0,0
beluga_seeker_sam,satellite,<absent>21SEP07162703-P3DS_R10C2-014413001050_01_P001_30_29.png,320,320,270.0,183.0,5.0,6.0,1,30.0,0.0293,0.01562,0.01875,0.8333,0,0
beluga_seeker_sam,satellite,<absent>21SEP07162703-P3DS_R10C2-014413001050_01_P001_30_29.png,320,320,312.0,185.0,8.0,8.0,1,64.0,0.0625,0.025,0.025,1.0,0,0
beluga_seeker_sam,satellite,<absent>21SEP07162703-P3DS_R10C2-014413001050_01_P001_30_29.png,320,320,302.0,172.0,6.0,5.0,1,30.0,0.0293,0.01875,0.01562,1.2,0,0
beluga_seeker_sam,satellite,<absent>21SEP07162703-P3DS_R10C2-014413001050_01_P001_30_29.png,320,320,310.0,170.0,5.0,8.0,1,40.0,0.03906,0.01562,0.025,0.625,0,0
beluga_seeker_sam,satellite,<absent>21SEP07162703-P3DS_R10C2-014413001050_01_P001_30_29.png,320,320,270.0,200.0,7.0,7.0,1,49.0,0.04785,0.02187,0.02187,1.0,0,0
beluga_seeker_sam,satellite,<absent>21SEP07162703-P3DS_R10C2-014413001050_01_P001_30_29.png,320,320,226.0,189.0,5.0,6.0,1,30.0,0.0293,0.01562,0.01875,0.8333,0,0
beluga_seeker_sam,satellite,<absent>21SEP07162703-P3DS_R10C2-014413001050_01_P001_30_29.png,320,320,227.0,184.0,6.0,5.0,1,30.0,0.0293,0.01875,0.01562,1.2,0,0
beluga_seeker_sam,satellite,<absent>21SEP07162703-P3DS_R10C2-014413001050_01_P001_30_29.png,320,320,231.0,181.0,6.0,7.0,1,42.0,0.04102,0.01875,0.02187,0.8571,0,0
beluga_seeker_sam,satellite,<absent>21SEP07162703-P3DS_R10C2-014413001050_01_P001_30_29.png,320,320,229.0,176.0,7.0,6.0,1,42.0,0.04102,0.02187,0.01875,1.1667,0,0
beluga_seeker_sam,satellite,<absent>21SEP07162703-P3DS_R10C2-014413001050_01_P001_30_29.png,320,320,232.0,170.0,5.0,6.0,1,30.0,0.0293,0.01562,0.01875,0.8333,0,0
beluga_seeker_sam,satellite,<absent>21SEP07162703-P3DS_R10C2-014413001050_01_P001_30_29.png,320,320,238.0,167.0,6.0,5.0,1,30.0,0.0293,0.01875,0.01562,1.2,0,0
beluga_seeker_sam,satellite,<absent>21SEP07162703-P3DS_R10C2-014413001050_01_P001_30_29.png,320,320,252.0,162.0,6.0,7.0,1,42.0,0.04102,0.01875,0.02187,0.8571,0,0
beluga_seeker_sam,satellite,<absent>21SEP07162703-P3DS_R10C2-014413001050_01_P001_30_29.png,320,320,241.0,155.0,6.0,6.0,1,36.0,0.03516,0.01875,0.01875,1.0,0,0
beluga_seeker_sam,satellite,<absent>21SEP07162703-P3DS_R10C2-014413001050_01_P001_30_29.png,320,320,247.0,155.0,6.0,6.0,1,36.0,0.03516,0.01875,0.01875,1.0,0,0
beluga_seeker_sam,satellite,<absent>21SEP07162703-P3DS_R10C2-014413001050_01_P001_30_29.png,320,320,256.0,156.0,5.0,5.0,1,25.0,0.02441,0.01562,0.01562,1.0,0,0
beluga_seeker_sam,satellite,<absent>21SEP07162703-P3DS_R10C2-014413001050_01_P001_30_29.png,320,320,262.0,156.0,6.0,7.0,1,42.0,0.04102,0.01875,0.02187,0.8571,0,0
beluga_seeker_sam,satellite,<absent>21SEP07162703-P3DS_R10C2-014413001050_01_P001_30_29.png,320,320,267.0,165.0,5.0,7.0,1,35.0,0.03418,0.01562,0.02187,0.7143,0,0
beluga_seeker_sam,satellite,<absent>21SEP07162703-P3DS_R10C2-014413001050_01_P001_30_29.png,320,320,264.0,172.0,5.0,5.0,1,25.0,0.02441,0.01562,0.01562,1.0,0,0
beluga_seeker_sam,satellite,<absent>21SEP07162703-P3DS_R10C2-014413001050_01_P001_30_29.png,320,320,248.0,150.0,8.0,6.0,1,48.0,0.04688,0.025,0.01875,1.3333,0,0
beluga_seeker_sam,satellite,<absent>21SEP07162703-P3DS_R10C2-014413001050_01_P001_30_29.png,320,320,271.0,142.0,6.0,6.0,1,36.0,0.03516,0.01875,0.01875,1.0,0,0
beluga_seeker_sam,satellite,<absent>21SEP07162703-P3DS_R10C2-014413001050_01_P001_30_29.png,320,320,268.0,140.0,5.0,7.0,1,35.0,0.03418,0.01562,0.02187,0.7143,0,0
beluga_seeker_sam,satellite,<absent>21SEP07162703-P3DS_R10C2-014413001050_01_P001_30_29.png,320,320,273.0,138.0,6.0,6.0,1,36.0,0.03516,0.01875,0.01875,1.0,0,0
beluga_seeker_sam,satellite,<absent>21SEP07162703-P3DS_R10C2-014413001050_01_P001_30_29.png,320,320,263.0,137.0,5.0,6.0,1,30.0,0.0293,0.01562,0.01875,0.8333,0,0
beluga_seeker_sam,satellite,<absent>21SEP07162703-P3DS_R10C2-014413001050_01_P001_30_29.png,320,320,257.0,137.0,6.0,6.0,1,36.0,0.03516,0.01875,0.01875,1.0,0,0
beluga_seeker_sam,satellite,<absent>21SEP07162703-P3DS_R10C2-014413001050_01_P001_30_29.png,320,320,252.0,138.0,6.0,6.0,1,36.0,0.03516,0.01875,0.01875,1.0,0,0
beluga_seeker_sam,satellite,<absent>21SEP07162703-P3DS_R10C2-014413001050_01_P001_30_29.png,320,320,284.0,120.0,6.0,6.0,1,36.0,0.03516,0.01875,0.01875,1.0,0,0
beluga_seeker_sam,satellite,<absent>21SEP07162703-P3DS_R10C2-014413001050_01_P001_30_29.png,320,320,289.0,118.0,5.0,6.0,1,30.0,0.0293,0.01562,0.01875,0.8333,0,0
beluga_seeker_sam,satellite,<absent>21SEP07162703-P3DS_R10C2-014413001050_01_P001_30_29.png,320,320,294.0,120.0,6.0,5.0,1,30.0,0.0293,0.01875,0.01562,1.2,0,0
beluga_seeker_sam,satellite,<absent>21SEP07162703-P3DS_R10C2-014413001050_01_P001_30_29.png,320,320,285.0,156.0,8.0,6.0,1,48.0,0.04688,0.025,0.01875,1.3333,0,0
beluga_seeker_sam,satellite,<absent>21SEP07162703-P3DS_R10C2-014413001050_01_P001_30_29.png,320,320,218.0,189.0,7.0,7.0,1,49.0,0.04785,0.02187,0.02187,1.0,0,0
beluga_seeker_sam,satellite,<absent>21SEP07162703-P3DS_R10C2-014413001050_01_P001_30_29.png,320,320,231.0,211.0,5.0,5.0,1,25.0,0.02441,0.01562,0.01562,1.0,0,0
beluga_seeker_sam,satellite,<absent>21SEP07162703-P3DS_R10C2-014413001050_01_P001_30_29.png,320,320,225.0,220.0,6.0,5.0,1,30.0,0.0293,0.01875,0.01562,1.2,0,0
beluga_seeker_sam,satellite,<absent>21SEP07162703-P3DS_R10C2-014413001050_01_P001_30_29.png,320,320,176.0,171.0,5.0,5.0,1,25.0,0.02441,0.01562,0.01562,1.0,0,0
beluga_seeker_sam,satellite,<absent>21SEP07162703-P3DS_R10C2-014413001050_01_P001_30_30.png,320,320,186.0,100.0,4.0,6.0,1,24.0,0.02344,0.0125,0.01875,0.6667,0,0
beluga_seeker_sam,satellite,<absent>21SEP07162703-P3DS_R10C2-014413001050_01_P001_30_30.png,320,320,191.0,88.0,7.0,6.0,1,42.0,0.04102,0.02187,0.01875,1.1667,0,0
beluga_seeker_sam,satellite,<absent>21SEP07162703-P3DS_R10C2-014413001050_01_P001_30_30.png,320,320,182.0,76.0,5.0,7.0,1,35.0,0.03418,0.01562,0.02187,0.7143,0,0
beluga_seeker_sam,satellite,<absent>21SEP07162703-P3DS_R10C2-014413001050_01_P001_30_30.png,320,320,177.0,85.0,5.0,7.0,1,35.0,0.03418,0.01562,0.02187,0.7143,0,0
beluga_seeker_sam,satellite,<absent>21SEP07162703-P3DS_R10C2-014413001050_01_P001_30_30.png,320,320,172.0,91.0,5.0,8.0,1,40.0,0.03906,0.01562,0.025,0.625,0,0
beluga_seeker_sam,satellite,<absent>21SEP07162703-P3DS_R10C2-014413001050_01_P001_30_30.png,320,320,166.0,85.0,5.0,6.0,1,30.0,0.0293,0.01562,0.01875,0.8333,0,0
beluga_seeker_sam,satellite,<absent>21SEP07162703-P3DS_R10C2-014413001050_01_P001_30_30.png,320,320,174.0,78.0,4.0,7.0,1,28.0,0.02734,0.0125,0.02187,0.5714,0,0
beluga_seeker_sam,satellite,<absent>21SEP07162703-P3DS_R10C2-014413001050_01_P001_30_30.png,320,320,162.0,78.0,6.0,6.0,1,36.0,0.03516,0.01875,0.01875,1.0,0,0
beluga_seeker_sam,satellite,<absent>21SEP07162703-P3DS_R10C2-014413001050_01_P001_30_30.png,320,320,164.0,69.0,6.0,7.0,1,42.0,0.04102,0.01875,0.02187,0.8571,0,0
beluga_seeker_sam,satellite,<absent>21SEP07162703-P3DS_R10C2-014413001050_01_P001_30_30.png,320,320,157.0,64.0,4.0,7.0,1,28.0,0.02734,0.0125,0.02187,0.5714,0,0
beluga_seeker_sam,satellite,<absent>21SEP07162703-P3DS_R10C2-014413001050_01_P001_30_30.png,320,320,149.0,67.0,4.0,8.0,1,32.0,0.03125,0.0125,0.025,0.5,0,0
beluga_seeker_sam,satellite,<absent>21SEP07162703-P3DS_R10C2-014413001050_01_P001_30_30.png,320,320,153.0,85.0,5.0,6.0,1,30.0,0.0293,0.01562,0.01875,0.8333,0,0
beluga_seeker_sam,satellite,<absent>21SEP07162703-P3DS_R10C2-014413001050_01_P001_30_30.png,320,320,113.0,83.0,6.0,6.0,1,36.0,0.03516,0.01875,0.01875,1.0,0,0
beluga_seeker_sam,satellite,<absent>21SEP07162703-P3DS_R10C2-014413001050_01_P001_30_30.png,320,320,108.0,78.0,5.0,5.0,1,25.0,0.02441,0.01562,0.01562,1.0,0,0
beluga_seeker_sam,satellite,<absent>21SEP07162703-P3DS_R10C2-014413001050_01_P001_30_30.png,320,320,118.0,76.0,6.0,7.0,1,42.0,0.04102,0.01875,0.02187,0.8571,0,0
beluga_seeker_sam,satellite,<absent>21SEP07162703-P3DS_R10C2-014413001050_01_P001_30_30.png,320,320,108.0,85.0,5.0,7.0,1,35.0,0.03418,0.01562,0.02187,0.7143,0,0
beluga_seeker_sam,satellite,<absent>21SEP07162703-P3DS_R10C2-014413001050_01_P001_30_30.png,320,320,95.0,86.0,7.0,6.0,1,42.0,0.04102,0.02187,0.01875,1.1667,0,0
beluga_seeker_sam,satellite,<absent>21SEP07162703-P3DS_R10C2-014413001050_01_P001_30_30.png,320,320,95.0,77.0,5.0,6.0,1,30.0,0.0293,0.01562,0.01875,0.8333,0,0
beluga_seeker_sam,satellite,<absent>21SEP07162703-P3DS_R10C2-014413001050_01_P001_30_30.png,320,320,94.0,93.0,4.0,7.0,1,28.0,0.02734,0.0125,0.02187,0.5714,0,0
beluga_seeker_sam,satellite,<absent>21SEP07162703-P3DS_R10C2-014413001050_01_P001_30_30.png,320,320,83.0,98.0,5.0,6.0,1,30.0,0.0293,0.01562,0.01875,0.8333,0,0
beluga_seeker_sam,satellite,<absent>21SEP07162703-P3DS_R10C2-014413001050_01_P001_30_30.png,320,320,79.0,87.0,4.0,6.0,1,24.0,0.02344,0.0125,0.01875,0.6667,0,0
beluga_seeker_sam,satellite,<absent>21SEP07162703-P3DS_R10C2-014413001050_01_P001_30_30.png,320,320,69.0,90.0,6.0,7.0,1,42.0,0.04102,0.01875,0.02187,0.8571,0,0
beluga_seeker_sam,satellite,<absent>21SEP07162703-P3DS_R10C2-014413001050_01_P001_30_30.png,320,320,65.0,91.0,4.0,6.0,1,24.0,0.02344,0.0125,0.01875,0.6667,0,0
beluga_seeker_sam,satellite,<absent>21SEP07162703-P3DS_R10C2-014413001050_01_P001_30_30.png,320,320,145.0,92.0,6.0,6.0,1,36.0,0.03516,0.01875,0.01875,1.0,0,0
beluga_seeker_sam,satellite,<absent>21SEP07162703-P3DS_R10C2-014413001050_01_P001_30_30.png,320,320,140.0,76.0,8.0,8.0,1,64.0,0.0625,0.025,0.025,1.0,0,0
beluga_seeker_sam,satellite,<absent>21SEP07162703-P3DS_R10C2-014413001050_01_P001_30_30.png,320,320,74.0,100.0,6.0,6.0,1,36.0,0.03516,0.01875,0.01875,1.0,0,0
beluga_seeker_sam,satellite,<absent>21SEP07162703-P3DS_R10C2-014413001050_01_P001_30_30.png,320,320,77.0,96.0,6.0,6.0,1,36.0,0.03516,0.01875,0.01875,1.0,0,0
beluga_seeker_sam,satellite,<absent>21SEP07162703-P3DS_R10C2-014413001050_01_P001_30_30.png,320,320,136.0,88.0,5.0,5.0,1,25.0,0.02441,0.01562,0.01562,1.0,0,0
beluga_seeker_sam,satellite,<absent>21SEP07162703-P3DS_R10C2-014413001050_01_P001_30_30.png,320,320,0.0,176.0,5.0,6.0,1,30.0,0.0293,0.01562,0.01875,0.8333,0,0
beluga_seeker_sam,satellite,<absent>21SEP07162703-P3DS_R10C2-014413001050_01_P001_30_30.png,320,320,18.0,184.0,5.0,4.0,1,20.0,0.01953,0.01562,0.0125,1.25,0,0
beluga_seeker_sam,satellite,<absent>21SEP07162703-P3DS_R10C2-014413001050_01_P001_30_30.png,320,320,10.0,199.0,6.0,5.0,1,30.0,0.0293,0.01875,0.01562,1.2,0,0
beluga_seeker_sam,satellite,<absent>21SEP07162703-P3DS_R10C2-014413001050_01_P001_30_30.png,320,320,4.0,200.0,5.0,7.0,1,35.0,0.03418,0.01562,0.02187,0.7143,0,0
beluga_seeker_sam,satellite,<absent>21SEP07162703-P3DS_R10C2-014413001050_01_P001_30_31.png,320,320,284.0,26.0,5.0,6.0,1,30.0,0.0293,0.01562,0.01875,0.8333,0,0
beluga_seeker_sam,satellite,<absent>21SEP07162703-P3DS_R10C2-014413001050_01_P001_30_31.png,320,320,279.0,28.0,5.0,7.0,1,35.0,0.03418,0.01562,0.02187,0.7143,0,0
beluga_seeker_sam,satellite,<absent>21SEP07162703-P3DS_R10C2-014413001050_01_P001_30_31.png,320,320,270.0,25.0,5.0,8.0,1,40.0,0.03906,0.01562,0.025,0.625,0,0
beluga_seeker_sam,satellite,<absent>21SEP07162703-P3DS_R10C2-014413001050_01_P001_30_31.png,320,320,234.0,105.0,5.0,6.0,1,30.0,0.0293,0.01562,0.01875,0.8333,0,0
beluga_seeker_sam,satellite,<absent>21SEP07162703-P3DS_R10C2-014413001050_01_P001_30_31.png,320,320,155.0,105.0,5.0,8.0,1,40.0,0.03906,0.01562,0.025,0.625,0,0
beluga_seeker_sam,satellite,<absent>21SEP07162703-P3DS_R10C2-014413001050_01_P001_30_31.png,320,320,150.0,35.0,5.0,5.0,1,25.0,0.02441,0.01562,0.01562,1.0,0,0
beluga_seeker_sam,satellite,<absent>21SEP07162703-P3DS_R10C2-014413001050_01_P001_30_31.png,320,320,153.0,42.0,5.0,7.0,1,35.0,0.03418,0.01562,0.02187,0.7143,0,0
beluga_seeker_sam,satellite,<absent>21SEP07162703-P3DS_R10C2-014413001050_01_P001_30_31.png,320,320,163.0,52.0,5.0,5.0,1,25.0,0.02441,0.01562,0.01562,1.0,0,0
beluga_seeker_sam,satellite,<absent>21SEP07162703-P3DS_R10C2-014413001050_01_P001_30_31.png,320,320,157.0,38.0,7.0,6.0,1,42.0,0.04102,0.02187,0.01875,1.1667,0,0
beluga_seeker_sam,satellite,<absent>21SEP07162703-P3DS_R10C2-014413001050_01_P001_30_31.png,320,320,167.0,39.0,5.0,5.0,1,25.0,0.02441,0.01562,0.01562,1.0,0,0
beluga_seeker_sam,satellite,<absent>21SEP07162703-P3DS_R10C2-014413001050_01_P001_30_31.png,320,320,156.0,27.0,4.0,4.0,1,16.0,0.01562,0.0125,0.0125,1.0,0,0
beluga_seeker_sam,satellite,<absent>21SEP07162703-P3DS_R10C2-014413001050_01_P001_30_31.png,320,320,171.0,34.0,5.0,5.0,1,25.0,0.02441,0.01562,0.01562,1.0,0,0
beluga_seeker_sam,satellite,<absent>21SEP07162703-P3DS_R10C2-014413001050_01_P001_30_31.png,320,320,160.0,23.0,6.0,7.0,1,42.0,0.04102,0.01875,0.02187,0.8571,0,0
beluga_seeker_sam,satellite,<absent>21SEP07162703-P3DS_R10C2-014413001050_01_P001_30_31.png,320,320,161.0,18.0,5.0,5.0,1,25.0,0.02441,0.01562,0.01562,1.0,0,0
beluga_seeker_sam,satellite,<absent>21SEP07162703-P3DS_R10C2-014413001050_01_P001_30_31.png,320,320,171.0,24.0,5.0,6.0,1,30.0,0.0293,0.01562,0.01875,0.8333,0,0
beluga_seeker_sam,satellite,<absent>21SEP07162703-P3DS_R10C2-014413001050_01_P001_30_31.png,320,320,171.0,12.0,6.0,5.0,1,30.0,0.0293,0.01875,0.01562,1.2,0,0
beluga_seeker_sam,satellite,<absent>21SEP07162703-P3DS_R10C2-014413001050_01_P001_30_31.png,320,320,174.0,17.0,5.0,7.0,1,35.0,0.03418,0.01562,0.02187,0.7143,0,0
beluga_seeker_sam,satellite,<absent>21SEP07162703-P3DS_R10C2-014413001050_01_P001_30_31.png,320,320,184.0,13.0,6.0,6.0,1,36.0,0.03516,0.01875,0.01875,1.0,0,0
beluga_seeker_sam,satellite,<absent>21SEP07162703-P3DS_R10C2-014413001050_01_P001_30_31.png,320,320,184.0,13.0,6.0,6.0,1,36.0,0.03516,0.01875,0.01875,1.0,0,0
beluga_seeker_sam,satellite,<absent>21SEP07162703-P3DS_R10C2-014413001050_01_P001_30_31.png,320,320,200.0,0.0,9.0,5.0,1,45.0,0.04395,0.02813,0.01562,1.8,0,0
beluga_seeker_sam,satellite,<absent>21SEP07162703-P3DS_R10C2-014413001050_01_P001_30_31.png,320,320,180.0,18.0,6.0,7.0,1,42.0,0.04102,0.01875,0.02187,0.8571,0,0
beluga_seeker_sam,satellite,<absent>21SEP07162703-P3DS_R10C2-014413001050_01_P001_30_31.png,320,320,188.0,4.0,7.0,8.0,1,56.0,0.05469,0.02187,0.025,0.875,0,0
beluga_seeker_sam,satellite,<absent>21SEP07162703-P3DS_R10C2-014413001050_01_P001_30_31.png,320,320,193.0,4.0,5.0,7.0,1,35.0,0.03418,0.01562,0.02187,0.7143,0,0
beluga_seeker_sam,satellite,<absent>21SEP07162703-P3DS_R10C2-014413001050_01_P001_30_31.png,320,320,151.0,50.0,5.0,8.0,1,40.0,0.03906,0.01562,0.025,0.625,0,0
beluga_seeker_sam,satellite,<absent>21SEP07162703-P3DS_R10C2-014413001050_01_P001_30_31.png,320,320,68.0,91.0,5.0,6.0,1,30.0,0.0293,0.01562,0.01875,0.8333,0,0
beluga_seeker_sam,satellite,<absent>21SEP07162703-P3DS_R10C2-014413001050_01_P001_30_31.png,320,320,71.0,83.0,8.0,6.0,1,48.0,0.04688,0.025,0.01875,1.3333,0,0
beluga_seeker_sam,satellite,<absent>21SEP07162703-P3DS_R10C2-014413001050_01_P001_30_31.png,320,320,96.0,82.0,5.0,6.0,1,30.0,0.0293,0.01562,0.01875,0.8333,0,0
beluga_seeker_sam,satellite,<absent>21SEP07162703-P3DS_R10C2-014413001050_01_P001_30_31.png,320,320,70.0,103.0,5.0,6.0,1,30.0,0.0293,0.01562,0.01875,0.8333,0,0
beluga_seeker_sam,satellite,<absent>21SEP07162703-P3DS_R10C2-014413001050_01_P001_30_31.png,320,320,77.0,116.0,6.0,5.0,1,30.0,0.0293,0.01875,0.01562,1.2,0,0
beluga_seeker_sam,satellite,<absent>21SEP07162703-P3DS_R10C2-014413001050_01_P001_30_31.png,320,320,81.0,115.0,5.0,6.0,1,30.0,0.0293,0.01562,0.01875,0.8333,0,0
beluga_seeker_sam,satellite,<absent>21SEP07162703-P3DS_R10C2-014413001050_01_P001_30_31.png,320,320,80.0,105.0,7.0,6.0,1,42.0,0.04102,0.02187,0.01875,1.1667,0,0
beluga_seeker_sam,satellite,<absent>21SEP07162703-P3DS_R10C2-014413001050_01_P001_30_31.png,320,320,88.0,103.0,5.0,6.0,1,30.0,0.0293,0.01562,0.01875,0.8333,0,0
beluga_seeker_sam,satellite,<absent>21SEP07162703-P3DS_R10C2-014413001050_01_P001_30_31.png,320,320,96.0,119.0,5.0,6.0,1,30.0,0.0293,0.01562,0.01875,0.8333,0,0
beluga_seeker_sam,satellite,<absent>21SEP07162703-P3DS_R10C2-014413001050_01_P001_30_31.png,320,320,110.0,112.0,6.0,6.0,1,36.0,0.03516,0.01875,0.01875,1.0,0,0
beluga_seeker_sam,satellite,<absent>21SEP07162703-P3DS_R10C2-014413001050_01_P001_30_31.png,320,320,118.0,111.0,6.0,6.0,1,36.0,0.03516,0.01875,0.01875,1.0,0,0
beluga_seeker_sam,satellite,<absent>21SEP07162703-P3DS_R10C2-014413001050_01_P001_30_31.png,320,320,103.0,94.0,7.0,6.0,1,42.0,0.04102,0.02187,0.01875,1.1667,0,0
beluga_seeker_sam,satellite,<absent>21SEP07162703-P3DS_R10C2-014413001050_01_P001_30_31.png,320,320,111.0,100.0,5.0,5.0,1,25.0,0.02441,0.01562,0.01562,1.0,0,0
beluga_seeker_sam,satellite,<absent>21SEP07162703-P3DS_R10C2-014413001050_01_P001_30_31.png,320,320,119.0,92.0,4.0,6.0,1,24.0,0.02344,0.0125,0.01875,0.6667,0,0
beluga_seeker_sam,satellite,<absent>21SEP07162703-P3DS_R10C2-014413001050_01_P001_30_31.png,320,320,94.0,103.0,7.0,7.0,1,49.0,0.04785,0.02187,0.02187,1.0,0,0
beluga_seeker_sam,satellite,<absent>21SEP07162703-P3DS_R10C2-014413001050_01_P001_30_31.png,320,320,107.0,89.0,6.0,5.0,1,30.0,0.0293,0.01875,0.01562,1.2,0,0
beluga_seeker_sam,satellite,<absent>21SEP07162703-P3DS_R10C2-014413001050_01_P001_30_31.png,320,320,84.0,85.0,7.0,4.0,1,28.0,0.02734,0.02187,0.0125,1.75,0,0
beluga_seeker_sam,satellite,<absent>21SEP07162703-P3DS_R10C2-014413001050_01_P001_30_31.png,320,320,288.0,21.0,4.0,5.0,1,20.0,0.01953,0.0125,0.01562,0.8,0,0
beluga_seeker_sam,satellite,<absent>21SEP07162703-P3DS_R10C2-014413001050_01_P001_30_31.png,320,320,253.0,25.0,5.0,5.0,1,25.0,0.02441,0.01562,0.01562,1.0,0,0
beluga_seeker_sam,satellite,<absent>21SEP07162703-P3DS_R10C2-014413001050_01_P001_30_32.png,320,320,82.0,6.0,5.0,6.0,1,30.0,0.0293,0.01562,0.01875,0.8333,0,0
beluga_seeker_sam,satellite,<absent>21SEP07162703-P3DS_R10C2-014413001050_01_P001_30_33.png,320,320,5.0,147.0,8.0,8.0,1,64.0,0.0625,0.025,0.025,1.0,0,0
beluga_seeker_sam,satellite,<absent>21SEP07162703-P3DS_R10C2-014413001050_01_P001_30_33.png,320,320,10.0,147.0,16.0,14.0,1,224.0,0.21875,0.05,0.04375,1.1429,0,0
beluga_seeker_sam,satellite,<absent>21SEP07162703-P3DS_R10C2-014413001050_01_P001_30_33.png,320,320,21.0,156.0,9.0,8.0,1,72.0,0.07031,0.02813,0.025,1.125,0,0
beluga_seeker_sam,satellite,<absent>21SEP07162703-P3DS_R10C2-014413001050_01_P001_40_35.png,320,320,71.0,117.0,7.0,8.0,1,56.0,0.05469,0.02187,0.025,0.875,0,0
beluga_seeker_sam,satellite,<absent>21SEP07162703-P3DS_R10C2-014413001050_01_P001_40_35.png,320,320,100.0,80.0,9.0,8.0,1,72.0,0.07031,0.02813,0.025,1.125,0,0
beluga_seeker_sam,satellite,<absent>21SEP07162703-P3DS_R10C3-014413001050_01_P001_10_50.png,320,320,200.0,161.0,12.0,16.0,1,192.0,0.1875,0.0375,0.05,0.75,0,0
beluga_seeker_sam,satellite,<absent>21SEP07162703-P3DS_R10C3-014413001050_01_P001_10_50.png,320,320,188.0,161.0,13.0,14.0,1,182.0,0.17773,0.04063,0.04375,0.9286,0,0
beluga_seeker_sam,satellite,<absent>21SEP07162703-P3DS_R10C3-014413001050_01_P001_10_50.png,320,320,179.0,167.0,10.0,11.0,1,110.0,0.10742,0.03125,0.03438,0.9091,0,0
beluga_seeker_sam,satellite,<absent>21SEP07162703-P3DS_R10C3-014413001050_01_P001_10_50.png,320,320,172.0,167.0,9.0,10.0,1,90.0,0.08789,0.02813,0.03125,0.9,0,0
beluga_seeker_sam,satellite,<absent>21SEP07162703-P3DS_R10C3-014413001050_01_P001_10_50.png,320,320,159.0,167.0,17.0,13.0,1,221.0,0.21582,0.05312,0.04063,1.3077,0,0
beluga_seeker_sam,satellite,<absent>21SEP07162703-P3DS_R10C3-014413001050_01_P001_11_26.png,320,320,272.0,89.0,9.0,10.0,1,90.0,0.08789,0.02813,0.03125,0.9,0,0
beluga_seeker_sam,satellite,<absent>21SEP07162703-P3DS_R10C3-014413001050_01_P001_26_7.png,320,320,89.0,238.0,6.0,6.0,1,36.0,0.03516,0.01875,0.01875,1.0,0,0
beluga_seeker_sam,satellite,<absent>21SEP07162703-P3DS_R10C3-014413001050_01_P001_26_7.png,320,320,72.0,263.0,5.0,4.0,1,20.0,0.01953,0.01562,0.0125,1.25,0,0
beluga_seeker_sam,satellite,<absent>21SEP07162703-P3DS_R10C3-014413001050_01_P001_26_7.png,320,320,76.0,267.0,4.0,5.0,1,20.0,0.01953,0.0125,0.01562,0.8,0,0
beluga_seeker_sam,satellite,<absent>21SEP07162703-P3DS_R10C3-014413001050_01_P001_26_7.png,320,320,103.0,264.0,6.0,6.0,1,36.0,0.03516,0.01875,0.01875,1.0,0,0
beluga_seeker_sam,satellite,<absent>21SEP07162703-P3DS_R10C3-014413001050_01_P001_26_7.png,320,320,92.0,269.0,6.0,5.0,1,30.0,0.0293,0.01875,0.01562,1.2,0,0
beluga_seeker_sam,satellite,<absent>21SEP07162703-P3DS_R10C3-014413001050_01_P001_26_7.png,320,320,108.0,279.0,6.0,6.0,1,36.0,0.03516,0.01875,0.01875,1.0,0,0
beluga_seeker_sam,satellite,<absent>21SEP07162703-P3DS_R10C3-014413001050_01_P001_26_7.png,320,320,80.0,274.0,7.0,5.0,1,35.0,0.03418,0.02187,0.01562,1.4,0,0
beluga_seeker_sam,satellite,<absent>21SEP07162703-P3DS_R10C3-014413001050_01_P001_26_7.png,320,320,73.0,271.0,4.0,4.0,1,16.0,0.01562,0.0125,0.0125,1.0,0,0
beluga_seeker_sam,satellite,<absent>21SEP07162703-P3DS_R10C3-014413001050_01_P001_26_7.png,320,320,66.0,269.0,5.0,5.0,1,25.0,0.02441,0.01562,0.01562,1.0,0,0
beluga_seeker_sam,satellite,<absent>21SEP07162703-P3DS_R10C3-014413001050_01_P001_26_7.png,320,320,97.0,278.0,5.0,6.0,1,30.0,0.0293,0.01562,0.01875,0.8333,0,0
beluga_seeker_sam,satellite,<absent>21SEP07162703-P3DS_R10C3-014413001050_01_P001_26_7.png,320,320,98.0,285.0,4.0,4.0,1,16.0,0.01562,0.0125,0.0125,1.0,0,0
beluga_seeker_sam,satellite,<absent>21SEP07162703-P3DS_R10C3-014413001050_01_P001_26_7.png,320,320,88.0,283.0,5.0,6.0,1,30.0,0.0293,0.01562,0.01875,0.8333,0,0
beluga_seeker_sam,satellite,<absent>21SEP07162703-P3DS_R10C3-014413001050_01_P001_26_7.png,320,320,82.0,288.0,6.0,5.0,1,30.0,0.0293,0.01875,0.01562,1.2,0,0
beluga_seeker_sam,satellite,<absent>21SEP07162703-P3DS_R10C3-014413001050_01_P001_26_7.png,320,320,76.0,310.0,5.0,5.0,1,25.0,0.02441,0.01562,0.01562,1.0,0,0
beluga_seeker_sam,satellite,<absent>21SEP07162703-P3DS_R10C3-014413001050_01_P001_26_7.png,320,320,65.0,299.0,4.0,5.0,1,20.0,0.01953,0.0125,0.01562,0.8,0,0
beluga_seeker_sam,satellite,<absent>21SEP07162703-P3DS_R10C3-014413001050_01_P001_26_7.png,320,320,68.0,290.0,5.0,6.0,1,30.0,0.0293,0.01562,0.01875,0.8333,0,0
beluga_seeker_sam,satellite,<absent>21SEP07162703-P3DS_R10C3-014413001050_01_P001_26_7.png,320,320,73.0,291.0,5.0,5.0,1,25.0,0.02441,0.01562,0.01562,1.0,0,0
beluga_seeker_sam,satellite,<absent>21SEP07162703-P3DS_R10C3-014413001050_01_P001_26_7.png,320,320,74.0,287.0,5.0,4.0,1,20.0,0.01953,0.01562,0.0125,1.25,0,0
beluga_seeker_sam,satellite,<absent>21SEP07162703-P3DS_R10C3-014413001050_01_P001_26_7.png,320,320,74.0,282.0,5.0,4.0,1,20.0,0.01953,0.01562,0.0125,1.25,0,0
beluga_seeker_sam,satellite,<absent>21SEP07162703-P3DS_R10C3-014413001050_01_P001_26_7.png,320,320,68.0,279.0,5.0,5.0,1,25.0,0.02441,0.01562,0.01562,1.0,0,0
beluga_seeker_sam,satellite,<absent>21SEP07162703-P3DS_R10C3-014413001050_01_P001_26_7.png,320,320,61.0,273.0,4.0,5.0,1,20.0,0.01953,0.0125,0.01562,0.8,0,0
beluga_seeker_sam,satellite,<absent>21SEP07162703-P3DS_R10C3-014413001050_01_P001_26_7.png,320,320,53.0,272.0,5.0,6.0,1,30.0,0.0293,0.01562,0.01875,0.8333,0,0
beluga_seeker_sam,satellite,<absent>21SEP07162703-P3DS_R10C3-014413001050_01_P001_26_7.png,320,320,50.0,282.0,4.0,5.0,1,20.0,0.01953,0.0125,0.01562,0.8,0,0
beluga_seeker_sam,satellite,<absent>21SEP07162703-P3DS_R10C3-014413001050_01_P001_26_7.png,320,320,61.0,281.0,5.0,4.0,1,20.0,0.01953,0.01562,0.0125,1.25,0,0
beluga_seeker_sam,satellite,<absent>21SEP07162703-P3DS_R10C3-014413001050_01_P001_26_7.png,320,320,62.0,287.0,5.0,4.0,1,20.0,0.01953,0.01562,0.0125,1.25,0,0
beluga_seeker_sam,satellite,<absent>21SEP07162703-P3DS_R10C3-014413001050_01_P001_26_7.png,320,320,58.0,291.0,5.0,4.0,1,20.0,0.01953,0.01562,0.0125,1.25,0,0
beluga_seeker_sam,satellite,<absent>21SEP07162703-P3DS_R10C3-014413001050_01_P001_26_7.png,320,320,53.0,290.0,5.0,5.0,1,25.0,0.02441,0.01562,0.01562,1.0,0,0
beluga_seeker_sam,satellite,<absent>21SEP07162703-P3DS_R10C3-014413001050_01_P001_26_7.png,320,320,53.0,298.0,5.0,4.0,1,20.0,0.01953,0.01562,0.0125,1.25,0,0
beluga_seeker_sam,satellite,<absent>21SEP07162703-P3DS_R10C3-014413001050_01_P001_26_7.png,320,320,51.0,307.0,5.0,5.0,1,25.0,0.02441,0.01562,0.01562,1.0,0,0
beluga_seeker_sam,satellite,<absent>21SEP07162703-P3DS_R10C3-014413001050_01_P001_26_7.png,320,320,59.0,260.0,7.0,7.0,1,49.0,0.04785,0.02187,0.02187,1.0,0,0
beluga_seeker_sam,satellite,<absent>21SEP07162703-P3DS_R10C3-014413001050_01_P001_26_7.png,320,320,89.0,275.0,8.0,6.0,1,48.0,0.04688,0.025,0.01875,1.3333,0,0
beluga_seeker_sam,satellite,<absent>21SEP07162703-P3DS_R10C3-014413001050_01_P001_27_10.png,320,320,286.0,171.0,6.0,7.0,1,42.0,0.04102,0.01875,0.02187,0.8571,0,0
beluga_seeker_sam,satellite,<absent>21SEP07162703-P3DS_R10C3-014413001050_01_P001_27_10.png,320,320,275.0,173.0,5.0,8.0,1,40.0,0.03906,0.01562,0.025,0.625,0,0
beluga_seeker_sam,satellite,<absent>21SEP07162703-P3DS_R10C3-014413001050_01_P001_27_10.png,320,320,267.0,166.0,5.0,7.0,1,35.0,0.03418,0.01562,0.02187,0.7143,0,0
beluga_seeker_sam,satellite,<absent>21SEP07162703-P3DS_R10C3-014413001050_01_P001_27_10.png,320,320,263.0,176.0,5.0,6.0,1,30.0,0.0293,0.01562,0.01875,0.8333,0,0
beluga_seeker_sam,satellite,<absent>21SEP07162703-P3DS_R10C3-014413001050_01_P001_27_10.png,320,320,256.0,176.0,5.0,7.0,1,35.0,0.03418,0.01562,0.02187,0.7143,0,0
beluga_seeker_sam,satellite,<absent>21SEP07162703-P3DS_R10C3-014413001050_01_P001_27_10.png,320,320,235.0,174.0,5.0,7.0,1,35.0,0.03418,0.01562,0.02187,0.7143,0,0
beluga_seeker_sam,satellite,<absent>21SEP07162703-P3DS_R10C3-014413001050_01_P001_27_10.png,320,320,221.0,173.0,5.0,8.0,1,40.0,0.03906,0.01562,0.025,0.625,0,0
beluga_seeker_sam,satellite,<absent>21SEP07162703-P3DS_R10C3-014413001050_01_P001_27_10.png,320,320,199.0,184.0,5.0,7.0,1,35.0,0.03418,0.01562,0.02187,0.7143,0,0
beluga_seeker_sam,satellite,<absent>21SEP07162703-P3DS_R10C3-014413001050_01_P001_27_10.png,320,320,192.0,186.0,5.0,6.0,1,30.0,0.0293,0.01562,0.01875,0.8333,0,0
beluga_seeker_sam,satellite,<absent>21SEP07162703-P3DS_R10C3-014413001050_01_P001_27_10.png,320,320,184.0,186.0,5.0,7.0,1,35.0,0.03418,0.01562,0.02187,0.7143,0,0
beluga_seeker_sam,satellite,<absent>21SEP07162703-P3DS_R10C3-014413001050_01_P001_27_10.png,320,320,182.0,195.0,6.0,7.0,1,42.0,0.04102,0.01875,0.02187,0.8571,0,0
beluga_seeker_sam,satellite,<absent>21SEP07162703-P3DS_R10C3-014413001050_01_P001_27_10.png,320,320,176.0,190.0,5.0,7.0,1,35.0,0.03418,0.01562,0.02187,0.7143,0,0
beluga_seeker_sam,satellite,<absent>21SEP07162703-P3DS_R10C3-014413001050_01_P001_27_10.png,320,320,173.0,182.0,5.0,6.0,1,30.0,0.0293,0.01562,0.01875,0.8333,0,0
beluga_seeker_sam,satellite,<absent>21SEP07162703-P3DS_R10C3-014413001050_01_P001_27_10.png,320,320,158.0,180.0,7.0,5.0,1,35.0,0.03418,0.02187,0.01562,1.4,0,0
beluga_seeker_sam,satellite,<absent>21SEP07162703-P3DS_R10C3-014413001050_01_P001_27_10.png,320,320,154.0,175.0,4.0,7.0,1,28.0,0.02734,0.0125,0.02187,0.5714,0,0
beluga_seeker_sam,satellite,<absent>21SEP07162703-P3DS_R10C3-014413001050_01_P001_27_10.png,320,320,167.0,199.0,4.0,6.0,1,24.0,0.02344,0.0125,0.01875,0.6667,0,0
beluga_seeker_sam,satellite,<absent>21SEP07162703-P3DS_R10C3-014413001050_01_P001_27_10.png,320,320,160.0,190.0,6.0,5.0,1,30.0,0.0293,0.01875,0.01562,1.2,0,0
beluga_seeker_sam,satellite,<absent>21SEP07162703-P3DS_R10C3-014413001050_01_P001_27_10.png,320,320,155.0,206.0,5.0,8.0,1,40.0,0.03906,0.01562,0.025,0.625,0,0
beluga_seeker_sam,satellite,<absent>21SEP07162703-P3DS_R10C3-014413001050_01_P001_27_10.png,320,320,144.0,185.0,7.0,6.0,1,42.0,0.04102,0.02187,0.01875,1.1667,0,0
beluga_seeker_sam,satellite,<absent>21SEP07162703-P3DS_R10C3-014413001050_01_P001_27_10.png,320,320,137.0,184.0,5.0,5.0,1,25.0,0.02441,0.01562,0.01562,1.0,0,0
beluga_seeker_sam,satellite,<absent>21SEP07162703-P3DS_R10C3-014413001050_01_P001_27_10.png,320,320,116.0,188.0,4.0,8.0,1,32.0,0.03125,0.0125,0.025,0.5,0,0
beluga_seeker_sam,satellite,<absent>21SEP07162703-P3DS_R10C3-014413001050_01_P001_27_10.png,320,320,125.0,195.0,5.0,6.0,1,30.0,0.0293,0.01562,0.01875,0.8333,0,0
beluga_seeker_sam,satellite,<absent>21SEP07162703-P3DS_R10C3-014413001050_01_P001_27_10.png,320,320,129.0,194.0,6.0,5.0,1,30.0,0.0293,0.01875,0.01562,1.2,0,0
beluga_seeker_sam,satellite,<absent>21SEP07162703-P3DS_R10C3-014413001050_01_P001_27_10.png,320,320,136.0,193.0,5.0,5.0,1,25.0,0.02441,0.01562,0.01562,1.0,0,0
beluga_seeker_sam,satellite,<absent>21SEP07162703-P3DS_R10C3-014413001050_01_P001_27_10.png,320,320,141.0,194.0,6.0,6.0,1,36.0,0.03516,0.01875,0.01875,1.0,0,0
beluga_seeker_sam,satellite,<absent>21SEP07162703-P3DS_R10C3-014413001050_01_P001_27_10.png,320,320,138.0,202.0,7.0,6.0,1,42.0,0.04102,0.02187,0.01875,1.1667,0,0
beluga_seeker_sam,satellite,<absent>21SEP07162703-P3DS_R10C3-014413001050_01_P001_27_10.png,320,320,135.0,206.0,4.0,6.0,1,24.0,0.02344,0.0125,0.01875,0.6667,0,0
beluga_seeker_sam,satellite,<absent>21SEP07162703-P3DS_R10C3-014413001050_01_P001_27_10.png,320,320,137.0,214.0,6.0,6.0,1,36.0,0.03516,0.01875,0.01875,1.0,0,0
beluga_seeker_sam,satellite,<absent>21SEP07162703-P3DS_R10C3-014413001050_01_P001_27_10.png,320,320,129.0,212.0,6.0,7.0,1,42.0,0.04102,0.01875,0.02187,0.8571,0,0
beluga_seeker_sam,satellite,<absent>21SEP07162703-P3DS_R10C3-014413001050_01_P001_27_10.png,320,320,121.0,205.0,5.0,6.0,1,30.0,0.0293,0.01562,0.01875,0.8333,0,0
beluga_seeker_sam,satellite,<absent>21SEP07162703-P3DS_R10C3-014413001050_01_P001_27_10.png,320,320,132.0,181.0,5.0,6.0,1,30.0,0.0293,0.01562,0.01875,0.8333,0,0
beluga_seeker_sam,satellite,<absent>21SEP07162703-P3DS_R10C3-014413001050_01_P001_27_10.png,320,320,246.0,186.0,5.0,4.0,1,20.0,0.01953,0.01562,0.0125,1.25,0,0
beluga_seeker_sam,satellite,<absent>21SEP07162703-P3DS_R10C3-014413001050_01_P001_27_10.png,320,320,294.0,170.0,5.0,4.0,1,20.0,0.01953,0.01562,0.0125,1.25,0,0
beluga_seeker_sam,satellite,<absent>21SEP07162703-P3DS_R10C3-014413001050_01_P001_27_10.png,320,320,154.0,185.0,5.0,6.0,1,30.0,0.0293,0.01562,0.01875,0.8333,0,0
beluga_seeker_sam,satellite,<absent>21SEP07162703-P3DS_R10C3-014413001050_01_P001_27_7.png,320,320,44.0,0.0,6.0,3.0,1,18.0,0.01758,0.01875,0.00937,2.0,0,0
beluga_seeker_sam,satellite,<absent>21SEP07162713-P3DS_R01C1-014413001050_01_P002_30_46.png,320,320,308.0,215.0,8.0,8.0,1,64.0,0.0625,0.025,0.025,1.0,0,0
beluga_seeker_sam,satellite,<absent>21SEP07162713-P3DS_R01C1-014413001050_01_P002_30_47.png,320,320,4.0,234.0,8.0,9.0,1,72.0,0.07031,0.025,0.02813,0.8889,0,0
beluga_seeker_sam,satellite,<absent>21SEP07162713-P3DS_R01C1-014413001050_01_P002_30_47.png,320,320,0.0,221.0,8.0,12.0,1,96.0,0.09375,0.025,0.0375,0.6667,0,0
beluga_seeker_sam,satellite,<absent>21SEP07162713-P3DS_R01C1-014413001050_01_P002_34_23.png,320,320,64.0,108.0,8.0,11.0,1,88.0,0.08594,0.025,0.03438,0.7273,0,0
beluga_seeker_sam,satellite,<absent>21SEP07162713-P3DS_R01C1-014413001050_01_P002_35_23.png,320,320,42.0,243.0,11.0,8.0,1,88.0,0.08594,0.03438,0.025,1.375,0,0
beluga_seeker_sam,satellite,<absent>21SEP07162713-P3DS_R01C2-014413001050_01_P002_21_8.png,320,320,266.0,102.0,9.0,12.0,1,108.0,0.10547,0.02813,0.0375,0.75,0,0
beluga_seeker_sam,satellite,<absent>21SEP07162713-P3DS_R01C2-014413001050_01_P002_21_8.png,320,320,255.0,120.0,11.0,8.0,1,88.0,0.08594,0.03438,0.025,1.375,0,0
beluga_seeker_sam,satellite,<absent>21SEP07162713-P3DS_R01C2-014413001050_01_P002_21_9.png,320,320,31.0,50.0,8.0,8.0,1,64.0,0.0625,0.025,0.025,1.0,0,0
beluga_seeker_sam,satellite,<absent>21SEP07162713-P3DS_R01C2-014413001050_01_P002_21_9.png,320,320,10.0,86.0,9.0,10.0,1,90.0,0.08789,0.02813,0.03125,0.9,0,0
beluga_seeker_sam,satellite,<absent>21SEP07162713-P3DS_R01C2-014413001050_01_P002_30_10.png,320,320,234.0,105.0,7.0,10.0,1,70.0,0.06836,0.02187,0.03125,0.7,0,0
beluga_seeker_sam,satellite,<absent>21SEP07162713-P3DS_R01C2-014413001050_01_P002_32_12.png,320,320,291.0,247.0,6.0,7.0,1,42.0,0.04102,0.01875,0.02187,0.8571,0,0
beluga_seeker_sam,satellite,<absent>21SEP07162713-P3DS_R01C2-014413001050_01_P002_32_13.png,320,320,133.0,245.0,6.0,13.0,1,78.0,0.07617,0.01875,0.04063,0.4615,0,0
beluga_seeker_sam,satellite,<absent>21SEP07162713-P3DS_R01C2-014413001050_01_P002_32_13.png,320,320,134.0,256.0,6.0,9.0,1,54.0,0.05273,0.01875,0.02813,0.6667,0,0
beluga_seeker_sam,satellite,<absent>21SEP07162713-P3DS_R01C2-014413001050_01_P002_32_13.png,320,320,138.0,251.0,8.0,13.0,1,104.0,0.10156,0.025,0.04063,0.6154,0,0
beluga_seeker_sam,satellite,<absent>21SEP07162713-P3DS_R01C2-014413001050_01_P002_32_13.png,320,320,136.0,259.0,8.0,7.0,1,56.0,0.05469,0.025,0.02187,1.1429,0,0
beluga_seeker_sam,satellite,<absent>21SEP07162713-P3DS_R01C2-014413001050_01_P002_32_13.png,320,320,135.0,265.0,8.0,8.0,1,64.0,0.0625,0.025,0.025,1.0,0,0
beluga_seeker_sam,satellite,<absent>21SEP07162713-P3DS_R01C2-014413001050_01_P002_32_13.png,320,320,135.0,270.0,9.0,9.0,1,81.0,0.0791,0.02813,0.02813,1.0,0,0
beluga_seeker_sam,satellite,<absent>21SEP07162713-P3DS_R01C2-014413001050_01_P002_32_13.png,320,320,116.0,275.0,11.0,11.0,1,121.0,0.11816,0.03438,0.03438,1.0,0,0
beluga_seeker_sam,satellite,<absent>21SEP07162713-P3DS_R01C2-014413001050_01_P002_38_10.png,320,320,102.0,175.0,9.0,9.0,1,81.0,0.0791,0.02813,0.02813,1.0,0,0
beluga_seeker_sam,satellite,<absent>21SEP07162713-P3DS_R02C1-014413001050_01_P002_12_35.png,320,320,169.0,243.0,8.0,7.0,1,56.0,0.05469,0.025,0.02187,1.1429,0,0
beluga_seeker_sam,satellite,<absent>21SEP07162713-P3DS_R02C1-014413001050_01_P002_18_6.png,320,320,90.0,40.0,20.0,10.0,1,200.0,0.19531,0.0625,0.03125,2.0,0,0
beluga_seeker_sam,satellite,<absent>21SEP07162713-P3DS_R02C1-014413001050_01_P002_21_48.png,320,320,275.0,65.0,10.0,7.0,1,70.0,0.06836,0.03125,0.02187,1.4286,0,0
beluga_seeker_sam,satellite,<absent>21SEP07162713-P3DS_R02C2-014413001050_01_P002_14_42.png,320,320,88.0,153.0,7.0,12.0,1,84.0,0.08203,0.02187,0.0375,0.5833,0,0
beluga_seeker_sam,satellite,<absent>21SEP07162713-P3DS_R02C2-014413001050_01_P002_18_26.png,320,320,215.0,102.0,8.0,8.0,1,64.0,0.0625,0.025,0.025,1.0,0,0
beluga_seeker_sam,satellite,<absent>21SEP07162713-P3DS_R02C2-014413001050_01_P002_28_10.png,320,320,78.0,265.0,7.0,8.0,1,56.0,0.05469,0.02187,0.025,0.875,0,0
beluga_seeker_sam,satellite,<absent>21SEP07162713-P3DS_R02C2-014413001050_01_P002_3_26.png,320,320,170.0,168.0,6.0,7.0,1,42.0,0.04102,0.01875,0.02187,0.8571,0,0
beluga_seeker_sam,satellite,<absent>21SEP07162713-P3DS_R02C2-014413001050_01_P002_48_35.png,320,320,170.0,272.0,7.0,7.0,1,49.0,0.04785,0.02187,0.02187,1.0,0,0
beluga_seeker_sam,satellite,<absent>21SEP07162713-P3DS_R02C3-014413001050_01_P002_36_5.png,320,320,174.0,94.0,6.0,6.0,1,36.0,0.03516,0.01875,0.01875,1.0,0,0
beluga_seeker_sam,satellite,<absent>21SEP07162713-P3DS_R02C3-014413001050_01_P002_36_5.png,320,320,220.0,85.0,6.0,6.0,1,36.0,0.03516,0.01875,0.01875,1.0,0,0
beluga_seeker_sam,satellite,<absent>21SEP07162713-P3DS_R02C3-014413001050_01_P002_36_5.png,320,320,126.0,64.0,9.0,7.0,1,63.0,0.06152,0.02813,0.02187,1.2857,0,0
beluga_seeker_sam,satellite,<absent>21SEP07162713-P3DS_R02C3-014413001050_01_P002_39_9.png,320,320,133.0,252.0,6.0,6.0,1,36.0,0.03516,0.01875,0.01875,1.0,0,0
beluga_seeker_sam,satellite,<absent>21SEP07162713-P3DS_R02C3-014413001050_01_P002_39_9.png,320,320,152.0,242.0,8.0,8.0,1,64.0,0.0625,0.025,0.025,1.0,0,0
beluga_seeker_sam,satellite,<absent>21SEP07162713-P3DS_R02C3-014413001050_01_P002_44_6.png,320,320,300.0,305.0,5.0,5.0,1,25.0,0.02441,0.01562,0.01562,1.0,0,0
beluga_seeker_sam,satellite,<absent>21SEP07162713-P3DS_R02C3-014413001050_01_P002_44_7.png,320,320,227.0,209.0,9.0,7.0,1,63.0,0.06152,0.02813,0.02187,1.2857,0,0
beluga_seeker_sam,satellite,<absent>21SEP07162713-P3DS_R02C3-014413001050_01_P002_44_7.png,320,320,213.0,214.0,11.0,8.0,1,88.0,0.08594,0.03438,0.025,1.375,0,0
beluga_seeker_sam,satellite,<absent>21SEP07162713-P3DS_R02C3-014413001050_01_P002_45_7.png,320,320,291.0,79.0,7.0,7.0,1,49.0,0.04785,0.02187,0.02187,1.0,0,0
beluga_seeker_sam,satellite,<absent>21SEP07162713-P3DS_R02C3-014413001050_01_P002_45_7.png,320,320,228.0,28.0,8.0,7.0,1,56.0,0.05469,0.025,0.02187,1.1429,0,0
beluga_seeker_sam,satellite,<absent>21SEP07162713-P3DS_R02C3-014413001050_01_P002_45_7.png,320,320,244.0,14.0,7.0,8.0,1,56.0,0.05469,0.02187,0.025,0.875,0,0
beluga_seeker_sam,satellite,<absent>21SEP07162713-P3DS_R02C3-014413001050_01_P002_45_7.png,320,320,247.0,17.0,8.0,8.0,1,64.0,0.0625,0.025,0.025,1.0,0,0
beluga_seeker_sam,satellite,<absent>21SEP07162713-P3DS_R02C3-014413001050_01_P002_45_7.png,320,320,247.0,23.0,10.0,6.0,1,60.0,0.05859,0.03125,0.01875,1.6667,0,0
beluga_seeker_sam,satellite,<absent>21SEP07162713-P3DS_R02C3-014413001050_01_P002_45_7.png,320,320,254.0,17.0,10.0,11.0,1,110.0,0.10742,0.03125,0.03438,0.9091,0,0
beluga_seeker_sam,satellite,<absent>21SEP07162713-P3DS_R02C3-014413001050_01_P002_45_7.png,320,320,245.0,9.0,17.0,9.0,1,153.0,0.14941,0.05312,0.02813,1.8889,0,0
beluga_seeker_sam,satellite,<absent>21SEP07162713-P3DS_R02C3-014413001050_01_P002_45_7.png,320,320,257.0,10.0,9.0,9.0,1,81.0,0.0791,0.02813,0.02813,1.0,0,0
beluga_seeker_sam,satellite,<absent>21SEP07162713-P3DS_R02C3-014413001050_01_P002_45_7.png,320,320,262.0,7.0,7.0,7.0,1,49.0,0.04785,0.02187,0.02187,1.0,0,0
beluga_seeker_sam,satellite,<absent>21SEP07162713-P3DS_R02C3-014413001050_01_P002_45_7.png,320,320,308.0,0.0,8.0,5.0,1,40.0,0.03906,0.025,0.01562,1.6,0,0
beluga_seeker_sam,satellite,<absent>21SEP07162713-P3DS_R02C3-014413001050_01_P002_46_11.png,320,320,307.0,105.0,7.0,6.0,1,42.0,0.04102,0.02187,0.01875,1.1667,0,0
beluga_seeker_sam,satellite,<absent>21SEP07162713-P3DS_R03C2-014413001050_01_P002_9_50.png,320,320,180.0,110.0,7.0,6.0,1,42.0,0.04102,0.02187,0.01875,1.1667,0,0
beluga_seeker_sam,satellite,<absent>21SEP07162713-P3DS_R03C3-014413001050_01_P002_30_14.png,320,320,101.0,54.0,8.0,7.0,1,56.0,0.05469,0.025,0.02187,1.1429,0,0
beluga_seeker_sam,satellite,<absent>21SEP07162713-P3DS_R03C3-014413001050_01_P002_43_4.png,320,320,114.0,158.0,9.0,8.0,1,72.0,0.07031,0.02813,0.025,1.125,0,0
beluga_seeker_sam,satellite,<absent>21SEP07162713-P3DS_R04C3-014413001050_01_P002_13_47.png,320,320,80.0,299.0,6.0,7.0,1,42.0,0.04102,0.01875,0.02187,0.8571,0,0
beluga_seeker_sam,satellite,<absent>21SEP07162713-P3DS_R04C3-014413001050_01_P002_13_48.png,320,320,0.0,295.0,8.0,6.0,1,48.0,0.04688,0.025,0.01875,1.3333,0,0
beluga_seeker_sam,satellite,<absent>21SEP07162713-P3DS_R04C3-014413001050_01_P002_14_47.png,320,320,305.0,100.0,10.0,5.0,1,50.0,0.04883,0.03125,0.01562,2.0,0,0
beluga_seeker_sam,satellite,<absent>21SEP07162713-P3DS_R05C2-014413001050_01_P002_35_44.png,320,320,199.0,28.0,10.0,6.0,1,60.0,0.05859,0.03125,0.01875,1.6667,0,0
beluga_seeker_sam,satellite,<absent>21SEP07162713-P3DS_R05C3-014413001050_01_P002_49_9.png,320,320,241.0,250.0,11.0,6.0,1,66.0,0.06445,0.03438,0.01875,1.8333,0,0
beluga_seeker_sam,satellite,<absent>21SEP07162713-P3DS_R06C3-014413001050_01_P002_21_44.png,320,320,170.0,88.0,13.0,6.0,1,78.0,0.07617,0.04063,0.01875,2.1667,0,0
beluga_seeker_sam,satellite,<absent>21SEP07162713-P3DS_R06C3-014413001050_01_P002_22_41.png,320,320,264.0,194.0,8.0,10.0,1,80.0,0.07812,0.025,0.03125,0.8,0,0
beluga_seeker_sam,satellite,<absent>21SEP07162713-P3DS_R06C3-014413001050_01_P002_25_47.png,320,320,85.0,5.0,10.0,7.0,1,70.0,0.06836,0.03125,0.02187,1.4286,0,0
beluga_seeker_sam,satellite,<absent>21SEP07162713-P3DS_R06C3-014413001050_01_P002_26_44.png,320,320,134.0,74.0,11.0,8.0,1,88.0,0.08594,0.03438,0.025,1.375,0,0
beluga_seeker_sam,satellite,<absent>21SEP07162713-P3DS_R06C3-014413001050_01_P002_26_44.png,320,320,172.0,48.0,10.0,8.0,1,80.0,0.07812,0.03125,0.025,1.25,0,0
beluga_seeker_sam,satellite,<absent>21SEP07162713-P3DS_R06C3-014413001050_01_P002_35_41.png,320,320,144.0,80.0,10.0,11.0,1,110.0,0.10742,0.03125,0.03438,0.9091,0,0
beluga_seeker_sam,satellite,<absent>21SEP07162713-P3DS_R06C3-014413001050_01_P002_35_44.png,320,320,276.0,48.0,10.0,12.0,1,120.0,0.11719,0.03125,0.0375,0.8333,0,0
beluga_seeker_sam,satellite,<absent>21SEP07162713-P3DS_R06C3-014413001050_01_P002_36_44.png,320,320,298.0,46.0,12.0,6.0,1,72.0,0.07031,0.0375,0.01875,2.0,0,0
beluga_seeker_sam,satellite,<absent>21SEP07162713-P3DS_R06C3-014413001050_01_P002_36_44.png,320,320,313.0,193.0,7.0,8.0,1,56.0,0.05469,0.02187,0.025,0.875,0,0
beluga_seeker_sam,satellite,<absent>21SEP07162713-P3DS_R06C3-014413001050_01_P002_36_45.png,320,320,75.0,0.0,10.0,13.0,1,130.0,0.12695,0.03125,0.04063,0.7692,0,0
beluga_seeker_sam,satellite,<absent>21SEP07162713-P3DS_R06C3-014413001050_01_P002_36_45.png,320,320,78.0,240.0,12.0,7.0,1,84.0,0.08203,0.0375,0.02187,1.7143,0,0
beluga_seeker_sam,satellite,<absent>21SEP07162713-P3DS_R06C3-014413001050_01_P002_36_45.png,320,320,204.0,111.0,9.0,7.0,1,63.0,0.06152,0.02813,0.02187,1.2857,0,0
beluga_seeker_sam,satellite,<absent>21SEP07162713-P3DS_R06C3-014413001050_01_P002_36_45.png,320,320,210.0,96.0,9.0,8.0,1,72.0,0.07031,0.02813,0.025,1.125,0,0
beluga_seeker_sam,satellite,<absent>21SEP07162713-P3DS_R06C3-014413001050_01_P002_45_45.png,320,320,210.0,267.0,11.0,8.0,1,88.0,0.08594,0.03438,0.025,1.375,0,0
beluga_seeker_sam,satellite,<absent>21SEP07162713-P3DS_R06C3-014413001050_01_P002_6_18.png,320,320,126.0,157.0,13.0,8.0,1,104.0,0.10156,0.04063,0.025,1.625,0,0
beluga_seeker_sam,satellite,<absent>21SEP07162713-P3DS_R06C3-014413001050_01_P002_7_19.png,320,320,239.0,94.0,7.0,7.0,1,49.0,0.04785,0.02187,0.02187,1.0,0,0
beluga_seeker_sam,satellite,<absent>21SEP07162713-P3DS_R06C3-014413001050_01_P002_7_19.png,320,320,256.0,92.0,11.0,13.0,1,143.0,0.13965,0.03438,0.04063,0.8462,0,0
beluga_seeker_sam,satellite,<absent>21SEP07162713-P3DS_R06C3-014413001050_01_P002_7_19.png,320,320,253.0,103.0,10.0,11.0,1,110.0,0.10742,0.03125,0.03438,0.9091,0,0
beluga_seeker_sam,satellite,<absent>21SEP07162713-P3DS_R06C3-014413001050_01_P002_7_19.png,320,320,257.0,114.0,7.0,9.0,1,63.0,0.06152,0.02187,0.02813,0.7778,0,0
beluga_seeker_sam,satellite,<absent>21SEP07162713-P3DS_R06C3-014413001050_01_P002_7_19.png,320,320,261.0,88.0,15.0,11.0,1,165.0,0.16113,0.04688,0.03438,1.3636,0,0
beluga_seeker_sam,satellite,<absent>21SEP07162713-P3DS_R07C1-014413001050_01_P002_29_8.png,320,320,100.0,109.0,7.0,7.0,1,49.0,0.04785,0.02187,0.02187,1.0,0,0
beluga_seeker_sam,satellite,<absent>21SEP07162713-P3DS_R07C1-014413001050_01_P002_29_8.png,320,320,101.0,106.0,8.0,8.0,1,64.0,0.0625,0.025,0.025,1.0,0,0
beluga_seeker_sam,satellite,<absent>21SEP07162713-P3DS_R07C4-014413001050_01_P002_0_2.png,320,320,163.0,285.0,8.0,10.0,1,80.0,0.07812,0.025,0.03125,0.8,0,0
beluga_seeker_sam,satellite,<absent>21SEP07162713-P3DS_R08C1-014413001050_01_P002_24_20.png,320,320,254.0,286.0,13.0,8.0,1,104.0,0.10156,0.04063,0.025,1.625,0,0
beluga_seeker_sam,satellite,<absent>21SEP07162713-P3DS_R08C1-014413001050_01_P002_24_36.png,320,320,225.0,9.0,9.0,6.0,1,54.0,0.05273,0.02813,0.01875,1.5,0,0
beluga_seeker_sam,satellite,<absent>21SEP07162713-P3DS_R08C1-014413001050_01_P002_24_36.png,320,320,207.0,29.0,8.0,7.0,1,56.0,0.05469,0.025,0.02187,1.1429,0,0
beluga_seeker_sam,satellite,<absent>21SEP07162713-P3DS_R08C1-014413001050_01_P002_24_36.png,320,320,205.0,16.0,8.0,7.0,1,56.0,0.05469,0.025,0.02187,1.1429,0,0
beluga_seeker_sam,satellite,<absent>21SEP07162713-P3DS_R08C1-014413001050_01_P002_24_36.png,320,320,190.0,21.0,8.0,7.0,1,56.0,0.05469,0.025,0.02187,1.1429,0,0
beluga_seeker_sam,satellite,<absent>21SEP07162713-P3DS_R08C1-014413001050_01_P002_24_36.png,320,320,189.0,26.0,7.0,8.0,1,56.0,0.05469,0.02187,0.025,0.875,0,0
beluga_seeker_sam,satellite,<absent>21SEP07162713-P3DS_R08C1-014413001050_01_P002_24_36.png,320,320,171.0,40.0,8.0,7.0,1,56.0,0.05469,0.025,0.02187,1.1429,0,0
beluga_seeker_sam,satellite,<absent>21SEP07162713-P3DS_R08C1-014413001050_01_P002_26_46.png,320,320,207.0,266.0,10.0,8.0,1,80.0,0.07812,0.03125,0.025,1.25,0,0
beluga_seeker_sam,satellite,<absent>21SEP07162713-P3DS_R08C1-014413001050_01_P002_32_30.png,320,320,58.0,41.0,7.0,8.0,1,56.0,0.05469,0.02187,0.025,0.875,0,0
beluga_seeker_sam,satellite,<absent>21SEP07162713-P3DS_R08C1-014413001050_01_P002_32_30.png,320,320,65.0,40.0,17.0,15.0,1,255.0,0.24902,0.05312,0.04688,1.1333,0,0
beluga_seeker_sam,satellite,<absent>21SEP07162713-P3DS_R08C1-014413001050_01_P002_32_30.png,320,320,58.0,56.0,13.0,12.0,1,156.0,0.15234,0.04063,0.0375,1.0833,0,0
beluga_seeker_sam,satellite,<absent>21SEP07162713-P3DS_R08C1-014413001050_01_P002_32_30.png,320,320,49.0,54.0,12.0,10.0,1,120.0,0.11719,0.0375,0.03125,1.2,0,0
beluga_seeker_sam,satellite,<absent>21SEP07162713-P3DS_R08C1-014413001050_01_P002_32_30.png,320,320,33.0,55.0,7.0,9.0,1,63.0,0.06152,0.02187,0.02813,0.7778,0,0
beluga_seeker_sam,satellite,<absent>21SEP07162713-P3DS_R08C1-014413001050_01_P002_32_30.png,320,320,29.0,73.0,8.0,9.0,1,72.0,0.07031,0.025,0.02813,0.8889,0,0
beluga_seeker_sam,satellite,<absent>21SEP07162713-P3DS_R08C1-014413001050_01_P002_32_30.png,320,320,42.0,69.0,11.0,10.0,1,110.0,0.10742,0.03438,0.03125,1.1,0,0
beluga_seeker_sam,satellite,<absent>21SEP07162713-P3DS_R08C1-014413001050_01_P002_32_30.png,320,320,51.0,63.0,13.0,14.0,1,182.0,0.17773,0.04063,0.04375,0.9286,0,0
beluga_seeker_sam,satellite,<absent>21SEP07162713-P3DS_R08C1-014413001050_01_P002_32_30.png,320,320,61.0,66.0,13.0,12.0,1,156.0,0.15234,0.04063,0.0375,1.0833,0,0
beluga_seeker_sam,satellite,<absent>21SEP07162713-P3DS_R08C1-014413001050_01_P002_32_30.png,320,320,80.0,39.0,8.0,11.0,1,88.0,0.08594,0.025,0.03438,0.7273,0,0
beluga_seeker_sam,satellite,<absent>21SEP07162713-P3DS_R08C1-014413001050_01_P002_32_30.png,320,320,82.0,25.0,6.0,13.0,1,78.0,0.07617,0.01875,0.04063,0.4615,0,0
beluga_seeker_sam,satellite,<absent>21SEP07162713-P3DS_R08C1-014413001050_01_P002_32_30.png,320,320,86.0,24.0,8.0,10.0,1,80.0,0.07812,0.025,0.03125,0.8,0,0
beluga_seeker_sam,satellite,<absent>21SEP07162713-P3DS_R08C1-014413001050_01_P002_36_16.png,320,320,184.0,130.0,5.0,5.0,1,25.0,0.02441,0.01562,0.01562,1.0,0,0
beluga_seeker_sam,satellite,<absent>21SEP07162713-P3DS_R08C1-014413001050_01_P002_36_46.png,320,320,3.0,45.0,7.0,11.0,1,77.0,0.0752,0.02187,0.03438,0.6364,0,0
beluga_seeker_sam,satellite,<absent>21SEP07162713-P3DS_R08C1-014413001050_01_P002_38_19.png,320,320,298.0,71.0,16.0,16.0,1,256.0,0.25,0.05,0.05,1.0,0,0
beluga_seeker_sam,satellite,<absent>21SEP07162713-P3DS_R08C1-014413001050_01_P002_45_46.png,320,320,213.0,82.0,11.0,8.0,1,88.0,0.08594,0.03438,0.025,1.375,0,0
beluga_seeker_sam,satellite,<absent>21SEP07162713-P3DS_R08C1-014413001050_01_P002_45_46.png,320,320,211.0,75.0,10.0,10.0,1,100.0,0.09766,0.03125,0.03125,1.0,0,0
beluga_seeker_sam,satellite,<absent>21SEP07162713-P3DS_R08C1-014413001050_01_P002_45_46.png,320,320,211.0,69.0,9.0,9.0,1,81.0,0.0791,0.02813,0.02813,1.0,0,0
beluga_seeker_sam,satellite,<absent>21SEP07162713-P3DS_R08C1-014413001050_01_P002_45_46.png,320,320,213.0,64.0,10.0,7.0,1,70.0,0.06836,0.03125,0.02187,1.4286,0,0
beluga_seeker_sam,satellite,<absent>21SEP07162713-P3DS_R08C1-014413001050_01_P002_45_46.png,320,320,208.0,45.0,9.0,9.0,1,81.0,0.0791,0.02813,0.02813,1.0,0,0
beluga_seeker_sam,satellite,<absent>21SEP07162713-P3DS_R08C1-014413001050_01_P002_45_46.png,320,320,200.0,45.0,9.0,8.0,1,72.0,0.07031,0.02813,0.025,1.125,0,0
beluga_seeker_sam,satellite,<absent>21SEP07162713-P3DS_R08C1-014413001050_01_P002_45_46.png,320,320,193.0,33.0,9.0,8.0,1,72.0,0.07031,0.02813,0.025,1.125,0,0
beluga_seeker_sam,satellite,<absent>21SEP07162713-P3DS_R08C1-014413001050_01_P002_9_28.png,320,320,46.0,84.0,7.0,7.0,1,49.0,0.04785,0.02187,0.02187,1.0,0,0
beluga_seeker_sam,satellite,<absent>21SEP07162713-P3DS_R08C2-014413001050_01_P002_31_4.png,320,320,285.0,1.0,7.0,13.0,1,91.0,0.08887,0.02187,0.04063,0.5385,0,0
beluga_seeker_sam,satellite,<absent>21SEP07162713-P3DS_R08C2-014413001050_01_P002_45_16.png,320,320,71.0,64.0,11.0,6.0,1,66.0,0.06445,0.03438,0.01875,1.8333,0,0
beluga_seeker_sam,satellite,<absent>21SEP07162713-P3DS_R08C2-014413001050_01_P002_45_17.png,320,320,185.0,59.0,6.0,10.0,1,60.0,0.05859,0.01875,0.03125,0.6,0,0
beluga_seeker_sam,satellite,<absent>21SEP07162713-P3DS_R08C2-014413001050_01_P002_47_20.png,320,320,251.0,2.0,12.0,8.0,1,96.0,0.09375,0.0375,0.025,1.5,0,0
beluga_seeker_sam,satellite,<absent>21SEP07162713-P3DS_R08C2-014413001050_01_P002_47_20.png,320,320,300.0,4.0,10.0,10.0,1,100.0,0.09766,0.03125,0.03125,1.0,0,0
beluga_seeker_sam,satellite,<absent>21SEP07162713-P3DS_R08C2-014413001050_01_P002_48_44.png,320,320,162.0,191.0,11.0,10.0,1,110.0,0.10742,0.03438,0.03125,1.1,0,0
beluga_seeker_sam,satellite,<absent>21SEP07162713-P3DS_R08C3-014413001050_01_P002_47_51.png,320,320,24.0,92.0,11.0,13.0,1,143.0,0.13965,0.03438,0.04063,0.8462,0,0
beluga_seeker_sam,satellite,<absent>21SEP07162713-P3DS_R08C3-014413001050_01_P002_48_39.png,320,320,189.0,183.0,9.0,8.0,1,72.0,0.07031,0.02813,0.025,1.125,0,0
beluga_seeker_sam,satellite,<absent>21SEP07162713-P3DS_R08C3-014413001050_01_P002_49_40.png,320,320,216.0,161.0,10.0,12.0,1,120.0,0.11719,0.03125,0.0375,0.8333,0,0
beluga_seeker_sam,satellite,<absent>21SEP07162713-P3DS_R08C3-014413001050_01_P002_49_40.png,320,320,185.0,157.0,16.0,9.0,1,144.0,0.14062,0.05,0.02813,1.7778,0,0
beluga_seeker_sam,satellite,<absent>21SEP07162713-P3DS_R08C3-014413001050_01_P002_50_50.png,320,320,282.0,294.0,10.0,8.0,1,80.0,0.07812,0.03125,0.025,1.25,0,0
beluga_seeker_sam,satellite,<absent>21SEP07162713-P3DS_R08C3-014413001050_01_P002_50_50.png,320,320,277.0,294.0,7.0,6.0,1,42.0,0.04102,0.02187,0.01875,1.1667,0,0
beluga_seeker_sam,satellite,<absent>21SEP07162713-P3DS_R08C4-014413001050_01_P002_47_0.png,320,320,79.0,191.0,12.0,8.0,1,96.0,0.09375,0.0375,0.025,1.5,0,0
beluga_seeker_sam,satellite,<absent>21SEP07162713-P3DS_R08C4-014413001050_01_P002_47_0.png,320,320,138.0,126.0,13.0,8.0,1,104.0,0.10156,0.04063,0.025,1.625,0,0
beluga_seeker_sam,satellite,<absent>21SEP07162713-P3DS_R08C4-014413001050_01_P002_47_0.png,320,320,180.0,93.0,13.0,8.0,1,104.0,0.10156,0.04063,0.025,1.625,0,0
beluga_seeker_sam,satellite,<absent>21SEP07162713-P3DS_R09C1-014413001050_01_P002_11_42.png,320,320,228.0,143.0,9.0,10.0,1,90.0,0.08789,0.02813,0.03125,0.9,0,0
beluga_seeker_sam,satellite,<absent>21SEP07162713-P3DS_R09C1-014413001050_01_P002_19_46.png,320,320,0.0,154.0,8.0,19.0,1,152.0,0.14844,0.025,0.05937,0.4211,0,0
beluga_seeker_sam,satellite,<absent>21SEP07162713-P3DS_R09C1-014413001050_01_P002_41_25.png,320,320,130.0,225.0,7.0,12.0,1,84.0,0.08203,0.02187,0.0375,0.5833,0,0
beluga_seeker_sam,satellite,<absent>21SEP07162713-P3DS_R09C1-014413001050_01_P002_4_31.png,320,320,299.0,148.0,14.0,16.0,1,224.0,0.21875,0.04375,0.05,0.875,0,0
beluga_seeker_sam,satellite,<absent>21SEP07162713-P3DS_R09C1-014413001050_01_P002_4_31.png,320,320,303.0,146.0,11.0,15.0,1,165.0,0.16113,0.03438,0.04688,0.7333,0,0
beluga_seeker_sam,satellite,<absent>21SEP07162713-P3DS_R09C1-014413001050_01_P002_4_31.png,320,320,311.0,153.0,8.0,9.0,1,72.0,0.07031,0.025,0.02813,0.8889,0,0
beluga_seeker_sam,satellite,<absent>21SEP07162713-P3DS_R09C1-014413001050_01_P002_6_31.png,320,320,128.0,132.0,15.0,12.0,1,180.0,0.17578,0.04688,0.0375,1.25,0,0
beluga_seeker_sam,satellite,<absent>21SEP07162713-P3DS_R09C2-014413001050_01_P002_11_32.png,320,320,213.0,275.0,16.0,12.0,1,192.0,0.1875,0.05,0.0375,1.3333,0,0
beluga_seeker_sam,satellite,<absent>21SEP07162713-P3DS_R09C2-014413001050_01_P002_12_7.png,320,320,191.0,272.0,9.0,8.0,1,72.0,0.07031,0.02813,0.025,1.125,0,0
beluga_seeker_sam,satellite,<absent>21SEP07162713-P3DS_R09C2-014413001050_01_P002_12_7.png,320,320,195.0,265.0,6.0,9.0,1,54.0,0.05273,0.01875,0.02813,0.6667,0,0
beluga_seeker_sam,satellite,<absent>21SEP07162713-P3DS_R09C2-014413001050_01_P002_12_7.png,320,320,200.0,268.0,7.0,9.0,1,63.0,0.06152,0.02187,0.02813,0.7778,0,0
beluga_seeker_sam,satellite,<absent>21SEP07162713-P3DS_R09C2-014413001050_01_P002_12_7.png,320,320,196.0,277.0,8.0,9.0,1,72.0,0.07031,0.025,0.02813,0.8889,0,0
beluga_seeker_sam,satellite,<absent>21SEP07162713-P3DS_R09C2-014413001050_01_P002_12_7.png,320,320,198.0,284.0,10.0,10.0,1,100.0,0.09766,0.03125,0.03125,1.0,0,0
beluga_seeker_sam,satellite,<absent>21SEP07162713-P3DS_R09C2-014413001050_01_P002_12_7.png,320,320,207.0,283.0,7.0,9.0,1,63.0,0.06152,0.02187,0.02813,0.7778,0,0
beluga_seeker_sam,satellite,<absent>21SEP07162713-P3DS_R09C2-014413001050_01_P002_12_7.png,320,320,212.0,276.0,6.0,8.0,1,48.0,0.04688,0.01875,0.025,0.75,0,0
beluga_seeker_sam,satellite,<absent>21SEP07162713-P3DS_R09C2-014413001050_01_P002_12_7.png,320,320,214.0,280.0,10.0,7.0,1,70.0,0.06836,0.03125,0.02187,1.4286,0,0
beluga_seeker_sam,satellite,<absent>21SEP07162713-P3DS_R09C2-014413001050_01_P002_12_7.png,320,320,209.0,290.0,8.0,8.0,1,64.0,0.0625,0.025,0.025,1.0,0,0
beluga_seeker_sam,satellite,<absent>21SEP07162713-P3DS_R09C2-014413001050_01_P002_12_7.png,320,320,221.0,282.0,8.0,8.0,1,64.0,0.0625,0.025,0.025,1.0,0,0
beluga_seeker_sam,satellite,<absent>21SEP07162713-P3DS_R09C2-014413001050_01_P002_12_7.png,320,320,224.0,286.0,7.0,9.0,1,63.0,0.06152,0.02187,0.02813,0.7778,0,0
beluga_seeker_sam,satellite,<absent>21SEP07162713-P3DS_R09C2-014413001050_01_P002_12_7.png,320,320,228.0,279.0,5.0,8.0,1,40.0,0.03906,0.01562,0.025,0.625,0,0
beluga_seeker_sam,satellite,<absent>21SEP07162713-P3DS_R09C2-014413001050_01_P002_12_7.png,320,320,226.0,292.0,7.0,7.0,1,49.0,0.04785,0.02187,0.02187,1.0,0,0
beluga_seeker_sam,satellite,<absent>21SEP07162713-P3DS_R09C2-014413001050_01_P002_12_7.png,320,320,235.0,280.0,7.0,8.0,1,56.0,0.05469,0.02187,0.025,0.875,0,0
beluga_seeker_sam,satellite,<absent>21SEP07162713-P3DS_R09C2-014413001050_01_P002_12_7.png,320,320,236.0,286.0,9.0,11.0,1,99.0,0.09668,0.02813,0.03438,0.8182,0,0
beluga_seeker_sam,satellite,<absent>21SEP07162713-P3DS_R09C2-014413001050_01_P002_12_7.png,320,320,233.0,289.0,9.0,10.0,1,90.0,0.08789,0.02813,0.03125,0.9,0,0
beluga_seeker_sam,satellite,<absent>21SEP07162713-P3DS_R09C2-014413001050_01_P002_12_7.png,320,320,241.0,280.0,5.0,8.0,1,40.0,0.03906,0.01562,0.025,0.625,0,0
beluga_seeker_sam,satellite,<absent>21SEP07162713-P3DS_R09C2-014413001050_01_P002_12_7.png,320,320,229.0,304.0,10.0,10.0,1,100.0,0.09766,0.03125,0.03125,1.0,0,0
beluga_seeker_sam,satellite,<absent>21SEP07162713-P3DS_R09C2-014413001050_01_P002_20_44.png,320,320,135.0,171.0,12.0,9.0,1,108.0,0.10547,0.0375,0.02813,1.3333,0,0
beluga_seeker_sam,satellite,<absent>21SEP07162713-P3DS_R09C2-014413001050_01_P002_23_44.png,320,320,231.0,214.0,13.0,6.0,1,78.0,0.07617,0.04063,0.01875,2.1667,0,0
beluga_seeker_sam,satellite,<absent>21SEP07162713-P3DS_R09C2-014413001050_01_P002_25_40.png,320,320,149.0,316.0,13.0,4.0,1,52.0,0.05078,0.04063,0.0125,3.25,0,0
beluga_seeker_sam,satellite,<absent>21SEP07162713-P3DS_R09C2-014413001050_01_P002_31_43.png,320,320,161.0,95.0,7.0,9.0,1,63.0,0.06152,0.02187,0.02813,0.7778,0,0
beluga_seeker_sam,satellite,<absent>21SEP07162713-P3DS_R09C2-014413001050_01_P002_31_43.png,320,320,165.0,100.0,7.0,7.0,1,49.0,0.04785,0.02187,0.02187,1.0,0,0
beluga_seeker_sam,satellite,<absent>21SEP07162713-P3DS_R09C2-014413001050_01_P002_31_43.png,320,320,172.0,99.0,6.0,9.0,1,54.0,0.05273,0.01875,0.02813,0.6667,0,0
beluga_seeker_sam,satellite,<absent>21SEP07162713-P3DS_R09C2-014413001050_01_P002_31_43.png,320,320,173.0,101.0,9.0,10.0,1,90.0,0.08789,0.02813,0.03125,0.9,0,0
beluga_seeker_sam,satellite,<absent>21SEP07162713-P3DS_R09C2-014413001050_01_P002_38_30.png,320,320,238.0,93.0,12.0,10.0,1,120.0,0.11719,0.0375,0.03125,1.2,0,0
beluga_seeker_sam,satellite,<absent>21SEP07162713-P3DS_R09C2-014413001050_01_P002_50_17.png,320,320,125.0,9.0,14.0,18.0,1,252.0,0.24609,0.04375,0.05625,0.7778,0,0
beluga_seeker_sam,satellite,<absent>21SEP07162713-P3DS_R09C2-014413001050_01_P002_5_35.png,320,320,101.0,68.0,7.0,11.0,1,77.0,0.0752,0.02187,0.03438,0.6364,0,0
beluga_seeker_sam,satellite,<absent>21SEP07162713-P3DS_R09C3-014413001050_01_P002_0_3.png,320,320,310.0,286.0,10.0,7.0,1,70.0,0.06836,0.03125,0.02187,1.4286,0,0
beluga_seeker_sam,satellite,<absent>21SEP07162713-P3DS_R09C3-014413001050_01_P002_0_3.png,320,320,202.0,309.0,14.0,7.0,1,98.0,0.0957,0.04375,0.02187,2.0,0,0
beluga_seeker_sam,satellite,<absent>21SEP07162713-P3DS_R09C3-014413001050_01_P002_0_4.png,320,320,63.0,280.0,10.0,9.0,1,90.0,0.08789,0.03125,0.02813,1.1111,0,0
beluga_seeker_sam,satellite,<absent>21SEP07162713-P3DS_R09C3-014413001050_01_P002_0_4.png,320,320,123.0,273.0,17.0,8.0,1,136.0,0.13281,0.05312,0.025,2.125,0,0
beluga_seeker_sam,satellite,<absent>21SEP07162713-P3DS_R09C3-014413001050_01_P002_0_50.png,320,320,197.0,239.0,10.0,9.0,1,90.0,0.08789,0.03125,0.02813,1.1111,0,0
beluga_seeker_sam,satellite,<absent>21SEP07162713-P3DS_R09C3-014413001050_01_P002_0_50.png,320,320,167.0,161.0,9.0,11.0,1,99.0,0.09668,0.02813,0.03438,0.8182,0,0
beluga_seeker_sam,satellite,<absent>21SEP07162713-P3DS_R09C3-014413001050_01_P002_16_27.png,320,320,15.0,145.0,10.0,8.0,1,80.0,0.07812,0.03125,0.025,1.25,0,0
beluga_seeker_sam,satellite,<absent>21SEP07162713-P3DS_R09C3-014413001050_01_P002_18_39.png,320,320,45.0,247.0,9.0,7.0,1,63.0,0.06152,0.02813,0.02187,1.2857,0,0
beluga_seeker_sam,satellite,<absent>21SEP07162713-P3DS_R09C3-014413001050_01_P002_18_39.png,320,320,69.0,230.0,11.0,10.0,1,110.0,0.10742,0.03438,0.03125,1.1,0,0
beluga_seeker_sam,satellite,<absent>21SEP07162713-P3DS_R09C3-014413001050_01_P002_18_39.png,320,320,112.0,248.0,12.0,10.0,1,120.0,0.11719,0.0375,0.03125,1.2,0,0
beluga_seeker_sam,satellite,<absent>21SEP07162713-P3DS_R09C3-014413001050_01_P002_18_39.png,320,320,123.0,244.0,13.0,10.0,1,130.0,0.12695,0.04063,0.03125,1.3,0,0
beluga_seeker_sam,satellite,<absent>21SEP07162713-P3DS_R09C3-014413001050_01_P002_23_9.png,320,320,132.0,10.0,11.0,7.0,1,77.0,0.0752,0.03438,0.02187,1.5714,0,0
beluga_seeker_sam,satellite,<absent>21SEP07162713-P3DS_R09C3-014413001050_01_P002_26_0.png,320,320,180.0,18.0,15.0,9.0,1,135.0,0.13184,0.04688,0.02813,1.6667,0,0
beluga_seeker_sam,satellite,<absent>21SEP07162713-P3DS_R09C3-014413001050_01_P002_29_17.png,320,320,113.0,86.0,12.0,7.0,1,84.0,0.08203,0.0375,0.02187,1.7143,0,0
beluga_seeker_sam,satellite,<absent>21SEP07162713-P3DS_R09C3-014413001050_01_P002_36_51.png,320,320,31.0,285.0,13.0,8.0,1,104.0,0.10156,0.04063,0.025,1.625,0,0
beluga_seeker_sam,satellite,<absent>21SEP07162713-P3DS_R09C3-014413001050_01_P002_46_18.png,320,320,103.0,290.0,8.0,9.0,1,72.0,0.07031,0.025,0.02813,0.8889,0,0
beluga_seeker_sam,satellite,<absent>21SEP07162713-P3DS_R09C3-014413001050_01_P002_49_35.png,320,320,194.0,187.0,11.0,9.0,1,99.0,0.09668,0.03438,0.02813,1.2222,0,0
beluga_seeker_sam,satellite,<absent>21SEP07162713-P3DS_R09C3-014413001050_01_P002_4_3.png,320,320,195.0,234.0,13.0,8.0,1,104.0,0.10156,0.04063,0.025,1.625,0,0
beluga_seeker_sam,satellite,<absent>21SEP07162713-P3DS_R09C3-014413001050_01_P002_4_3.png,320,320,273.0,166.0,12.0,8.0,1,96.0,0.09375,0.0375,0.025,1.5,0,0
beluga_seeker_sam,satellite,<absent>21SEP07162713-P3DS_R09C3-014413001050_01_P002_7_6.png,320,320,215.0,65.0,11.0,11.0,1,121.0,0.11816,0.03438,0.03438,1.0,0,0
beluga_seeker_sam,satellite,<absent>21SEP07162713-P3DS_R09C4-014413001050_01_P002_0_1.png,320,320,25.0,238.0,18.0,8.0,1,144.0,0.14062,0.05625,0.025,2.25,0,0
beluga_seeker_sam,satellite,<absent>21SEP07162713-P3DS_R10C1-014413001050_01_P002_11_34.png,320,320,245.0,39.0,9.0,8.0,1,72.0,0.07031,0.02813,0.025,1.125,0,0
beluga_seeker_sam,satellite,<absent>21SEP07162713-P3DS_R10C1-014413001050_01_P002_14_35.png,320,320,0.0,241.0,10.0,7.0,1,70.0,0.06836,0.03125,0.02187,1.4286,0,0
beluga_seeker_sam,satellite,<absent>21SEP07162713-P3DS_R10C1-014413001050_01_P002_14_35.png,320,320,4.0,234.0,11.0,7.0,1,77.0,0.0752,0.03438,0.02187,1.5714,0,0
beluga_seeker_sam,satellite,<absent>21SEP07162713-P3DS_R10C1-014413001050_01_P002_15_35.png,320,320,29.0,154.0,10.0,12.0,1,120.0,0.11719,0.03125,0.0375,0.8333,0,0
beluga_seeker_sam,satellite,<absent>21SEP07162713-P3DS_R10C1-014413001050_01_P002_23_22.png,320,320,51.0,101.0,7.0,14.0,1,98.0,0.0957,0.02187,0.04375,0.5,0,0
beluga_seeker_sam,satellite,<absent>21SEP07162713-P3DS_R10C2-014413001050_01_P002_14_30.png,320,320,246.0,10.0,8.0,10.0,1,80.0,0.07812,0.025,0.03125,0.8,0,0
beluga_seeker_sam,satellite,<absent>21SEP07162713-P3DS_R10C2-014413001050_01_P002_1_21.png,320,320,88.0,0.0,13.0,11.0,1,143.0,0.13965,0.04063,0.03438,1.1818,0,0
beluga_seeker_sam,satellite,<absent>21SEP07162713-P3DS_R10C3-014413001050_01_P002_1_33.png,320,320,77.0,184.0,9.0,9.0,1,81.0,0.0791,0.02813,0.02813,1.0,0,0
beluga_seeker_sam,satellite,<absent>21SEP07162713-P3DS_R10C3-014413001050_01_P002_22_47.png,320,320,205.0,78.0,10.0,13.0,1,130.0,0.12695,0.03125,0.04063,0.7692,0,0
beluga_seeker_sam,satellite,<absent>21SEP07162713-P3DS_R10C3-014413001050_01_P002_23_12.png,320,320,106.0,151.0,15.0,11.0,1,165.0,0.16113,0.04688,0.03438,1.3636,0,0
beluga_seeker_sam,satellite,<absent>21SEP07162713-P3DS_R10C3-014413001050_01_P002_23_28.png,320,320,81.0,7.0,17.0,7.0,1,119.0,0.11621,0.05312,0.02187,2.4286,0,0
beluga_seeker_sam,satellite,<absent>21SEP07162713-P3DS_R10C3-014413001050_01_P002_24_50.png,320,320,282.0,77.0,9.0,12.0,1,108.0,0.10547,0.02813,0.0375,0.75,0,0
beluga_seeker_sam,satellite,<absent>21SEP07162713-P3DS_R10C3-014413001050_01_P002_25_10.png,320,320,141.0,147.0,11.0,7.0,1,77.0,0.0752,0.03438,0.02187,1.5714,0,0
beluga_seeker_sam,satellite,<absent>21SEP07162713-P3DS_R10C3-014413001050_01_P002_25_10.png,320,320,153.0,77.0,11.0,9.0,1,99.0,0.09668,0.03438,0.02813,1.2222,0,0
beluga_seeker_sam,satellite,<absent>21SEP07162713-P3DS_R11C2-014413001050_01_P002_40_18.png,320,320,163.0,230.0,16.0,16.0,1,256.0,0.25,0.05,0.05,1.0,0,0
beluga_seeker_sam,satellite,<absent>21SEP07162713-P3DS_R11C2-014413001050_01_P002_47_10.png,320,320,260.0,216.0,9.0,7.0,1,63.0,0.06152,0.02813,0.02187,1.2857,0,0
beluga_seeker_sam,satellite,<absent>21SEP07162713-P3DS_R11C2-014413001050_01_P002_47_10.png,320,320,248.0,224.0,11.0,6.0,1,66.0,0.06445,0.03438,0.01875,1.8333,0,0
beluga_seeker_sam,satellite,<absent>21SEP07162713-P3DS_R11C2-014413001050_01_P002_47_10.png,320,320,240.0,231.0,9.0,7.0,1,63.0,0.06152,0.02813,0.02187,1.2857,0,0
beluga_seeker_sam,satellite,<absent>21SEP07162713-P3DS_R11C2-014413001050_01_P002_47_10.png,320,320,205.0,285.0,11.0,6.0,1,66.0,0.06445,0.03438,0.01875,1.8333,0,0
beluga_seeker_sam,satellite,<absent>21SEP07162713-P3DS_R11C2-014413001050_01_P002_47_10.png,320,320,202.0,245.0,10.0,6.0,1,60.0,0.05859,0.03125,0.01875,1.6667,0,0
beluga_seeker_sam,satellite,<absent>21SEP07162713-P3DS_R11C2-014413001050_01_P002_47_10.png,320,320,190.0,244.0,12.0,7.0,1,84.0,0.08203,0.0375,0.02187,1.7143,0,0
beluga_seeker_sam,satellite,<absent>21SEP07162713-P3DS_R11C2-014413001050_01_P002_47_11.png,320,320,157.0,1.0,8.0,9.0,1,72.0,0.07031,0.025,0.02813,0.8889,0,0
beluga_seeker_sam,satellite,<absent>21SEP07162713-P3DS_R12C2-014413001050_01_P002_0_22.png,320,320,152.0,242.0,8.0,10.0,1,80.0,0.07812,0.025,0.03125,0.8,0,0
beluga_seeker_sam,satellite,<absent>22AUG01161709-P3DM_R02C2-015379185020_01_P001_78_82.png,192,192,166.0,179.0,4.0,5.0,1,20.0,0.05425,0.02083,0.02604,0.8,0,0
beluga_seeker_sam,satellite,<absent>22AUG01161709-P3DM_R02C3-015379185020_01_P001_59_73.png,192,192,12.0,116.0,7.0,5.0,1,35.0,0.09494,0.03646,0.02604,1.4,0,0
beluga_seeker_sam,satellite,<absent>22AUG01161709-P3DM_R02C3-015379185020_01_P001_59_79.png,192,192,108.0,138.0,4.0,6.0,1,24.0,0.0651,0.02083,0.03125,0.6667,0,0
beluga_seeker_sam,satellite,<absent>22AUG01161709-P3DM_R02C3-015379185020_01_P001_60_76.png,192,192,136.0,28.0,5.0,6.0,1,30.0,0.08138,0.02604,0.03125,0.8333,0,0
beluga_seeker_sam,satellite,<absent>22AUG01161709-P3DM_R02C3-015379185020_01_P001_61_74.png,192,192,107.0,64.0,7.0,4.0,1,28.0,0.07595,0.03646,0.02083,1.75,0,0
beluga_seeker_sam,satellite,<absent>22AUG01161709-P3DM_R02C3-015379185020_01_P001_62_75.png,192,192,166.0,153.0,5.0,6.0,1,30.0,0.08138,0.02604,0.03125,0.8333,0,0
beluga_seeker_sam,satellite,<absent>22AUG01161709-P3DM_R02C3-015379185020_01_P001_63_74.png,192,192,105.0,2.0,4.0,11.0,1,44.0,0.11936,0.02083,0.05729,0.3636,0,0
beluga_seeker_sam,satellite,<absent>22AUG01161709-P3DM_R02C3-015379185020_01_P001_63_74.png,192,192,100.0,6.0,6.0,8.0,1,48.0,0.13021,0.03125,0.04167,0.75,0,0
beluga_seeker_sam,satellite,<absent>22AUG01161709-P3DM_R02C3-015379185020_01_P001_63_74.png,192,192,106.0,13.0,4.0,8.0,1,32.0,0.08681,0.02083,0.04167,0.5,0,0
beluga_seeker_sam,satellite,<absent>22AUG01161709-P3DM_R02C3-015379185020_01_P001_63_74.png,192,192,185.0,175.0,4.0,8.0,1,32.0,0.08681,0.02083,0.04167,0.5,0,0
beluga_seeker_sam,satellite,<absent>22AUG01161709-P3DM_R02C3-015379185020_01_P001_63_74.png,192,192,135.0,183.0,7.0,5.0,1,35.0,0.09494,0.03646,0.02604,1.4,0,0
beluga_seeker_sam,satellite,<absent>22AUG01161709-P3DM_R02C3-015379185020_01_P001_63_74.png,192,192,143.0,182.0,10.0,5.0,1,50.0,0.13563,0.05208,0.02604,2.0,0,0
beluga_seeker_sam,satellite,<absent>22AUG01161709-P3DM_R02C3-015379185020_01_P001_63_74.png,192,192,168.0,171.0,5.0,8.0,1,40.0,0.10851,0.02604,0.04167,0.625,0,0
beluga_seeker_sam,satellite,<absent>22AUG01161709-P3DM_R02C3-015379185020_01_P001_63_75.png,192,192,2.0,114.0,6.0,8.0,1,48.0,0.13021,0.03125,0.04167,0.75,0,0
beluga_seeker_sam,satellite,<absent>22AUG01161709-P3DM_R02C3-015379185020_01_P001_63_76.png,192,192,73.0,14.0,5.0,5.0,1,25.0,0.06782,0.02604,0.02604,1.0,0,0
beluga_seeker_sam,satellite,<absent>22AUG01161709-P3DM_R02C3-015379185020_01_P001_64_74.png,192,192,166.0,21.0,4.0,8.0,1,32.0,0.08681,0.02083,0.04167,0.5,0,0
beluga_seeker_sam,satellite,<absent>22AUG01161709-P3DM_R02C3-015379185020_01_P001_64_74.png,192,192,165.0,53.0,4.0,8.0,1,32.0,0.08681,0.02083,0.04167,0.5,0,0
beluga_seeker_sam,satellite,<absent>22AUG01161709-P3DM_R02C3-015379185020_01_P001_64_74.png,192,192,187.0,88.0,5.0,4.0,1,20.0,0.05425,0.02604,0.02083,1.25,0,0
beluga_seeker_sam,satellite,<absent>22AUG01161709-P3DM_R02C3-015379185020_01_P001_64_74.png,192,192,151.0,81.0,6.0,5.0,1,30.0,0.08138,0.03125,0.02604,1.2,0,0
beluga_seeker_sam,satellite,<absent>22AUG01161709-P3DM_R02C3-015379185020_01_P001_64_75.png,192,192,0.0,87.0,10.0,6.0,1,60.0,0.16276,0.05208,0.03125,1.6667,0,0
beluga_seeker_sam,satellite,<absent>22AUG01161709-P3DM_R02C3-015379185020_01_P001_64_76.png,192,192,88.0,180.0,7.0,4.0,1,28.0,0.07595,0.03646,0.02083,1.75,0,0
beluga_seeker_sam,satellite,<absent>22AUG01161709-P3DM_R02C3-015379185020_01_P001_64_82.png,192,192,87.0,65.0,5.0,5.0,1,25.0,0.06782,0.02604,0.02604,1.0,0,0
beluga_seeker_sam,satellite,<absent>22AUG01161709-P3DM_R02C3-015379185020_01_P001_65_74.png,192,192,187.0,57.0,5.0,10.0,1,50.0,0.13563,0.02604,0.05208,0.5,0,0
beluga_seeker_sam,satellite,<absent>22AUG01161709-P3DM_R02C3-015379185020_01_P001_65_75.png,192,192,45.0,36.0,4.0,6.0,1,24.0,0.0651,0.02083,0.03125,0.6667,0,0
beluga_seeker_sam,satellite,<absent>22AUG01161709-P3DM_R02C3-015379185020_01_P001_71_21.png,192,192,179.0,9.0,4.0,4.0,1,16.0,0.0434,0.02083,0.02083,1.0,0,0
beluga_seeker_sam,satellite,<absent>22AUG01161709-P3DM_R02C3-015379185020_01_P001_76_76.png,192,192,89.0,123.0,5.0,5.0,1,25.0,0.06782,0.02604,0.02604,1.0,0,0
beluga_seeker_sam,satellite,<absent>22AUG01161709-P3DM_R02C3-015379185020_01_P001_76_77.png,192,192,112.0,50.0,5.0,5.0,1,25.0,0.06782,0.02604,0.02604,1.0,0,0
beluga_seeker_sam,satellite,<absent>22AUG01161709-P3DM_R02C3-015379185020_01_P001_78_83.png,192,192,74.0,71.0,5.0,5.0,1,25.0,0.06782,0.02604,0.02604,1.0,0,0
beluga_seeker_sam,satellite,<absent>22AUG01161709-P3DM_R02C3-015379185020_01_P001_78_83.png,192,192,66.0,72.0,7.0,7.0,1,49.0,0.13292,0.03646,0.03646,1.0,0,0
beluga_seeker_sam,satellite,<absent>22AUG01161709-P3DM_R02C3-015379185020_01_P001_78_83.png,192,192,62.0,75.0,5.0,4.0,1,20.0,0.05425,0.02604,0.02083,1.25,0,0
beluga_seeker_sam,satellite,<absent>22AUG01161709-P3DM_R02C3-015379185020_01_P001_82_67.png,192,192,51.0,44.0,4.0,6.0,1,24.0,0.0651,0.02083,0.03125,0.6667,0,0
beluga_seeker_sam,satellite,<absent>22AUG01161709-P3DM_R02C3-015379185020_01_P001_83_39.png,192,192,55.0,139.0,7.0,6.0,1,42.0,0.11393,0.03646,0.03125,1.1667,0,0
beluga_seeker_sam,satellite,<absent>22AUG01161709-P3DM_R02C3-015379185020_01_P001_83_78.png,192,192,30.0,12.0,6.0,5.0,1,30.0,0.08138,0.03125,0.02604,1.2,0,0
beluga_seeker_sam,satellite,<absent>22AUG01161709-P3DM_R02C3-015379185020_01_P001_83_78.png,192,192,19.0,10.0,6.0,5.0,1,30.0,0.08138,0.03125,0.02604,1.2,0,0
beluga_seeker_sam,satellite,<absent>22AUG01161709-P3DM_R02C4-015379185020_01_P001_65_10.png,192,192,177.0,18.0,5.0,7.0,1,35.0,0.09494,0.02604,0.03646,0.7143,0,0
beluga_seeker_sam,satellite,<absent>22AUG01161709-P3DM_R02C4-015379185020_01_P001_65_39.png,192,192,145.0,53.0,5.0,8.0,1,40.0,0.10851,0.02604,0.04167,0.625,0,0
beluga_seeker_sam,satellite,<absent>22AUG01161709-P3DM_R02C4-015379185020_01_P001_67_45.png,192,192,8.0,3.0,6.0,8.0,1,48.0,0.13021,0.03125,0.04167,0.75,0,0
beluga_seeker_sam,satellite,<absent>22AUG01161709-P3DM_R02C4-015379185020_01_P001_67_45.png,192,192,3.0,2.0,6.0,9.0,1,54.0,0.14648,0.03125,0.04688,0.6667,0,0
beluga_seeker_sam,satellite,<absent>22AUG01161709-P3DM_R02C4-015379185020_01_P001_67_47.png,192,192,33.0,186.0,9.0,6.0,1,54.0,0.14648,0.04688,0.03125,1.5,0,0
beluga_seeker_sam,satellite,<absent>22AUG01161709-P3DM_R02C4-015379185020_01_P001_68_47.png,192,192,96.0,67.0,7.0,10.0,1,70.0,0.18989,0.03646,0.05208,0.7,0,0
beluga_seeker_sam,satellite,<absent>22AUG01161709-P3DM_R02C4-015379185020_01_P001_68_47.png,192,192,22.0,88.0,8.0,5.0,1,40.0,0.10851,0.04167,0.02604,1.6,0,0
beluga_seeker_sam,satellite,<absent>22AUG01161709-P3DM_R02C4-015379185020_01_P001_68_47.png,192,192,9.0,5.0,9.0,5.0,1,45.0,0.12207,0.04688,0.02604,1.8,0,0
beluga_seeker_sam,satellite,<absent>22AUG01161709-P3DM_R02C4-015379185020_01_P001_68_47.png,192,192,33.0,131.0,9.0,5.0,1,45.0,0.12207,0.04688,0.02604,1.8,0,0
beluga_seeker_sam,satellite,<absent>22AUG01161709-P3DM_R02C4-015379185020_01_P001_69_47.png,192,192,0.0,27.0,3.0,5.0,1,15.0,0.04069,0.01562,0.02604,0.6,0,0
beluga_seeker_sam,satellite,<absent>22AUG01161709-P3DM_R02C4-015379185020_01_P001_71_24.png,192,192,148.0,166.0,7.0,6.0,1,42.0,0.11393,0.03646,0.03125,1.1667,0,0
beluga_seeker_sam,satellite,<absent>22AUG01161709-P3DM_R02C4-015379185020_01_P001_72_16.png,192,192,17.0,120.0,5.0,7.0,1,35.0,0.09494,0.02604,0.03646,0.7143,0,0
beluga_seeker_sam,satellite,<absent>22AUG01161709-P3DM_R02C4-015379185020_01_P001_72_16.png,192,192,31.0,125.0,7.0,7.0,1,49.0,0.13292,0.03646,0.03646,1.0,0,0
beluga_seeker_sam,satellite,<absent>22AUG01161709-P3DM_R02C4-015379185020_01_P001_74_22.png,192,192,68.0,159.0,6.0,7.0,1,42.0,0.11393,0.03125,0.03646,0.8571,0,0
beluga_seeker_sam,satellite,<absent>22AUG01161709-P3DM_R02C4-015379185020_01_P001_75_15.png,192,192,85.0,60.0,4.0,6.0,1,24.0,0.0651,0.02083,0.03125,0.6667,0,0
beluga_seeker_sam,satellite,<absent>22AUG01161709-P3DM_R02C4-015379185020_01_P001_75_15.png,192,192,94.0,68.0,7.0,9.0,1,63.0,0.1709,0.03646,0.04688,0.7778,0,0
beluga_seeker_sam,satellite,<absent>22AUG01161709-P3DM_R02C4-015379185020_01_P001_75_38.png,192,192,160.0,175.0,12.0,8.0,1,96.0,0.26042,0.0625,0.04167,1.5,0,0
beluga_seeker_sam,satellite,<absent>22AUG01161709-P3DM_R02C4-015379185020_01_P001_76_40.png,192,192,162.0,72.0,7.0,4.0,1,28.0,0.07595,0.03646,0.02083,1.75,0,0
beluga_seeker_sam,satellite,<absent>22AUG01161709-P3DM_R02C4-015379185020_01_P001_78_17.png,192,192,14.0,7.0,8.0,6.0,1,48.0,0.13021,0.04167,0.03125,1.3333,0,0
beluga_seeker_sam,satellite,<absent>22AUG01161709-P3DM_R02C4-015379185020_01_P001_79_17.png,192,192,143.0,156.0,10.0,4.0,1,40.0,0.10851,0.05208,0.02083,2.5,0,0
beluga_seeker_sam,satellite,<absent>22AUG01161709-P3DM_R02C4-015379185020_01_P001_81_19.png,192,192,107.0,177.0,7.0,8.0,1,56.0,0.15191,0.03646,0.04167,0.875,0,0
beluga_seeker_sam,satellite,<absent>22AUG01161709-P3DM_R02C4-015379185020_01_P001_81_19.png,192,192,55.0,151.0,8.0,8.0,1,64.0,0.17361,0.04167,0.04167,1.0,0,0
beluga_seeker_sam,satellite,<absent>22AUG01161709-P3DM_R02C4-015379185020_01_P001_81_19.png,192,192,53.0,132.0,7.0,8.0,1,56.0,0.15191,0.03646,0.04167,0.875,0,0
beluga_seeker_sam,satellite,<absent>22AUG01161709-P3DM_R02C4-015379185020_01_P001_82_18.png,192,192,61.0,53.0,7.0,6.0,1,42.0,0.11393,0.03646,0.03125,1.1667,0,0
beluga_seeker_sam,satellite,<absent>22AUG01161709-P3DM_R02C4-015379185020_01_P001_82_18.png,192,192,64.0,106.0,8.0,6.0,1,48.0,0.13021,0.04167,0.03125,1.3333,0,0
beluga_seeker_sam,satellite,<absent>22AUG01161709-P3DM_R02C4-015379185020_01_P001_82_19.png,192,192,78.0,8.0,6.0,7.0,1,42.0,0.11393,0.03125,0.03646,0.8571,0,0
beluga_seeker_sam,satellite,<absent>22AUG01161709-P3DM_R02C4-015379185020_01_P001_82_19.png,192,192,83.0,12.0,7.0,6.0,1,42.0,0.11393,0.03646,0.03125,1.1667,0,0
beluga_seeker_sam,satellite,<absent>22AUG01161709-P3DM_R02C4-015379185020_01_P001_82_19.png,192,192,92.0,20.0,9.0,7.0,1,63.0,0.1709,0.04688,0.03646,1.2857,0,0
beluga_seeker_sam,satellite,<absent>22AUG01161709-P3DM_R02C7-015379185020_01_P001_46_43.png,192,192,156.0,25.0,9.0,6.0,1,54.0,0.14648,0.04688,0.03125,1.5,0,0
beluga_seeker_sam,satellite,<absent>22AUG01161709-P3DM_R03C7-015379185020_01_P001_49_71.png,192,192,11.0,104.0,8.0,5.0,1,40.0,0.10851,0.04167,0.02604,1.6,0,0
beluga_seeker_sam,satellite,<absent>22AUG01161709-P3DM_R04C1-015379185020_01_P001_13_79.png,192,192,134.0,70.0,6.0,8.0,1,48.0,0.13021,0.03125,0.04167,0.75,0,0
beluga_seeker_sam,satellite,<absent>22AUG01161709-P3DM_R04C2-015379185020_01_P001_23_3.png,192,192,151.0,5.0,3.0,3.0,1,9.0,0.02441,0.01562,0.01562,1.0,0,0
beluga_seeker_sam,satellite,<absent>22AUG01161709-P3DM_R04C2-015379185020_01_P001_23_3.png,192,192,147.0,6.0,3.0,3.0,1,9.0,0.02441,0.01562,0.01562,1.0,0,0
beluga_seeker_sam,satellite,<absent>22AUG01161709-P3DM_R04C2-015379185020_01_P001_23_3.png,192,192,144.0,29.0,4.0,3.0,1,12.0,0.03255,0.02083,0.01562,1.3333,0,0
beluga_seeker_sam,satellite,<absent>22AUG01161709-P3DM_R04C2-015379185020_01_P001_23_3.png,192,192,139.0,21.0,3.0,4.0,1,12.0,0.03255,0.01562,0.02083,0.75,0,0
beluga_seeker_sam,satellite,<absent>22AUG01161709-P3DM_R04C2-015379185020_01_P001_23_3.png,192,192,138.0,16.0,3.0,3.0,1,9.0,0.02441,0.01562,0.01562,1.0,0,0
beluga_seeker_sam,satellite,<absent>22AUG01161709-P3DM_R04C2-015379185020_01_P001_23_3.png,192,192,135.0,13.0,3.0,4.0,1,12.0,0.03255,0.01562,0.02083,0.75,0,0
beluga_seeker_sam,satellite,<absent>22AUG01161709-P3DM_R04C2-015379185020_01_P001_23_3.png,192,192,142.0,4.0,4.0,5.0,1,20.0,0.05425,0.02083,0.02604,0.8,0,0
beluga_seeker_sam,satellite,<absent>22AUG01161709-P3DM_R04C2-015379185020_01_P001_23_3.png,192,192,141.0,9.0,3.0,2.0,1,6.0,0.01628,0.01562,0.01042,1.5,0,0
beluga_seeker_sam,satellite,<absent>22AUG01161709-P3DM_R04C2-015379185020_01_P001_23_3.png,192,192,141.0,7.0,3.0,2.0,1,6.0,0.01628,0.01562,0.01042,1.5,0,0
beluga_seeker_sam,satellite,<absent>22AUG01161709-P3DM_R04C2-015379185020_01_P001_23_3.png,192,192,137.0,5.0,3.0,4.0,1,12.0,0.03255,0.01562,0.02083,0.75,0,0
beluga_seeker_sam,satellite,<absent>22AUG01161709-P3DM_R04C2-015379185020_01_P001_23_3.png,192,192,139.0,12.0,3.0,3.0,1,9.0,0.02441,0.01562,0.01562,1.0,0,0
beluga_seeker_sam,satellite,<absent>22AUG01161709-P3DM_R04C2-015379185020_01_P001_23_3.png,192,192,128.0,10.0,3.0,3.0,1,9.0,0.02441,0.01562,0.01562,1.0,0,0
beluga_seeker_sam,satellite,<absent>22AUG01161709-P3DM_R04C2-015379185020_01_P001_23_3.png,192,192,125.0,8.0,4.0,5.0,1,20.0,0.05425,0.02083,0.02604,0.8,0,0
beluga_seeker_sam,satellite,<absent>22AUG01161709-P3DM_R04C2-015379185020_01_P001_23_3.png,192,192,128.0,19.0,3.0,4.0,1,12.0,0.03255,0.01562,0.02083,0.75,0,0
beluga_seeker_sam,satellite,<absent>22AUG01161709-P3DM_R04C2-015379185020_01_P001_23_3.png,192,192,127.0,22.0,3.0,3.0,1,9.0,0.02441,0.01562,0.01562,1.0,0,0
beluga_seeker_sam,satellite,<absent>22AUG01161709-P3DM_R04C2-015379185020_01_P001_23_3.png,192,192,126.0,26.0,3.0,3.0,1,9.0,0.02441,0.01562,0.01562,1.0,0,0
beluga_seeker_sam,satellite,<absent>22AUG01161709-P3DM_R04C2-015379185020_01_P001_24_2.png,192,192,171.0,85.0,4.0,5.0,1,20.0,0.05425,0.02083,0.02604,0.8,0,0
beluga_seeker_sam,satellite,<absent>22AUG01161709-P3DM_R04C2-015379185020_01_P001_24_2.png,192,192,126.0,165.0,5.0,4.0,1,20.0,0.05425,0.02604,0.02083,1.25,0,0
beluga_seeker_sam,satellite,<absent>22AUG01161709-P3DM_R04C2-015379185020_01_P001_24_2.png,192,192,73.0,146.0,4.0,4.0,1,16.0,0.0434,0.02083,0.02083,1.0,0,0
beluga_seeker_sam,satellite,<absent>22AUG01161709-P3DM_R04C2-015379185020_01_P001_24_2.png,192,192,15.0,146.0,5.0,4.0,1,20.0,0.05425,0.02604,0.02083,1.25,0,0
beluga_seeker_sam,satellite,<absent>22AUG01161709-P3DM_R04C2-015379185020_01_P001_27_1.png,192,192,50.0,89.0,5.0,5.0,1,25.0,0.06782,0.02604,0.02604,1.0,0,0
beluga_seeker_sam,satellite,<absent>22AUG01161709-P3DM_R04C2-015379185020_01_P001_28_1.png,192,192,168.0,105.0,5.0,7.0,1,35.0,0.09494,0.02604,0.03646,0.7143,0,0
beluga_seeker_sam,satellite,<absent>22AUG01161709-P3DM_R04C2-015379185020_01_P001_42_38.png,192,192,74.0,177.0,4.0,5.0,1,20.0,0.05425,0.02083,0.02604,0.8,0,0
beluga_seeker_sam,satellite,<absent>22AUG01161709-P3DM_R04C2-015379185020_01_P001_42_38.png,192,192,70.0,176.0,6.0,5.0,1,30.0,0.08138,0.03125,0.02604,1.2,0,0
beluga_seeker_sam,satellite,<absent>22AUG01161709-P3DM_R04C2-015379185020_01_P001_42_38.png,192,192,65.0,176.0,6.0,6.0,1,36.0,0.09766,0.03125,0.03125,1.0,0,0
beluga_seeker_sam,satellite,<absent>22AUG01161709-P3DM_R04C2-015379185020_01_P001_42_38.png,192,192,64.0,176.0,3.0,5.0,1,15.0,0.04069,0.01562,0.02604,0.6,0,0
beluga_seeker_sam,satellite,<absent>22AUG01161709-P3DM_R04C2-015379185020_01_P001_42_38.png,192,192,60.0,176.0,4.0,6.0,1,24.0,0.0651,0.02083,0.03125,0.6667,0,0
beluga_seeker_sam,satellite,<absent>22AUG01161709-P3DM_R04C2-015379185020_01_P001_42_38.png,192,192,58.0,178.0,4.0,4.0,1,16.0,0.0434,0.02083,0.02083,1.0,0,0
beluga_seeker_sam,satellite,<absent>22AUG01161709-P3DM_R04C2-015379185020_01_P001_42_38.png,192,192,60.0,182.0,4.0,6.0,1,24.0,0.0651,0.02083,0.03125,0.6667,0,0
beluga_seeker_sam,satellite,<absent>22AUG01161709-P3DM_R04C2-015379185020_01_P001_42_38.png,192,192,55.0,179.0,4.0,4.0,1,16.0,0.0434,0.02083,0.02083,1.0,0,0
beluga_seeker_sam,satellite,<absent>22AUG01161709-P3DM_R04C2-015379185020_01_P001_42_38.png,192,192,53.0,182.0,3.0,4.0,1,12.0,0.03255,0.01562,0.02083,0.75,0,0
beluga_seeker_sam,satellite,<absent>22AUG01161709-P3DM_R04C2-015379185020_01_P001_42_38.png,192,192,49.0,183.0,5.0,5.0,1,25.0,0.06782,0.02604,0.02604,1.0,0,0
beluga_seeker_sam,satellite,<absent>22AUG01161709-P3DM_R04C2-015379185020_01_P001_42_38.png,192,192,45.0,183.0,4.0,5.0,1,20.0,0.05425,0.02083,0.02604,0.8,0,0
beluga_seeker_sam,satellite,<absent>22AUG01161709-P3DM_R04C2-015379185020_01_P001_42_38.png,192,192,49.0,179.0,4.0,5.0,1,20.0,0.05425,0.02083,0.02604,0.8,0,0
beluga_seeker_sam,satellite,<absent>22AUG01161709-P3DM_R04C2-015379185020_01_P001_42_38.png,192,192,53.0,178.0,4.0,4.0,1,16.0,0.0434,0.02083,0.02083,1.0,0,0
beluga_seeker_sam,satellite,<absent>22AUG01161709-P3DM_R04C3-015379185020_01_P001_73_12.png,192,192,77.0,80.0,11.0,7.0,1,77.0,0.20888,0.05729,0.03646,1.5714,0,0
beluga_seeker_sam,satellite,<absent>22AUG01161709-P3DM_R04C7-015379185020_01_P001_31_28.png,192,192,121.0,164.0,2.0,2.0,1,4.0,0.01085,0.01042,0.01042,1.0,0,0
beluga_seeker_sam,satellite,<absent>22AUG01161709-P3DM_R04C7-015379185020_01_P001_31_28.png,192,192,124.0,158.0,4.0,6.0,1,24.0,0.0651,0.02083,0.03125,0.6667,0,0
beluga_seeker_sam,satellite,<absent>22AUG01161709-P3DM_R04C7-015379185020_01_P001_31_28.png,192,192,127.0,157.0,3.0,3.0,1,9.0,0.02441,0.01562,0.01562,1.0,0,0
beluga_seeker_sam,satellite,<absent>22AUG01161709-P3DM_R04C7-015379185020_01_P001_31_28.png,192,192,129.0,151.0,6.0,7.0,1,42.0,0.11393,0.03125,0.03646,0.8571,0,0
beluga_seeker_sam,satellite,<absent>22AUG01161709-P3DM_R04C7-015379185020_01_P001_31_28.png,192,192,118.0,165.0,5.0,4.0,1,20.0,0.05425,0.02604,0.02083,1.25,0,0
beluga_seeker_sam,satellite,<absent>22AUG01161709-P3DM_R04C7-015379185020_01_P001_31_28.png,192,192,116.0,164.0,5.0,7.0,1,35.0,0.09494,0.02604,0.03646,0.7143,0,0
beluga_seeker_sam,satellite,<absent>22AUG01161709-P3DM_R04C7-015379185020_01_P001_31_28.png,192,192,113.0,171.0,7.0,6.0,1,42.0,0.11393,0.03646,0.03125,1.1667,0,0
beluga_seeker_sam,satellite,<absent>22AUG01161709-P3DM_R04C7-015379185020_01_P001_31_28.png,192,192,109.0,169.0,2.0,5.0,1,10.0,0.02713,0.01042,0.02604,0.4,0,0
beluga_seeker_sam,satellite,<absent>22AUG01161709-P3DM_R04C7-015379185020_01_P001_31_28.png,192,192,104.0,168.0,6.0,7.0,1,42.0,0.11393,0.03125,0.03646,0.8571,0,0
beluga_seeker_sam,satellite,<absent>22AUG01161709-P3DM_R04C7-015379185020_01_P001_31_28.png,192,192,101.0,174.0,6.0,6.0,1,36.0,0.09766,0.03125,0.03125,1.0,0,0
beluga_seeker_sam,satellite,<absent>22AUG01161709-P3DM_R04C7-015379185020_01_P001_31_28.png,192,192,98.0,178.0,7.0,6.0,1,42.0,0.11393,0.03646,0.03125,1.1667,0,0
beluga_seeker_sam,satellite,<absent>22AUG01161709-P3DM_R05C3-015379185020_01_P001_1_0.png,192,192,155.0,34.0,7.0,5.0,1,35.0,0.09494,0.03646,0.02604,1.4,0,0
beluga_seeker_sam,satellite,<absent>22AUG01161709-P3DM_R05C3-015379185020_01_P001_1_0.png,192,192,112.0,42.0,5.0,7.0,1,35.0,0.09494,0.02604,0.03646,0.7143,0,0
beluga_seeker_sam,satellite,<absent>22AUG01161709-P3DM_R05C3-015379185020_01_P001_23_17.png,192,192,93.0,33.0,6.0,5.0,1,30.0,0.08138,0.03125,0.02604,1.2,0,0
beluga_seeker_sam,satellite,<absent>22AUG01161709-P3DM_R05C3-015379185020_01_P001_45_47.png,192,192,0.0,168.0,4.0,6.0,1,24.0,0.0651,0.02083,0.03125,0.6667,0,0
beluga_seeker_sam,satellite,<absent>22AUG01161709-P3DM_R05C3-015379185020_01_P001_46_80.png,192,192,178.0,112.0,5.0,5.0,1,25.0,0.06782,0.02604,0.02604,1.0,0,0
beluga_seeker_sam,satellite,<absent>22AUG01161709-P3DM_R05C3-015379185020_01_P001_46_80.png,192,192,171.0,114.0,4.0,4.0,1,16.0,0.0434,0.02083,0.02083,1.0,0,0
beluga_seeker_sam,satellite,<absent>22AUG01161709-P3DM_R05C3-015379185020_01_P001_46_80.png,192,192,164.0,122.0,4.0,5.0,1,20.0,0.05425,0.02083,0.02604,0.8,0,0
beluga_seeker_sam,satellite,<absent>22AUG01161709-P3DM_R05C3-015379185020_01_P001_46_80.png,192,192,148.0,138.0,5.0,4.0,1,20.0,0.05425,0.02604,0.02083,1.25,0,0
beluga_seeker_sam,satellite,<absent>22AUG01161709-P3DM_R05C3-015379185020_01_P001_46_80.png,192,192,82.0,181.0,3.0,5.0,1,15.0,0.04069,0.01562,0.02604,0.6,0,0
beluga_seeker_sam,satellite,<absent>22AUG01161709-P3DM_R05C3-015379185020_01_P001_46_80.png,192,192,84.0,185.0,6.0,7.0,1,42.0,0.11393,0.03125,0.03646,0.8571,0,0
beluga_seeker_sam,satellite,<absent>22AUG01161709-P3DM_R05C3-015379185020_01_P001_46_80.png,192,192,96.0,180.0,5.0,5.0,1,25.0,0.06782,0.02604,0.02604,1.0,0,0
beluga_seeker_sam,satellite,<absent>22AUG01161709-P3DM_R05C3-015379185020_01_P001_46_80.png,192,192,100.0,185.0,6.0,7.0,1,42.0,0.11393,0.03125,0.03646,0.8571,0,0
beluga_seeker_sam,satellite,<absent>22AUG01161709-P3DM_R05C3-015379185020_01_P001_46_80.png,192,192,95.0,184.0,6.0,8.0,1,48.0,0.13021,0.03125,0.04167,0.75,0,0
beluga_seeker_sam,satellite,<absent>22AUG01161709-P3DM_R05C3-015379185020_01_P001_46_80.png,192,192,89.0,188.0,7.0,4.0,1,28.0,0.07595,0.03646,0.02083,1.75,0,0
beluga_seeker_sam,satellite,<absent>22AUG01161709-P3DM_R05C3-015379185020_01_P001_46_80.png,192,192,81.0,186.0,4.0,6.0,1,24.0,0.0651,0.02083,0.03125,0.6667,0,0
beluga_seeker_sam,satellite,<absent>22AUG01161709-P3DM_R05C3-015379185020_01_P001_47_80.png,192,192,79.0,0.0,4.0,7.0,1,28.0,0.07595,0.02083,0.03646,0.5714,0,0
beluga_seeker_sam,satellite,<absent>22AUG01161709-P3DM_R05C3-015379185020_01_P001_47_80.png,192,192,68.0,1.0,5.0,4.0,1,20.0,0.05425,0.02604,0.02083,1.25,0,0
beluga_seeker_sam,satellite,<absent>22AUG01161709-P3DM_R05C3-015379185020_01_P001_47_80.png,192,192,70.0,23.0,5.0,5.0,1,25.0,0.06782,0.02604,0.02604,1.0,0,0
beluga_seeker_sam,satellite,<absent>22AUG01161709-P3DM_R05C3-015379185020_01_P001_47_80.png,192,192,77.0,18.0,5.0,4.0,1,20.0,0.05425,0.02604,0.02083,1.25,0,0
beluga_seeker_sam,satellite,<absent>22AUG01161709-P3DM_R05C3-015379185020_01_P001_47_80.png,192,192,77.0,12.0,7.0,7.0,1,49.0,0.13292,0.03646,0.03646,1.0,0,0
beluga_seeker_sam,satellite,<absent>22AUG01161709-P3DM_R05C3-015379185020_01_P001_47_80.png,192,192,81.0,7.0,9.0,7.0,1,63.0,0.1709,0.04688,0.03646,1.2857,0,0
beluga_seeker_sam,satellite,<absent>22AUG01161709-P3DM_R05C3-015379185020_01_P001_47_80.png,192,192,86.0,5.0,7.0,7.0,1,49.0,0.13292,0.03646,0.03646,1.0,0,0
beluga_seeker_sam,satellite,<absent>22AUG01161709-P3DM_R05C3-015379185020_01_P001_47_80.png,192,192,90.0,6.0,7.0,7.0,1,49.0,0.13292,0.03646,0.03646,1.0,0,0
beluga_seeker_sam,satellite,<absent>22AUG01161709-P3DM_R05C3-015379185020_01_P001_47_81.png,192,192,41.0,116.0,7.0,7.0,1,49.0,0.13292,0.03646,0.03646,1.0,0,0
beluga_seeker_sam,satellite,<absent>22AUG01161709-P3DM_R05C3-015379185020_01_P001_47_81.png,192,192,48.0,108.0,4.0,5.0,1,20.0,0.05425,0.02083,0.02604,0.8,0,0
beluga_seeker_sam,satellite,<absent>22AUG01161709-P3DM_R05C3-015379185020_01_P001_47_81.png,192,192,64.0,121.0,6.0,6.0,1,36.0,0.09766,0.03125,0.03125,1.0,0,0
beluga_seeker_sam,satellite,<absent>22AUG01161709-P3DM_R05C3-015379185020_01_P001_47_81.png,192,192,51.0,116.0,8.0,5.0,1,40.0,0.10851,0.04167,0.02604,1.6,0,0
beluga_seeker_sam,satellite,<absent>22AUG01161709-P3DM_R05C3-015379185020_01_P001_47_81.png,192,192,51.0,110.0,5.0,6.0,1,30.0,0.08138,0.02604,0.03125,0.8333,0,0
beluga_seeker_sam,satellite,<absent>22AUG01161709-P3DM_R05C3-015379185020_01_P001_47_81.png,192,192,67.0,106.0,6.0,6.0,1,36.0,0.09766,0.03125,0.03125,1.0,0,0
beluga_seeker_sam,satellite,<absent>22AUG01161709-P3DM_R05C3-015379185020_01_P001_47_81.png,192,192,62.0,105.0,6.0,6.0,1,36.0,0.09766,0.03125,0.03125,1.0,0,0
beluga_seeker_sam,satellite,<absent>22AUG01161709-P3DM_R05C3-015379185020_01_P001_47_81.png,192,192,59.0,115.0,8.0,5.0,1,40.0,0.10851,0.04167,0.02604,1.6,0,0
beluga_seeker_sam,satellite,<absent>22AUG01161709-P3DM_R05C3-015379185020_01_P001_47_81.png,192,192,60.0,110.0,8.0,7.0,1,56.0,0.15191,0.04167,0.03646,1.1429,0,0
beluga_seeker_sam,satellite,<absent>22AUG01161709-P3DM_R05C3-015379185020_01_P001_47_81.png,192,192,56.0,110.0,5.0,6.0,1,30.0,0.08138,0.02604,0.03125,0.8333,0,0
beluga_seeker_sam,satellite,<absent>22AUG01161709-P3DM_R05C6-015379185020_01_P001_46_38.png,192,192,49.0,129.0,7.0,8.0,1,56.0,0.15191,0.03646,0.04167,0.875,0,0
beluga_seeker_sam,satellite,<absent>22AUG01161709-P3DM_R05C6-015379185020_01_P001_46_38.png,192,192,28.0,120.0,6.0,7.0,1,42.0,0.11393,0.03125,0.03646,0.8571,0,0
beluga_seeker_sam,satellite,<absent>22AUG01161709-P3DM_R05C6-015379185020_01_P001_47_38.png,192,192,10.0,0.0,5.0,6.0,1,30.0,0.08138,0.02604,0.03125,0.8333,0,0
beluga_seeker_sam,satellite,<absent>22AUG01161709-P3DM_R05C7-015379185020_01_P001_38_6.png,192,192,24.0,152.0,7.0,11.0,1,77.0,0.20888,0.03646,0.05729,0.6364,0,0
beluga_seeker_sam,satellite,<absent>22AUG01161709-P3DM_R06C2-015379185020_01_P001_81_83.png,192,192,162.0,77.0,5.0,6.0,1,30.0,0.08138,0.02604,0.03125,0.8333,0,0
beluga_seeker_sam,satellite,<absent>22AUG01161709-P3DM_R06C2-015379185020_01_P001_81_83.png,192,192,168.0,70.0,6.0,5.0,1,30.0,0.08138,0.03125,0.02604,1.2,0,0
beluga_seeker_sam,satellite,<absent>22AUG01161709-P3DM_R06C2-015379185020_01_P001_81_83.png,192,192,160.0,69.0,5.0,5.0,1,25.0,0.06782,0.02604,0.02604,1.0,0,0
beluga_seeker_sam,satellite,<absent>22AUG01161709-P3DM_R06C2-015379185020_01_P001_81_83.png,192,192,160.0,72.0,4.0,4.0,1,16.0,0.0434,0.02083,0.02083,1.0,0,0
beluga_seeker_sam,satellite,<absent>22AUG01161709-P3DM_R06C2-015379185020_01_P001_81_83.png,192,192,165.0,64.0,5.0,6.0,1,30.0,0.08138,0.02604,0.03125,0.8333,0,0
beluga_seeker_sam,satellite,<absent>22AUG01161709-P3DM_R06C2-015379185020_01_P001_81_83.png,192,192,167.0,61.0,5.0,5.0,1,25.0,0.06782,0.02604,0.02604,1.0,0,0
beluga_seeker_sam,satellite,<absent>22AUG01161709-P3DM_R06C2-015379185020_01_P001_81_83.png,192,192,169.0,66.0,5.0,6.0,1,30.0,0.08138,0.02604,0.03125,0.8333,0,0
beluga_seeker_sam,satellite,<absent>22AUG01161709-P3DM_R06C2-015379185020_01_P001_81_83.png,192,192,168.0,74.0,6.0,6.0,1,36.0,0.09766,0.03125,0.03125,1.0,0,0
beluga_seeker_sam,satellite,<absent>22AUG01161709-P3DM_R06C4-015379185020_01_P001_22_19.png,192,192,50.0,87.0,7.0,7.0,1,49.0,0.13292,0.03646,0.03646,1.0,0,0
beluga_seeker_sam,satellite,<absent>22AUG01161709-P3DM_R06C4-015379185020_01_P001_52_46.png,192,192,123.0,166.0,4.0,6.0,1,24.0,0.0651,0.02083,0.03125,0.6667,0,0
beluga_seeker_sam,satellite,<absent>22AUG01161709-P3DM_R06C5-015379185020_01_P001_73_46.png,192,192,67.0,74.0,10.0,5.0,1,50.0,0.13563,0.05208,0.02604,2.0,0,0
beluga_seeker_sam,satellite,<absent>22AUG01161709-P3DM_R06C6-015379185020_01_P001_22_59.png,192,192,188.0,159.0,4.0,8.0,1,32.0,0.08681,0.02083,0.04167,0.5,0,0
beluga_seeker_sam,satellite,<absent>22AUG01161709-P3DM_R06C6-015379185020_01_P001_22_59.png,192,192,181.0,163.0,5.0,9.0,1,45.0,0.12207,0.02604,0.04688,0.5556,0,0
beluga_seeker_sam,satellite,<absent>22AUG01161709-P3DM_R06C6-015379185020_01_P001_22_59.png,192,192,176.0,165.0,4.0,7.0,1,28.0,0.07595,0.02083,0.03646,0.5714,0,0
beluga_seeker_sam,satellite,<absent>22AUG01161709-P3DM_R06C6-015379185020_01_P001_22_59.png,192,192,171.0,162.0,4.0,6.0,1,24.0,0.0651,0.02083,0.03125,0.6667,0,0
beluga_seeker_sam,satellite,<absent>22AUG01161709-P3DM_R06C6-015379185020_01_P001_22_59.png,192,192,167.0,165.0,8.0,6.0,1,48.0,0.13021,0.04167,0.03125,1.3333,0,0
beluga_seeker_sam,satellite,<absent>22AUG01161709-P3DM_R06C6-015379185020_01_P001_22_59.png,192,192,171.0,173.0,5.0,5.0,1,25.0,0.06782,0.02604,0.02604,1.0,0,0
beluga_seeker_sam,satellite,<absent>22AUG01161709-P3DM_R06C6-015379185020_01_P001_22_59.png,192,192,162.0,169.0,6.0,6.0,1,36.0,0.09766,0.03125,0.03125,1.0,0,0
beluga_seeker_sam,satellite,<absent>22AUG01161709-P3DM_R06C6-015379185020_01_P001_22_59.png,192,192,157.0,165.0,5.0,6.0,1,30.0,0.08138,0.02604,0.03125,0.8333,0,0
beluga_seeker_sam,satellite,<absent>22AUG01161709-P3DM_R06C6-015379185020_01_P001_22_59.png,192,192,157.0,172.0,6.0,7.0,1,42.0,0.11393,0.03125,0.03646,0.8571,0,0
beluga_seeker_sam,satellite,<absent>22AUG01161709-P3DM_R06C6-015379185020_01_P001_22_59.png,192,192,155.0,176.0,5.0,7.0,1,35.0,0.09494,0.02604,0.03646,0.7143,0,0
beluga_seeker_sam,satellite,<absent>22AUG01161709-P3DM_R06C6-015379185020_01_P001_22_59.png,192,192,153.0,185.0,6.0,7.0,1,42.0,0.11393,0.03125,0.03646,0.8571,0,0
beluga_seeker_sam,satellite,<absent>22AUG01161709-P3DM_R06C6-015379185020_01_P001_22_59.png,192,192,150.0,185.0,4.0,6.0,1,24.0,0.0651,0.02083,0.03125,0.6667,0,0
beluga_seeker_sam,satellite,<absent>22AUG01161709-P3DM_R06C6-015379185020_01_P001_23_59.png,192,192,153.0,0.0,6.0,5.0,1,30.0,0.08138,0.03125,0.02604,1.2,0,0
beluga_seeker_sam,satellite,<absent>22AUG01161709-P3DM_R06C6-015379185020_01_P001_23_59.png,192,192,157.0,6.0,5.0,5.0,1,25.0,0.06782,0.02604,0.02604,1.0,0,0
beluga_seeker_sam,satellite,<absent>22AUG01161709-P3DM_R06C7-015379185020_01_P001_39_36.png,192,192,142.0,73.0,5.0,8.0,1,40.0,0.10851,0.02604,0.04167,0.625,0,0
beluga_seeker_sam,satellite,<absent>22AUG01161709-P3DM_R06C7-015379185020_01_P001_39_36.png,192,192,188.0,92.0,4.0,8.0,1,32.0,0.08681,0.02083,0.04167,0.5,0,0
beluga_seeker_sam,satellite,<absent>22AUG01161709-P3DM_R06C8-015379185020_01_P001_4_0.png,192,192,15.0,51.0,6.0,5.0,1,30.0,0.08138,0.03125,0.02604,1.2,0,0
beluga_seeker_sam,satellite,<absent>22AUG01161709-P3DM_R07C2-015379185020_01_P001_22_39.png,192,192,175.0,89.0,6.0,11.0,1,66.0,0.17904,0.03125,0.05729,0.5455,0,0
beluga_seeker_sam,satellite,<absent>22AUG01161709-P3DM_R07C2-015379185020_01_P001_22_39.png,192,192,176.0,79.0,5.0,7.0,1,35.0,0.09494,0.02604,0.03646,0.7143,0,0
beluga_seeker_sam,satellite,<absent>22AUG01161709-P3DM_R07C2-015379185020_01_P001_22_39.png,192,192,177.0,73.0,6.0,8.0,1,48.0,0.13021,0.03125,0.04167,0.75,0,0
beluga_seeker_sam,satellite,<absent>22AUG01161709-P3DM_R07C3-015379185020_01_P001_51_73.png,192,192,140.0,90.0,4.0,9.0,1,36.0,0.09766,0.02083,0.04688,0.4444,0,0
beluga_seeker_sam,satellite,<absent>22AUG01161709-P3DM_R07C4-015379185020_01_P001_11_28.png,192,192,141.0,187.0,6.0,5.0,1,30.0,0.08138,0.03125,0.02604,1.2,0,0
beluga_seeker_sam,satellite,<absent>22AUG01161709-P3DM_R07C4-015379185020_01_P001_11_29.png,192,192,2.0,139.0,5.0,6.0,1,30.0,0.08138,0.02604,0.03125,0.8333,0,0
beluga_seeker_sam,satellite,<absent>22AUG01161709-P3DM_R07C4-015379185020_01_P001_12_29.png,192,192,5.0,114.0,5.0,7.0,1,35.0,0.09494,0.02604,0.03646,0.7143,0,0
beluga_seeker_sam,satellite,<absent>22AUG01161709-P3DM_R07C6-015379185020_01_P001_47_11.png,192,192,76.0,143.0,8.0,6.0,1,48.0,0.13021,0.04167,0.03125,1.3333,0,0
beluga_seeker_sam,satellite,<absent>22AUG01161709-P3DM_R07C6-015379185020_01_P001_47_11.png,192,192,75.0,141.0,3.0,8.0,1,24.0,0.0651,0.01562,0.04167,0.375,0,0
beluga_seeker_sam,satellite,<absent>22AUG01161709-P3DM_R07C7-015379185020_01_P001_39_12.png,192,192,76.0,171.0,6.0,9.0,1,54.0,0.14648,0.03125,0.04688,0.6667,0,0
beluga_seeker_sam,satellite,<absent>22AUG01161709-P3DM_R08C6-015379185020_01_P001_12_76.png,192,192,6.0,98.0,8.0,7.0,1,56.0,0.15191,0.04167,0.03646,1.1429,0,0
beluga_seeker_sam,satellite,<absent>22AUG01161709-P3DM_R08C6-015379185020_01_P001_12_76.png,192,192,106.0,42.0,6.0,7.0,1,42.0,0.11393,0.03125,0.03646,0.8571,0,0
beluga_seeker_sam,satellite,<absent>22AUG01161709-P3DM_R08C6-015379185020_01_P001_14_75.png,192,192,140.0,102.0,5.0,7.0,1,35.0,0.09494,0.02604,0.03646,0.7143,0,0
beluga_seeker_sam,satellite,<absent>22AUG01161709-P3DM_R08C6-015379185020_01_P001_39_22.png,192,192,5.0,95.0,6.0,8.0,1,48.0,0.13021,0.03125,0.04167,0.75,0,0
beluga_seeker_sam,satellite,<absent>22AUG01161709-P3DM_R08C6-015379185020_01_P001_39_22.png,192,192,0.0,90.0,8.0,6.0,1,48.0,0.13021,0.04167,0.03125,1.3333,0,0
beluga_seeker_sam,satellite,<absent>22AUG01161709-P3DM_R08C6-015379185020_01_P001_7_74.png,192,192,148.0,17.0,7.0,7.0,1,49.0,0.13292,0.03646,0.03646,1.0,0,0
beluga_seeker_sam,satellite,<absent>22AUG01161709-P3DM_R09C5-015379185020_01_P001_23_75.png,192,192,156.0,8.0,5.0,9.0,1,45.0,0.12207,0.02604,0.04688,0.5556,0,0
beluga_seeker_sam,satellite,<absent>22AUG01161709-P3DM_R09C5-015379185020_01_P001_23_75.png,192,192,64.0,120.0,7.0,6.0,1,42.0,0.11393,0.03646,0.03125,1.1667,0,0
beluga_seeker_sam,satellite,<absent>22AUG01161709-P3DM_R09C5-015379185020_01_P001_4_54.png,192,192,49.0,124.0,6.0,7.0,1,42.0,0.11393,0.03125,0.03646,0.8571,0,0
beluga_seeker_sam,satellite,<absent>22AUG01161709-P3DM_R09C5-015379185020_01_P001_59_78.png,192,192,165.0,93.0,9.0,9.0,1,81.0,0.21973,0.04688,0.04688,1.0,0,0
beluga_seeker_sam,satellite,<absent>22AUG01161709-P3DM_R09C5-015379185020_01_P001_66_68.png,192,192,121.0,84.0,8.0,8.0,1,64.0,0.17361,0.04167,0.04167,1.0,0,0
beluga_seeker_sam,satellite,<absent>22JUL31174035-P3DS_R3C1-050169967010_01_P002_11_18.png,320,320,113.0,146.0,9.0,13.0,1,117.0,0.11426,0.02813,0.04063,0.6923,0,0
beluga_seeker_sam,satellite,<absent>22JUL31174035-P3DS_R3C1-050169967010_01_P002_11_18.png,320,320,114.0,125.0,11.0,7.0,1,77.0,0.0752,0.03438,0.02187,1.5714,0,0
beluga_seeker_sam,satellite,<absent>22JUL31174035-P3DS_R3C1-050169967010_01_P002_11_20.png,320,320,125.0,132.0,6.0,12.0,1,72.0,0.07031,0.01875,0.0375,0.5,0,0
beluga_seeker_sam,satellite,<absent>22JUL31174035-P3DS_R3C1-050169967010_01_P002_11_20.png,320,320,116.0,131.0,5.0,8.0,1,40.0,0.03906,0.01562,0.025,0.625,0,0
beluga_seeker_sam,satellite,<absent>22JUL31174035-P3DS_R3C1-050169967010_01_P002_11_20.png,320,320,115.0,123.0,6.0,9.0,1,54.0,0.05273,0.01875,0.02813,0.6667,0,0
beluga_seeker_sam,satellite,<absent>22JUL31174035-P3DS_R3C1-050169967010_01_P002_11_27.png,320,320,140.0,290.0,13.0,6.0,1,78.0,0.07617,0.04063,0.01875,2.1667,0,0
beluga_seeker_sam,satellite,<absent>22JUL31174035-P3DS_R3C1-050169967010_01_P002_12_19.png,320,320,103.0,262.0,6.0,8.0,1,48.0,0.04688,0.01875,0.025,0.75,0,0
beluga_seeker_sam,satellite,<absent>22JUL31174035-P3DS_R3C1-050169967010_01_P002_12_19.png,320,320,181.0,195.0,10.0,10.0,1,100.0,0.09766,0.03125,0.03125,1.0,0,0
beluga_seeker_sam,satellite,<absent>22JUL31174035-P3DS_R3C1-050169967010_01_P002_12_19.png,320,320,94.0,178.0,9.0,10.0,1,90.0,0.08789,0.02813,0.03125,0.9,0,0
beluga_seeker_sam,satellite,<absent>22JUL31174035-P3DS_R3C1-050169967010_01_P002_12_19.png,320,320,44.0,74.0,8.0,9.0,1,72.0,0.07031,0.025,0.02813,0.8889,0,0
beluga_seeker_sam,satellite,<absent>22JUL31174035-P3DS_R3C1-050169967010_01_P002_12_27.png,320,320,40.0,300.0,15.0,9.0,1,135.0,0.13184,0.04688,0.02813,1.6667,0,0
beluga_seeker_sam,satellite,<absent>22JUL31174035-P3DS_R3C1-050169967010_01_P002_13_20.png,320,320,244.0,162.0,9.0,10.0,1,90.0,0.08789,0.02813,0.03125,0.9,0,0
beluga_seeker_sam,satellite,<absent>22JUL31174035-P3DS_R3C1-050169967010_01_P002_13_20.png,320,320,253.0,158.0,11.0,9.0,1,99.0,0.09668,0.03438,0.02813,1.2222,0,0
beluga_seeker_sam,satellite,<absent>22JUL31174035-P3DS_R3C1-050169967010_01_P002_13_29.png,320,320,116.0,6.0,7.0,14.0,1,98.0,0.0957,0.02187,0.04375,0.5,0,0
beluga_seeker_sam,satellite,<absent>22JUL31174035-P3DS_R3C1-050169967010_01_P002_13_29.png,320,320,120.0,0.0,11.0,8.0,1,88.0,0.08594,0.03438,0.025,1.375,0,0
beluga_seeker_sam,satellite,<absent>22JUL31174035-P3DS_R3C1-050169967010_01_P002_14_20.png,320,320,287.0,143.0,6.0,10.0,1,60.0,0.05859,0.01875,0.03125,0.6,0,0
beluga_seeker_sam,satellite,<absent>22JUL31174035-P3DS_R3C1-050169967010_01_P002_14_20.png,320,320,297.0,110.0,9.0,13.0,1,117.0,0.11426,0.02813,0.04063,0.6923,0,0
beluga_seeker_sam,satellite,<absent>22JUL31174035-P3DS_R3C1-050169967010_01_P002_14_20.png,320,320,296.0,105.0,9.0,14.0,1,126.0,0.12305,0.02813,0.04375,0.6429,0,0
beluga_seeker_sam,satellite,<absent>22JUL31174035-P3DS_R3C1-050169967010_01_P002_14_20.png,320,320,292.0,92.0,12.0,15.0,1,180.0,0.17578,0.0375,0.04688,0.8,0,0
beluga_seeker_sam,satellite,<absent>22JUL31174035-P3DS_R3C1-050169967010_01_P002_14_20.png,320,320,298.0,92.0,9.0,14.0,1,126.0,0.12305,0.02813,0.04375,0.6429,0,0
beluga_seeker_sam,satellite,<absent>22JUL31174035-P3DS_R3C1-050169967010_01_P002_14_21.png,320,320,3.0,103.0,10.0,12.0,1,120.0,0.11719,0.03125,0.0375,0.8333,0,0
beluga_seeker_sam,satellite,<absent>22JUL31174035-P3DS_R3C1-050169967010_01_P002_14_22.png,320,320,58.0,291.0,8.0,8.0,1,64.0,0.0625,0.025,0.025,1.0,0,0
beluga_seeker_sam,satellite,<absent>22JUL31174035-P3DS_R3C1-050169967010_01_P002_14_23.png,320,320,19.0,71.0,10.0,8.0,1,80.0,0.07812,0.03125,0.025,1.25,0,0
beluga_seeker_sam,satellite,<absent>22JUL31174035-P3DS_R3C1-050169967010_01_P002_14_27.png,320,320,273.0,162.0,7.0,9.0,1,63.0,0.06152,0.02187,0.02813,0.7778,0,0
beluga_seeker_sam,satellite,<absent>22JUL31174035-P3DS_R3C1-050169967010_01_P002_14_27.png,320,320,268.0,157.0,8.0,12.0,1,96.0,0.09375,0.025,0.0375,0.6667,0,0
beluga_seeker_sam,satellite,<absent>22JUL31174035-P3DS_R3C1-050169967010_01_P002_15_38.png,320,320,23.0,53.0,7.0,12.0,1,84.0,0.08203,0.02187,0.0375,0.5833,0,0
beluga_seeker_sam,satellite,<absent>22JUL31174035-P3DS_R3C1-050169967010_01_P002_15_38.png,320,320,65.0,38.0,10.0,7.0,1,70.0,0.06836,0.03125,0.02187,1.4286,0,0
beluga_seeker_sam,satellite,<absent>22JUL31174035-P3DS_R3C1-050169967010_01_P002_16_18.png,320,320,244.0,167.0,9.0,11.0,1,99.0,0.09668,0.02813,0.03438,0.8182,0,0
beluga_seeker_sam,satellite,<absent>22JUL31174035-P3DS_R3C1-050169967010_01_P002_16_18.png,320,320,277.0,135.0,6.0,12.0,1,72.0,0.07031,0.01875,0.0375,0.5,0,0
beluga_seeker_sam,satellite,<absent>22JUL31174035-P3DS_R3C1-050169967010_01_P002_16_19.png,320,320,161.0,173.0,11.0,9.0,1,99.0,0.09668,0.03438,0.02813,1.2222,0,0
beluga_seeker_sam,satellite,<absent>22JUL31174035-P3DS_R3C1-050169967010_01_P002_17_18.png,320,320,281.0,307.0,6.0,13.0,1,78.0,0.07617,0.01875,0.04063,0.4615,0,0
beluga_seeker_sam,satellite,<absent>22JUL31174035-P3DS_R3C1-050169967010_01_P002_17_18.png,320,320,185.0,86.0,6.0,8.0,1,48.0,0.04688,0.01875,0.025,0.75,0,0
beluga_seeker_sam,satellite,<absent>22JUL31174035-P3DS_R3C1-050169967010_01_P002_17_19.png,320,320,37.0,287.0,7.0,12.0,1,84.0,0.08203,0.02187,0.0375,0.5833,0,0
beluga_seeker_sam,satellite,<absent>22JUL31174035-P3DS_R3C1-050169967010_01_P002_18_18.png,320,320,226.0,90.0,10.0,10.0,1,100.0,0.09766,0.03125,0.03125,1.0,0,0
beluga_seeker_sam,satellite,<absent>22JUL31174035-P3DS_R3C1-050169967010_01_P002_18_19.png,320,320,57.0,100.0,7.0,10.0,1,70.0,0.06836,0.02187,0.03125,0.7,0,0
beluga_seeker_sam,satellite,<absent>22JUL31174035-P3DS_R3C1-050169967010_01_P002_18_19.png,320,320,65.0,81.0,11.0,8.0,1,88.0,0.08594,0.03438,0.025,1.375,0,0
beluga_seeker_sam,satellite,<absent>22JUL31174035-P3DS_R3C1-050169967010_01_P002_23_16.png,320,320,282.0,159.0,12.0,7.0,1,84.0,0.08203,0.0375,0.02187,1.7143,0,0
beluga_seeker_sam,satellite,<absent>22JUL31174035-P3DS_R3C1-050169967010_01_P002_24_11.png,320,320,235.0,243.0,8.0,13.0,1,104.0,0.10156,0.025,0.04063,0.6154,0,0
beluga_seeker_sam,satellite,<absent>22JUL31174035-P3DS_R3C1-050169967010_01_P002_24_16.png,320,320,217.0,137.0,7.0,9.0,1,63.0,0.06152,0.02187,0.02813,0.7778,0,0
beluga_seeker_sam,satellite,<absent>22JUL31174035-P3DS_R3C1-050169967010_01_P002_24_16.png,320,320,232.0,44.0,8.0,10.0,1,80.0,0.07812,0.025,0.03125,0.8,0,0
beluga_seeker_sam,satellite,<absent>22JUL31174035-P3DS_R3C1-050169967010_01_P002_24_17.png,320,320,0.0,85.0,8.0,8.0,1,64.0,0.0625,0.025,0.025,1.0,0,0
beluga_seeker_sam,satellite,<absent>22JUL31174035-P3DS_R3C1-050169967010_01_P002_24_17.png,320,320,0.0,73.0,8.0,14.0,1,112.0,0.10938,0.025,0.04375,0.5714,0,0
beluga_seeker_sam,satellite,<absent>22JUL31174035-P3DS_R3C1-050169967010_01_P002_24_17.png,320,320,254.0,175.0,10.0,12.0,1,120.0,0.11719,0.03125,0.0375,0.8333,0,0
beluga_seeker_sam,satellite,<absent>22JUL31174035-P3DS_R3C1-050169967010_01_P002_25_24.png,320,320,107.0,9.0,13.0,6.0,1,78.0,0.07617,0.04063,0.01875,2.1667,0,0
beluga_seeker_sam,satellite,<absent>22JUL31174035-P3DS_R3C1-050169967010_01_P002_27_10.png,320,320,302.0,148.0,8.0,11.0,1,88.0,0.08594,0.025,0.03438,0.7273,0,0
beluga_seeker_sam,satellite,<absent>22JUL31174035-P3DS_R3C1-050169967010_01_P002_27_17.png,320,320,117.0,206.0,8.0,8.0,1,64.0,0.0625,0.025,0.025,1.0,0,0
beluga_seeker_sam,satellite,<absent>22JUL31174035-P3DS_R3C1-050169967010_01_P002_27_17.png,320,320,66.0,139.0,8.0,12.0,1,96.0,0.09375,0.025,0.0375,0.6667,0,0
beluga_seeker_sam,satellite,<absent>22JUL31174035-P3DS_R3C1-050169967010_01_P002_27_17.png,320,320,34.0,131.0,9.0,12.0,1,108.0,0.10547,0.02813,0.0375,0.75,0,0
beluga_seeker_sam,satellite,<absent>22JUL31174035-P3DS_R3C1-050169967010_01_P002_29_17.png,320,320,105.0,297.0,9.0,7.0,1,63.0,0.06152,0.02813,0.02187,1.2857,0,0
beluga_seeker_sam,satellite,<absent>22JUL31174035-P3DS_R3C1-050169967010_01_P002_29_17.png,320,320,110.0,297.0,10.0,7.0,1,70.0,0.06836,0.03125,0.02187,1.4286,0,0
beluga_seeker_sam,satellite,<absent>22JUL31174035-P3DS_R3C1-050169967010_01_P002_29_17.png,320,320,38.0,271.0,7.0,11.0,1,77.0,0.0752,0.02187,0.03438,0.6364,0,0
beluga_seeker_sam,satellite,<absent>22JUL31174035-P3DS_R3C1-050169967010_01_P002_29_20.png,320,320,163.0,285.0,7.0,11.0,1,77.0,0.0752,0.02187,0.03438,0.6364,0,0
beluga_seeker_sam,satellite,<absent>22JUL31174035-P3DS_R3C1-050169967010_01_P002_30_15.png,320,320,313.0,84.0,7.0,9.0,1,63.0,0.06152,0.02187,0.02813,0.7778,0,0
beluga_seeker_sam,satellite,<absent>22JUL31174035-P3DS_R3C1-050169967010_01_P002_30_16.png,320,320,247.0,163.0,11.0,12.0,1,132.0,0.12891,0.03438,0.0375,0.9167,0,0
beluga_seeker_sam,satellite,<absent>22JUL31174035-P3DS_R3C1-050169967010_01_P002_31_16.png,320,320,240.0,4.0,6.0,15.0,1,90.0,0.08789,0.01875,0.04688,0.4,0,0
beluga_seeker_sam,satellite,<absent>22JUL31174035-P3DS_R3C1-050169967010_01_P002_31_17.png,320,320,123.0,0.0,8.0,5.0,1,40.0,0.03906,0.025,0.01562,1.6,0,0
beluga_seeker_sam,satellite,<absent>22JUL31174035-P3DS_R3C1-050169967010_01_P002_32_11.png,320,320,197.0,197.0,11.0,7.0,1,77.0,0.0752,0.03438,0.02187,1.5714,0,0
beluga_seeker_sam,satellite,<absent>22JUL31174035-P3DS_R3C1-050169967010_01_P002_32_11.png,320,320,224.0,197.0,11.0,8.0,1,88.0,0.08594,0.03438,0.025,1.375,0,0
beluga_seeker_sam,satellite,<absent>22JUL31174035-P3DS_R3C1-050169967010_01_P002_32_11.png,320,320,183.0,185.0,12.0,10.0,1,120.0,0.11719,0.0375,0.03125,1.2,0,0
beluga_seeker_sam,satellite,<absent>22JUL31174035-P3DS_R3C1-050169967010_01_P002_32_11.png,320,320,204.0,172.0,11.0,8.0,1,88.0,0.08594,0.03438,0.025,1.375,0,0
beluga_seeker_sam,satellite,<absent>22JUL31174035-P3DS_R3C1-050169967010_01_P002_32_11.png,320,320,186.0,295.0,10.0,7.0,1,70.0,0.06836,0.03125,0.02187,1.4286,0,0
beluga_seeker_sam,satellite,<absent>22JUL31174035-P3DS_R3C1-050169967010_01_P002_32_11.png,320,320,247.0,274.0,12.0,11.0,1,132.0,0.12891,0.0375,0.03438,1.0909,0,0
beluga_seeker_sam,satellite,<absent>22JUL31174035-P3DS_R3C1-050169967010_01_P002_32_12.png,320,320,7.0,274.0,11.0,10.0,1,110.0,0.10742,0.03438,0.03125,1.1,0,0
beluga_seeker_sam,satellite,<absent>22JUL31174035-P3DS_R3C1-050169967010_01_P002_33_10.png,320,320,85.0,256.0,13.0,11.0,1,143.0,0.13965,0.04063,0.03438,1.1818,0,0
beluga_seeker_sam,satellite,<absent>22JUL31174035-P3DS_R3C1-050169967010_01_P002_33_10.png,320,320,48.0,205.0,11.0,9.0,1,99.0,0.09668,0.03438,0.02813,1.2222,0,0
beluga_seeker_sam,satellite,<absent>22JUL31174035-P3DS_R3C1-050169967010_01_P002_33_22.png,320,320,58.0,296.0,8.0,8.0,1,64.0,0.0625,0.025,0.025,1.0,0,0
beluga_seeker_sam,satellite,<absent>22JUL31174035-P3DS_R3C1-050169967010_01_P002_33_9.png,320,320,291.0,152.0,11.0,9.0,1,99.0,0.09668,0.03438,0.02813,1.2222,0,0
beluga_seeker_sam,satellite,<absent>22JUL31174035-P3DS_R3C1-050169967010_01_P002_34_21.png,320,320,57.0,165.0,7.0,12.0,1,84.0,0.08203,0.02187,0.0375,0.5833,0,0
beluga_seeker_sam,satellite,<absent>22JUL31174035-P3DS_R3C1-050169967010_01_P002_34_21.png,320,320,95.0,148.0,6.0,13.0,1,78.0,0.07617,0.01875,0.04063,0.4615,0,0
beluga_seeker_sam,satellite,<absent>22JUL31174035-P3DS_R3C1-050169967010_01_P002_34_22.png,320,320,24.0,279.0,6.0,13.0,1,78.0,0.07617,0.01875,0.04063,0.4615,0,0
beluga_seeker_sam,satellite,<absent>22JUL31174035-P3DS_R3C1-050169967010_01_P002_34_23.png,320,320,17.0,192.0,9.0,12.0,1,108.0,0.10547,0.02813,0.0375,0.75,0,0
beluga_seeker_sam,satellite,<absent>22JUL31174035-P3DS_R3C1-050169967010_01_P002_38_16.png,320,320,197.0,302.0,7.0,7.0,1,49.0,0.04785,0.02187,0.02187,1.0,0,0
beluga_seeker_sam,satellite,<absent>22JUL31174035-P3DS_R3C1-050169967010_01_P002_38_16.png,320,320,203.0,302.0,5.0,7.0,1,35.0,0.03418,0.01562,0.02187,0.7143,0,0
beluga_seeker_sam,satellite,<absent>22JUL31174054-P3DS_R1C1-050169967010_01_P001_16_11.png,320,320,204.0,276.0,11.0,9.0,1,99.0,0.09668,0.03438,0.02813,1.2222,0,0
beluga_seeker_sam,satellite,<absent>22JUL31174054-P3DS_R1C1-050169967010_01_P001_16_13.png,320,320,259.0,263.0,10.0,9.0,1,90.0,0.08789,0.03125,0.02813,1.1111,0,0
beluga_seeker_sam,satellite,<absent>22JUL31174054-P3DS_R1C1-050169967010_01_P001_25_29.png,320,320,241.0,239.0,9.0,9.0,1,81.0,0.0791,0.02813,0.02813,1.0,0,0
beluga_seeker_sam,satellite,<absent>22JUL31174054-P3DS_R2C1-050169967010_01_P001_12_45.png,320,320,60.0,282.0,12.0,6.0,1,72.0,0.07031,0.0375,0.01875,2.0,0,0
beluga_seeker_sam,satellite,<absent>22JUL31174054-P3DS_R2C1-050169967010_01_P001_12_45.png,320,320,85.0,285.0,11.0,9.0,1,99.0,0.09668,0.03438,0.02813,1.2222,0,0
beluga_seeker_sam,satellite,<absent>22JUL31174054-P3DS_R2C1-050169967010_01_P001_12_45.png,320,320,99.0,291.0,10.0,8.0,1,80.0,0.07812,0.03125,0.025,1.25,0,0
beluga_seeker_sam,satellite,<absent>22JUL31174054-P3DS_R2C1-050169967010_01_P001_12_45.png,320,320,99.0,290.0,10.0,6.0,1,60.0,0.05859,0.03125,0.01875,1.6667,0,0
beluga_seeker_sam,satellite,<absent>22JUL31174054-P3DS_R2C1-050169967010_01_P001_12_45.png,320,320,90.0,289.0,9.0,11.0,1,99.0,0.09668,0.02813,0.03438,0.8182,0,0
beluga_seeker_sam,satellite,<absent>22JUL31174054-P3DS_R2C1-050169967010_01_P001_12_45.png,320,320,87.0,297.0,10.0,9.0,1,90.0,0.08789,0.03125,0.02813,1.1111,0,0
beluga_seeker_sam,satellite,<absent>22JUL31174054-P3DS_R2C1-050169967010_01_P001_12_45.png,320,320,97.0,299.0,13.0,8.0,1,104.0,0.10156,0.04063,0.025,1.625,0,0
beluga_seeker_sam,satellite,<absent>22JUL31174054-P3DS_R2C1-050169967010_01_P001_12_45.png,320,320,101.0,303.0,10.0,10.0,1,100.0,0.09766,0.03125,0.03125,1.0,0,0
beluga_seeker_sam,satellite,<absent>22JUL31174054-P3DS_R2C1-050169967010_01_P001_12_45.png,320,320,108.0,301.0,8.0,13.0,1,104.0,0.10156,0.025,0.04063,0.6154,0,0
beluga_seeker_sam,satellite,<absent>22JUL31174054-P3DS_R2C1-050169967010_01_P001_15_45.png,320,320,205.0,217.0,14.0,9.0,1,126.0,0.12305,0.04375,0.02813,1.5556,0,0
beluga_seeker_sam,satellite,<absent>22JUL31174054-P3DS_R2C1-050169967010_01_P001_16_49.png,320,320,271.0,127.0,11.0,10.0,1,110.0,0.10742,0.03438,0.03125,1.1,0,0
beluga_seeker_sam,satellite,<absent>22JUL31174054-P3DS_R2C1-050169967010_01_P001_16_51.png,320,320,44.0,77.0,11.0,6.0,1,66.0,0.06445,0.03438,0.01875,1.8333,0,0
beluga_seeker_sam,satellite,<absent>22JUL31174054-P3DS_R2C1-050169967010_01_P001_16_51.png,320,320,42.0,84.0,12.0,12.0,1,144.0,0.14062,0.0375,0.0375,1.0,0,0
beluga_seeker_sam,satellite,<absent>22JUL31174054-P3DS_R2C1-050169967010_01_P001_17_43.png,320,320,70.0,201.0,11.0,9.0,1,99.0,0.09668,0.03438,0.02813,1.2222,0,0
beluga_seeker_sam,satellite,<absent>22JUL31174054-P3DS_R2C1-050169967010_01_P001_17_43.png,320,320,66.0,211.0,13.0,7.0,1,91.0,0.08887,0.04063,0.02187,1.8571,0,0
beluga_seeker_sam,satellite,<absent>22JUL31174054-P3DS_R2C1-050169967010_01_P001_17_43.png,320,320,65.0,206.0,14.0,7.0,1,98.0,0.0957,0.04375,0.02187,2.0,0,0
beluga_seeker_sam,satellite,<absent>22JUL31174054-P3DS_R2C1-050169967010_01_P001_17_43.png,320,320,73.0,194.0,13.0,13.0,1,169.0,0.16504,0.04063,0.04063,1.0,0,0
beluga_seeker_sam,satellite,<absent>22JUL31174054-P3DS_R2C1-050169967010_01_P001_17_43.png,320,320,64.0,186.0,10.0,9.0,1,90.0,0.08789,0.03125,0.02813,1.1111,0,0
beluga_seeker_sam,satellite,<absent>22JUL31174054-P3DS_R2C1-050169967010_01_P001_17_43.png,320,320,70.0,185.0,11.0,9.0,1,99.0,0.09668,0.03438,0.02813,1.2222,0,0
beluga_seeker_sam,satellite,<absent>22JUL31174054-P3DS_R2C1-050169967010_01_P001_17_43.png,320,320,78.0,178.0,15.0,12.0,1,180.0,0.17578,0.04688,0.0375,1.25,0,0
beluga_seeker_sam,satellite,<absent>22JUL31174054-P3DS_R2C1-050169967010_01_P001_17_43.png,320,320,66.0,176.0,12.0,12.0,1,144.0,0.14062,0.0375,0.0375,1.0,0,0
beluga_seeker_sam,satellite,<absent>22JUL31174054-P3DS_R2C1-050169967010_01_P001_17_43.png,320,320,69.0,173.0,13.0,8.0,1,104.0,0.10156,0.04063,0.025,1.625,0,0
beluga_seeker_sam,satellite,<absent>22JUL31174054-P3DS_R2C1-050169967010_01_P001_17_48.png,320,320,263.0,173.0,6.0,12.0,1,72.0,0.07031,0.01875,0.0375,0.5,0,0
beluga_seeker_sam,satellite,<absent>22JUL31174054-P3DS_R2C1-050169967010_01_P001_18_47.png,320,320,218.0,193.0,8.0,13.0,1,104.0,0.10156,0.025,0.04063,0.6154,0,0
beluga_seeker_sam,satellite,<absent>22JUL31174054-P3DS_R2C1-050169967010_01_P001_18_47.png,320,320,213.0,182.0,6.0,10.0,1,60.0,0.05859,0.01875,0.03125,0.6,0,0
beluga_seeker_sam,satellite,<absent>22JUL31174054-P3DS_R2C1-050169967010_01_P001_21_46.png,320,320,145.0,56.0,7.0,8.0,1,56.0,0.05469,0.02187,0.025,0.875,0,0
beluga_seeker_sam,satellite,<absent>22JUL31174054-P3DS_R2C1-050169967010_01_P001_21_47.png,320,320,106.0,56.0,6.0,11.0,1,66.0,0.06445,0.01875,0.03438,0.5455,0,0
beluga_seeker_sam,satellite,<absent>22JUL31174054-P3DS_R2C1-050169967010_01_P001_21_47.png,320,320,151.0,185.0,12.0,7.0,1,84.0,0.08203,0.0375,0.02187,1.7143,0,0
beluga_seeker_sam,satellite,<absent>22JUL31174054-P3DS_R2C1-050169967010_01_P001_22_48.png,320,320,7.0,308.0,9.0,8.0,1,72.0,0.07031,0.02813,0.025,1.125,0,0
beluga_seeker_sam,satellite,<absent>22JUL31174054-P3DS_R2C1-050169967010_01_P001_22_48.png,320,320,3.0,314.0,12.0,6.0,1,72.0,0.07031,0.0375,0.01875,2.0,0,0
beluga_seeker_sam,satellite,<absent>22JUL31174054-P3DS_R2C1-050169967010_01_P001_22_48.png,320,320,3.0,305.0,7.0,10.0,1,70.0,0.06836,0.02187,0.03125,0.7,0,0
beluga_seeker_sam,satellite,<absent>22JUL31174054-P3DS_R2C1-050169967010_01_P001_23_46.png,320,320,316.0,242.0,4.0,20.0,1,80.0,0.07812,0.0125,0.0625,0.2,0,0
beluga_seeker_sam,satellite,<absent>22JUL31174054-P3DS_R2C1-050169967010_01_P001_23_47.png,320,320,0.0,242.0,5.0,8.0,1,40.0,0.03906,0.01562,0.025,0.625,0,0
beluga_seeker_sam,satellite,<absent>22JUL31174054-P3DS_R2C1-050169967010_01_P001_23_47.png,320,320,0.0,246.0,6.0,10.0,1,60.0,0.05859,0.01875,0.03125,0.6,0,0
beluga_seeker_sam,satellite,<absent>22JUL31174054-P3DS_R2C1-050169967010_01_P001_23_48.png,320,320,4.0,0.0,10.0,5.0,1,50.0,0.04883,0.03125,0.01562,2.0,0,0
beluga_seeker_sam,satellite,<absent>22JUL31174054-P3DS_R2C1-050169967010_01_P001_25_45.png,320,320,56.0,200.0,12.0,11.0,1,132.0,0.12891,0.0375,0.03438,1.0909,0,0
beluga_seeker_sam,satellite,<absent>22JUL31174054-P3DS_R2C1-050169967010_01_P001_27_42.png,320,320,59.0,122.0,6.0,9.0,1,54.0,0.05273,0.01875,0.02813,0.6667,0,0
beluga_seeker_sam,satellite,<absent>22JUL31174054-P3DS_R2C1-050169967010_01_P001_27_42.png,320,320,62.0,122.0,6.0,9.0,1,54.0,0.05273,0.01875,0.02813,0.6667,0,0
beluga_seeker_sam,satellite,<absent>22JUL31174054-P3DS_R2C1-050169967010_01_P001_27_44.png,320,320,0.0,159.0,9.0,12.0,1,108.0,0.10547,0.02813,0.0375,0.75,0,0
beluga_seeker_sam,satellite,<absent>22JUL31174054-P3DS_R2C1-050169967010_01_P001_27_44.png,320,320,273.0,115.0,9.0,11.0,1,99.0,0.09668,0.02813,0.03438,0.8182,0,0
beluga_seeker_sam,satellite,<absent>22JUL31174054-P3DS_R2C1-050169967010_01_P001_29_33.png,320,320,188.0,43.0,11.0,6.0,1,66.0,0.06445,0.03438,0.01875,1.8333,0,0
beluga_seeker_sam,satellite,<absent>22JUL31174054-P3DS_R2C1-050169967010_01_P001_29_41.png,320,320,104.0,68.0,7.0,8.0,1,56.0,0.05469,0.02187,0.025,0.875,0,0
beluga_seeker_sam,satellite,<absent>22JUL31174054-P3DS_R2C1-050169967010_01_P001_29_41.png,320,320,107.0,69.0,6.0,7.0,1,42.0,0.04102,0.01875,0.02187,0.8571,0,0
beluga_seeker_sam,satellite,<absent>22JUL31174054-P3DS_R2C1-050169967010_01_P001_29_41.png,320,320,188.0,222.0,10.0,9.0,1,90.0,0.08789,0.03125,0.02813,1.1111,0,0
beluga_seeker_sam,satellite,<absent>22JUL31174054-P3DS_R2C1-050169967010_01_P001_29_41.png,320,320,50.0,316.0,8.0,4.0,1,32.0,0.03125,0.025,0.0125,2.0,0,0
beluga_seeker_sam,satellite,<absent>22JUL31174054-P3DS_R2C1-050169967010_01_P001_30_40.png,320,320,243.0,217.0,10.0,10.0,1,100.0,0.09766,0.03125,0.03125,1.0,0,0
beluga_seeker_sam,satellite,<absent>22JUL31174054-P3DS_R2C1-050169967010_01_P001_30_41.png,320,320,175.0,33.0,7.0,10.0,1,70.0,0.06836,0.02187,0.03125,0.7,0,0
beluga_seeker_sam,satellite,<absent>22JUL31174054-P3DS_R2C1-050169967010_01_P001_30_41.png,320,320,42.0,143.0,7.0,7.0,1,49.0,0.04785,0.02187,0.02187,1.0,0,0
beluga_seeker_sam,satellite,<absent>22JUL31174054-P3DS_R2C1-050169967010_01_P001_30_41.png,320,320,43.0,137.0,6.0,8.0,1,48.0,0.04688,0.01875,0.025,0.75,0,0
beluga_seeker_sam,satellite,<absent>22JUL31174054-P3DS_R2C1-050169967010_01_P001_32_37.png,320,320,150.0,19.0,11.0,10.0,1,110.0,0.10742,0.03438,0.03125,1.1,0,0
beluga_seeker_sam,satellite,<absent>22JUL31174054-P3DS_R2C1-050169967010_01_P001_35_49.png,320,320,97.0,44.0,12.0,8.0,1,96.0,0.09375,0.0375,0.025,1.5,0,0
beluga_seeker_sam,satellite,<absent>22JUL31174054-P3DS_R2C1-050169967010_01_P001_35_50.png,320,320,157.0,293.0,10.0,11.0,1,110.0,0.10742,0.03125,0.03438,0.9091,0,0
beluga_seeker_sam,satellite,<absent>22JUL31174054-P3DS_R2C1-050169967010_01_P001_35_50.png,320,320,147.0,296.0,12.0,10.0,1,120.0,0.11719,0.0375,0.03125,1.2,0,0
beluga_seeker_sam,satellite,<absent>22JUL31174054-P3DS_R2C1-050169967010_01_P001_36_48.png,320,320,292.0,295.0,10.0,7.0,1,70.0,0.06836,0.03125,0.02187,1.4286,0,0
beluga_seeker_sam,satellite,<absent>22JUL31174054-P3DS_R2C1-050169967010_01_P001_36_48.png,320,320,293.0,297.0,13.0,8.0,1,104.0,0.10156,0.04063,0.025,1.625,0,0
beluga_seeker_sam,satellite,<absent>22JUL31174054-P3DS_R2C1-050169967010_01_P001_37_47.png,320,320,291.0,306.0,7.0,10.0,1,70.0,0.06836,0.02187,0.03125,0.7,0,0
beluga_seeker_sam,satellite,<absent>22JUL31174054-P3DS_R2C1-050169967010_01_P001_38_48.png,320,320,301.0,13.0,8.0,9.0,1,72.0,0.07031,0.025,0.02813,0.8889,0,0
beluga_seeker_sam,satellite,<absent>22JUL31174054-P3DS_R2C1-050169967010_01_P001_38_50.png,320,320,37.0,296.0,12.0,8.0,1,96.0,0.09375,0.0375,0.025,1.5,0,0
beluga_seeker_sam,satellite,<absent>22JUL31174054-P3DS_R2C1-050169967010_01_P001_38_50.png,320,320,247.0,2.0,12.0,9.0,1,108.0,0.10547,0.0375,0.02813,1.3333,0,0
beluga_seeker_sam,satellite,<absent>22JUL31174054-P3DS_R2C1-050169967010_01_P001_39_48.png,320,320,173.0,261.0,7.0,13.0,1,91.0,0.08887,0.02187,0.04063,0.5385,0,0
beluga_seeker_sam,satellite,<absent>22JUL31174054-P3DS_R2C1-050169967010_01_P001_39_49.png,320,320,96.0,125.0,13.0,9.0,1,117.0,0.11426,0.04063,0.02813,1.4444,0,0
beluga_seeker_sam,satellite,<absent>22JUL31174054-P3DS_R2C1-050169967010_01_P001_39_49.png,320,320,14.0,229.0,14.0,9.0,1,126.0,0.12305,0.04375,0.02813,1.5556,0,0
beluga_seeker_sam,satellite,<absent>22JUL31174054-P3DS_R2C1-050169967010_01_P001_39_50.png,320,320,257.0,245.0,8.0,8.0,1,64.0,0.0625,0.025,0.025,1.0,0,0
beluga_seeker_sam,satellite,<absent>22JUL31174054-P3DS_R2C1-050169967010_01_P001_40_48.png,320,320,169.0,217.0,12.0,11.0,1,132.0,0.12891,0.0375,0.03438,1.0909,0,0
beluga_seeker_sam,satellite,<absent>22JUL31174054-P3DS_R2C1-050169967010_01_P001_40_50.png,320,320,175.0,292.0,10.0,10.0,1,100.0,0.09766,0.03125,0.03125,1.0,0,0
beluga_seeker_sam,satellite,<absent>22JUL31174054-P3DS_R2C1-050169967010_01_P001_40_50.png,320,320,163.0,215.0,6.0,6.0,1,36.0,0.03516,0.01875,0.01875,1.0,0,0
beluga_seeker_sam,satellite,<absent>22JUL31174054-P3DS_R2C1-050169967010_01_P001_40_50.png,320,320,155.0,213.0,8.0,8.0,1,64.0,0.0625,0.025,0.025,1.0,0,0
beluga_seeker_sam,satellite,<absent>22JUL31174054-P3DS_R2C1-050169967010_01_P001_41_46.png,320,320,54.0,292.0,7.0,11.0,1,77.0,0.0752,0.02187,0.03438,0.6364,0,0
beluga_seeker_sam,satellite,<absent>22JUL31174054-P3DS_R2C1-050169967010_01_P001_41_47.png,320,320,257.0,232.0,15.0,9.0,1,135.0,0.13184,0.04688,0.02813,1.6667,0,0
beluga_seeker_sam,satellite,<absent>22JUL31174054-P3DS_R2C1-050169967010_01_P001_41_47.png,320,320,222.0,162.0,12.0,10.0,1,120.0,0.11719,0.0375,0.03125,1.2,0,0
beluga_seeker_sam,satellite,<absent>22JUL31174054-P3DS_R2C1-050169967010_01_P001_41_47.png,320,320,100.0,280.0,12.0,11.0,1,132.0,0.12891,0.0375,0.03438,1.0909,0,0
beluga_seeker_sam,satellite,<absent>22JUL31174054-P3DS_R2C1-050169967010_01_P001_41_49.png,320,320,108.0,223.0,11.0,9.0,1,99.0,0.09668,0.03438,0.02813,1.2222,0,0
beluga_seeker_sam,satellite,<absent>22JUL31174054-P3DS_R2C1-050169967010_01_P001_42_45.png,320,320,279.0,208.0,6.0,13.0,1,78.0,0.07617,0.01875,0.04063,0.4615,0,0
beluga_seeker_sam,satellite,<absent>22JUL31174054-P3DS_R2C1-050169967010_01_P001_42_45.png,320,320,285.0,219.0,7.0,10.0,1,70.0,0.06836,0.02187,0.03125,0.7,0,0
beluga_seeker_sam,satellite,<absent>22JUL31174054-P3DS_R2C1-050169967010_01_P001_42_48.png,320,320,114.0,233.0,10.0,10.0,1,100.0,0.09766,0.03125,0.03125,1.0,0,0
beluga_seeker_sam,satellite,<absent>22JUL31174054-P3DS_R2C1-050169967010_01_P001_45_45.png,320,320,63.0,176.0,6.0,11.0,1,66.0,0.06445,0.01875,0.03438,0.5455,0,0
beluga_seeker_sam,satellite,<absent>22JUL31174054-P3DS_R2C1-050169967010_01_P001_46_44.png,320,320,315.0,14.0,5.0,9.0,1,45.0,0.04395,0.01562,0.02813,0.5556,0,0
beluga_seeker_sam,satellite,<absent>22JUL31174054-P3DS_R2C1-050169967010_01_P001_47_45.png,320,320,71.0,0.0,9.0,9.0,1,81.0,0.0791,0.02813,0.02813,1.0,0,0
beluga_seeker_sam,satellite,<absent>22JUL31174054-P3DS_R2C1-050169967010_01_P001_48_44.png,320,320,215.0,239.0,5.0,11.0,1,55.0,0.05371,0.01562,0.03438,0.4545,0,0
beluga_seeker_sam,satellite,<absent>22JUL31174054-P3DS_R2C1-050169967010_01_P001_49_49.png,320,320,210.0,294.0,6.0,13.0,1,78.0,0.07617,0.01875,0.04063,0.4615,0,0
beluga_seeker_sam,satellite,<absent>22JUL31174054-P3DS_R2C1-050169967010_01_P001_49_50.png,320,320,22.0,96.0,10.0,11.0,1,110.0,0.10742,0.03125,0.03438,0.9091,0,0
beluga_seeker_sam,satellite,<absent>22JUL31174054-P3DS_R2C2-050169967010_01_P001_12_7.png,320,320,54.0,237.0,10.0,6.0,1,60.0,0.05859,0.03125,0.01875,1.6667,0,0
beluga_seeker_sam,satellite,<absent>22JUL31174054-P3DS_R2C2-050169967010_01_P001_12_7.png,320,320,64.0,265.0,6.0,8.0,1,48.0,0.04688,0.01875,0.025,0.75,0,0
beluga_seeker_sam,satellite,<absent>22JUL31174054-P3DS_R2C2-050169967010_01_P001_13_7.png,320,320,47.0,289.0,7.0,9.0,1,63.0,0.06152,0.02187,0.02813,0.7778,0,0
beluga_seeker_sam,satellite,<absent>22JUL31174054-P3DS_R2C2-050169967010_01_P001_14_6.png,320,320,26.0,54.0,10.0,8.0,1,80.0,0.07812,0.03125,0.025,1.25,0,0
beluga_seeker_sam,satellite,<absent>22JUL31174054-P3DS_R2C2-050169967010_01_P001_15_0.png,320,320,163.0,221.0,12.0,9.0,1,108.0,0.10547,0.0375,0.02813,1.3333,0,0
beluga_seeker_sam,satellite,<absent>22JUL31174054-P3DS_R2C2-050169967010_01_P001_15_0.png,320,320,153.0,207.0,12.0,10.0,1,120.0,0.11719,0.0375,0.03125,1.2,0,0
beluga_seeker_sam,satellite,<absent>22JUL31174054-P3DS_R2C2-050169967010_01_P001_15_0.png,320,320,131.0,214.0,11.0,10.0,1,110.0,0.10742,0.03438,0.03125,1.1,0,0
beluga_seeker_sam,satellite,<absent>22JUL31174054-P3DS_R2C2-050169967010_01_P001_16_0.png,320,320,185.0,172.0,9.0,6.0,1,54.0,0.05273,0.02813,0.01875,1.5,0,0
beluga_seeker_sam,satellite,<absent>22JUL31174054-P3DS_R2C2-050169967010_01_P001_16_2.png,320,320,77.0,22.0,13.0,9.0,1,117.0,0.11426,0.04063,0.02813,1.4444,0,0
beluga_seeker_sam,satellite,<absent>22JUL31174054-P3DS_R2C2-050169967010_01_P001_16_2.png,320,320,75.0,12.0,11.0,8.0,1,88.0,0.08594,0.03438,0.025,1.375,0,0
beluga_seeker_sam,satellite,<absent>22JUL31174054-P3DS_R2C2-050169967010_01_P001_16_2.png,320,320,81.0,34.0,11.0,9.0,1,99.0,0.09668,0.03438,0.02813,1.2222,0,0
beluga_seeker_sam,satellite,<absent>22JUL31174054-P3DS_R2C2-050169967010_01_P001_18_12.png,320,320,59.0,80.0,8.0,13.0,1,104.0,0.10156,0.025,0.04063,0.6154,0,0
beluga_seeker_sam,satellite,<absent>22JUL31174054-P3DS_R2C2-050169967010_01_P001_19_20.png,320,320,168.0,252.0,14.0,8.0,1,112.0,0.10938,0.04375,0.025,1.75,0,0
beluga_seeker_sam,satellite,<absent>22JUL31174054-P3DS_R2C2-050169967010_01_P001_20_12.png,320,320,86.0,109.0,10.0,13.0,1,130.0,0.12695,0.03125,0.04063,0.7692,0,0
beluga_seeker_sam,satellite,<absent>22JUL31174054-P3DS_R2C2-050169967010_01_P001_20_13.png,320,320,283.0,226.0,6.0,15.0,1,90.0,0.08789,0.01875,0.04688,0.4,0,0
beluga_seeker_sam,satellite,<absent>22JUL31174054-P3DS_R2C2-050169967010_01_P001_21_10.png,320,320,68.0,168.0,8.0,5.0,1,40.0,0.03906,0.025,0.01562,1.6,0,0
beluga_seeker_sam,satellite,<absent>22JUL31174054-P3DS_R2C2-050169967010_01_P001_21_10.png,320,320,67.0,173.0,8.0,6.0,1,48.0,0.04688,0.025,0.01875,1.3333,0,0
beluga_seeker_sam,satellite,<absent>22JUL31174054-P3DS_R2C2-050169967010_01_P001_21_2.png,320,320,171.0,205.0,6.0,15.0,1,90.0,0.08789,0.01875,0.04688,0.4,0,0
beluga_seeker_sam,satellite,<absent>22JUL31174054-P3DS_R2C2-050169967010_01_P001_21_2.png,320,320,166.0,205.0,5.0,16.0,1,80.0,0.07812,0.01562,0.05,0.3125,0,0
beluga_seeker_sam,satellite,<absent>22JUL31174054-P3DS_R2C2-050169967010_01_P001_21_2.png,320,320,50.0,69.0,9.0,12.0,1,108.0,0.10547,0.02813,0.0375,0.75,0,0
beluga_seeker_sam,satellite,<absent>22JUL31174054-P3DS_R2C2-050169967010_01_P001_22_10.png,320,320,253.0,20.0,9.0,7.0,1,63.0,0.06152,0.02813,0.02187,1.2857,0,0
beluga_seeker_sam,satellite,<absent>22JUL31174054-P3DS_R2C2-050169967010_01_P001_22_2.png,320,320,202.0,82.0,6.0,12.0,1,72.0,0.07031,0.01875,0.0375,0.5,0,0
beluga_seeker_sam,satellite,<absent>22JUL31174054-P3DS_R2C2-050169967010_01_P001_22_2.png,320,320,254.0,24.0,6.0,13.0,1,78.0,0.07617,0.01875,0.04063,0.4615,0,0
beluga_seeker_sam,satellite,<absent>22JUL31174054-P3DS_R2C2-050169967010_01_P001_22_21.png,320,320,275.0,19.0,6.0,9.0,1,54.0,0.05273,0.01875,0.02813,0.6667,0,0
beluga_seeker_sam,satellite,<absent>22JUL31174054-P3DS_R2C2-050169967010_01_P001_22_23.png,320,320,31.0,235.0,13.0,11.0,1,143.0,0.13965,0.04063,0.03438,1.1818,0,0
beluga_seeker_sam,satellite,<absent>22JUL31174054-P3DS_R2C2-050169967010_01_P001_23_16.png,320,320,180.0,284.0,10.0,10.0,1,100.0,0.09766,0.03125,0.03125,1.0,0,0
beluga_seeker_sam,satellite,<absent>22JUL31174054-P3DS_R2C2-050169967010_01_P001_23_21.png,320,320,238.0,29.0,9.0,11.0,1,99.0,0.09668,0.02813,0.03438,0.8182,0,0
beluga_seeker_sam,satellite,<absent>22JUL31174054-P3DS_R2C2-050169967010_01_P001_23_22.png,320,320,69.0,122.0,12.0,10.0,1,120.0,0.11719,0.0375,0.03125,1.2,0,0
beluga_seeker_sam,satellite,<absent>22JUL31174054-P3DS_R2C2-050169967010_01_P001_23_29.png,320,320,0.0,274.0,8.0,6.0,1,48.0,0.04688,0.025,0.01875,1.3333,0,0
beluga_seeker_sam,satellite,<absent>22JUL31174054-P3DS_R2C2-050169967010_01_P001_24_10.png,320,320,118.0,201.0,9.0,8.0,1,72.0,0.07031,0.02813,0.025,1.125,0,0
beluga_seeker_sam,satellite,<absent>22JUL31174054-P3DS_R2C2-050169967010_01_P001_24_11.png,320,320,117.0,228.0,8.0,7.0,1,56.0,0.05469,0.025,0.02187,1.1429,0,0
beluga_seeker_sam,satellite,<absent>22JUL31174054-P3DS_R2C2-050169967010_01_P001_24_11.png,320,320,116.0,222.0,7.0,8.0,1,56.0,0.05469,0.02187,0.025,0.875,0,0
beluga_seeker_sam,satellite,<absent>22JUL31174054-P3DS_R2C2-050169967010_01_P001_24_11.png,320,320,114.0,213.0,10.0,9.0,1,90.0,0.08789,0.03125,0.02813,1.1111,0,0
beluga_seeker_sam,satellite,<absent>22JUL31174054-P3DS_R2C2-050169967010_01_P001_24_11.png,320,320,109.0,210.0,11.0,8.0,1,88.0,0.08594,0.03438,0.025,1.375,0,0
beluga_seeker_sam,satellite,<absent>22JUL31174054-P3DS_R2C2-050169967010_01_P001_24_16.png,320,320,261.0,155.0,8.0,14.0,1,112.0,0.10938,0.025,0.04375,0.5714,0,0
beluga_seeker_sam,satellite,<absent>22JUL31174054-P3DS_R2C2-050169967010_01_P001_24_17.png,320,320,164.0,3.0,7.0,10.0,1,70.0,0.06836,0.02187,0.03125,0.7,0,0
beluga_seeker_sam,satellite,<absent>22JUL31174054-P3DS_R2C2-050169967010_01_P001_24_28.png,320,320,94.0,62.0,10.0,10.0,1,100.0,0.09766,0.03125,0.03125,1.0,0,0
beluga_seeker_sam,satellite,<absent>22JUL31174054-P3DS_R2C2-050169967010_01_P001_25_13.png,320,320,16.0,95.0,10.0,11.0,1,110.0,0.10742,0.03125,0.03438,0.9091,0,0
beluga_seeker_sam,satellite,<absent>22JUL31174054-P3DS_R2C2-050169967010_01_P001_25_14.png,320,320,54.0,225.0,11.0,8.0,1,88.0,0.08594,0.03438,0.025,1.375,0,0
beluga_seeker_sam,satellite,<absent>22JUL31174054-P3DS_R2C2-050169967010_01_P001_25_14.png,320,320,54.0,228.0,11.0,7.0,1,77.0,0.0752,0.03438,0.02187,1.5714,0,0
beluga_seeker_sam,satellite,<absent>22JUL31174054-P3DS_R2C2-050169967010_01_P001_25_16.png,320,320,21.0,44.0,9.0,7.0,1,63.0,0.06152,0.02813,0.02187,1.2857,0,0
beluga_seeker_sam,satellite,<absent>22JUL31174054-P3DS_R2C2-050169967010_01_P001_25_16.png,320,320,12.0,40.0,7.0,13.0,1,91.0,0.08887,0.02187,0.04063,0.5385,0,0
beluga_seeker_sam,satellite,<absent>22JUL31174054-P3DS_R2C2-050169967010_01_P001_25_16.png,320,320,25.0,38.0,6.0,8.0,1,48.0,0.04688,0.01875,0.025,0.75,0,0
beluga_seeker_sam,satellite,<absent>22JUL31174054-P3DS_R2C2-050169967010_01_P001_26_2.png,320,320,135.0,215.0,9.0,12.0,1,108.0,0.10547,0.02813,0.0375,0.75,0,0
beluga_seeker_sam,satellite,<absent>22JUL31174054-P3DS_R2C2-050169967010_01_P001_28_21.png,320,320,24.0,4.0,6.0,12.0,1,72.0,0.07031,0.01875,0.0375,0.5,0,0
beluga_seeker_sam,satellite,<absent>22JUL31174054-P3DS_R2C2-050169967010_01_P001_29_1.png,320,320,316.0,104.0,4.0,11.0,1,44.0,0.04297,0.0125,0.03438,0.3636,0,0
beluga_seeker_sam,satellite,<absent>22JUL31174054-P3DS_R2C2-050169967010_01_P001_29_1.png,320,320,216.0,2.0,6.0,14.0,1,84.0,0.08203,0.01875,0.04375,0.4286,0,0
beluga_seeker_sam,satellite,<absent>22JUL31174054-P3DS_R2C2-050169967010_01_P001_29_1.png,320,320,229.0,1.0,7.0,12.0,1,84.0,0.08203,0.02187,0.0375,0.5833,0,0
beluga_seeker_sam,satellite,<absent>22JUL31174054-P3DS_R2C2-050169967010_01_P001_29_2.png,320,320,0.0,104.0,7.0,13.0,1,91.0,0.08887,0.02187,0.04063,0.5385,0,0
beluga_seeker_sam,satellite,<absent>22JUL31174054-P3DS_R2C2-050169967010_01_P001_29_4.png,320,320,266.0,179.0,7.0,10.0,1,70.0,0.06836,0.02187,0.03125,0.7,0,0
beluga_seeker_sam,satellite,<absent>22JUL31174054-P3DS_R2C2-050169967010_01_P001_30_2.png,320,320,143.0,44.0,12.0,12.0,1,144.0,0.14062,0.0375,0.0375,1.0,0,0
beluga_seeker_sam,satellite,<absent>22JUL31174054-P3DS_R2C2-050169967010_01_P001_30_2.png,320,320,101.0,20.0,11.0,12.0,1,132.0,0.12891,0.03438,0.0375,0.9167,0,0
beluga_seeker_sam,satellite,<absent>22JUL31174054-P3DS_R2C2-050169967010_01_P001_30_2.png,320,320,96.0,45.0,9.0,8.0,1,72.0,0.07031,0.02813,0.025,1.125,0,0
beluga_seeker_sam,satellite,<absent>22JUL31174054-P3DS_R2C2-050169967010_01_P001_30_2.png,320,320,95.0,36.0,9.0,10.0,1,90.0,0.08789,0.02813,0.03125,0.9,0,0
beluga_seeker_sam,satellite,<absent>22JUL31174054-P3DS_R2C2-050169967010_01_P001_30_2.png,320,320,101.0,35.0,6.0,12.0,1,72.0,0.07031,0.01875,0.0375,0.5,0,0
beluga_seeker_sam,satellite,<absent>22JUL31174054-P3DS_R2C2-050169967010_01_P001_30_20.png,320,320,44.0,191.0,7.0,11.0,1,77.0,0.0752,0.02187,0.03438,0.6364,0,0
beluga_seeker_sam,satellite,<absent>22JUL31174054-P3DS_R2C2-050169967010_01_P001_30_20.png,320,320,42.0,194.0,8.0,9.0,1,72.0,0.07031,0.025,0.02813,0.8889,0,0
beluga_seeker_sam,satellite,<absent>22JUL31174054-P3DS_R2C2-050169967010_01_P001_30_28.png,320,320,258.0,67.0,10.0,9.0,1,90.0,0.08789,0.03125,0.02813,1.1111,0,0
beluga_seeker_sam,satellite,<absent>22JUL31174054-P3DS_R2C2-050169967010_01_P001_30_5.png,320,320,64.0,310.0,11.0,6.0,1,66.0,0.06445,0.03438,0.01875,1.8333,0,0
beluga_seeker_sam,satellite,<absent>22JUL31174054-P3DS_R2C2-050169967010_01_P001_30_5.png,320,320,78.0,303.0,13.0,7.0,1,91.0,0.08887,0.04063,0.02187,1.8571,0,0
beluga_seeker_sam,satellite,<absent>22JUL31174054-P3DS_R2C2-050169967010_01_P001_31_1.png,320,320,187.0,184.0,15.0,7.0,1,105.0,0.10254,0.04688,0.02187,2.1429,0,0
beluga_seeker_sam,satellite,<absent>22JUL31174054-P3DS_R2C2-050169967010_01_P001_31_1.png,320,320,186.0,177.0,10.0,9.0,1,90.0,0.08789,0.03125,0.02813,1.1111,0,0
beluga_seeker_sam,satellite,<absent>22JUL31174054-P3DS_R2C2-050169967010_01_P001_31_1.png,320,320,195.0,177.0,7.0,10.0,1,70.0,0.06836,0.02187,0.03125,0.7,0,0
beluga_seeker_sam,satellite,<absent>22JUL31174054-P3DS_R2C2-050169967010_01_P001_31_9.png,320,320,144.0,128.0,10.0,10.0,1,100.0,0.09766,0.03125,0.03125,1.0,0,0
beluga_seeker_sam,satellite,<absent>22JUL31174054-P3DS_R2C2-050169967010_01_P001_32_21.png,320,320,259.0,38.0,12.0,8.0,1,96.0,0.09375,0.0375,0.025,1.5,0,0
beluga_seeker_sam,satellite,<absent>22JUL31174054-P3DS_R2C2-050169967010_01_P001_32_21.png,320,320,259.0,42.0,12.0,8.0,1,96.0,0.09375,0.0375,0.025,1.5,0,0
beluga_seeker_sam,satellite,<absent>22JUL31174054-P3DS_R2C2-050169967010_01_P001_32_25.png,320,320,129.0,127.0,8.0,11.0,1,88.0,0.08594,0.025,0.03438,0.7273,0,0
beluga_seeker_sam,satellite,<absent>22JUL31174054-P3DS_R2C2-050169967010_01_P001_32_5.png,320,320,247.0,292.0,12.0,8.0,1,96.0,0.09375,0.0375,0.025,1.5,0,0
beluga_seeker_sam,satellite,<absent>22JUL31174054-P3DS_R2C2-050169967010_01_P001_32_5.png,320,320,277.0,292.0,5.0,7.0,1,35.0,0.03418,0.01562,0.02187,0.7143,0,0
beluga_seeker_sam,satellite,<absent>22JUL31174054-P3DS_R2C2-050169967010_01_P001_32_5.png,320,320,279.0,292.0,8.0,9.0,1,72.0,0.07031,0.025,0.02813,0.8889,0,0
beluga_seeker_sam,satellite,<absent>22JUL31174054-P3DS_R2C2-050169967010_01_P001_32_5.png,320,320,273.0,298.0,10.0,7.0,1,70.0,0.06836,0.03125,0.02187,1.4286,0,0
beluga_seeker_sam,satellite,<absent>22JUL31174054-P3DS_R2C2-050169967010_01_P001_33_1.png,320,320,99.0,273.0,7.0,11.0,1,77.0,0.0752,0.02187,0.03438,0.6364,0,0
beluga_seeker_sam,satellite,<absent>22JUL31174054-P3DS_R2C2-050169967010_01_P001_33_17.png,320,320,247.0,278.0,10.0,8.0,1,80.0,0.07812,0.03125,0.025,1.25,0,0
beluga_seeker_sam,satellite,<absent>22JUL31174054-P3DS_R2C2-050169967010_01_P001_33_7.png,320,320,197.0,119.0,10.0,8.0,1,80.0,0.07812,0.03125,0.025,1.25,0,0
beluga_seeker_sam,satellite,<absent>22JUL31174054-P3DS_R2C2-050169967010_01_P001_33_9.png,320,320,34.0,89.0,12.0,7.0,1,84.0,0.08203,0.0375,0.02187,1.7143,0,0
beluga_seeker_sam,satellite,<absent>22JUL31174054-P3DS_R2C2-050169967010_01_P001_33_9.png,320,320,226.0,39.0,7.0,7.0,1,49.0,0.04785,0.02187,0.02187,1.0,0,0
beluga_seeker_sam,satellite,<absent>22JUL31174054-P3DS_R2C2-050169967010_01_P001_34_1.png,320,320,287.0,213.0,12.0,8.0,1,96.0,0.09375,0.0375,0.025,1.5,0,0
beluga_seeker_sam,satellite,<absent>22JUL31174054-P3DS_R2C2-050169967010_01_P001_34_4.png,320,320,159.0,292.0,10.0,10.0,1,100.0,0.09766,0.03125,0.03125,1.0,0,0
beluga_seeker_sam,satellite,<absent>22JUL31174054-P3DS_R2C2-050169967010_01_P001_34_4.png,320,320,165.0,290.0,8.0,9.0,1,72.0,0.07031,0.025,0.02813,0.8889,0,0
beluga_seeker_sam,satellite,<absent>22JUL31174054-P3DS_R2C2-050169967010_01_P001_34_8.png,320,320,285.0,104.0,8.0,12.0,1,96.0,0.09375,0.025,0.0375,0.6667,0,0
beluga_seeker_sam,satellite,<absent>22JUL31174054-P3DS_R2C2-050169967010_01_P001_34_8.png,320,320,284.0,102.0,7.0,8.0,1,56.0,0.05469,0.02187,0.025,0.875,0,0
beluga_seeker_sam,satellite,<absent>22JUL31174054-P3DS_R2C2-050169967010_01_P001_35_3.png,320,320,30.0,193.0,11.0,7.0,1,77.0,0.0752,0.03438,0.02187,1.5714,0,0
beluga_seeker_sam,satellite,<absent>22JUL31174054-P3DS_R2C2-050169967010_01_P001_35_4.png,320,320,220.0,32.0,9.0,11.0,1,99.0,0.09668,0.02813,0.03438,0.8182,0,0
beluga_seeker_sam,satellite,<absent>22JUL31174054-P3DS_R2C2-050169967010_01_P001_35_4.png,320,320,15.0,17.0,9.0,9.0,1,81.0,0.0791,0.02813,0.02813,1.0,0,0
beluga_seeker_sam,satellite,<absent>22JUL31174054-P3DS_R2C2-050169967010_01_P001_35_5.png,320,320,169.0,21.0,4.0,10.0,1,40.0,0.03906,0.0125,0.03125,0.4,0,0
beluga_seeker_sam,satellite,<absent>22JUL31174054-P3DS_R2C2-050169967010_01_P001_35_5.png,320,320,173.0,22.0,2.0,8.0,1,16.0,0.01562,0.00625,0.025,0.25,0,0
beluga_seeker_sam,satellite,<absent>22JUL31174054-P3DS_R2C2-050169967010_01_P001_36_1.png,320,320,113.0,11.0,13.0,10.0,1,130.0,0.12695,0.04063,0.03125,1.3,0,0
beluga_seeker_sam,satellite,<absent>22JUL31174054-P3DS_R2C2-050169967010_01_P001_36_1.png,320,320,118.0,5.0,9.0,7.0,1,63.0,0.06152,0.02813,0.02187,1.2857,0,0
beluga_seeker_sam,satellite,<absent>22JUL31174054-P3DS_R2C2-050169967010_01_P001_36_1.png,320,320,121.0,6.0,7.0,7.0,1,49.0,0.04785,0.02187,0.02187,1.0,0,0
beluga_seeker_sam,satellite,<absent>22JUL31174054-P3DS_R2C2-050169967010_01_P001_36_13.png,320,320,314.0,72.0,6.0,14.0,1,84.0,0.08203,0.01875,0.04375,0.4286,0,0
beluga_seeker_sam,satellite,<absent>22JUL31174054-P3DS_R2C2-050169967010_01_P001_36_14.png,320,320,2.0,65.0,7.0,11.0,1,77.0,0.0752,0.02187,0.03438,0.6364,0,0
beluga_seeker_sam,satellite,<absent>22JUL31174054-P3DS_R2C2-050169967010_01_P001_36_14.png,320,320,9.0,51.0,10.0,13.0,1,130.0,0.12695,0.03125,0.04063,0.7692,0,0
beluga_seeker_sam,satellite,<absent>22JUL31174054-P3DS_R2C2-050169967010_01_P001_36_14.png,320,320,0.0,51.0,9.0,12.0,1,108.0,0.10547,0.02813,0.0375,0.75,0,0
beluga_seeker_sam,satellite,<absent>22JUL31174054-P3DS_R2C2-050169967010_01_P001_36_6.png,320,320,299.0,110.0,10.0,9.0,1,90.0,0.08789,0.03125,0.02813,1.1111,0,0
beluga_seeker_sam,satellite,<absent>22JUL31174054-P3DS_R2C2-050169967010_01_P001_36_6.png,320,320,118.0,208.0,13.0,7.0,1,91.0,0.08887,0.04063,0.02187,1.8571,0,0
beluga_seeker_sam,satellite,<absent>22JUL31174054-P3DS_R2C2-050169967010_01_P001_36_7.png,320,320,209.0,67.0,6.0,10.0,1,60.0,0.05859,0.01875,0.03125,0.6,0,0
beluga_seeker_sam,satellite,<absent>22JUL31174054-P3DS_R2C2-050169967010_01_P001_36_7.png,320,320,212.0,70.0,4.0,7.0,1,28.0,0.02734,0.0125,0.02187,0.5714,0,0
beluga_seeker_sam,satellite,<absent>22JUL31174054-P3DS_R2C2-050169967010_01_P001_37_1.png,320,320,24.0,80.0,8.0,6.0,1,48.0,0.04688,0.025,0.01875,1.3333,0,0
beluga_seeker_sam,satellite,<absent>22JUL31174054-P3DS_R2C2-050169967010_01_P001_37_2.png,320,320,5.0,145.0,8.0,11.0,1,88.0,0.08594,0.025,0.03438,0.7273,0,0
beluga_seeker_sam,satellite,<absent>22JUL31174054-P3DS_R2C2-050169967010_01_P001_38_1.png,320,320,195.0,114.0,11.0,12.0,1,132.0,0.12891,0.03438,0.0375,0.9167,0,0
beluga_seeker_sam,satellite,<absent>22JUL31174054-P3DS_R2C2-050169967010_01_P001_38_2.png,320,320,228.0,162.0,7.0,8.0,1,56.0,0.05469,0.02187,0.025,0.875,0,0
beluga_seeker_sam,satellite,<absent>22JUL31174054-P3DS_R2C2-050169967010_01_P001_38_2.png,320,320,230.0,168.0,7.0,7.0,1,49.0,0.04785,0.02187,0.02187,1.0,0,0
beluga_seeker_sam,satellite,<absent>22JUL31174054-P3DS_R2C2-050169967010_01_P001_38_3.png,320,320,3.0,212.0,12.0,6.0,1,72.0,0.07031,0.0375,0.01875,2.0,0,0
beluga_seeker_sam,satellite,<absent>22JUL31174054-P3DS_R2C2-050169967010_01_P001_38_5.png,320,320,158.0,199.0,9.0,12.0,1,108.0,0.10547,0.02813,0.0375,0.75,0,0
beluga_seeker_sam,satellite,<absent>22JUL31174054-P3DS_R2C2-050169967010_01_P001_39_3.png,320,320,61.0,204.0,11.0,10.0,1,110.0,0.10742,0.03438,0.03125,1.1,0,0
beluga_seeker_sam,satellite,<absent>22JUL31174054-P3DS_R2C2-050169967010_01_P001_39_3.png,320,320,64.0,218.0,10.0,11.0,1,110.0,0.10742,0.03125,0.03438,0.9091,0,0
beluga_seeker_sam,satellite,<absent>22JUL31174054-P3DS_R2C2-050169967010_01_P001_39_3.png,320,320,61.0,226.0,7.0,12.0,1,84.0,0.08203,0.02187,0.0375,0.5833,0,0
beluga_seeker_sam,satellite,<absent>22JUL31174054-P3DS_R2C2-050169967010_01_P001_39_3.png,320,320,68.0,227.0,7.0,11.0,1,77.0,0.0752,0.02187,0.03438,0.6364,0,0
beluga_seeker_sam,satellite,<absent>22JUL31174054-P3DS_R2C2-050169967010_01_P001_39_3.png,320,320,77.0,228.0,10.0,6.0,1,60.0,0.05859,0.03125,0.01875,1.6667,0,0
beluga_seeker_sam,satellite,<absent>22JUL31174054-P3DS_R2C2-050169967010_01_P001_39_3.png,320,320,76.0,234.0,11.0,4.0,1,44.0,0.04297,0.03438,0.0125,2.75,0,0
beluga_seeker_sam,satellite,<absent>22JUL31174054-P3DS_R2C2-050169967010_01_P001_39_5.png,320,320,61.0,130.0,8.0,12.0,1,96.0,0.09375,0.025,0.0375,0.6667,0,0
beluga_seeker_sam,satellite,<absent>22JUL31174054-P3DS_R2C2-050169967010_01_P001_39_5.png,320,320,30.0,162.0,9.0,14.0,1,126.0,0.12305,0.02813,0.04375,0.6429,0,0
beluga_seeker_sam,satellite,<absent>22JUL31174054-P3DS_R2C2-050169967010_01_P001_39_5.png,320,320,45.0,167.0,8.0,13.0,1,104.0,0.10156,0.025,0.04063,0.6154,0,0
beluga_seeker_sam,satellite,<absent>22JUL31174054-P3DS_R2C2-050169967010_01_P001_39_5.png,320,320,29.0,178.0,9.0,13.0,1,117.0,0.11426,0.02813,0.04063,0.6923,0,0
beluga_seeker_sam,satellite,<absent>22JUL31174054-P3DS_R2C2-050169967010_01_P001_39_5.png,320,320,41.0,192.0,8.0,13.0,1,104.0,0.10156,0.025,0.04063,0.6154,0,0
beluga_seeker_sam,satellite,<absent>22JUL31174054-P3DS_R2C2-050169967010_01_P001_41_9.png,320,320,210.0,279.0,7.0,14.0,1,98.0,0.0957,0.02187,0.04375,0.5,0,0
beluga_seeker_sam,satellite,<absent>22JUL31174054-P3DS_R2C2-050169967010_01_P001_41_9.png,320,320,232.0,261.0,9.0,12.0,1,108.0,0.10547,0.02813,0.0375,0.75,0,0
beluga_seeker_sam,satellite,<absent>22JUL31174054-P3DS_R2C2-050169967010_01_P001_41_9.png,320,320,231.0,256.0,7.0,13.0,1,91.0,0.08887,0.02187,0.04063,0.5385,0,0
beluga_seeker_sam,satellite,<absent>22JUL31174054-P3DS_R2C2-050169967010_01_P001_41_9.png,320,320,220.0,265.0,8.0,11.0,1,88.0,0.08594,0.025,0.03438,0.7273,0,0
beluga_seeker_sam,satellite,<absent>22JUL31174054-P3DS_R2C2-050169967010_01_P001_41_9.png,320,320,219.0,251.0,6.0,12.0,1,72.0,0.07031,0.01875,0.0375,0.5,0,0
beluga_seeker_sam,satellite,<absent>22JUL31174054-P3DS_R2C2-050169967010_01_P001_41_9.png,320,320,218.0,263.0,7.0,11.0,1,77.0,0.0752,0.02187,0.03438,0.6364,0,0
beluga_seeker_sam,satellite,<absent>22JUL31174054-P3DS_R2C2-050169967010_01_P001_42_11.png,320,320,176.0,174.0,7.0,10.0,1,70.0,0.06836,0.02187,0.03125,0.7,0,0
beluga_seeker_sam,satellite,<absent>22JUL31174054-P3DS_R2C2-050169967010_01_P001_43_10.png,320,320,0.0,268.0,10.0,6.0,1,60.0,0.05859,0.03125,0.01875,1.6667,0,0
beluga_seeker_sam,satellite,<absent>22JUL31174054-P3DS_R2C2-050169967010_01_P001_43_10.png,320,320,9.0,256.0,11.0,7.0,1,77.0,0.0752,0.03438,0.02187,1.5714,0,0
beluga_seeker_sam,satellite,<absent>22JUL31174054-P3DS_R2C2-050169967010_01_P001_43_10.png,320,320,67.0,252.0,11.0,8.0,1,88.0,0.08594,0.03438,0.025,1.375,0,0
beluga_seeker_sam,satellite,<absent>22JUL31174054-P3DS_R2C2-050169967010_01_P001_43_10.png,320,320,80.0,247.0,11.0,7.0,1,77.0,0.0752,0.03438,0.02187,1.5714,0,0
beluga_seeker_sam,satellite,<absent>22JUL31174054-P3DS_R2C2-050169967010_01_P001_43_10.png,320,320,77.0,251.0,11.0,8.0,1,88.0,0.08594,0.03438,0.025,1.375,0,0
beluga_seeker_sam,satellite,<absent>22JUL31174054-P3DS_R2C2-050169967010_01_P001_43_11.png,320,320,96.0,310.0,9.0,9.0,1,81.0,0.0791,0.02813,0.02813,1.0,0,0
beluga_seeker_sam,satellite,<absent>22JUL31174054-P3DS_R2C2-050169967010_01_P001_43_11.png,320,320,95.0,308.0,8.0,10.0,1,80.0,0.07812,0.025,0.03125,0.8,0,0
beluga_seeker_sam,satellite,<absent>22JUL31174054-P3DS_R2C2-050169967010_01_P001_43_11.png,320,320,102.0,299.0,8.0,10.0,1,80.0,0.07812,0.025,0.03125,0.8,0,0
beluga_seeker_sam,satellite,<absent>22JUL31174054-P3DS_R2C2-050169967010_01_P001_43_11.png,320,320,103.0,308.0,11.0,8.0,1,88.0,0.08594,0.03438,0.025,1.375,0,0
beluga_seeker_sam,satellite,<absent>22JUL31174054-P3DS_R2C2-050169967010_01_P001_43_11.png,320,320,109.0,301.0,6.0,9.0,1,54.0,0.05273,0.01875,0.02813,0.6667,0,0
beluga_seeker_sam,satellite,<absent>22JUL31174054-P3DS_R2C2-050169967010_01_P001_43_14.png,320,320,284.0,256.0,9.0,10.0,1,90.0,0.08789,0.02813,0.03125,0.9,0,0
beluga_seeker_sam,satellite,<absent>22JUL31174054-P3DS_R2C2-050169967010_01_P001_43_14.png,320,320,275.0,269.0,11.0,10.0,1,110.0,0.10742,0.03438,0.03125,1.1,0,0
beluga_seeker_sam,satellite,<absent>22JUL31174054-P3DS_R2C2-050169967010_01_P001_43_17.png,320,320,90.0,252.0,8.0,8.0,1,64.0,0.0625,0.025,0.025,1.0,0,0
beluga_seeker_sam,satellite,<absent>22JUL31174054-P3DS_R2C2-050169967010_01_P001_43_6.png,320,320,311.0,121.0,9.0,10.0,1,90.0,0.08789,0.02813,0.03125,0.9,0,0
beluga_seeker_sam,satellite,<absent>22JUL31174054-P3DS_R2C2-050169967010_01_P001_43_7.png,320,320,1.0,58.0,9.0,8.0,1,72.0,0.07031,0.02813,0.025,1.125,0,0
beluga_seeker_sam,satellite,<absent>22JUL31174054-P3DS_R2C2-050169967010_01_P001_43_7.png,320,320,14.0,147.0,11.0,9.0,1,99.0,0.09668,0.03438,0.02813,1.2222,0,0
beluga_seeker_sam,satellite,<absent>22JUL31174054-P3DS_R2C2-050169967010_01_P001_43_7.png,320,320,5.0,159.0,9.0,9.0,1,81.0,0.0791,0.02813,0.02813,1.0,0,0
beluga_seeker_sam,satellite,<absent>22JUL31174054-P3DS_R2C2-050169967010_01_P001_43_8.png,320,320,130.0,145.0,6.0,7.0,1,42.0,0.04102,0.01875,0.02187,0.8571,0,0
beluga_seeker_sam,satellite,<absent>22JUL31174054-P3DS_R2C2-050169967010_01_P001_43_8.png,320,320,296.0,255.0,9.0,10.0,1,90.0,0.08789,0.02813,0.03125,0.9,0,0
beluga_seeker_sam,satellite,<absent>22JUL31174054-P3DS_R2C2-050169967010_01_P001_43_8.png,320,320,289.0,251.0,11.0,7.0,1,77.0,0.0752,0.03438,0.02187,1.5714,0,0
beluga_seeker_sam,satellite,<absent>22JUL31174054-P3DS_R2C2-050169967010_01_P001_44_10.png,320,320,161.0,42.0,11.0,8.0,1,88.0,0.08594,0.03438,0.025,1.375,0,0
beluga_seeker_sam,satellite,<absent>22JUL31174054-P3DS_R2C2-050169967010_01_P001_44_10.png,320,320,161.0,45.0,11.0,7.0,1,77.0,0.0752,0.03438,0.02187,1.5714,0,0
beluga_seeker_sam,satellite,<absent>22JUL31174054-P3DS_R2C2-050169967010_01_P001_44_10.png,320,320,250.0,148.0,10.0,9.0,1,90.0,0.08789,0.03125,0.02813,1.1111,0,0
beluga_seeker_sam,satellite,<absent>22JUL31174054-P3DS_R2C2-050169967010_01_P001_44_10.png,320,320,245.0,152.0,10.0,8.0,1,80.0,0.07812,0.03125,0.025,1.25,0,0
beluga_seeker_sam,satellite,<absent>22JUL31174054-P3DS_R2C2-050169967010_01_P001_44_12.png,320,320,235.0,183.0,10.0,10.0,1,100.0,0.09766,0.03125,0.03125,1.0,0,0
beluga_seeker_sam,satellite,<absent>22JUL31174054-P3DS_R2C2-050169967010_01_P001_44_12.png,320,320,232.0,197.0,9.0,9.0,1,81.0,0.0791,0.02813,0.02813,1.0,0,0
beluga_seeker_sam,satellite,<absent>22JUL31174054-P3DS_R2C2-050169967010_01_P001_44_12.png,320,320,207.0,266.0,8.0,14.0,1,112.0,0.10938,0.025,0.04375,0.5714,0,0
beluga_seeker_sam,satellite,<absent>22JUL31174054-P3DS_R2C2-050169967010_01_P001_44_12.png,320,320,121.0,262.0,10.0,11.0,1,110.0,0.10742,0.03125,0.03438,0.9091,0,0
beluga_seeker_sam,satellite,<absent>22JUL31174054-P3DS_R2C2-050169967010_01_P001_44_12.png,320,320,128.0,257.0,8.0,11.0,1,88.0,0.08594,0.025,0.03438,0.7273,0,0
beluga_seeker_sam,satellite,<absent>22JUL31174054-P3DS_R2C2-050169967010_01_P001_44_12.png,320,320,151.0,263.0,10.0,9.0,1,90.0,0.08789,0.03125,0.02813,1.1111,0,0
beluga_seeker_sam,satellite,<absent>22JUL31174054-P3DS_R2C2-050169967010_01_P001_44_12.png,320,320,145.0,259.0,13.0,8.0,1,104.0,0.10156,0.04063,0.025,1.625,0,0
beluga_seeker_sam,satellite,<absent>22JUL31174054-P3DS_R2C2-050169967010_01_P001_44_12.png,320,320,136.0,247.0,12.0,11.0,1,132.0,0.12891,0.0375,0.03438,1.0909,0,0
beluga_seeker_sam,satellite,<absent>22JUL31174054-P3DS_R2C2-050169967010_01_P001_44_12.png,320,320,153.0,240.0,10.0,10.0,1,100.0,0.09766,0.03125,0.03125,1.0,0,0
beluga_seeker_sam,satellite,<absent>22JUL31174054-P3DS_R2C2-050169967010_01_P001_44_12.png,320,320,170.0,245.0,12.0,7.0,1,84.0,0.08203,0.0375,0.02187,1.7143,0,0
beluga_seeker_sam,satellite,<absent>22JUL31174054-P3DS_R2C2-050169967010_01_P001_44_12.png,320,320,160.0,252.0,10.0,8.0,1,80.0,0.07812,0.03125,0.025,1.25,0,0
beluga_seeker_sam,satellite,<absent>22JUL31174054-P3DS_R2C2-050169967010_01_P001_44_12.png,320,320,166.0,261.0,9.0,11.0,1,99.0,0.09668,0.02813,0.03438,0.8182,0,0
beluga_seeker_sam,satellite,<absent>22JUL31174054-P3DS_R2C2-050169967010_01_P001_44_12.png,320,320,190.0,244.0,15.0,10.0,1,150.0,0.14648,0.04688,0.03125,1.5,0,0
beluga_seeker_sam,satellite,<absent>22JUL31174054-P3DS_R2C2-050169967010_01_P001_44_12.png,320,320,199.0,235.0,13.0,8.0,1,104.0,0.10156,0.04063,0.025,1.625,0,0
beluga_seeker_sam,satellite,<absent>22JUL31174054-P3DS_R2C2-050169967010_01_P001_44_12.png,320,320,194.0,237.0,12.0,10.0,1,120.0,0.11719,0.0375,0.03125,1.2,0,0
beluga_seeker_sam,satellite,<absent>22JUL31174054-P3DS_R2C2-050169967010_01_P001_44_12.png,320,320,40.0,261.0,7.0,12.0,1,84.0,0.08203,0.02187,0.0375,0.5833,0,0
beluga_seeker_sam,satellite,<absent>22JUL31174054-P3DS_R2C2-050169967010_01_P001_44_13.png,320,320,122.0,297.0,12.0,8.0,1,96.0,0.09375,0.0375,0.025,1.5,0,0
beluga_seeker_sam,satellite,<absent>22JUL31174054-P3DS_R2C2-050169967010_01_P001_44_14.png,320,320,177.0,244.0,12.0,6.0,1,72.0,0.07031,0.0375,0.01875,2.0,0,0
beluga_seeker_sam,satellite,<absent>22JUL31174054-P3DS_R2C2-050169967010_01_P001_44_7.png,320,320,306.0,30.0,14.0,12.0,1,168.0,0.16406,0.04375,0.0375,1.1667,0,0
beluga_seeker_sam,satellite,<absent>22JUL31174054-P3DS_R2C2-050169967010_01_P001_44_8.png,320,320,235.0,99.0,10.0,13.0,1,130.0,0.12695,0.03125,0.04063,0.7692,0,0
beluga_seeker_sam,satellite,<absent>22JUL31174054-P3DS_R2C2-050169967010_01_P001_44_8.png,320,320,230.0,90.0,9.0,15.0,1,135.0,0.13184,0.02813,0.04688,0.6,0,0
beluga_seeker_sam,satellite,<absent>22JUL31174054-P3DS_R2C2-050169967010_01_P001_44_8.png,320,320,228.0,95.0,6.0,10.0,1,60.0,0.05859,0.01875,0.03125,0.6,0,0
beluga_seeker_sam,satellite,<absent>22JUL31174054-P3DS_R2C2-050169967010_01_P001_44_8.png,320,320,123.0,89.0,12.0,8.0,1,96.0,0.09375,0.0375,0.025,1.5,0,0
beluga_seeker_sam,satellite,<absent>22JUL31174054-P3DS_R2C2-050169967010_01_P001_44_9.png,320,320,2.0,200.0,8.0,11.0,1,88.0,0.08594,0.025,0.03438,0.7273,0,0
beluga_seeker_sam,satellite,<absent>22JUL31174054-P3DS_R2C2-050169967010_01_P001_44_9.png,320,320,6.0,186.0,14.0,8.0,1,112.0,0.10938,0.04375,0.025,1.75,0,0
beluga_seeker_sam,satellite,<absent>22JUL31174054-P3DS_R2C2-050169967010_01_P001_44_9.png,320,320,24.0,175.0,13.0,7.0,1,91.0,0.08887,0.04063,0.02187,1.8571,0,0
beluga_seeker_sam,satellite,<absent>22JUL31174054-P3DS_R2C2-050169967010_01_P001_44_9.png,320,320,27.0,153.0,13.0,8.0,1,104.0,0.10156,0.04063,0.025,1.625,0,0
beluga_seeker_sam,satellite,<absent>22JUL31174054-P3DS_R2C2-050169967010_01_P001_44_9.png,320,320,75.0,151.0,7.0,14.0,1,98.0,0.0957,0.02187,0.04375,0.5,0,0
beluga_seeker_sam,satellite,<absent>22JUL31174054-P3DS_R2C2-050169967010_01_P001_44_9.png,320,320,115.0,110.0,7.0,7.0,1,49.0,0.04785,0.02187,0.02187,1.0,0,0
beluga_seeker_sam,satellite,<absent>22JUL31174054-P3DS_R2C2-050169967010_01_P001_44_9.png,320,320,37.0,235.0,7.0,11.0,1,77.0,0.0752,0.02187,0.03438,0.6364,0,0
beluga_seeker_sam,satellite,<absent>22JUL31174054-P3DS_R2C2-050169967010_01_P001_44_9.png,320,320,37.0,245.0,7.0,13.0,1,91.0,0.08887,0.02187,0.04063,0.5385,0,0
beluga_seeker_sam,satellite,<absent>22JUL31174054-P3DS_R2C2-050169967010_01_P001_44_9.png,320,320,88.0,281.0,7.0,9.0,1,63.0,0.06152,0.02187,0.02813,0.7778,0,0
beluga_seeker_sam,satellite,<absent>22JUL31174054-P3DS_R2C2-050169967010_01_P001_44_9.png,320,320,283.0,245.0,13.0,7.0,1,91.0,0.08887,0.04063,0.02187,1.8571,0,0
beluga_seeker_sam,satellite,<absent>22JUL31174054-P3DS_R2C2-050169967010_01_P001_45_12.png,320,320,141.0,249.0,9.0,13.0,1,117.0,0.11426,0.02813,0.04063,0.6923,0,0
beluga_seeker_sam,satellite,<absent>22JUL31174054-P3DS_R2C2-050169967010_01_P001_45_12.png,320,320,158.0,215.0,9.0,15.0,1,135.0,0.13184,0.02813,0.04688,0.6,0,0
beluga_seeker_sam,satellite,<absent>22JUL31174054-P3DS_R2C2-050169967010_01_P001_45_12.png,320,320,151.0,226.0,7.0,8.0,1,56.0,0.05469,0.02187,0.025,0.875,0,0
beluga_seeker_sam,satellite,<absent>22JUL31174054-P3DS_R2C2-050169967010_01_P001_45_12.png,320,320,154.0,219.0,7.0,9.0,1,63.0,0.06152,0.02187,0.02813,0.7778,0,0
beluga_seeker_sam,satellite,<absent>22JUL31174054-P3DS_R2C2-050169967010_01_P001_45_12.png,320,320,154.0,212.0,10.0,8.0,1,80.0,0.07812,0.03125,0.025,1.25,0,0
beluga_seeker_sam,satellite,<absent>22JUL31174054-P3DS_R2C2-050169967010_01_P001_45_12.png,320,320,164.0,205.0,6.0,12.0,1,72.0,0.07031,0.01875,0.0375,0.5,0,0
beluga_seeker_sam,satellite,<absent>22JUL31174054-P3DS_R2C2-050169967010_01_P001_45_12.png,320,320,114.0,85.0,9.0,12.0,1,108.0,0.10547,0.02813,0.0375,0.75,0,0
beluga_seeker_sam,satellite,<absent>22JUL31174054-P3DS_R2C2-050169967010_01_P001_45_12.png,320,320,117.0,76.0,9.0,14.0,1,126.0,0.12305,0.02813,0.04375,0.6429,0,0
beluga_seeker_sam,satellite,<absent>22JUL31174054-P3DS_R2C2-050169967010_01_P001_45_12.png,320,320,135.0,68.0,9.0,13.0,1,117.0,0.11426,0.02813,0.04063,0.6923,0,0
beluga_seeker_sam,satellite,<absent>22JUL31174054-P3DS_R2C2-050169967010_01_P001_45_12.png,320,320,125.0,64.0,7.0,12.0,1,84.0,0.08203,0.02187,0.0375,0.5833,0,0
beluga_seeker_sam,satellite,<absent>22JUL31174054-P3DS_R2C2-050169967010_01_P001_45_13.png,320,320,39.0,311.0,11.0,9.0,1,99.0,0.09668,0.03438,0.02813,1.2222,0,0
beluga_seeker_sam,satellite,<absent>22JUL31174054-P3DS_R2C2-050169967010_01_P001_45_13.png,320,320,31.0,306.0,9.0,13.0,1,117.0,0.11426,0.02813,0.04063,0.6923,0,0
beluga_seeker_sam,satellite,<absent>22JUL31174054-P3DS_R2C2-050169967010_01_P001_45_13.png,320,320,20.0,301.0,8.0,11.0,1,88.0,0.08594,0.025,0.03438,0.7273,0,0
beluga_seeker_sam,satellite,<absent>22JUL31174054-P3DS_R2C2-050169967010_01_P001_45_13.png,320,320,36.0,264.0,6.0,11.0,1,66.0,0.06445,0.01875,0.03438,0.5455,0,0
beluga_seeker_sam,satellite,<absent>22JUL31174054-P3DS_R2C2-050169967010_01_P001_45_18.png,320,320,111.0,78.0,7.0,11.0,1,77.0,0.0752,0.02187,0.03438,0.6364,0,0
beluga_seeker_sam,satellite,<absent>22JUL31174054-P3DS_R2C2-050169967010_01_P001_46_12.png,320,320,315.0,43.0,5.0,14.0,1,70.0,0.06836,0.01562,0.04375,0.3571,0,0
beluga_seeker_sam,satellite,<absent>22JUL31174054-P3DS_R2C2-050169967010_01_P001_46_13.png,320,320,252.0,230.0,12.0,7.0,1,84.0,0.08203,0.0375,0.02187,1.7143,0,0
beluga_seeker_sam,satellite,<absent>22JUL31174054-P3DS_R2C2-050169967010_01_P001_46_13.png,320,320,228.0,190.0,8.0,9.0,1,72.0,0.07031,0.025,0.02813,0.8889,0,0
beluga_seeker_sam,satellite,<absent>22JUL31174054-P3DS_R2C2-050169967010_01_P001_46_13.png,320,320,223.0,183.0,6.0,8.0,1,48.0,0.04688,0.01875,0.025,0.75,0,0
beluga_seeker_sam,satellite,<absent>22JUL31174054-P3DS_R2C2-050169967010_01_P001_46_13.png,320,320,224.0,188.0,4.0,5.0,1,20.0,0.01953,0.0125,0.01562,0.8,0,0
beluga_seeker_sam,satellite,<absent>22JUL31174054-P3DS_R2C2-050169967010_01_P001_46_13.png,320,320,220.0,173.0,7.0,10.0,1,70.0,0.06836,0.02187,0.03125,0.7,0,0
beluga_seeker_sam,satellite,<absent>22JUL31174054-P3DS_R2C2-050169967010_01_P001_46_13.png,320,320,226.0,182.0,4.0,9.0,1,36.0,0.03516,0.0125,0.02813,0.4444,0,0
beluga_seeker_sam,satellite,<absent>22JUL31174054-P3DS_R2C2-050169967010_01_P001_46_13.png,320,320,214.0,186.0,10.0,13.0,1,130.0,0.12695,0.03125,0.04063,0.7692,0,0
beluga_seeker_sam,satellite,<absent>22JUL31174054-P3DS_R2C2-050169967010_01_P001_46_13.png,320,320,210.0,188.0,9.0,12.0,1,108.0,0.10547,0.02813,0.0375,0.75,0,0
beluga_seeker_sam,satellite,<absent>22JUL31174054-P3DS_R2C2-050169967010_01_P001_46_13.png,320,320,201.0,180.0,14.0,10.0,1,140.0,0.13672,0.04375,0.03125,1.4,0,0
beluga_seeker_sam,satellite,<absent>22JUL31174054-P3DS_R2C2-050169967010_01_P001_46_13.png,320,320,192.0,177.0,9.0,11.0,1,99.0,0.09668,0.02813,0.03438,0.8182,0,0
beluga_seeker_sam,satellite,<absent>22JUL31174054-P3DS_R2C2-050169967010_01_P001_46_13.png,320,320,3.0,15.0,9.0,9.0,1,81.0,0.0791,0.02813,0.02813,1.0,0,0
beluga_seeker_sam,satellite,<absent>22JUL31174054-P3DS_R2C2-050169967010_01_P001_46_13.png,320,320,21.0,14.0,8.0,7.0,1,56.0,0.05469,0.025,0.02187,1.1429,0,0
beluga_seeker_sam,satellite,<absent>22JUL31174054-P3DS_R2C2-050169967010_01_P001_46_14.png,320,320,75.0,196.0,10.0,8.0,1,80.0,0.07812,0.03125,0.025,1.25,0,0
beluga_seeker_sam,satellite,<absent>22JUL31174054-P3DS_R2C2-050169967010_01_P001_46_14.png,320,320,73.0,200.0,13.0,10.0,1,130.0,0.12695,0.04063,0.03125,1.3,0,0
beluga_seeker_sam,satellite,<absent>22JUL31174054-P3DS_R2C2-050169967010_01_P001_47_1.png,320,320,76.0,280.0,10.0,9.0,1,90.0,0.08789,0.03125,0.02813,1.1111,0,0
beluga_seeker_sam,satellite,<absent>22JUL31174054-P3DS_R2C2-050169967010_01_P001_47_13.png,320,320,297.0,82.0,11.0,10.0,1,110.0,0.10742,0.03438,0.03125,1.1,0,0
beluga_seeker_sam,satellite,<absent>22JUL31174054-P3DS_R2C2-050169967010_01_P001_47_13.png,320,320,277.0,75.0,11.0,11.0,1,121.0,0.11816,0.03438,0.03438,1.0,0,0
beluga_seeker_sam,satellite,<absent>22JUL31174054-P3DS_R2C2-050169967010_01_P001_47_13.png,320,320,252.0,59.0,9.0,10.0,1,90.0,0.08789,0.02813,0.03125,0.9,0,0
beluga_seeker_sam,satellite,<absent>22JUL31174054-P3DS_R2C2-050169967010_01_P001_47_13.png,320,320,258.0,77.0,10.0,11.0,1,110.0,0.10742,0.03125,0.03438,0.9091,0,0
beluga_seeker_sam,satellite,<absent>22JUL31174054-P3DS_R2C2-050169967010_01_P001_47_13.png,320,320,247.0,79.0,10.0,10.0,1,100.0,0.09766,0.03125,0.03125,1.0,0,0
beluga_seeker_sam,satellite,<absent>22JUL31174054-P3DS_R2C2-050169967010_01_P001_47_13.png,320,320,217.0,85.0,7.0,11.0,1,77.0,0.0752,0.02187,0.03438,0.6364,0,0
beluga_seeker_sam,satellite,<absent>22JUL31174054-P3DS_R2C2-050169967010_01_P001_47_13.png,320,320,207.0,86.0,14.0,13.0,1,182.0,0.17773,0.04375,0.04063,1.0769,0,0
beluga_seeker_sam,satellite,<absent>22JUL31174054-P3DS_R2C2-050169967010_01_P001_47_13.png,320,320,199.0,76.0,7.0,8.0,1,56.0,0.05469,0.02187,0.025,0.875,0,0
beluga_seeker_sam,satellite,<absent>22JUL31174054-P3DS_R2C2-050169967010_01_P001_47_13.png,320,320,220.0,109.0,8.0,10.0,1,80.0,0.07812,0.025,0.03125,0.8,0,0
beluga_seeker_sam,satellite,<absent>22JUL31174054-P3DS_R2C2-050169967010_01_P001_47_14.png,320,320,309.0,260.0,11.0,10.0,1,110.0,0.10742,0.03438,0.03125,1.1,0,0
beluga_seeker_sam,satellite,<absent>22JUL31174054-P3DS_R2C2-050169967010_01_P001_47_15.png,320,320,75.0,72.0,13.0,7.0,1,91.0,0.08887,0.04063,0.02187,1.8571,0,0
beluga_seeker_sam,satellite,<absent>22JUL31174054-P3DS_R2C2-050169967010_01_P001_48_19.png,320,320,213.0,21.0,12.0,6.0,1,72.0,0.07031,0.0375,0.01875,2.0,0,0
beluga_seeker_sam,satellite,<absent>22JUL31174054-P3DS_R2C2-050169967010_01_P001_49_16.png,320,320,305.0,170.0,14.0,10.0,1,140.0,0.13672,0.04375,0.03125,1.4,0,0
beluga_seeker_sam,satellite,<absent>22JUL31174054-P3DS_R2C2-050169967010_01_P001_49_17.png,320,320,9.0,105.0,13.0,11.0,1,143.0,0.13965,0.04063,0.03438,1.1818,0,0
beluga_seeker_sam,satellite,<absent>22JUL31174054-P3DS_R2C2-050169967010_01_P001_49_17.png,320,320,9.0,127.0,12.0,11.0,1,132.0,0.12891,0.0375,0.03438,1.0909,0,0
beluga_seeker_sam,satellite,<absent>22JUL31174054-P3DS_R2C2-050169967010_01_P001_49_17.png,320,320,0.0,136.0,8.0,9.0,1,72.0,0.07031,0.025,0.02813,0.8889,0,0
beluga_seeker_sam,satellite,<absent>22JUL31174054-P3DS_R2C2-050169967010_01_P001_49_17.png,320,320,0.0,156.0,6.0,9.0,1,54.0,0.05273,0.01875,0.02813,0.6667,0,0
beluga_seeker_sam,satellite,<absent>22JUL31174054-P3DS_R2C2-050169967010_01_P001_49_18.png,320,320,131.0,52.0,7.0,11.0,1,77.0,0.0752,0.02187,0.03438,0.6364,0,0
beluga_seeker_sam,satellite,<absent>22JUL31174054-P3DS_R2C2-050169967010_01_P001_49_19.png,320,320,286.0,150.0,12.0,7.0,1,84.0,0.08203,0.0375,0.02187,1.7143,0,0
beluga_seeker_sam,satellite,<absent>22JUL31174054-P3DS_R2C2-050169967010_01_P001_50_16.png,320,320,311.0,136.0,9.0,8.0,1,72.0,0.07031,0.02813,0.025,1.125,0,0
beluga_seeker_sam,satellite,<absent>22JUL31174054-P3DS_R2C2-050169967010_01_P001_50_16.png,320,320,309.0,120.0,11.0,8.0,1,88.0,0.08594,0.03438,0.025,1.375,0,0
beluga_seeker_sam,satellite,<absent>22JUL31174054-P3DS_R2C2-050169967010_01_P001_50_16.png,320,320,289.0,141.0,13.0,7.0,1,91.0,0.08887,0.04063,0.02187,1.8571,0,0
beluga_seeker_sam,satellite,<absent>22JUL31174054-P3DS_R2C2-050169967010_01_P001_50_16.png,320,320,87.0,143.0,7.0,12.0,1,84.0,0.08203,0.02187,0.0375,0.5833,0,0
beluga_seeker_sam,satellite,<absent>22JUL31174054-P3DS_R2C2-050169967010_01_P001_50_17.png,320,320,0.0,135.0,14.0,11.0,1,154.0,0.15039,0.04375,0.03438,1.2727,0,0
beluga_seeker_sam,satellite,<absent>22JUL31174054-P3DS_R3C1-050169967010_01_P001_0_47.png,320,320,209.0,6.0,5.0,12.0,1,60.0,0.05859,0.01562,0.0375,0.4167,0,0
beluga_seeker_sam,satellite,<absent>22JUL31174054-P3DS_R3C1-050169967010_01_P001_0_49.png,320,320,142.0,3.0,7.0,13.0,1,91.0,0.08887,0.02187,0.04063,0.5385,0,0
beluga_seeker_sam,satellite,<absent>22JUL31174054-P3DS_R3C1-050169967010_01_P001_0_49.png,320,320,124.0,0.0,5.0,9.0,1,45.0,0.04395,0.01562,0.02813,0.5556,0,0
beluga_seeker_sam,satellite,<absent>22JUL31174054-P3DS_R3C1-050169967010_01_P001_10_46.png,320,320,264.0,77.0,5.0,9.0,1,45.0,0.04395,0.01562,0.02813,0.5556,0,0
beluga_seeker_sam,satellite,<absent>22JUL31174054-P3DS_R3C1-050169967010_01_P001_10_51.png,320,320,42.0,0.0,10.0,14.0,1,140.0,0.13672,0.03125,0.04375,0.7143,0,0
beluga_seeker_sam,satellite,<absent>22JUL31174054-P3DS_R3C1-050169967010_01_P001_11_46.png,320,320,115.0,89.0,7.0,11.0,1,77.0,0.0752,0.02187,0.03438,0.6364,0,0
beluga_seeker_sam,satellite,<absent>22JUL31174054-P3DS_R3C1-050169967010_01_P001_13_46.png,320,320,184.0,300.0,5.0,13.0,1,65.0,0.06348,0.01562,0.04063,0.3846,0,0
beluga_seeker_sam,satellite,<absent>22JUL31174054-P3DS_R3C1-050169967010_01_P001_13_48.png,320,320,25.0,254.0,6.0,13.0,1,78.0,0.07617,0.01875,0.04063,0.4615,0,0
beluga_seeker_sam,satellite,<absent>22JUL31174054-P3DS_R3C1-050169967010_01_P001_14_46.png,320,320,282.0,37.0,7.0,10.0,1,70.0,0.06836,0.02187,0.03125,0.7,0,0
beluga_seeker_sam,satellite,<absent>22JUL31174054-P3DS_R3C1-050169967010_01_P001_14_47.png,320,320,22.0,129.0,8.0,11.0,1,88.0,0.08594,0.025,0.03438,0.7273,0,0
beluga_seeker_sam,satellite,<absent>22JUL31174054-P3DS_R3C1-050169967010_01_P001_14_47.png,320,320,18.0,130.0,6.0,10.0,1,60.0,0.05859,0.01875,0.03125,0.6,0,0
beluga_seeker_sam,satellite,<absent>22JUL31174054-P3DS_R3C1-050169967010_01_P001_1_47.png,320,320,53.0,102.0,10.0,8.0,1,80.0,0.07812,0.03125,0.025,1.25,0,0
beluga_seeker_sam,satellite,<absent>22JUL31174054-P3DS_R3C1-050169967010_01_P001_1_47.png,320,320,51.0,99.0,8.0,7.0,1,56.0,0.05469,0.025,0.02187,1.1429,0,0
beluga_seeker_sam,satellite,<absent>22JUL31174054-P3DS_R3C1-050169967010_01_P001_5_47.png,320,320,73.0,57.0,6.0,10.0,1,60.0,0.05859,0.01875,0.03125,0.6,0,0
beluga_seeker_sam,satellite,<absent>22JUL31174054-P3DS_R3C1-050169967010_01_P001_8_44.png,320,320,139.0,271.0,7.0,9.0,1,63.0,0.06152,0.02187,0.02813,0.7778,0,0
beluga_seeker_sam,satellite,<absent>22JUL31174054-P3DS_R3C1-050169967010_01_P001_8_46.png,320,320,215.0,90.0,6.0,8.0,1,48.0,0.04688,0.01875,0.025,0.75,0,0
beluga_seeker_sam,satellite,<absent>22JUL31174054-P3DS_R3C1-050169967010_01_P001_8_46.png,320,320,214.0,98.0,8.0,9.0,1,72.0,0.07031,0.025,0.02813,0.8889,0,0
beluga_seeker_sam,satellite,<absent>22JUL31174054-P3DS_R3C1-050169967010_01_P001_8_50.png,320,320,303.0,126.0,4.0,7.0,1,28.0,0.02734,0.0125,0.02187,0.5714,0,0
beluga_seeker_sam,satellite,<absent>22JUL31174054-P3DS_R3C1-050169967010_01_P001_8_50.png,320,320,299.0,127.0,4.0,7.0,1,28.0,0.02734,0.0125,0.02187,0.5714,0,0
beluga_seeker_sam,satellite,<absent>22JUL31174054-P3DS_R3C1-050169967010_01_P001_9_47.png,320,320,217.0,95.0,6.0,11.0,1,66.0,0.06445,0.01875,0.03438,0.5455,0,0
beluga_seeker_sam,satellite,<absent>22JUL31174054-P3DS_R3C2-050169967010_01_P001_0_21.png,320,320,33.0,193.0,12.0,10.0,1,120.0,0.11719,0.0375,0.03125,1.2,0,0
beluga_seeker_sam,satellite,<absent>22JUL31174054-P3DS_R3C2-050169967010_01_P001_10_5.png,320,320,134.0,78.0,11.0,11.0,1,121.0,0.11816,0.03438,0.03438,1.0,0,0
beluga_seeker_sam,satellite,<absent>22JUL31174054-P3DS_R3C2-050169967010_01_P001_11_1.png,320,320,166.0,290.0,8.0,11.0,1,88.0,0.08594,0.025,0.03438,0.7273,0,0
beluga_seeker_sam,satellite,<absent>22JUL31174054-P3DS_R3C2-050169967010_01_P001_11_2.png,320,320,105.0,272.0,10.0,10.0,1,100.0,0.09766,0.03125,0.03125,1.0,0,0
beluga_seeker_sam,satellite,<absent>22JUL31174054-P3DS_R3C2-050169967010_01_P001_11_4.png,320,320,95.0,284.0,6.0,14.0,1,84.0,0.08203,0.01875,0.04375,0.4286,0,0
beluga_seeker_sam,satellite,<absent>22JUL31174054-P3DS_R3C2-050169967010_01_P001_11_4.png,320,320,97.0,283.0,6.0,13.0,1,78.0,0.07617,0.01875,0.04063,0.4615,0,0
beluga_seeker_sam,satellite,<absent>22JUL31174054-P3DS_R3C2-050169967010_01_P001_11_4.png,320,320,78.0,236.0,9.0,13.0,1,117.0,0.11426,0.02813,0.04063,0.6923,0,0
beluga_seeker_sam,satellite,<absent>22JUL31174054-P3DS_R3C2-050169967010_01_P001_11_4.png,320,320,18.0,190.0,8.0,14.0,1,112.0,0.10938,0.025,0.04375,0.5714,0,0
beluga_seeker_sam,satellite,<absent>22JUL31174054-P3DS_R3C2-050169967010_01_P001_11_4.png,320,320,13.0,185.0,9.0,12.0,1,108.0,0.10547,0.02813,0.0375,0.75,0,0
beluga_seeker_sam,satellite,<absent>22JUL31174054-P3DS_R3C2-050169967010_01_P001_11_4.png,320,320,5.0,162.0,9.0,16.0,1,144.0,0.14062,0.02813,0.05,0.5625,0,0
beluga_seeker_sam,satellite,<absent>22JUL31174054-P3DS_R3C2-050169967010_01_P001_11_4.png,320,320,2.0,149.0,8.0,15.0,1,120.0,0.11719,0.025,0.04688,0.5333,0,0
beluga_seeker_sam,satellite,<absent>22JUL31174054-P3DS_R3C2-050169967010_01_P001_12_4.png,320,320,217.0,305.0,9.0,12.0,1,108.0,0.10547,0.02813,0.0375,0.75,0,0
beluga_seeker_sam,satellite,<absent>22JUL31174054-P3DS_R3C2-050169967010_01_P001_12_4.png,320,320,218.0,310.0,11.0,10.0,1,110.0,0.10742,0.03438,0.03125,1.1,0,0
beluga_seeker_sam,satellite,<absent>22JUL31174054-P3DS_R3C2-050169967010_01_P001_12_4.png,320,320,72.0,46.0,6.0,13.0,1,78.0,0.07617,0.01875,0.04063,0.4615,0,0
beluga_seeker_sam,satellite,<absent>22JUL31174054-P3DS_R3C2-050169967010_01_P001_12_4.png,320,320,83.0,51.0,10.0,12.0,1,120.0,0.11719,0.03125,0.0375,0.8333,0,0
beluga_seeker_sam,satellite,<absent>22JUL31174054-P3DS_R3C2-050169967010_01_P001_12_4.png,320,320,102.0,4.0,6.0,13.0,1,78.0,0.07617,0.01875,0.04063,0.4615,0,0
beluga_seeker_sam,satellite,<absent>22JUL31174054-P3DS_R3C2-050169967010_01_P001_12_7.png,320,320,235.0,28.0,10.0,11.0,1,110.0,0.10742,0.03125,0.03438,0.9091,0,0
beluga_seeker_sam,satellite,<absent>22JUL31174054-P3DS_R3C2-050169967010_01_P001_12_7.png,320,320,228.0,28.0,12.0,10.0,1,120.0,0.11719,0.0375,0.03125,1.2,0,0
beluga_seeker_sam,satellite,<absent>22JUL31174054-P3DS_R3C2-050169967010_01_P001_13_0.png,320,320,128.0,308.0,11.0,11.0,1,121.0,0.11816,0.03438,0.03438,1.0,0,0
beluga_seeker_sam,satellite,<absent>22JUL31174054-P3DS_R3C2-050169967010_01_P001_13_2.png,320,320,227.0,17.0,9.0,11.0,1,99.0,0.09668,0.02813,0.03438,0.8182,0,0
beluga_seeker_sam,satellite,<absent>22JUL31174054-P3DS_R3C2-050169967010_01_P001_13_8.png,320,320,101.0,310.0,8.0,10.0,1,80.0,0.07812,0.025,0.03125,0.8,0,0
beluga_seeker_sam,satellite,<absent>22JUL31174054-P3DS_R3C2-050169967010_01_P001_14_3.png,320,320,115.0,312.0,10.0,8.0,1,80.0,0.07812,0.03125,0.025,1.25,0,0
beluga_seeker_sam,satellite,<absent>22JUL31174054-P3DS_R3C2-050169967010_01_P001_14_3.png,320,320,98.0,305.0,11.0,7.0,1,77.0,0.0752,0.03438,0.02187,1.5714,0,0
beluga_seeker_sam,satellite,<absent>22JUL31174054-P3DS_R3C2-050169967010_01_P001_14_4.png,320,320,27.0,257.0,8.0,11.0,1,88.0,0.08594,0.025,0.03438,0.7273,0,0
beluga_seeker_sam,satellite,<absent>22JUL31174054-P3DS_R3C2-050169967010_01_P001_14_9.png,320,320,276.0,229.0,9.0,9.0,1,81.0,0.0791,0.02813,0.02813,1.0,0,0
beluga_seeker_sam,satellite,<absent>22JUL31174054-P3DS_R3C2-050169967010_01_P001_14_9.png,320,320,268.0,224.0,11.0,7.0,1,77.0,0.0752,0.03438,0.02187,1.5714,0,0
beluga_seeker_sam,satellite,<absent>22JUL31174054-P3DS_R3C2-050169967010_01_P001_15_1.png,320,320,17.0,151.0,12.0,7.0,1,84.0,0.08203,0.0375,0.02187,1.7143,0,0
beluga_seeker_sam,satellite,<absent>22JUL31174054-P3DS_R3C2-050169967010_01_P001_15_1.png,320,320,18.0,148.0,14.0,6.0,1,84.0,0.08203,0.04375,0.01875,2.3333,0,0
beluga_seeker_sam,satellite,<absent>22JUL31174054-P3DS_R3C2-050169967010_01_P001_15_3.png,320,320,200.0,37.0,9.0,13.0,1,117.0,0.11426,0.02813,0.04063,0.6923,0,0
beluga_seeker_sam,satellite,<absent>22JUL31174054-P3DS_R3C2-050169967010_01_P001_15_3.png,320,320,305.0,312.0,11.0,8.0,1,88.0,0.08594,0.03438,0.025,1.375,0,0
beluga_seeker_sam,satellite,<absent>22JUL31174054-P3DS_R3C2-050169967010_01_P001_15_4.png,320,320,15.0,272.0,11.0,9.0,1,99.0,0.09668,0.03438,0.02813,1.2222,0,0
beluga_seeker_sam,satellite,<absent>22JUL31174054-P3DS_R3C2-050169967010_01_P001_15_4.png,320,320,9.0,272.0,10.0,8.0,1,80.0,0.07812,0.03125,0.025,1.25,0,0
beluga_seeker_sam,satellite,<absent>22JUL31174054-P3DS_R3C2-050169967010_01_P001_15_4.png,320,320,88.0,250.0,8.0,13.0,1,104.0,0.10156,0.025,0.04063,0.6154,0,0
beluga_seeker_sam,satellite,<absent>22JUL31174054-P3DS_R3C2-050169967010_01_P001_15_4.png,320,320,114.0,257.0,13.0,14.0,1,182.0,0.17773,0.04063,0.04375,0.9286,0,0
beluga_seeker_sam,satellite,<absent>22JUL31174054-P3DS_R3C2-050169967010_01_P001_15_4.png,320,320,210.0,252.0,8.0,8.0,1,64.0,0.0625,0.025,0.025,1.0,0,0
beluga_seeker_sam,satellite,<absent>22JUL31174054-P3DS_R3C2-050169967010_01_P001_15_4.png,320,320,207.0,256.0,6.0,7.0,1,42.0,0.04102,0.01875,0.02187,0.8571,0,0
beluga_seeker_sam,satellite,<absent>22JUL31174054-P3DS_R3C2-050169967010_01_P001_15_5.png,320,320,68.0,182.0,11.0,13.0,1,143.0,0.13965,0.03438,0.04063,0.8462,0,0
beluga_seeker_sam,satellite,<absent>22JUL31174054-P3DS_R3C2-050169967010_01_P001_15_5.png,320,320,74.0,170.0,10.0,12.0,1,120.0,0.11719,0.03125,0.0375,0.8333,0,0
beluga_seeker_sam,satellite,<absent>22JUL31174054-P3DS_R3C2-050169967010_01_P001_16_2.png,320,320,34.0,36.0,10.0,10.0,1,100.0,0.09766,0.03125,0.03125,1.0,0,0
beluga_seeker_sam,satellite,<absent>22JUL31174054-P3DS_R3C2-050169967010_01_P001_16_2.png,320,320,189.0,225.0,10.0,12.0,1,120.0,0.11719,0.03125,0.0375,0.8333,0,0
beluga_seeker_sam,satellite,<absent>22JUL31174054-P3DS_R3C2-050169967010_01_P001_16_3.png,320,320,185.0,78.0,9.0,5.0,1,45.0,0.04395,0.02813,0.01562,1.8,0,0
beluga_seeker_sam,satellite,<absent>22JUL31174054-P3DS_R3C2-050169967010_01_P001_16_3.png,320,320,184.0,79.0,9.0,6.0,1,54.0,0.05273,0.02813,0.01875,1.5,0,0
beluga_seeker_sam,satellite,<absent>22JUL31174054-P3DS_R3C2-050169967010_01_P001_16_3.png,320,320,203.0,266.0,9.0,8.0,1,72.0,0.07031,0.02813,0.025,1.125,0,0
beluga_seeker_sam,satellite,<absent>22JUL31174054-P3DS_R3C2-050169967010_01_P001_16_3.png,320,320,308.0,236.0,9.0,12.0,1,108.0,0.10547,0.02813,0.0375,0.75,0,0
beluga_seeker_sam,satellite,<absent>22JUL31174054-P3DS_R3C2-050169967010_01_P001_16_3.png,320,320,312.0,167.0,8.0,11.0,1,88.0,0.08594,0.025,0.03438,0.7273,0,0
beluga_seeker_sam,satellite,<absent>22JUL31174054-P3DS_R3C2-050169967010_01_P001_16_3.png,320,320,177.0,104.0,11.0,8.0,1,88.0,0.08594,0.03438,0.025,1.375,0,0
beluga_seeker_sam,satellite,<absent>22JUL31174054-P3DS_R3C2-050169967010_01_P001_16_3.png,320,320,168.0,100.0,10.0,8.0,1,80.0,0.07812,0.03125,0.025,1.25,0,0
beluga_seeker_sam,satellite,<absent>22JUL31174054-P3DS_R3C2-050169967010_01_P001_16_4.png,320,320,34.0,209.0,8.0,14.0,1,112.0,0.10938,0.025,0.04375,0.5714,0,0
beluga_seeker_sam,satellite,<absent>22JUL31174054-P3DS_R3C2-050169967010_01_P001_16_4.png,320,320,36.0,203.0,12.0,13.0,1,156.0,0.15234,0.0375,0.04063,0.9231,0,0
beluga_seeker_sam,satellite,<absent>22JUL31174054-P3DS_R3C2-050169967010_01_P001_16_4.png,320,320,57.0,199.0,9.0,12.0,1,108.0,0.10547,0.02813,0.0375,0.75,0,0
beluga_seeker_sam,satellite,<absent>22JUL31174054-P3DS_R3C2-050169967010_01_P001_16_4.png,320,320,42.0,173.0,12.0,10.0,1,120.0,0.11719,0.0375,0.03125,1.2,0,0
beluga_seeker_sam,satellite,<absent>22JUL31174054-P3DS_R3C2-050169967010_01_P001_16_7.png,320,320,24.0,221.0,11.0,9.0,1,99.0,0.09668,0.03438,0.02813,1.2222,0,0
beluga_seeker_sam,satellite,<absent>22JUL31174054-P3DS_R3C2-050169967010_01_P001_17_3.png,320,320,132.0,12.0,8.0,7.0,1,56.0,0.05469,0.025,0.02187,1.1429,0,0
beluga_seeker_sam,satellite,<absent>22JUL31174054-P3DS_R3C2-050169967010_01_P001_1_20.png,320,320,166.0,75.0,11.0,9.0,1,99.0,0.09668,0.03438,0.02813,1.2222,0,0
beluga_seeker_sam,satellite,<absent>22JUL31174054-P3DS_R3C2-050169967010_01_P001_1_20.png,320,320,166.0,81.0,11.0,6.0,1,66.0,0.06445,0.03438,0.01875,1.8333,0,0
beluga_seeker_sam,satellite,<absent>22JUL31174054-P3DS_R3C2-050169967010_01_P001_5_3.png,320,320,95.0,225.0,8.0,12.0,1,96.0,0.09375,0.025,0.0375,0.6667,0,0
beluga_seeker_sam,satellite,<absent>22JUL31174054-P3DS_R3C2-050169967010_01_P001_5_4.png,320,320,201.0,91.0,7.0,10.0,1,70.0,0.06836,0.02187,0.03125,0.7,0,0
beluga_seeker_sam,satellite,<absent>22JUL31174054-P3DS_R3C2-050169967010_01_P001_6_22.png,320,320,63.0,0.0,5.0,10.0,1,50.0,0.04883,0.01562,0.03125,0.5,0,0
beluga_seeker_sam,satellite,<absent>22JUL31174054-P3DS_R3C2-050169967010_01_P001_6_22.png,320,320,144.0,87.0,7.0,8.0,1,56.0,0.05469,0.02187,0.025,0.875,0,0
beluga_seeker_sam,satellite,<absent>22JUL31174054-P3DS_R3C2-050169967010_01_P001_6_22.png,320,320,146.0,265.0,10.0,10.0,1,100.0,0.09766,0.03125,0.03125,1.0,0,0
beluga_seeker_sam,satellite,<absent>22JUL31174054-P3DS_R3C2-050169967010_01_P001_6_3.png,320,320,69.0,0.0,5.0,11.0,1,55.0,0.05371,0.01562,0.03438,0.4545,0,0
beluga_seeker_sam,satellite,<absent>22JUL31174054-P3DS_R3C2-050169967010_01_P001_7_0.png,320,320,258.0,113.0,8.0,11.0,1,88.0,0.08594,0.025,0.03438,0.7273,0,0
beluga_seeker_sam,satellite,<absent>22JUL31174054-P3DS_R3C2-050169967010_01_P001_7_0.png,320,320,261.0,119.0,11.0,14.0,1,154.0,0.15039,0.03438,0.04375,0.7857,0,0
beluga_seeker_sam,satellite,<absent>22JUL31174054-P3DS_R3C2-050169967010_01_P001_7_0.png,320,320,272.0,147.0,7.0,11.0,1,77.0,0.0752,0.02187,0.03438,0.6364,0,0
beluga_seeker_sam,satellite,<absent>22JUL31174054-P3DS_R3C2-050169967010_01_P001_7_0.png,320,320,241.0,125.0,7.0,8.0,1,56.0,0.05469,0.02187,0.025,0.875,0,0
beluga_seeker_sam,satellite,<absent>22JUL31174054-P3DS_R3C2-050169967010_01_P001_7_0.png,320,320,240.0,133.0,7.0,6.0,1,42.0,0.04102,0.02187,0.01875,1.1667,0,0
beluga_seeker_sam,satellite,<absent>22JUL31174054-P3DS_R3C2-050169967010_01_P001_7_0.png,320,320,246.0,130.0,5.0,9.0,1,45.0,0.04395,0.01562,0.02813,0.5556,0,0
beluga_seeker_sam,satellite,<absent>22JUL31174054-P3DS_R3C2-050169967010_01_P001_7_24.png,320,320,20.0,121.0,12.0,9.0,1,108.0,0.10547,0.0375,0.02813,1.3333,0,0
beluga_seeker_sam,satellite,<absent>22JUL31174054-P3DS_R3C2-050169967010_01_P001_9_1.png,320,320,150.0,264.0,8.0,13.0,1,104.0,0.10156,0.025,0.04063,0.6154,0,0
beluga_seeker_sam,satellite,<absent>22JUL31174054-P3DS_R3C2-050169967010_01_P001_9_1.png,320,320,144.0,265.0,9.0,14.0,1,126.0,0.12305,0.02813,0.04375,0.6429,0,0
beluga_seeker_sam,satellite,<absent>22JUL31174054-P3DS_R3C2-050169967010_01_P001_9_1.png,320,320,153.0,266.0,8.0,12.0,1,96.0,0.09375,0.025,0.0375,0.6667,0,0
beluga_seeker_sam,satellite,<absent>22JUL31174054-P3DS_R3C2-050169967010_01_P001_9_1.png,320,320,93.0,122.0,7.0,12.0,1,84.0,0.08203,0.02187,0.0375,0.5833,0,0
beluga_seeker_sam,satellite,<absent>22JUL31174054-P3DS_R3C2-050169967010_01_P001_9_5.png,320,320,175.0,218.0,8.0,13.0,1,104.0,0.10156,0.025,0.04063,0.6154,0,0
