dataset,domain,image,img_w,img_h,x,y,w,h,cls,area_px,rel_area_pct,rel_w,rel_h,aspect_w_over_h,degenerate,out_of_frame
noaa_right_whale_heads,aerien,<absent>../imgs/whale_00195/w_2753.jpg,,,1434.77,857.7,561.26,577.07,1,323886.31,,,,0.9726,0,0
noaa_right_whale_heads,aerien,<absent>../imgs/whale_00195/w_2954.jpg,,,1349.47,649.62,649.62,542.47,1,352399.36,,,,1.1975,0,0
noaa_right_whale_heads,aerien,<absent>../imgs/whale_00195/w_3733.jpg,,,1985.3,1853.89,1173.35,910.52,1,1068358.64,,,,1.2887,0,0
noaa_right_whale_heads,aerien,<absent>../imgs/whale_00195/w_3736.jpg,,,1122.52,1173.9,620.55,719.36,1,446398.85,,,,0.8626,0,0
noaa_right_whale_heads,aerien,<absent>../imgs/whale_00195/w_5270.jpg,,,2308.28,1474.3,703.55,889.32,1,625681.09,,,,0.7911,0,0
noaa_right_whale_heads,aerien,<absent>../imgs/whale_00195/w_5555.jpg,,,2479.84,1644.35,878.76,742.29,1,652294.76,,,,1.1838,0,0
noaa_right_whale_heads,aerien,<absent>../imgs/whale_00195/w_6326.jpg,,,1441.85,806.82,418.75,309.84,1,129745.5,,,,1.3515,0,0
noaa_right_whale_heads,aerien,<absent>../imgs/whale_00195/w_676.jpg,,,1754.93,288.54,501.97,537.55,1,269833.97,,,,0.9338,0,0
noaa_right_whale_heads,aerien,<absent>../imgs/whale_00195/w_6929.jpg,,,1486.16,1391.29,1130.43,849.8,1,960639.41,,,,1.3302,0,0
noaa_right_whale_heads,aerien,<absent>../imgs/whale_00195/w_7864.jpg,,,1381.28,751.75,436.99,318.11,1,139010.89,,,,1.3737,0,0
noaa_right_whale_heads,aerien,<absent>../imgs/whale_00195/w_821.jpg,,,1561.35,832.52,433.03,497.07,1,215246.22,,,,0.8712,0,0
noaa_right_whale_heads,aerien,<absent>../imgs/whale_00195/w_8913.jpg,,,1254.49,803.19,532.81,550.7,1,293418.47,,,,0.9675,0,0
noaa_right_whale_heads,aerien,<absent>../imgs/whale_00195/w_9186.jpg,,,1454.54,660.07,521.74,525.69,1,274273.5,,,,0.9925,0,0
noaa_right_whale_heads,aerien,<absent>../imgs/whale_00195/w_9206.jpg,,,1314.15,746.25,474.03,464.64,1,220253.3,,,,1.0202,0,0
noaa_right_whale_heads,aerien,<absent>../imgs/whale_00442/w_7552.jpg,,,1896.13,1248.44,802.57,675.85,1,542416.93,,,,1.1875,0,0
noaa_right_whale_heads,aerien,<absent>../imgs/whale_00442/w_9183.jpg,,,1634.28,1129.7,667.17,717.62,1,478774.54,,,,0.9297,0,0
noaa_right_whale_heads,aerien,<absent>../imgs/whale_00442/w_9472.jpg,,,1517.78,905.13,940.7,818.18,1,769661.93,,,,1.1497,0,0
noaa_right_whale_heads,aerien,<absent>../imgs/whale_02411/w_1781.jpg,,,1224.94,805.53,372.81,389.45,1,145190.85,,,,0.9573,0,0
noaa_right_whale_heads,aerien,<absent>../imgs/whale_02411/w_2577.jpg,,,1624.49,968.37,537.55,379.44,1,203967.97,,,,1.4167,0,0
noaa_right_whale_heads,aerien,<absent>../imgs/whale_02411/w_3535.jpg,,,2806.64,1483.11,741.55,891.74,1,661269.8,,,,0.8316,0,0
noaa_right_whale_heads,aerien,<absent>../imgs/whale_02411/w_3640.jpg,,,1611.06,955.32,529.25,442.71,1,234304.27,,,,1.1955,0,0
noaa_right_whale_heads,aerien,<absent>../imgs/whale_02411/w_3781.jpg,,,1998.7,1090.45,403.66,423.29,1,170865.24,,,,0.9536,0,0
noaa_right_whale_heads,aerien,<absent>../imgs/whale_02411/w_4019.jpg,,,1158.37,715.66,569.2,402.77,1,229256.68,,,,1.4132,0,0
noaa_right_whale_heads,aerien,<absent>../imgs/whale_02411/w_5249.jpg,,,1251.57,659.07,512.61,509.28,1,261062.02,,,,1.0065,0,0
noaa_right_whale_heads,aerien,<absent>../imgs/whale_02411/w_5257.jpg,,,1224.97,779.1,422.4,389.55,1,164545.92,,,,1.0843,0,0
noaa_right_whale_heads,aerien,<absent>../imgs/whale_02411/w_5819.jpg,,,1985.3,1586.36,933.98,901.13,1,841637.4,,,,1.0365,0,0
noaa_right_whale_heads,aerien,<absent>../imgs/whale_02411/w_6531.jpg,,,1563.78,602.74,572.6,582.65,1,333625.39,,,,0.9828,0,0
noaa_right_whale_heads,aerien,<absent>../imgs/whale_02411/w_8290.jpg,,,1492.5,797.88,638.3,483.42,1,308566.99,,,,1.3204,0,0
noaa_right_whale_heads,aerien,<absent>../imgs/whale_02411/w_9286.jpg,,,1168.94,605.5,529.81,555.04,1,294065.74,,,,0.9545,0,0
noaa_right_whale_heads,aerien,<absent>../imgs/whale_02608/w_1582.jpg,,,1345.62,790.85,618.51,542.97,1,335832.37,,,,1.1391,0,0
noaa_right_whale_heads,aerien,<absent>../imgs/whale_02608/w_6367.jpg,,,896.44,1023.16,511.58,464.64,1,237700.53,,,,1.101,0,0
noaa_right_whale_heads,aerien,<absent>../imgs/whale_02608/w_6600.jpg,,,2229.36,1187.43,797.88,826.04,1,659080.8,,,,0.9659,0,0
noaa_right_whale_heads,aerien,<absent>../imgs/whale_02608/w_6727.jpg,,,2590.75,1515.96,600.75,586.67,1,352442.0,,,,1.024,0,0
noaa_right_whale_heads,aerien,<absent>../imgs/whale_02608/w_7609.jpg,,,1178.04,619.53,628.91,492.81,1,309933.14,,,,1.2762,0,0
noaa_right_whale_heads,aerien,<absent>../imgs/whale_02608/w_7832.jpg,,,1726.18,1053.12,289.65,247.79,1,71772.37,,,,1.1689,0,0
noaa_right_whale_heads,aerien,<absent>../imgs/whale_02608/w_8152.jpg,,,944.66,415.02,600.79,616.6,1,370447.11,,,,0.9744,0,0
noaa_right_whale_heads,aerien,<absent>../imgs/whale_02839/w_4678.jpg,,,968.63,1068.49,346.18,366.15,1,126753.81,,,,0.9455,0,0
noaa_right_whale_heads,aerien,<absent>../imgs/whale_02839/w_8069.jpg,,,1015.8,1272.72,584.98,458.49,1,268207.48,,,,1.2759,0,0
noaa_right_whale_heads,aerien,<absent>../imgs/whale_03103/w_6516.jpg,,,1276.67,747.03,387.35,328.06,1,127074.04,,,,1.1807,0,0
noaa_right_whale_heads,aerien,<absent>../imgs/whale_03103/w_8706.jpg,,,1314.13,1011.94,216.7,188.87,1,40928.13,,,,1.1474,0,0
noaa_right_whale_heads,aerien,<absent>../imgs/whale_03227/w_1547.jpg,,,1075.15,1441.3,549.23,422.74,1,232181.49,,,,1.2992,0,0
noaa_right_whale_heads,aerien,<absent>../imgs/whale_03227/w_1651.jpg,,,1571.61,880.55,685.49,507.15,1,347646.25,,,,1.3517,0,0
noaa_right_whale_heads,aerien,<absent>../imgs/whale_03227/w_1669.jpg,,,2994.38,1229.67,844.81,666.46,1,563032.07,,,,1.2676,0,0
noaa_right_whale_heads,aerien,<absent>../imgs/whale_03227/w_1857.jpg,,,312.89,845.47,738.96,535.91,1,396016.05,,,,1.3789,0,0
noaa_right_whale_heads,aerien,<absent>../imgs/whale_03227/w_2236.jpg,,,2573.1,1363.63,968.37,794.46,1,769331.23,,,,1.2189,0,0
noaa_right_whale_heads,aerien,<absent>../imgs/whale_03227/w_3401.jpg,,,177.86,1308.29,573.12,529.64,1,303547.28,,,,1.0821,0,0
noaa_right_whale_heads,aerien,<absent>../imgs/whale_03227/w_3668.jpg,,,1454.95,826.04,474.03,403.63,1,191332.73,,,,1.1744,0,0
noaa_right_whale_heads,aerien,<absent>../imgs/whale_03227/w_4249.jpg,,,1398.63,863.58,614.83,553.82,1,340505.15,,,,1.1102,0,0
noaa_right_whale_heads,aerien,<absent>../imgs/whale_03227/w_443.jpg,,,525.93,709.0,622.46,429.39,1,267278.1,,,,1.4496,0,0
noaa_right_whale_heads,aerien,<absent>../imgs/whale_03227/w_46.jpg,,,478.73,544.43,732.17,539.74,1,395181.44,,,,1.3565,0,0
noaa_right_whale_heads,aerien,<absent>../imgs/whale_03227/w_499.jpg,,,1200.46,647.95,574.28,614.46,1,352872.09,,,,0.9346,0,0
noaa_right_whale_heads,aerien,<absent>../imgs/whale_03227/w_6417.jpg,,,862.12,922.03,712.33,595.83,1,424427.58,,,,1.1955,0,0
noaa_right_whale_heads,aerien,<absent>../imgs/whale_03227/w_6695.jpg,,,1288.29,1039.78,429.43,296.23,1,127210.05,,,,1.4497,0,0
noaa_right_whale_heads,aerien,<absent>../imgs/whale_03227/w_6906.jpg,,,2716.17,579.18,855.46,855.46,1,731811.81,,,,1.0,0,0
noaa_right_whale_heads,aerien,<absent>../imgs/whale_03227/w_7086.jpg,,,1427.99,748.94,555.88,412.75,1,229439.47,,,,1.3468,0,0
noaa_right_whale_heads,aerien,<absent>../imgs/whale_03227/w_7701.jpg,,,328.06,1126.47,830.03,683.79,1,567566.21,,,,1.2139,0,0
noaa_right_whale_heads,aerien,<absent>../imgs/whale_03227/w_806.jpg,,,1192.12,924.6,628.91,474.03,1,298122.21,,,,1.3267,0,0
noaa_right_whale_heads,aerien,<absent>../imgs/whale_03227/w_8213.jpg,,,1215.59,802.57,492.81,586.67,1,289116.84,,,,0.84,0,0
noaa_right_whale_heads,aerien,<absent>../imgs/whale_03227/w_8335.jpg,,,1185.09,656.29,691.7,694.06,1,480081.3,,,,0.9966,0,0
noaa_right_whale_heads,aerien,<absent>../imgs/whale_03227/w_8524.jpg,,,2665.84,835.42,840.12,840.12,1,705801.61,,,,1.0,0,0
noaa_right_whale_heads,aerien,<absent>../imgs/whale_03227/w_9263.jpg,,,1009.08,929.29,600.75,689.93,1,414475.45,,,,0.8707,0,0
noaa_right_whale_heads,aerien,<absent>../imgs/whale_03623/w_1617.jpg,,,1675.54,1379.85,1318.84,980.92,1,1293676.53,,,,1.3445,0,0
noaa_right_whale_heads,aerien,<absent>../imgs/whale_03623/w_215.jpg,,,958.65,452.7,579.18,552.55,1,320025.91,,,,1.0482,0,0
noaa_right_whale_heads,aerien,<absent>../imgs/whale_03623/w_3402.jpg,,,2117.77,1928.29,746.79,718.93,1,536889.73,,,,1.0388,0,0
noaa_right_whale_heads,aerien,<absent>../imgs/whale_03623/w_3673.jpg,,,1280.34,860.85,594.44,433.41,1,257636.24,,,,1.3715,0,0
noaa_right_whale_heads,aerien,<absent>../imgs/whale_03623/w_4560.jpg,,,1657.66,1634.36,902.06,665.73,1,600528.4,,,,1.355,0,0
noaa_right_whale_heads,aerien,<absent>../imgs/whale_03623/w_7524.jpg,,,1109.55,812.09,644.48,578.38,1,372754.34,,,,1.1143,0,0
noaa_right_whale_heads,aerien,<absent>../imgs/whale_03623/w_8785.jpg,,,1065.4,469.34,694.62,826.04,1,573783.9,,,,0.8409,0,0
noaa_right_whale_heads,aerien,<absent>../imgs/whale_03623/w_8914.jpg,,,1328.23,2004.07,1201.51,1046.62,1,1257524.4,,,,1.148,0,0
noaa_right_whale_heads,aerien,<absent>../imgs/whale_03623/w_9233.jpg,,,1086.75,813.67,529.44,707.78,1,374727.04,,,,0.748,0,0
noaa_right_whale_heads,aerien,<absent>../imgs/whale_03728/w_2572.jpg,,,2193.66,1604.73,754.94,529.64,1,399846.42,,,,1.4254,0,0
noaa_right_whale_heads,aerien,<absent>../imgs/whale_03728/w_280.jpg,,,2272.71,707.5,818.18,675.88,1,552991.5,,,,1.2105,0,0
noaa_right_whale_heads,aerien,<absent>../imgs/whale_03728/w_5622.jpg,,,2086.94,1553.35,719.36,758.89,1,545915.11,,,,0.9479,0,0
noaa_right_whale_heads,aerien,<absent>../imgs/whale_03728/w_881.jpg,,,1938.37,1196.81,919.9,675.85,1,621714.42,,,,1.3611,0,0
noaa_right_whale_heads,aerien,<absent>../imgs/whale_03728/w_9036.jpg,,,2501.57,1943.06,553.82,633.61,1,350905.89,,,,0.8741,0,0
noaa_right_whale_heads,aerien,<absent>../imgs/whale_03728/w_906.jpg,,,2429.86,1577.18,969.72,685.49,1,664733.36,,,,1.4146,0,0
noaa_right_whale_heads,aerien,<absent>../imgs/whale_03935/w_2222.jpg,,,1117.03,1131.11,1013.77,868.28,1,880236.22,,,,1.1676,0,0
noaa_right_whale_heads,aerien,<absent>../imgs/whale_03935/w_3236.jpg,,,1379.85,563.21,633.61,511.58,1,324142.2,,,,1.2385,0,0
noaa_right_whale_heads,aerien,<absent>../imgs/whale_03935/w_3359.jpg,,,1707.59,981.95,682.37,685.7,1,467901.11,,,,0.9951,0,0
noaa_right_whale_heads,aerien,<absent>../imgs/whale_03935/w_4572.jpg,,,1541.77,1171.75,392.45,361.62,1,141917.77,,,,1.0853,0,0
noaa_right_whale_heads,aerien,<absent>../imgs/whale_03935/w_4976.jpg,,,1631.47,779.3,723.23,563.45,1,407503.94,,,,1.2836,0,0
noaa_right_whale_heads,aerien,<absent>../imgs/whale_03935/w_5620.jpg,,,2100.37,1185.0,479.32,492.64,1,236132.2,,,,0.973,0,0
noaa_right_whale_heads,aerien,<absent>../imgs/whale_03935/w_6385.jpg,,,2241.09,1438.73,972.33,984.18,1,956947.74,,,,0.988,0,0
noaa_right_whale_heads,aerien,<absent>../imgs/whale_03935/w_7221.jpg,,,1958.83,1263.98,787.5,840.44,1,661846.5,,,,0.937,0,0
noaa_right_whale_heads,aerien,<absent>../imgs/whale_03990/w_2987.jpg,,,2280.98,1032.54,924.6,722.78,1,668282.39,,,,1.2792,0,0
noaa_right_whale_heads,aerien,<absent>../imgs/whale_03990/w_4591.jpg,,,2039.51,996.04,996.04,905.13,1,901545.69,,,,1.1004,0,0
noaa_right_whale_heads,aerien,<absent>../imgs/whale_03990/w_8780.jpg,,,1247.43,768.08,386.84,361.62,1,139889.08,,,,1.0697,0,0
noaa_right_whale_heads,aerien,<absent>../imgs/whale_04373/w_1203.jpg,,,1140.49,431.79,539.74,427.1,1,230522.95,,,,1.2637,0,0
noaa_right_whale_heads,aerien,<absent>../imgs/whale_04373/w_3080.jpg,,,1031.61,656.12,901.18,853.75,1,769382.42,,,,1.0556,0,0
noaa_right_whale_heads,aerien,<absent>../imgs/whale_04373/w_3288.jpg,,,1389.24,1051.32,577.29,441.18,1,254688.8,,,,1.3085,0,0
noaa_right_whale_heads,aerien,<absent>../imgs/whale_04373/w_3822.jpg,,,599.89,681.18,728.84,683.99,1,498519.27,,,,1.0656,0,0
noaa_right_whale_heads,aerien,<absent>../imgs/whale_04373/w_4395.jpg,,,1570.98,1153.0,387.1,321.79,1,124564.91,,,,1.203,0,0
noaa_right_whale_heads,aerien,<absent>../imgs/whale_04373/w_6632.jpg,,,886.69,1013.93,564.62,473.17,1,267161.25,,,,1.1933,0,0
noaa_right_whale_heads,aerien,<absent>../imgs/whale_04397/w_1368.jpg,,,712.33,822.17,605.81,509.28,1,308526.92,,,,1.1895,0,0
noaa_right_whale_heads,aerien,<absent>../imgs/whale_04397/w_2244.jpg,,,1025.22,682.37,555.88,472.67,1,262747.8,,,,1.176,0,0
noaa_right_whale_heads,aerien,<absent>../imgs/whale_04397/w_2560.jpg,,,1171.68,758.93,555.88,639.1,1,355262.91,,,,0.8698,0,0
noaa_right_whale_heads,aerien,<absent>../imgs/whale_04397/w_4800.jpg,,,2007.17,912.05,609.14,595.83,1,362943.89,,,,1.0223,0,0
noaa_right_whale_heads,aerien,<absent>../imgs/whale_04397/w_5453.jpg,,,2201.57,1671.93,743.08,747.03,1,555103.05,,,,0.9947,0,0
noaa_right_whale_heads,aerien,<absent>../imgs/whale_04397/w_7621.jpg,,,1136.61,720.93,365.06,415.68,1,151748.14,,,,0.8782,0,0
noaa_right_whale_heads,aerien,<absent>../imgs/whale_04397/w_8098.jpg,,,1259.52,395.69,590.75,518.3,1,306185.72,,,,1.1398,0,0
noaa_right_whale_heads,aerien,<absent>../imgs/whale_04397/w_8830.jpg,,,1091.47,866.81,789.28,630.23,1,497427.93,,,,1.2524,0,0
noaa_right_whale_heads,aerien,<absent>../imgs/whale_04397/w_8855.jpg,,,1058.51,689.03,735.63,529.25,1,389332.18,,,,1.3899,0,0
noaa_right_whale_heads,aerien,<absent>../imgs/whale_04397/w_9315.jpg,,,1595.75,1600.44,995.0,811.96,1,807900.2,,,,1.2254,0,0
noaa_right_whale_heads,aerien,<absent>../imgs/whale_04435/w_1156.jpg,,,1018.46,760.33,281.6,290.99,1,81942.78,,,,0.9677,0,0
noaa_right_whale_heads,aerien,<absent>../imgs/whale_04435/w_2059.jpg,,,1081.22,731.83,391.88,332.86,1,130441.18,,,,1.1773,0,0
noaa_right_whale_heads,aerien,<absent>../imgs/whale_04435/w_4557.jpg,,,1589.43,726.03,829.75,613.91,1,509391.82,,,,1.3516,0,0
noaa_right_whale_heads,aerien,<absent>../imgs/whale_04435/w_535.jpg,,,1407.0,668.09,590.18,491.03,1,289796.09,,,,1.2019,0,0
noaa_right_whale_heads,aerien,<absent>../imgs/whale_04435/w_5437.jpg,,,1037.24,408.32,661.77,469.34,1,310595.13,,,,1.41,0,0
noaa_right_whale_heads,aerien,<absent>../imgs/whale_04435/w_6270.jpg,,,793.25,1169.0,550.7,401.6,1,221161.12,,,,1.3713,0,0
noaa_right_whale_heads,aerien,<absent>../imgs/whale_04435/w_7499.jpg,,,1736.55,572.59,408.32,474.03,1,193555.93,,,,0.8614,0,0
noaa_right_whale_heads,aerien,<absent>../imgs/whale_04435/w_8204.jpg,,,1070.83,456.93,420.48,350.4,1,147336.19,,,,1.2,0,0
noaa_right_whale_heads,aerien,<absent>../imgs/whale_04435/w_8747.jpg,,,1956.15,1304.1,947.42,702.21,1,665287.8,,,,1.3492,0,0
noaa_right_whale_heads,aerien,<absent>../imgs/whale_04480/w_1067.jpg,,,1824.9,930.67,821.34,683.99,1,561788.35,,,,1.2008,0,0
noaa_right_whale_heads,aerien,<absent>../imgs/whale_04540/w_314.jpg,,,1293.68,814.45,424.93,330.5,1,140439.36,,,,1.2857,0,0
noaa_right_whale_heads,aerien,<absent>../imgs/whale_04540/w_3417.jpg,,,1116.63,901.8,389.52,394.24,1,153564.36,,,,0.988,0,0
noaa_right_whale_heads,aerien,<absent>../imgs/whale_04540/w_4836.jpg,,,2844.19,1938.37,877.66,535.05,1,469591.98,,,,1.6403,0,0
noaa_right_whale_heads,aerien,<absent>../imgs/whale_04540/w_4986.jpg,,,1237.15,501.97,569.17,383.4,1,218219.78,,,,1.4845,0,0
noaa_right_whale_heads,aerien,<absent>../imgs/whale_04540/w_5545.jpg,,,2413.26,1670.98,935.35,602.48,1,563529.67,,,,1.5525,0,0
noaa_right_whale_heads,aerien,<absent>../imgs/whale_04540/w_7273.jpg,,,2956.83,2309.14,830.73,605.45,1,502965.48,,,,1.3721,0,0
noaa_right_whale_heads,aerien,<absent>../imgs/whale_04540/w_7440.jpg,,,1363.84,968.2,457.26,411.54,1,188180.78,,,,1.1111,0,0
noaa_right_whale_heads,aerien,<absent>../imgs/whale_05140/w_3576.jpg,,,2563.05,1378.06,585.84,469.34,1,274958.15,,,,1.2482,0,0
noaa_right_whale_heads,aerien,<absent>../imgs/whale_05349/w_1271.jpg,,,1394.7,1724.24,376.14,299.58,1,112684.02,,,,1.2556,0,0
noaa_right_whale_heads,aerien,<absent>../imgs/whale_05349/w_3149.jpg,,,1640.3,719.36,478.26,482.21,1,230621.75,,,,0.9918,0,0
noaa_right_whale_heads,aerien,<absent>../imgs/whale_05349/w_3202.jpg,,,1427.46,544.74,453.29,415.51,1,188346.53,,,,1.0909,0,0
noaa_right_whale_heads,aerien,<absent>../imgs/whale_05349/w_3548.jpg,,,1396.0,897.03,442.91,356.01,1,157680.39,,,,1.2441,0,0
noaa_right_whale_heads,aerien,<absent>../imgs/whale_05349/w_3591.jpg,,,1684.29,416.08,918.7,748.94,1,688051.18,,,,1.2267,0,0
noaa_right_whale_heads,aerien,<absent>../imgs/whale_05349/w_4088.jpg,,,1849.79,1209.48,541.5,335.97,1,181927.76,,,,1.6118,0,0
noaa_right_whale_heads,aerien,<absent>../imgs/whale_05349/w_4268.jpg,,,1928.98,1938.37,1107.64,1018.46,1,1128087.03,,,,1.0876,0,0
noaa_right_whale_heads,aerien,<absent>../imgs/whale_05349/w_5892.jpg,,,1159.27,718.09,647.69,624.22,1,404301.05,,,,1.0376,0,0
noaa_right_whale_heads,aerien,<absent>../imgs/whale_05349/w_5950.jpg,,,1229.24,1047.42,604.74,466.4,1,282050.74,,,,1.2966,0,0
noaa_right_whale_heads,aerien,<absent>../imgs/whale_05349/w_6403.jpg,,,1584.97,988.14,573.12,430.83,1,246917.29,,,,1.3303,0,0
noaa_right_whale_heads,aerien,<absent>../imgs/whale_05349/w_7078.jpg,,,2416.38,1025.98,591.48,667.17,1,394617.71,,,,0.8866,0,0
noaa_right_whale_heads,aerien,<absent>../imgs/whale_05349/w_7169.jpg,,,1216.6,1006.36,512.99,386.84,1,198445.05,,,,1.3261,0,0
noaa_right_whale_heads,aerien,<absent>../imgs/whale_05349/w_7325.jpg,,,2342.0,1670.84,793.18,614.83,1,487670.86,,,,1.2901,0,0
noaa_right_whale_heads,aerien,<absent>../imgs/whale_05349/w_8905.jpg,,,1300.39,841.89,529.64,411.06,1,217713.82,,,,1.2885,0,0
noaa_right_whale_heads,aerien,<absent>../imgs/whale_05349/w_9251.jpg,,,1296.43,288.54,525.69,652.17,1,342839.25,,,,0.8061,0,0
noaa_right_whale_heads,aerien,<absent>../imgs/whale_05487/w_2947.jpg,,,1294.84,555.88,389.45,446.04,1,173710.28,,,,0.8731,0,0
noaa_right_whale_heads,aerien,<absent>../imgs/whale_05487/w_4071.jpg,,,1506.58,1154.57,295.68,290.99,1,86039.92,,,,1.0161,0,0
noaa_right_whale_heads,aerien,<absent>../imgs/whale_05487/w_7636.jpg,,,1554.69,677.94,351.89,387.68,1,136420.72,,,,0.9077,0,0
noaa_right_whale_heads,aerien,<absent>../imgs/whale_05661/w_1163.jpg,,,1308.29,715.41,391.3,415.02,1,162397.33,,,,0.9428,0,0
noaa_right_whale_heads,aerien,<absent>../imgs/whale_05661/w_2123.jpg,,,1531.17,718.99,515.94,396.11,1,204368.99,,,,1.3025,0,0
noaa_right_whale_heads,aerien,<absent>../imgs/whale_05661/w_3327.jpg,,,1047.73,258.45,288.27,337.98,1,97429.49,,,,0.8529,0,0
noaa_right_whale_heads,aerien,<absent>../imgs/whale_05661/w_445.jpg,,,2736.24,2088.56,849.5,680.54,1,578118.73,,,,1.2483,0,0
noaa_right_whale_heads,aerien,<absent>../imgs/whale_05661/w_485.jpg,,,1331.53,658.76,518.6,583.07,1,302380.1,,,,0.8894,0,0
noaa_right_whale_heads,aerien,<absent>../imgs/whale_05661/w_5785.jpg,,,1168.65,553.82,722.78,563.21,1,407076.92,,,,1.2833,0,0
noaa_right_whale_heads,aerien,<absent>../imgs/whale_05661/w_5922.jpg,,,2332.0,1616.59,873.51,778.65,1,680158.56,,,,1.1218,0,0
noaa_right_whale_heads,aerien,<absent>../imgs/whale_05661/w_6215.jpg,,,1227.58,564.22,429.65,387.16,1,166343.29,,,,1.1097,0,0
noaa_right_whale_heads,aerien,<absent>../imgs/whale_05661/w_6643.jpg,,,1425.41,549.71,455.96,430.39,1,196240.62,,,,1.0594,0,0
noaa_right_whale_heads,aerien,<absent>../imgs/whale_05661/w_7137.jpg,,,1347.82,671.93,418.97,541.5,1,226872.26,,,,0.7737,0,0
noaa_right_whale_heads,aerien,<absent>../imgs/whale_05661/w_7423.jpg,,,1367.58,956.52,588.93,418.97,1,246744.0,,,,1.4057,0,0
noaa_right_whale_heads,aerien,<absent>../imgs/whale_05661/w_7424.jpg,,,1499.16,624.19,412.41,367.82,1,151692.65,,,,1.1212,0,0
noaa_right_whale_heads,aerien,<absent>../imgs/whale_05661/w_8343.jpg,,,1277.66,592.02,394.68,442.75,1,174744.57,,,,0.8914,0,0
noaa_right_whale_heads,aerien,<absent>../imgs/whale_05661/w_9015.jpg,,,1340.9,923.05,639.76,389.52,1,249199.32,,,,1.6424,0,0
noaa_right_whale_heads,aerien,<absent>../imgs/whale_05661/w_966.jpg,,,1398.63,535.05,403.63,309.76,1,125028.43,,,,1.303,0,0
noaa_right_whale_heads,aerien,<absent>../imgs/whale_05784/w_1369.jpg,,,1697.61,762.26,522.6,432.72,1,226139.47,,,,1.2077,0,0
noaa_right_whale_heads,aerien,<absent>../imgs/whale_05784/w_1379.jpg,,,742.85,1267.06,588.68,479.35,1,282183.76,,,,1.2281,0,0
noaa_right_whale_heads,aerien,<absent>../imgs/whale_05784/w_2026.jpg,,,924.6,1154.57,553.82,478.73,1,265130.25,,,,1.1569,0,0
noaa_right_whale_heads,aerien,<absent>../imgs/whale_05784/w_2491.jpg,,,1121.72,788.49,497.5,384.86,1,191467.85,,,,1.2927,0,0
noaa_right_whale_heads,aerien,<absent>../imgs/whale_05784/w_3603.jpg,,,944.66,837.94,466.4,395.25,1,184344.6,,,,1.18,0,0
noaa_right_whale_heads,aerien,<absent>../imgs/whale_05784/w_8280.jpg,,,1111.77,1194.98,392.78,529.25,1,207878.81,,,,0.7421,0,0
noaa_right_whale_heads,aerien,<absent>../imgs/whale_05784/w_8809.jpg,,,627.92,731.64,644.74,532.61,1,343394.97,,,,1.2105,0,0
noaa_right_whale_heads,aerien,<absent>../imgs/whale_05784/w_9115.jpg,,,1012.76,925.41,864.03,592.55,1,511980.98,,,,1.4582,0,0
noaa_right_whale_heads,aerien,<absent>../imgs/whale_05784/w_947.jpg,,,1031.61,707.5,529.64,490.12,1,259587.16,,,,1.0806,0,0
noaa_right_whale_heads,aerien,<absent>../imgs/whale_05784/w_97.jpg,,,1275.8,807.0,381.74,291.33,1,111212.31,,,,1.3103,0,0
noaa_right_whale_heads,aerien,<absent>../imgs/whale_05784/w_993.jpg,,,1428.25,715.3,429.65,316.34,1,135915.48,,,,1.3582,0,0
noaa_right_whale_heads,aerien,<absent>../imgs/whale_06069/w_2226.jpg,,,1312.24,873.51,458.49,529.64,1,242834.64,,,,0.8657,0,0
noaa_right_whale_heads,aerien,<absent>../imgs/whale_06069/w_3509.jpg,,,1449.27,852.18,375.63,381.24,1,143205.18,,,,0.9853,0,0
noaa_right_whale_heads,aerien,<absent>../imgs/whale_06069/w_3909.jpg,,,1397.56,887.64,632.68,460.34,1,291247.91,,,,1.3744,0,0
noaa_right_whale_heads,aerien,<absent>../imgs/whale_06069/w_4290.jpg,,,1269.86,880.21,336.39,389.65,1,131074.36,,,,0.8633,0,0
noaa_right_whale_heads,aerien,<absent>../imgs/whale_06069/w_4995.jpg,,,1611.06,808.86,552.55,479.32,1,264848.27,,,,1.1528,0,0
noaa_right_whale_heads,aerien,<absent>../imgs/whale_06069/w_5714.jpg,,,1348.1,792.22,489.31,466.01,1,228023.35,,,,1.05,0,0
noaa_right_whale_heads,aerien,<absent>../imgs/whale_06069/w_6597.jpg,,,1290.68,1478.42,1337.61,999.69,1,1337195.34,,,,1.338,0,0
noaa_right_whale_heads,aerien,<absent>../imgs/whale_06069/w_6876.jpg,,,1102.95,797.88,783.79,483.42,1,378899.76,,,,1.6213,0,0
noaa_right_whale_heads,aerien,<absent>../imgs/whale_06069/w_7022.jpg,,,2015.8,1584.97,1079.04,948.61,1,1023588.13,,,,1.1375,0,0
noaa_right_whale_heads,aerien,<absent>../imgs/whale_06069/w_7640.jpg,,,1586.5,1045.74,290.26,334.0,1,96946.84,,,,0.869,0,0
noaa_right_whale_heads,aerien,<absent>../imgs/whale_06069/w_8184.jpg,,,1418.96,1055.33,462.45,529.64,1,244932.02,,,,0.8731,0,0
noaa_right_whale_heads,aerien,<absent>../imgs/whale_06069/w_8275.jpg,,,1799.67,953.1,406.47,417.68,1,169774.39,,,,0.9732,0,0
noaa_right_whale_heads,aerien,<absent>../imgs/whale_06069/w_8610.jpg,,,1507.87,1048.52,1071.82,908.72,1,973984.27,,,,1.1795,0,0
noaa_right_whale_heads,aerien,<absent>../imgs/whale_06069/w_8923.jpg,,,1480.07,813.7,508.98,410.2,1,208783.6,,,,1.2408,0,0
noaa_right_whale_heads,aerien,<absent>../imgs/whale_06069/w_9382.jpg,,,1230.61,1084.85,541.02,370.03,1,200193.63,,,,1.4621,0,0
noaa_right_whale_heads,aerien,<absent>../imgs/whale_06334/w_1504.jpg,,,1011.91,1001.92,635.77,569.2,1,361880.28,,,,1.117,0,0
noaa_right_whale_heads,aerien,<absent>../imgs/whale_06334/w_2525.jpg,,,1430.82,865.61,999.99,1193.67,1,1193658.06,,,,0.8377,0,0
noaa_right_whale_heads,aerien,<absent>../imgs/whale_06334/w_4255.jpg,,,2110.66,1075.09,924.89,743.08,1,687267.26,,,,1.2447,0,0
noaa_right_whale_heads,aerien,<absent>../imgs/whale_06334/w_441.jpg,,,2041.62,769.71,1173.35,924.6,1,1084879.41,,,,1.269,0,0
noaa_right_whale_heads,aerien,<absent>../imgs/whale_06334/w_5728.jpg,,,1418.0,915.38,525.93,512.61,1,269596.98,,,,1.026,0,0
noaa_right_whale_heads,aerien,<absent>../imgs/whale_06334/w_6413.jpg,,,1760.42,913.85,1090.45,829.75,1,904800.89,,,,1.3142,0,0
noaa_right_whale_heads,aerien,<absent>../imgs/whale_06334/w_7654.jpg,,,2127.0,1331.46,1058.51,748.94,1,792760.48,,,,1.4133,0,0
noaa_right_whale_heads,aerien,<absent>../imgs/whale_06334/w_8377.jpg,,,1365.82,669.99,355.87,495.04,1,176169.88,,,,0.7189,0,0
noaa_right_whale_heads,aerien,<absent>../imgs/whale_06334/w_8779.jpg,,,1952.56,407.11,810.27,881.42,1,714188.18,,,,0.9193,0,0
noaa_right_whale_heads,aerien,<absent>../imgs/whale_06334/w_9415.jpg,,,320.16,1256.91,608.69,525.69,1,319982.25,,,,1.1579,0,0
noaa_right_whale_heads,aerien,<absent>../imgs/whale_06339/w_120.jpg,,,1861.65,1011.85,802.37,798.41,1,640620.23,,,,1.005,0,0
noaa_right_whale_heads,aerien,<absent>../imgs/whale_06339/w_1257.jpg,,,1071.14,644.26,573.12,565.21,1,323933.16,,,,1.014,0,0
noaa_right_whale_heads,aerien,<absent>../imgs/whale_06339/w_1280.jpg,,,1290.87,711.57,447.03,482.19,1,215553.4,,,,0.9271,0,0
noaa_right_whale_heads,aerien,<absent>../imgs/whale_06339/w_1954.jpg,,,1724.24,579.18,782.23,685.7,1,536375.11,,,,1.1408,0,0
noaa_right_whale_heads,aerien,<absent>../imgs/whale_06339/w_1984.jpg,,,1975.91,2271.6,896.44,948.06,1,849878.91,,,,0.9456,0,0
noaa_right_whale_heads,aerien,<absent>../imgs/whale_06339/w_2185.jpg,,,892.08,552.55,629.11,569.2,1,358089.41,,,,1.1053,0,0
noaa_right_whale_heads,aerien,<absent>../imgs/whale_06339/w_2547.jpg,,,1713.08,1722.47,1074.78,844.81,1,907984.89,,,,1.2722,0,0
noaa_right_whale_heads,aerien,<absent>../imgs/whale_06339/w_2874.jpg,,,1276.67,841.89,703.55,667.98,1,469957.33,,,,1.0533,0,0
noaa_right_whale_heads,aerien,<absent>../imgs/whale_06339/w_3490.jpg,,,2468.72,2135.49,797.88,811.96,1,647846.64,,,,0.9827,0,0
noaa_right_whale_heads,aerien,<absent>../imgs/whale_06339/w_4553.jpg,,,1584.43,925.36,326.21,272.95,1,89039.02,,,,1.1951,0,0
noaa_right_whale_heads,aerien,<absent>../imgs/whale_06339/w_5133.jpg,,,1966.53,2238.74,910.52,933.98,1,850407.47,,,,0.9749,0,0
noaa_right_whale_heads,aerien,<absent>../imgs/whale_06339/w_630.jpg,,,1138.33,446.64,770.75,588.93,1,453917.8,,,,1.3087,0,0
noaa_right_whale_heads,aerien,<absent>../imgs/whale_06339/w_6453.jpg,,,1511.2,785.56,522.6,442.71,1,231360.25,,,,1.1805,0,0
noaa_right_whale_heads,aerien,<absent>../imgs/whale_06339/w_6625.jpg,,,1684.92,1478.42,638.3,450.56,1,287592.45,,,,1.4167,0,0
noaa_right_whale_heads,aerien,<absent>../imgs/whale_06339/w_71.jpg,,,1110.66,561.26,660.07,703.55,1,464392.25,,,,0.9382,0,0
noaa_right_whale_heads,aerien,<absent>../imgs/whale_06339/w_7318.jpg,,,1783.49,1567.59,779.1,901.13,1,702070.38,,,,0.8646,0,0
noaa_right_whale_heads,aerien,<absent>../imgs/whale_06339/w_7724.jpg,,,1985.3,2083.86,1079.48,1178.04,1,1271670.62,,,,0.9163,0,0
noaa_right_whale_heads,aerien,<absent>../imgs/whale_06339/w_840.jpg,,,1060.7,455.26,610.14,581.98,1,355089.28,,,,1.0484,0,0
noaa_right_whale_heads,aerien,<absent>../imgs/whale_06339/w_856.jpg,,,1097.74,868.75,684.61,686.97,1,470306.53,,,,0.9966,0,0
noaa_right_whale_heads,aerien,<absent>../imgs/whale_06339/w_8722.jpg,,,1217.38,1118.57,517.78,395.25,1,204652.54,,,,1.31,0,0
noaa_right_whale_heads,aerien,<absent>../imgs/whale_06967/w_1255.jpg,,,1168.57,611.43,535.89,358.83,1,192293.41,,,,1.4934,0,0
noaa_right_whale_heads,aerien,<absent>../imgs/whale_06967/w_1515.jpg,,,1746.95,1045.81,559.49,524.08,1,293217.52,,,,1.0676,0,0
noaa_right_whale_heads,aerien,<absent>../imgs/whale_06967/w_2369.jpg,,,2351.76,790.51,691.69,889.32,1,615133.75,,,,0.7778,0,0
noaa_right_whale_heads,aerien,<absent>../imgs/whale_06967/w_3224.jpg,,,1659.6,1137.88,486.31,462.7,1,225015.64,,,,1.051,0,0
noaa_right_whale_heads,aerien,<absent>../imgs/whale_06967/w_3286.jpg,,,1085.94,1003.31,568.94,349.39,1,198781.95,,,,1.6284,0,0
noaa_right_whale_heads,aerien,<absent>../imgs/whale_06967/w_3601.jpg,,,1261.55,692.36,522.6,572.53,1,299204.18,,,,0.9128,0,0
noaa_right_whale_heads,aerien,<absent>../imgs/whale_06967/w_5218.jpg,,,995.14,779.3,641.94,448.52,1,287922.93,,,,1.4312,0,0
noaa_right_whale_heads,aerien,<absent>../imgs/whale_06967/w_6247.jpg,,,1881.41,644.26,901.18,750.98,1,676768.16,,,,1.2,0,0
noaa_right_whale_heads,aerien,<absent>../imgs/whale_06967/w_741.jpg,,,1421.16,1187.45,476.87,342.31,1,163237.37,,,,1.3931,0,0
noaa_right_whale_heads,aerien,<absent>../imgs/whale_06967/w_8005.jpg,,,1145.05,912.05,349.51,246.32,1,86091.3,,,,1.4189,0,0
noaa_right_whale_heads,aerien,<absent>../imgs/whale_06967/w_8030.jpg,,,2656.26,2000.51,755.6,565.87,1,427571.37,,,,1.3353,0,0
noaa_right_whale_heads,aerien,<absent>../imgs/whale_06967/w_8683.jpg,,,1746.95,823.9,658.65,587.82,1,387167.64,,,,1.1205,0,0
noaa_right_whale_heads,aerien,<absent>../imgs/whale_06967/w_9061.jpg,,,2286.78,1324.8,775.57,908.72,1,704775.97,,,,0.8535,0,0
noaa_right_whale_heads,aerien,<absent>../imgs/whale_06967/w_9072.jpg,,,1310.16,811.14,405.57,562.63,1,228185.85,,,,0.7208,0,0
noaa_right_whale_heads,aerien,<absent>../imgs/whale_06967/w_9403.jpg,,,2377.26,1411.72,318.7,219.55,1,69970.59,,,,1.4516,0,0
noaa_right_whale_heads,aerien,<absent>../imgs/whale_06997/w_1490.jpg,,,1553.35,739.13,450.59,521.74,1,235090.83,,,,0.8636,0,0
noaa_right_whale_heads,aerien,<absent>../imgs/whale_06997/w_3933.jpg,,,1375.16,783.79,450.56,502.19,1,226266.73,,,,0.8972,0,0
noaa_right_whale_heads,aerien,<absent>../imgs/whale_06997/w_6043.jpg,,,1009.08,755.63,520.97,581.98,1,303194.12,,,,0.8952,0,0
noaa_right_whale_heads,aerien,<absent>../imgs/whale_06997/w_6374.jpg,,,1358.09,682.37,545.9,376.14,1,205334.83,,,,1.4513,0,0
noaa_right_whale_heads,aerien,<absent>../imgs/whale_06997/w_6782.jpg,,,2232.64,805.18,504.98,447.32,1,225887.65,,,,1.1289,0,0
noaa_right_whale_heads,aerien,<absent>../imgs/whale_06997/w_6920.jpg,,,1747.54,865.45,476.0,432.72,1,205974.72,,,,1.1,0,0
noaa_right_whale_heads,aerien,<absent>../imgs/whale_07331/w_5454.jpg,,,1911.8,1227.81,818.54,835.36,1,683775.57,,,,0.9799,0,0
noaa_right_whale_heads,aerien,<absent>../imgs/whale_07331/w_998.jpg,,,2715.4,1612.64,687.74,588.93,1,405030.72,,,,1.1678,0,0
noaa_right_whale_heads,aerien,<absent>../imgs/whale_07483/w_3508.jpg,,,1351.91,735.6,349.91,272.37,1,95304.99,,,,1.2847,0,0
noaa_right_whale_heads,aerien,<absent>../imgs/whale_07483/w_669.jpg,,,1457.94,955.32,359.49,362.82,1,130430.16,,,,0.9908,0,0
noaa_right_whale_heads,aerien,<absent>../imgs/whale_07647/w_1565.jpg,,,1478.42,530.35,492.81,478.73,1,235922.93,,,,1.0294,0,0
noaa_right_whale_heads,aerien,<absent>../imgs/whale_07647/w_1845.jpg,,,1142.28,608.69,462.45,505.93,1,233967.33,,,,0.9141,0,0
noaa_right_whale_heads,aerien,<absent>../imgs/whale_07647/w_2412.jpg,,,1314.15,915.21,398.94,408.32,1,162895.18,,,,0.977,0,0
noaa_right_whale_heads,aerien,<absent>../imgs/whale_07647/w_3260.jpg,,,1270.08,866.39,573.66,462.7,1,265432.48,,,,1.2398,0,0
noaa_right_whale_heads,aerien,<absent>../imgs/whale_07647/w_4010.jpg,,,1928.62,1073.63,591.48,616.71,1,364771.63,,,,0.9591,0,0
noaa_right_whale_heads,aerien,<absent>../imgs/whale_07647/w_4037.jpg,,,1398.03,1095.12,918.7,855.46,1,785911.1,,,,1.0739,0,0
noaa_right_whale_heads,aerien,<absent>../imgs/whale_07647/w_4471.jpg,,,1398.63,830.73,450.56,333.23,1,150140.11,,,,1.3521,0,0
noaa_right_whale_heads,aerien,<absent>../imgs/whale_07647/w_465.jpg,,,1150.19,478.26,557.31,565.21,1,314997.19,,,,0.986,0,0
noaa_right_whale_heads,aerien,<absent>../imgs/whale_07647/w_4761.jpg,,,1379.74,433.41,620.29,524.86,1,325565.41,,,,1.1818,0,0
noaa_right_whale_heads,aerien,<absent>../imgs/whale_07647/w_5687.jpg,,,1110.08,773.69,515.79,585.87,1,302185.89,,,,0.8804,0,0
noaa_right_whale_heads,aerien,<absent>../imgs/whale_07647/w_6753.jpg,,,1277.48,976.11,391.78,519.03,1,203345.57,,,,0.7548,0,0
noaa_right_whale_heads,aerien,<absent>../imgs/whale_07647/w_8245.jpg,,,518.3,1861.41,1159.2,1058.89,1,1227465.29,,,,1.0947,0,0
noaa_right_whale_heads,aerien,<absent>../imgs/whale_07808/w_1212.jpg,,,661.01,915.97,349.39,316.34,1,110526.03,,,,1.1045,0,0
noaa_right_whale_heads,aerien,<absent>../imgs/whale_07808/w_3699.jpg,,,1347.82,940.7,339.92,347.82,1,118230.97,,,,0.9773,0,0
noaa_right_whale_heads,aerien,<absent>../imgs/whale_07808/w_4419.jpg,,,695.65,1154.14,731.22,557.31,1,407516.22,,,,1.3121,0,0
noaa_right_whale_heads,aerien,<absent>../imgs/whale_07808/w_4907.jpg,,,1356.39,980.92,549.13,408.32,1,224220.76,,,,1.3449,0,0
noaa_right_whale_heads,aerien,<absent>../imgs/whale_07808/w_4943.jpg,,,1297.57,1178.69,373.36,256.17,1,95643.63,,,,1.4575,0,0
noaa_right_whale_heads,aerien,<absent>../imgs/whale_07808/w_7316.jpg,,,849.5,797.88,464.64,394.24,1,183179.67,,,,1.1786,0,0
noaa_right_whale_heads,aerien,<absent>../imgs/whale_07808/w_946.jpg,,,1098.25,1056.01,661.77,567.9,1,375819.18,,,,1.1653,0,0
noaa_right_whale_heads,aerien,<absent>../imgs/whale_07863/w_1233.jpg,,,1440.87,1013.77,535.05,380.16,1,203404.61,,,,1.4074,0,0
noaa_right_whale_heads,aerien,<absent>../imgs/whale_07863/w_5099.jpg,,,1673.52,1124.09,560.64,442.91,1,248313.06,,,,1.2658,0,0
noaa_right_whale_heads,aerien,<absent>../imgs/whale_07863/w_5417.jpg,,,826.26,642.12,635.04,568.94,1,361299.66,,,,1.1162,0,0
noaa_right_whale_heads,aerien,<absent>../imgs/whale_07863/w_5614.jpg,,,1626.27,938.38,495.04,409.55,1,202743.63,,,,1.2087,0,0
noaa_right_whale_heads,aerien,<absent>../imgs/whale_07863/w_6731.jpg,,,2454.64,1788.18,755.63,802.57,1,606445.97,,,,0.9415,0,0
noaa_right_whale_heads,aerien,<absent>../imgs/whale_07863/w_7981.jpg,,,998.59,561.86,432.02,396.6,1,171339.13,,,,1.0893,0,0
noaa_right_whale_heads,aerien,<absent>../imgs/whale_07863/w_8215.jpg,,,1586.36,1675.54,1131.11,783.79,1,886552.71,,,,1.4431,0,0
noaa_right_whale_heads,aerien,<absent>../imgs/whale_07863/w_8257.jpg,,,2007.89,2142.28,845.84,877.46,1,742190.77,,,,0.964,0,0
noaa_right_whale_heads,aerien,<absent>../imgs/whale_07863/w_8838.jpg,,,675.88,557.31,833.99,612.64,1,510935.63,,,,1.3613,0,0
noaa_right_whale_heads,aerien,<absent>../imgs/whale_08017/w_1106.jpg,,,1093.56,1215.59,807.26,689.93,1,556952.89,,,,1.1701,0,0
noaa_right_whale_heads,aerien,<absent>../imgs/whale_08017/w_1194.jpg,,,1071.78,696.42,635.04,502.84,1,319323.51,,,,1.2629,0,0
noaa_right_whale_heads,aerien,<absent>../imgs/whale_08017/w_1475.jpg,,,1188.57,784.9,627.92,583.07,1,366121.31,,,,1.0769,0,0
noaa_right_whale_heads,aerien,<absent>../imgs/whale_08017/w_2209.jpg,,,1541.49,928.85,565.21,525.69,1,297125.24,,,,1.0752,0,0
noaa_right_whale_heads,aerien,<absent>../imgs/whale_08017/w_2631.jpg,,,1227.58,1000.95,531.17,573.66,1,304710.98,,,,0.9259,0,0
noaa_right_whale_heads,aerien,<absent>../imgs/whale_08017/w_2794.jpg,,,1237.15,1059.28,608.69,596.83,1,363284.45,,,,1.0199,0,0
noaa_right_whale_heads,aerien,<absent>../imgs/whale_08017/w_3097.jpg,,,1079.04,766.79,604.74,438.73,1,265317.58,,,,1.3784,0,0
noaa_right_whale_heads,aerien,<absent>../imgs/whale_08017/w_3427.jpg,,,1260.86,1209.48,612.64,450.59,1,276049.46,,,,1.3596,0,0
noaa_right_whale_heads,aerien,<absent>../imgs/whale_08017/w_3776.jpg,,,1442.68,537.55,573.12,478.26,1,274100.37,,,,1.1983,0,0
noaa_right_whale_heads,aerien,<absent>../imgs/whale_08017/w_4401.jpg,,,1401.61,950.29,538.22,409.27,1,220277.3,,,,1.3151,0,0
noaa_right_whale_heads,aerien,<absent>../imgs/whale_08017/w_4879.jpg,,,1108.44,1045.19,326.21,249.65,1,81438.33,,,,1.3067,0,0
noaa_right_whale_heads,aerien,<absent>../imgs/whale_08017/w_6177.jpg,,,1426.79,666.46,492.81,713.39,1,351565.73,,,,0.6908,0,0
noaa_right_whale_heads,aerien,<absent>../imgs/whale_08017/w_6676.jpg,,,1141.04,526.24,599.61,521.18,1,312504.74,,,,1.1505,0,0
noaa_right_whale_heads,aerien,<absent>../imgs/whale_08017/w_6742.jpg,,,1320.15,284.58,652.17,778.65,1,507812.17,,,,0.8376,0,0
noaa_right_whale_heads,aerien,<absent>../imgs/whale_08017/w_6873.jpg,,,1576.98,563.21,746.25,624.22,1,465824.18,,,,1.1955,0,0
noaa_right_whale_heads,aerien,<absent>../imgs/whale_08017/w_7014.jpg,,,1614.71,741.18,582.35,469.85,1,273617.15,,,,1.2394,0,0
noaa_right_whale_heads,aerien,<absent>../imgs/whale_08017/w_7133.jpg,,,1554.48,912.05,542.57,452.7,1,245621.44,,,,1.1985,0,0
noaa_right_whale_heads,aerien,<absent>../imgs/whale_08017/w_7175.jpg,,,1621.77,523.87,468.14,417.98,1,195673.16,,,,1.12,0,0
noaa_right_whale_heads,aerien,<absent>../imgs/whale_08017/w_7412.jpg,,,1592.87,656.12,434.78,426.87,1,185594.54,,,,1.0185,0,0
noaa_right_whale_heads,aerien,<absent>../imgs/whale_08017/w_7923.jpg,,,1023.71,833.99,814.22,486.16,1,395841.2,,,,1.6748,0,0
noaa_right_whale_heads,aerien,<absent>../imgs/whale_08017/w_8153.jpg,,,1633.3,924.6,516.27,436.48,1,225341.53,,,,1.1828,0,0
noaa_right_whale_heads,aerien,<absent>../imgs/whale_08017/w_8276.jpg,,,1177.86,628.45,691.69,581.02,1,401885.72,,,,1.1905,0,0
noaa_right_whale_heads,aerien,<absent>../imgs/whale_08017/w_8770.jpg,,,1310.21,779.04,712.94,682.25,1,486403.32,,,,1.045,0,0
noaa_right_whale_heads,aerien,<absent>../imgs/whale_08017/w_9194.jpg,,,1434.64,552.55,512.61,499.3,1,255946.17,,,,1.0267,0,0
noaa_right_whale_heads,aerien,<absent>../imgs/whale_08181/w_1265.jpg,,,2355.71,1454.54,814.22,628.45,1,511696.56,,,,1.2956,0,0
noaa_right_whale_heads,aerien,<absent>../imgs/whale_08181/w_2295.jpg,,,1727.56,885.42,702.34,635.77,1,446526.7,,,,1.1047,0,0
noaa_right_whale_heads,aerien,<absent>../imgs/whale_08181/w_2861.jpg,,,1268.21,872.1,632.44,492.64,1,311565.24,,,,1.2838,0,0
noaa_right_whale_heads,aerien,<absent>../imgs/whale_08181/w_3060.jpg,,,1107.64,840.12,581.98,506.89,1,294999.84,,,,1.1481,0,0
noaa_right_whale_heads,aerien,<absent>../imgs/whale_08181/w_3600.jpg,,,1056.09,950.34,537.21,390.57,1,209818.11,,,,1.3755,0,0
noaa_right_whale_heads,aerien,<absent>../imgs/whale_08181/w_4229.jpg,,,1337.61,713.39,765.02,572.59,1,438042.8,,,,1.3361,0,0
noaa_right_whale_heads,aerien,<absent>../imgs/whale_08181/w_4230.jpg,,,1014.62,1053.12,415.22,304.72,1,126525.84,,,,1.3626,0,0
noaa_right_whale_heads,aerien,<absent>../imgs/whale_08181/w_4973.jpg,,,1446.63,897.23,675.88,596.83,1,403385.46,,,,1.1324,0,0
noaa_right_whale_heads,aerien,<absent>../imgs/whale_08181/w_5668.jpg,,,948.06,1295.37,417.71,520.97,1,217614.38,,,,0.8018,0,0
noaa_right_whale_heads,aerien,<absent>../imgs/whale_08181/w_6040.jpg,,,1233.19,782.6,545.45,395.25,1,215589.11,,,,1.38,0,0
noaa_right_whale_heads,aerien,<absent>../imgs/whale_08181/w_67.jpg,,,1296.43,916.99,355.73,375.49,1,133573.06,,,,0.9474,0,0
noaa_right_whale_heads,aerien,<absent>../imgs/whale_08181/w_6777.jpg,,,1553.35,592.88,573.12,715.41,1,410015.78,,,,0.8011,0,0
noaa_right_whale_heads,aerien,<absent>../imgs/whale_08181/w_7251.jpg,,,1361.41,609.14,679.04,595.83,1,404592.4,,,,1.1397,0,0
noaa_right_whale_heads,aerien,<absent>../imgs/whale_08181/w_8357.jpg,,,1095.12,838.82,589.17,446.04,1,262793.39,,,,1.3209,0,0
noaa_right_whale_heads,aerien,<absent>../imgs/whale_08181/w_903.jpg,,,727.11,925.41,616.15,512.28,1,315641.32,,,,1.2028,0,0
noaa_right_whale_heads,aerien,<absent>../imgs/whale_08181/w_9155.jpg,,,1628.67,919.46,625.12,518.6,1,324187.23,,,,1.2054,0,0
noaa_right_whale_heads,aerien,<absent>../imgs/whale_08324/w_1170.jpg,,,1245.05,1086.95,517.78,458.49,1,237396.95,,,,1.1293,0,0
noaa_right_whale_heads,aerien,<absent>../imgs/whale_08324/w_190.jpg,,,1430.82,711.46,375.49,296.44,1,111310.26,,,,1.2667,0,0
noaa_right_whale_heads,aerien,<absent>../imgs/whale_08324/w_2293.jpg,,,316.76,1168.94,426.09,403.66,1,171995.49,,,,1.0556,0,0
noaa_right_whale_heads,aerien,<absent>../imgs/whale_08324/w_2775.jpg,,,1048.4,1093.26,773.69,473.74,1,366527.9,,,,1.6332,0,0
noaa_right_whale_heads,aerien,<absent>../imgs/whale_08324/w_3503.jpg,,,783.76,736.55,840.42,712.94,1,599169.03,,,,1.1788,0,0
noaa_right_whale_heads,aerien,<absent>../imgs/whale_08324/w_4089.jpg,,,1750.98,830.03,596.83,474.3,1,283076.47,,,,1.2583,0,0
noaa_right_whale_heads,aerien,<absent>../imgs/whale_08324/w_4712.jpg,,,1582.76,774.66,652.05,540.59,1,352491.71,,,,1.2062,0,0
noaa_right_whale_heads,aerien,<absent>../imgs/whale_08324/w_5325.jpg,,,920.93,928.52,495.88,376.97,1,186931.88,,,,1.3154,0,0
noaa_right_whale_heads,aerien,<absent>../imgs/whale_08324/w_5753.jpg,,,1430.82,861.65,304.35,312.25,1,95033.29,,,,0.9747,0,0
noaa_right_whale_heads,aerien,<absent>../imgs/whale_08324/w_6815.jpg,,,1446.63,790.51,656.12,525.69,1,344915.72,,,,1.2481,0,0
noaa_right_whale_heads,aerien,<absent>../imgs/whale_08324/w_7130.jpg,,,1324.1,841.89,446.64,498.02,1,222435.65,,,,0.8968,0,0
noaa_right_whale_heads,aerien,<absent>../imgs/whale_08324/w_9361.jpg,,,1699.83,544.74,520.88,646.13,1,336556.19,,,,0.8062,0,0
noaa_right_whale_heads,aerien,<absent>../imgs/whale_08439/w_1053.jpg,,,1555.79,885.82,512.99,459.73,1,235836.89,,,,1.1159,0,0
noaa_right_whale_heads,aerien,<absent>../imgs/whale_08439/w_1459.jpg,,,1234.57,704.18,581.78,648.26,1,377144.7,,,,0.8974,0,0
noaa_right_whale_heads,aerien,<absent>../imgs/whale_08439/w_1487.jpg,,,1211.63,975.29,499.3,406.09,1,202760.74,,,,1.2295,0,0
noaa_right_whale_heads,aerien,<absent>../imgs/whale_08439/w_1558.jpg,,,1924.29,924.6,1056.01,924.6,1,976386.85,,,,1.1421,0,0
noaa_right_whale_heads,aerien,<absent>../imgs/whale_08439/w_1589.jpg,,,625.12,779.3,569.05,529.81,1,301488.38,,,,1.0741,0,0
noaa_right_whale_heads,aerien,<absent>../imgs/whale_08439/w_3303.jpg,,,995.0,704.01,488.11,511.58,1,249707.31,,,,0.9541,0,0
noaa_right_whale_heads,aerien,<absent>../imgs/whale_08439/w_3392.jpg,,,1569.16,620.55,446.64,470.35,1,210077.12,,,,0.9496,0,0
noaa_right_whale_heads,aerien,<absent>../imgs/whale_08439/w_3555.jpg,,,1284.31,592.45,341.95,383.7,1,131206.21,,,,0.8912,0,0
noaa_right_whale_heads,aerien,<absent>../imgs/whale_08439/w_6859.jpg,,,995.26,1031.88,426.07,349.51,1,148915.73,,,,1.219,0,0
noaa_right_whale_heads,aerien,<absent>../imgs/whale_08439/w_818.jpg,,,1962.25,515.79,883.01,947.49,1,836643.14,,,,0.9319,0,0
noaa_right_whale_heads,aerien,<absent>../imgs/whale_08439/w_8505.jpg,,,894.72,859.31,453.26,455.62,1,206514.32,,,,0.9948,0,0
noaa_right_whale_heads,aerien,<absent>../imgs/whale_08439/w_8778.jpg,,,268.77,758.89,675.88,667.98,1,451474.32,,,,1.0118,0,0
noaa_right_whale_heads,aerien,<absent>../imgs/whale_08439/w_9228.jpg,,,2590.75,1257.83,1088.86,774.41,1,843224.07,,,,1.4061,0,0
noaa_right_whale_heads,aerien,<absent>../imgs/whale_08637/w_1132.jpg,,,840.12,807.26,572.59,464.64,1,266048.22,,,,1.2323,0,0
noaa_right_whale_heads,aerien,<absent>../imgs/whale_08637/w_1747.jpg,,,1048.52,459.35,396.11,342.85,1,135806.31,,,,1.1553,0,0
noaa_right_whale_heads,aerien,<absent>../imgs/whale_08637/w_3863.jpg,,,1154.4,521.72,594.91,653.92,1,389023.55,,,,0.9098,0,0
noaa_right_whale_heads,aerien,<absent>../imgs/whale_08637/w_434.jpg,,,1332.03,914.53,423.47,403.58,1,170904.02,,,,1.0493,0,0
noaa_right_whale_heads,aerien,<absent>../imgs/whale_08637/w_4989.jpg,,,1354.49,840.49,539.12,547.49,1,295162.81,,,,0.9847,0,0
noaa_right_whale_heads,aerien,<absent>../imgs/whale_08637/w_5413.jpg,,,1180.16,630.72,714.82,487.76,1,348660.6,,,,1.4655,0,0
noaa_right_whale_heads,aerien,<absent>../imgs/whale_08637/w_5519.jpg,,,1158.6,783.56,440.34,482.19,1,212327.54,,,,0.9132,0,0
noaa_right_whale_heads,aerien,<absent>../imgs/whale_08637/w_7104.jpg,,,897.03,493.37,541.02,507.38,1,274502.73,,,,1.0663,0,0
noaa_right_whale_heads,aerien,<absent>../imgs/whale_08637/w_8748.jpg,,,1274.87,795.55,619.13,775.57,1,480178.65,,,,0.7983,0,0
noaa_right_whale_heads,aerien,<absent>../imgs/whale_08700/w_3299.jpg,,,1111.77,852.13,689.03,525.93,1,362381.55,,,,1.3101,0,0
noaa_right_whale_heads,aerien,<absent>../imgs/whale_08700/w_3592.jpg,,,679.84,778.65,466.4,351.78,1,164070.19,,,,1.3258,0,0
noaa_right_whale_heads,aerien,<absent>../imgs/whale_08700/w_4147.jpg,,,1015.24,732.3,505.95,709.0,1,358718.55,,,,0.7136,0,0
noaa_right_whale_heads,aerien,<absent>../imgs/whale_08700/w_4650.jpg,,,1154.57,1037.24,605.45,581.98,1,352359.79,,,,1.0403,0,0
noaa_right_whale_heads,aerien,<absent>../imgs/whale_08700/w_686.jpg,,,1395.65,846.93,526.85,548.72,1,289093.13,,,,0.9601,0,0
noaa_right_whale_heads,aerien,<absent>../imgs/whale_08700/w_7259.jpg,,,922.26,476.55,347.6,395.25,1,137388.9,,,,0.8794,0,0
noaa_right_whale_heads,aerien,<absent>../imgs/whale_08700/w_7506.jpg,,,1081.81,582.51,485.98,432.72,1,210293.27,,,,1.1231,0,0
noaa_right_whale_heads,aerien,<absent>../imgs/whale_08700/w_870.jpg,,,819.24,835.96,529.44,535.02,1,283260.99,,,,0.9896,0,0
noaa_right_whale_heads,aerien,<absent>../imgs/whale_08700/w_8952.jpg,,,1154.57,802.57,713.39,605.45,1,431921.98,,,,1.1783,0,0
noaa_right_whale_heads,aerien,<absent>../imgs/whale_08700/w_9149.jpg,,,1659.6,979.71,620.87,625.6,1,388416.27,,,,0.9924,0,0
noaa_right_whale_heads,aerien,<absent>../imgs/whale_08700/w_9260.jpg,,,1581.67,1098.25,774.41,746.25,1,577903.46,,,,1.0377,0,0
noaa_right_whale_heads,aerien,<absent>../imgs/whale_08729/w_5252.jpg,,,1152.12,798.92,490.56,498.97,1,244774.72,,,,0.9831,0,0
noaa_right_whale_heads,aerien,<absent>../imgs/whale_08923/w_1314.jpg,,,1140.91,1171.75,641.94,412.07,1,264524.22,,,,1.5578,0,0
noaa_right_whale_heads,aerien,<absent>../imgs/whale_08923/w_2297.jpg,,,1461.3,812.09,396.6,365.91,1,145119.91,,,,1.0839,0,0
noaa_right_whale_heads,aerien,<absent>../imgs/whale_08923/w_2781.jpg,,,1426.87,873.51,525.69,470.35,1,247258.29,,,,1.1177,0,0
noaa_right_whale_heads,aerien,<absent>../imgs/whale_08923/w_2891.jpg,,,1407.1,798.41,407.11,418.97,1,170566.88,,,,0.9717,0,0
noaa_right_whale_heads,aerien,<absent>../imgs/whale_08923/w_3371.jpg,,,1359.67,636.36,592.88,387.35,1,229652.07,,,,1.5306,0,0
noaa_right_whale_heads,aerien,<absent>../imgs/whale_08923/w_3468.jpg,,,1564.56,599.75,544.53,312.91,1,170388.88,,,,1.7402,0,0
noaa_right_whale_heads,aerien,<absent>../imgs/whale_08923/w_4939.jpg,,,1046.62,769.71,680.54,605.45,1,412032.94,,,,1.124,0,0
noaa_right_whale_heads,aerien,<absent>../imgs/whale_08923/w_5826.jpg,,,1041.86,762.26,462.68,522.6,1,241796.57,,,,0.8853,0,0
noaa_right_whale_heads,aerien,<absent>../imgs/whale_08923/w_6094.jpg,,,1532.12,552.41,417.85,347.03,1,145006.49,,,,1.2041,0,0
noaa_right_whale_heads,aerien,<absent>../imgs/whale_08923/w_6152.jpg,,,1342.31,403.63,511.58,539.74,1,276120.19,,,,0.9478,0,0
noaa_right_whale_heads,aerien,<absent>../imgs/whale_08923/w_6347.jpg,,,1142.28,762.84,494.07,418.97,1,207000.51,,,,1.1792,0,0
noaa_right_whale_heads,aerien,<absent>../imgs/whale_08923/w_6538.jpg,,,1683.78,703.55,505.93,426.87,1,215966.34,,,,1.1852,0,0
noaa_right_whale_heads,aerien,<absent>../imgs/whale_08923/w_7207.jpg,,,1204.97,512.61,565.87,565.87,1,320208.86,,,,1.0,0,0
noaa_right_whale_heads,aerien,<absent>../imgs/whale_08923/w_7293.jpg,,,1310.21,996.23,332.86,332.86,1,110795.78,,,,1.0,0,0
noaa_right_whale_heads,aerien,<absent>../imgs/whale_08923/w_7750.jpg,,,1304.76,628.91,436.48,422.4,1,184369.15,,,,1.0333,0,0
noaa_right_whale_heads,aerien,<absent>../imgs/whale_09062/w_1579.jpg,,,1222.86,535.89,344.67,316.34,1,109032.91,,,,1.0896,0,0
noaa_right_whale_heads,aerien,<absent>../imgs/whale_09062/w_3118.jpg,,,1454.95,657.07,422.4,478.73,1,202215.55,,,,0.8823,0,0
noaa_right_whale_heads,aerien,<absent>../imgs/whale_09062/w_4050.jpg,,,1379.18,857.79,409.27,372.83,1,152588.13,,,,1.0977,0,0
noaa_right_whale_heads,aerien,<absent>../imgs/whale_09062/w_523.jpg,,,1654.33,855.46,416.08,466.01,1,193897.44,,,,0.8929,0,0
noaa_right_whale_heads,aerien,<absent>../imgs/whale_09181/w_1405.jpg,,,1032.54,1079.48,600.75,464.64,1,279132.48,,,,1.2929,0,0
noaa_right_whale_heads,aerien,<absent>../imgs/whale_09181/w_1742.jpg,,,1945.25,377.72,535.89,557.13,1,298560.4,,,,0.9619,0,0
noaa_right_whale_heads,aerien,<absent>../imgs/whale_09181/w_1783.jpg,,,1202.8,715.72,455.27,405.57,1,184643.85,,,,1.1225,0,0
noaa_right_whale_heads,aerien,<absent>../imgs/whale_09181/w_2680.jpg,,,1094.85,687.74,628.45,664.03,1,417309.65,,,,0.9464,0,0
noaa_right_whale_heads,aerien,<absent>../imgs/whale_09181/w_3186.jpg,,,925.13,674.34,925.13,791.38,1,732129.38,,,,1.169,0,0
noaa_right_whale_heads,aerien,<absent>../imgs/whale_09181/w_5595.jpg,,,1025.98,512.99,583.07,468.14,1,272958.39,,,,1.2455,0,0
noaa_right_whale_heads,aerien,<absent>../imgs/whale_09181/w_6015.jpg,,,1171.71,757.17,279.18,211.5,1,59046.57,,,,1.32,0,0
noaa_right_whale_heads,aerien,<absent>../imgs/whale_09181/w_7505.jpg,,,1577.78,659.07,529.25,659.07,1,348812.8,,,,0.803,0,0
noaa_right_whale_heads,aerien,<absent>../imgs/whale_09181/w_7993.jpg,,,1181.67,745.62,609.14,469.34,1,285893.77,,,,1.2979,0,0
noaa_right_whale_heads,aerien,<absent>../imgs/whale_09181/w_8031.jpg,,,1135.24,504.08,681.99,711.64,1,485331.36,,,,0.9583,0,0
noaa_right_whale_heads,aerien,<absent>../imgs/whale_09181/w_8274.jpg,,,545.9,968.63,489.31,542.57,1,265484.93,,,,0.9018,0,0
noaa_right_whale_heads,aerien,<absent>../imgs/whale_09181/w_866.jpg,,,1174.97,821.09,520.88,447.32,1,233000.04,,,,1.1644,0,0
noaa_right_whale_heads,aerien,<absent>../imgs/whale_09181/w_9037.jpg,,,1169.13,842.96,838.72,652.34,1,547130.6,,,,1.2857,0,0
noaa_right_whale_heads,aerien,<absent>../imgs/whale_09422/w_2534.jpg,,,1255.91,892.36,550.05,408.41,1,224645.92,,,,1.3468,0,0
noaa_right_whale_heads,aerien,<absent>../imgs/whale_09422/w_3227.jpg,,,1588.33,523.87,473.71,351.1,1,166319.58,,,,1.3492,0,0
noaa_right_whale_heads,aerien,<absent>../imgs/whale_09454/w_1622.jpg,,,1112.33,966.84,699.31,661.77,1,462782.38,,,,1.0567,0,0
noaa_right_whale_heads,aerien,<absent>../imgs/whale_09454/w_21.jpg,,,1025.45,936.28,568.45,473.71,1,269280.45,,,,1.2,0,0
noaa_right_whale_heads,aerien,<absent>../imgs/whale_09454/w_2323.jpg,,,1348.1,485.98,349.51,292.92,1,102378.47,,,,1.1932,0,0
noaa_right_whale_heads,aerien,<absent>../imgs/whale_09454/w_2564.jpg,,,1376.55,657.62,551.74,456.99,1,252139.66,,,,1.2073,0,0
noaa_right_whale_heads,aerien,<absent>../imgs/whale_09454/w_4106.jpg,,,1316.2,652.17,596.83,561.26,1,334976.81,,,,1.0634,0,0
noaa_right_whale_heads,aerien,<absent>../imgs/whale_09454/w_4223.jpg,,,1185.0,895.4,602.48,329.54,1,198541.26,,,,1.8282,0,0
noaa_right_whale_heads,aerien,<absent>../imgs/whale_09454/w_4424.jpg,,,2238.74,980.92,736.86,948.06,1,698587.49,,,,0.7772,0,0
noaa_right_whale_heads,aerien,<absent>../imgs/whale_09454/w_4634.jpg,,,1694.31,1056.01,877.66,863.58,1,757929.62,,,,1.0163,0,0
noaa_right_whale_heads,aerien,<absent>../imgs/whale_09454/w_6759.jpg,,,2140.06,1304.1,874.97,891.69,1,780202.0,,,,0.9812,0,0
noaa_right_whale_heads,aerien,<absent>../imgs/whale_09454/w_8592.jpg,,,1076.44,759.67,675.58,431.7,1,291647.89,,,,1.5649,0,0
noaa_right_whale_heads,aerien,<absent>../imgs/whale_09454/w_9203.jpg,,,2339.9,1130.43,818.18,826.08,1,675882.13,,,,0.9904,0,0
noaa_right_whale_heads,aerien,<absent>../imgs/whale_09651/w_1091.jpg,,,1355.72,916.99,498.02,553.36,1,275584.35,,,,0.9,0,0
noaa_right_whale_heads,aerien,<absent>../imgs/whale_09651/w_1329.jpg,,,1334.33,661.56,625.12,557.84,1,348716.94,,,,1.1206,0,0
noaa_right_whale_heads,aerien,<absent>../imgs/whale_09651/w_1350.jpg,,,1520.66,619.53,535.05,567.9,1,303854.89,,,,0.9422,0,0
noaa_right_whale_heads,aerien,<absent>../imgs/whale_09651/w_1765.jpg,,,1019.64,626.18,396.8,363.32,1,144165.38,,,,1.0922,0,0
noaa_right_whale_heads,aerien,<absent>../imgs/whale_09651/w_262.jpg,,,1802.26,971.53,506.89,478.73,1,242663.45,,,,1.0588,0,0
noaa_right_whale_heads,aerien,<absent>../imgs/whale_09651/w_359.jpg,,,925.06,566.25,440.11,510.19,1,224539.72,,,,0.8626,0,0
noaa_right_whale_heads,aerien,<absent>../imgs/whale_09651/w_408.jpg,,,838.82,645.76,745.62,449.37,1,335059.26,,,,1.6593,0,0
noaa_right_whale_heads,aerien,<absent>../imgs/whale_09651/w_4150.jpg,,,964.31,672.77,409.27,420.48,1,172089.85,,,,0.9733,0,0
noaa_right_whale_heads,aerien,<absent>../imgs/whale_09651/w_4346.jpg,,,1560.45,663.37,658.65,533.53,1,351409.53,,,,1.2345,0,0
noaa_right_whale_heads,aerien,<absent>../imgs/whale_09651/w_5095.jpg,,,1497.89,692.36,852.13,709.0,1,604160.17,,,,1.2019,0,0
noaa_right_whale_heads,aerien,<absent>../imgs/whale_09651/w_5376.jpg,,,1790.81,1038.54,532.58,512.61,1,273005.83,,,,1.039,0,0
noaa_right_whale_heads,aerien,<absent>../imgs/whale_09651/w_5676.jpg,,,1650.16,620.87,337.59,391.88,1,132294.77,,,,0.8615,0,0
noaa_right_whale_heads,aerien,<absent>../imgs/whale_09651/w_5678.jpg,,,905.82,628.91,567.9,657.07,1,373150.05,,,,0.8643,0,0
noaa_right_whale_heads,aerien,<absent>../imgs/whale_09651/w_59.jpg,,,788.89,572.53,575.85,535.91,1,308603.77,,,,1.0745,0,0
noaa_right_whale_heads,aerien,<absent>../imgs/whale_09651/w_6181.jpg,,,1224.27,807.36,430.15,575.74,1,247654.56,,,,0.7471,0,0
noaa_right_whale_heads,aerien,<absent>../imgs/whale_09651/w_6764.jpg,,,1258.23,875.43,615.8,472.67,1,291070.19,,,,1.3028,0,0
noaa_right_whale_heads,aerien,<absent>../imgs/whale_09651/w_7477.jpg,,,1308.29,731.22,754.94,545.45,1,411782.02,,,,1.3841,0,0
noaa_right_whale_heads,aerien,<absent>../imgs/whale_09651/w_7886.jpg,,,1098.81,695.65,517.78,438.73,1,227165.62,,,,1.1802,0,0
noaa_right_whale_heads,aerien,<absent>../imgs/whale_09651/w_8934.jpg,,,1243.75,783.79,586.67,488.11,1,286359.49,,,,1.2019,0,0
noaa_right_whale_heads,aerien,<absent>../imgs/whale_09651/w_9399.jpg,,,869.0,504.58,476.55,482.15,1,229768.58,,,,0.9884,0,0
noaa_right_whale_heads,aerien,<absent>../imgs/whale_09913/w_2401.jpg,,,1206.78,1182.92,514.92,401.6,1,206791.87,,,,1.2822,0,0
noaa_right_whale_heads,aerien,<absent>../imgs/whale_09913/w_3100.jpg,,,1473.72,788.49,586.67,492.81,1,289116.84,,,,1.1905,0,0
noaa_right_whale_heads,aerien,<absent>../imgs/whale_09913/w_4598.jpg,,,1192.12,1018.46,628.91,478.73,1,301078.08,,,,1.3137,0,0
noaa_right_whale_heads,aerien,<absent>../imgs/whale_09913/w_8867.jpg,,,1581.02,849.8,391.3,355.73,1,139197.15,,,,1.1,0,0
noaa_right_whale_heads,aerien,<absent>../imgs/whale_10005/w_1085.jpg,,,1125.08,988.61,492.64,416.08,1,204977.65,,,,1.184,0,0
noaa_right_whale_heads,aerien,<absent>../imgs/whale_10005/w_1604.jpg,,,913.99,468.14,546.16,585.17,1,319596.45,,,,0.9333,0,0
noaa_right_whale_heads,aerien,<absent>../imgs/whale_10005/w_2823.jpg,,,1337.61,957.45,605.45,779.1,1,471706.1,,,,0.7771,0,0
noaa_right_whale_heads,aerien,<absent>../imgs/whale_10005/w_4273.jpg,,,1656.11,1731.21,1304.34,960.47,1,1252779.44,,,,1.358,0,0
noaa_right_whale_heads,aerien,<absent>../imgs/whale_10005/w_74.jpg,,,1395.25,822.13,403.16,462.45,1,186441.34,,,,0.8718,0,0
noaa_right_whale_heads,aerien,<absent>../imgs/whale_10005/w_7633.jpg,,,1234.93,652.41,469.34,456.02,1,214028.43,,,,1.0292,0,0
noaa_right_whale_heads,aerien,<absent>../imgs/whale_10005/w_7859.jpg,,,1002.0,888.68,489.07,497.03,1,243082.46,,,,0.984,0,0
noaa_right_whale_heads,aerien,<absent>../imgs/whale_10005/w_8413.jpg,,,1303.13,892.36,557.13,401.33,1,223592.98,,,,1.3882,0,0
noaa_right_whale_heads,aerien,<absent>../imgs/whale_10005/w_9095.jpg,,,1504.99,811.14,473.17,397.62,1,188141.86,,,,1.19,0,0
noaa_right_whale_heads,aerien,<absent>../imgs/whale_10021/w_1246.jpg,,,1587.76,1218.28,645.76,602.48,1,389057.48,,,,1.0718,0,0
noaa_right_whale_heads,aerien,<absent>../imgs/whale_10021/w_1337.jpg,,,885.37,782.6,703.55,482.21,1,339258.85,,,,1.459,0,0
noaa_right_whale_heads,aerien,<absent>../imgs/whale_10021/w_5470.jpg,,,1324.37,835.7,394.24,491.03,1,193583.67,,,,0.8029,0,0
noaa_right_whale_heads,aerien,<absent>../imgs/whale_10021/w_5559.jpg,,,2182.42,1379.85,858.89,966.84,1,830409.21,,,,0.8883,0,0
noaa_right_whale_heads,aerien,<absent>../imgs/whale_10021/w_6423.jpg,,,928.69,772.24,652.41,525.93,1,343121.99,,,,1.2405,0,0
noaa_right_whale_heads,aerien,<absent>../imgs/whale_10021/w_6499.jpg,,,2342.0,1098.25,1004.38,858.89,1,862651.94,,,,1.1694,0,0
noaa_right_whale_heads,aerien,<absent>../imgs/whale_10021/w_6983.jpg,,,905.39,1025.22,775.57,725.64,1,562784.61,,,,1.0688,0,0
noaa_right_whale_heads,aerien,<absent>../imgs/whale_10021/w_9066.jpg,,,981.13,905.44,644.74,672.77,1,433761.73,,,,0.9583,0,0
noaa_right_whale_heads,aerien,<absent>../imgs/whale_10021/w_9279.jpg,,,2037.13,1251.57,951.99,695.69,1,662289.92,,,,1.3684,0,0
noaa_right_whale_heads,aerien,<absent>../imgs/whale_10583/w_1316.jpg,,,1304.76,544.43,474.03,689.93,1,327047.52,,,,0.6871,0,0
noaa_right_whale_heads,aerien,<absent>../imgs/whale_10583/w_1537.jpg,,,922.26,843.77,787.71,653.15,1,514492.79,,,,1.206,0,0
noaa_right_whale_heads,aerien,<absent>../imgs/whale_10583/w_2385.jpg,,,1151.71,639.1,822.17,629.11,1,517235.37,,,,1.3069,0,0
noaa_right_whale_heads,aerien,<absent>../imgs/whale_10583/w_2666.jpg,,,1141.72,712.33,732.3,585.84,1,429010.63,,,,1.25,0,0
noaa_right_whale_heads,aerien,<absent>../imgs/whale_10583/w_3956.jpg,,,1126.47,853.75,561.26,557.31,1,312795.81,,,,1.0071,0,0
noaa_right_whale_heads,aerien,<absent>../imgs/whale_10583/w_4680.jpg,,,692.36,389.45,868.78,732.3,1,636207.59,,,,1.1864,0,0
noaa_right_whale_heads,aerien,<absent>../imgs/whale_10583/w_5113.jpg,,,1343.86,620.55,505.93,675.88,1,341947.97,,,,0.7486,0,0
noaa_right_whale_heads,aerien,<absent>../imgs/whale_10583/w_5136.jpg,,,1006.36,367.22,493.37,341.99,1,168727.61,,,,1.4426,0,0
noaa_right_whale_heads,aerien,<absent>../imgs/whale_10583/w_6058.jpg,,,1311.48,652.41,449.37,452.7,1,203429.8,,,,0.9926,0,0
noaa_right_whale_heads,aerien,<absent>../imgs/whale_10583/w_907.jpg,,,952.56,802.37,802.37,628.45,1,504249.43,,,,1.2767,0,0
noaa_right_whale_heads,aerien,<absent>../imgs/whale_10977/w_2007.jpg,,,562.54,1025.22,605.81,442.71,1,268198.15,,,,1.3684,0,0
noaa_right_whale_heads,aerien,<absent>../imgs/whale_10977/w_2301.jpg,,,1126.41,671.15,633.61,732.17,1,463910.23,,,,0.8654,0,0
noaa_right_whale_heads,aerien,<absent>../imgs/whale_10977/w_3185.jpg,,,1198.31,585.84,545.9,579.18,1,316174.36,,,,0.9425,0,0
noaa_right_whale_heads,aerien,<absent>../imgs/whale_10977/w_3188.jpg,,,932.8,731.22,758.89,561.26,1,425934.6,,,,1.3521,0,0
noaa_right_whale_heads,aerien,<absent>../imgs/whale_10977/w_3757.jpg,,,1154.57,675.85,600.75,370.78,1,222746.08,,,,1.6202,0,0
noaa_right_whale_heads,aerien,<absent>../imgs/whale_10977/w_4119.jpg,,,2280.62,1422.91,826.08,822.13,1,679145.15,,,,1.0048,0,0
noaa_right_whale_heads,aerien,<absent>../imgs/whale_10977/w_4196.jpg,,,1126.47,1043.47,490.12,387.35,1,189847.98,,,,1.2653,0,0
noaa_right_whale_heads,aerien,<absent>../imgs/whale_10977/w_4922.jpg,,,1423.52,576.02,597.27,606.71,1,362369.68,,,,0.9844,0,0
noaa_right_whale_heads,aerien,<absent>../imgs/whale_10977/w_6907.jpg,,,1098.25,990.3,642.99,464.64,1,298758.87,,,,1.3838,0,0
noaa_right_whale_heads,aerien,<absent>../imgs/whale_10977/w_8976.jpg,,,1468.89,955.9,521.4,386.84,1,201698.38,,,,1.3478,0,0
noaa_right_whale_heads,aerien,<absent>../imgs/whale_10977/w_9369.jpg,,,1009.16,866.2,605.5,588.68,1,356445.74,,,,1.0286,0,0
noaa_right_whale_heads,aerien,<absent>../imgs/whale_10977/w_9376.jpg,,,986.73,989.54,577.46,409.27,1,236337.05,,,,1.411,0,0
noaa_right_whale_heads,aerien,<absent>../imgs/whale_11076/w_199.jpg,,,1384.55,708.7,624.22,535.05,1,333988.91,,,,1.1667,0,0
noaa_right_whale_heads,aerien,<absent>../imgs/whale_11076/w_3006.jpg,,,711.46,438.73,577.07,505.93,1,291957.03,,,,1.1406,0,0
noaa_right_whale_heads,aerien,<absent>../imgs/whale_11076/w_3237.jpg,,,1246.47,623.23,665.73,514.64,1,342611.29,,,,1.2936,0,0
noaa_right_whale_heads,aerien,<absent>../imgs/whale_11076/w_333.jpg,,,691.06,1070.03,568.45,468.14,1,266114.18,,,,1.2143,0,0
noaa_right_whale_heads,aerien,<absent>../imgs/whale_11076/w_3831.jpg,,,1492.5,1046.62,342.62,403.63,1,138291.71,,,,0.8488,0,0
noaa_right_whale_heads,aerien,<absent>../imgs/whale_11076/w_4153.jpg,,,1056.01,1065.4,614.83,417.71,1,256820.64,,,,1.4719,0,0
noaa_right_whale_heads,aerien,<absent>../imgs/whale_11076/w_4171.jpg,,,1288.53,826.08,592.88,438.73,1,260114.24,,,,1.3514,0,0
noaa_right_whale_heads,aerien,<absent>../imgs/whale_11076/w_4403.jpg,,,1168.57,672.81,505.2,446.18,1,225410.14,,,,1.1323,0,0
noaa_right_whale_heads,aerien,<absent>../imgs/whale_11076/w_4721.jpg,,,1324.8,981.95,339.52,356.16,1,120923.44,,,,0.9533,0,0
noaa_right_whale_heads,aerien,<absent>../imgs/whale_11076/w_5312.jpg,,,982.07,245.52,542.97,540.61,1,293535.01,,,,1.0044,0,0
noaa_right_whale_heads,aerien,<absent>../imgs/whale_11076/w_5505.jpg,,,1381.39,842.15,542.57,372.81,1,202275.52,,,,1.4554,0,0
noaa_right_whale_heads,aerien,<absent>../imgs/whale_11076/w_5995.jpg,,,1577.78,745.62,442.71,349.51,1,154731.57,,,,1.2667,0,0
noaa_right_whale_heads,aerien,<absent>../imgs/whale_11076/w_6141.jpg,,,1168.94,529.81,703.61,779.3,1,548323.27,,,,0.9029,0,0
noaa_right_whale_heads,aerien,<absent>../imgs/whale_11076/w_6346.jpg,,,1513.23,517.0,457.98,370.64,1,169745.71,,,,1.2356,0,0
noaa_right_whale_heads,aerien,<absent>../imgs/whale_11076/w_6452.jpg,,,1607.73,838.82,412.75,329.54,1,136017.64,,,,1.2525,0,0
noaa_right_whale_heads,aerien,<absent>../imgs/whale_11076/w_654.jpg,,,1045.74,664.03,508.95,526.85,1,268140.31,,,,0.966,0,0
noaa_right_whale_heads,aerien,<absent>../imgs/whale_11076/w_6713.jpg,,,1484.57,249.65,472.67,472.67,1,223416.93,,,,1.0,0,0
noaa_right_whale_heads,aerien,<absent>../imgs/whale_11076/w_8843.jpg,,,1086.95,735.17,758.89,695.65,1,527921.83,,,,1.0909,0,0
noaa_right_whale_heads,aerien,<absent>../imgs/whale_11076/w_9083.jpg,,,770.75,940.7,731.22,608.69,1,445086.3,,,,1.2013,0,0
noaa_right_whale_heads,aerien,<absent>../imgs/whale_11076/w_9381.jpg,,,976.28,225.29,703.55,679.84,1,478301.43,,,,1.0349,0,0
noaa_right_whale_heads,aerien,<absent>../imgs/whale_11099/w_2450.jpg,,,1253.04,1031.59,641.94,412.07,1,264524.22,,,,1.5578,0,0
noaa_right_whale_heads,aerien,<absent>../imgs/whale_11099/w_3538.jpg,,,1264.88,649.08,366.15,349.51,1,127973.09,,,,1.0476,0,0
noaa_right_whale_heads,aerien,<absent>../imgs/whale_11099/w_3653.jpg,,,2885.3,959.56,1005.89,972.8,1,978529.79,,,,1.034,0,0
noaa_right_whale_heads,aerien,<absent>../imgs/whale_11099/w_5304.jpg,,,1365.82,1015.92,835.0,761.44,1,635802.4,,,,1.0966,0,0
noaa_right_whale_heads,aerien,<absent>../imgs/whale_11099/w_5512.jpg,,,1051.32,868.28,408.32,488.11,1,199305.08,,,,0.8365,0,0
noaa_right_whale_heads,aerien,<absent>../imgs/whale_11099/w_5616.jpg,,,1298.17,795.55,665.73,555.88,1,370065.99,,,,1.1976,0,0
noaa_right_whale_heads,aerien,<absent>../imgs/whale_11099/w_5688.jpg,,,1415.01,616.6,367.59,541.5,1,199049.98,,,,0.6788,0,0
noaa_right_whale_heads,aerien,<absent>../imgs/whale_11099/w_6252.jpg,,,1697.61,1125.08,639.1,659.07,1,421211.64,,,,0.9697,0,0
noaa_right_whale_heads,aerien,<absent>../imgs/whale_11099/w_7627.jpg,,,1723.31,1162.05,968.37,1027.66,1,995155.11,,,,0.9423,0,0
noaa_right_whale_heads,aerien,<absent>../imgs/whale_11099/w_7628.jpg,,,1156.76,835.7,455.62,453.26,1,206514.32,,,,1.0052,0,0
noaa_right_whale_heads,aerien,<absent>../imgs/whale_11099/w_7731.jpg,,,1583.82,1227.81,462.53,423.29,1,195784.32,,,,1.0927,0,0
noaa_right_whale_heads,aerien,<absent>../imgs/whale_11099/w_7987.jpg,,,1088.47,685.7,679.04,499.3,1,339044.67,,,,1.36,0,0
noaa_right_whale_heads,aerien,<absent>../imgs/whale_11099/w_8061.jpg,,,1154.57,760.33,704.01,713.39,1,502233.69,,,,0.9869,0,0
noaa_right_whale_heads,aerien,<absent>../imgs/whale_11242/w_1070.jpg,,,2609.52,1337.61,755.63,774.41,1,585167.43,,,,0.9757,0,0
noaa_right_whale_heads,aerien,<absent>../imgs/whale_11242/w_1358.jpg,,,1323.12,712.02,437.3,484.96,1,212073.01,,,,0.9017,0,0
noaa_right_whale_heads,aerien,<absent>../imgs/whale_11242/w_137.jpg,,,1368.07,585.84,502.62,446.04,1,224188.62,,,,1.1268,0,0
noaa_right_whale_heads,aerien,<absent>../imgs/whale_11242/w_2890.jpg,,,2229.23,1280.62,754.94,699.6,1,528156.02,,,,1.0791,0,0
noaa_right_whale_heads,aerien,<absent>../imgs/whale_11242/w_3123.jpg,,,1947.75,1056.01,929.29,779.1,1,724009.84,,,,1.1928,0,0
noaa_right_whale_heads,aerien,<absent>../imgs/whale_11242/w_3492.jpg,,,1139.47,745.53,953.09,775.18,1,738816.31,,,,1.2295,0,0
noaa_right_whale_heads,aerien,<absent>../imgs/whale_11242/w_367.jpg,,,1442.68,581.02,632.41,699.6,1,442434.04,,,,0.904,0,0
noaa_right_whale_heads,aerien,<absent>../imgs/whale_11242/w_4522.jpg,,,2067.18,1055.33,1110.66,1201.57,1,1334535.74,,,,0.9243,0,0
noaa_right_whale_heads,aerien,<absent>../imgs/whale_11242/w_5170.jpg,,,1170.99,749.51,836.99,580.53,1,485897.8,,,,1.4418,0,0
noaa_right_whale_heads,aerien,<absent>../imgs/whale_11242/w_5859.jpg,,,2590.75,1417.4,680.54,844.81,1,574927.0,,,,0.8056,0,0
noaa_right_whale_heads,aerien,<absent>../imgs/whale_11242/w_6504.jpg,,,1079.48,1699.0,1323.53,1553.51,1,2056117.09,,,,0.852,0,0
noaa_right_whale_heads,aerien,<absent>../imgs/whale_11242/w_7226.jpg,,,1343.26,894.72,398.96,382.44,1,152578.26,,,,1.0432,0,0
noaa_right_whale_heads,aerien,<absent>../imgs/whale_11242/w_7406.jpg,,,694.62,1745.94,1070.09,1206.2,1,1290742.56,,,,0.8872,0,0
noaa_right_whale_heads,aerien,<absent>../imgs/whale_11242/w_7631.jpg,,,1351.69,1140.49,417.71,389.55,1,162718.93,,,,1.0723,0,0
noaa_right_whale_heads,aerien,<absent>../imgs/whale_11242/w_7844.jpg,,,1252.96,636.36,537.55,624.5,1,335699.97,,,,0.8608,0,0
noaa_right_whale_heads,aerien,<absent>../imgs/whale_11242/w_7946.jpg,,,1474.59,718.99,582.51,542.57,1,316052.45,,,,1.0736,0,0
noaa_right_whale_heads,aerien,<absent>../imgs/whale_11242/w_8044.jpg,,,1399.62,974.17,445.33,431.42,1,192124.27,,,,1.0322,0,0
noaa_right_whale_heads,aerien,<absent>../imgs/whale_11242/w_8928.jpg,,,699.81,795.24,715.72,757.47,1,542136.43,,,,0.9449,0,0
noaa_right_whale_heads,aerien,<absent>../imgs/whale_11242/w_8973.jpg,,,1312.24,719.36,545.45,422.92,1,230681.71,,,,1.2897,0,0
noaa_right_whale_heads,aerien,<absent>../imgs/whale_11242/w_990.jpg,,,1358.09,792.22,429.39,442.71,1,190095.25,,,,0.9699,0,0
noaa_right_whale_heads,aerien,<absent>../imgs/whale_11555/w_1093.jpg,,,1181.81,1126.47,513.83,557.31,1,286362.6,,,,0.922,0,0
noaa_right_whale_heads,aerien,<absent>../imgs/whale_11555/w_2340.jpg,,,1021.89,718.99,592.5,396.11,1,234695.18,,,,1.4958,0,0
noaa_right_whale_heads,aerien,<absent>../imgs/whale_11555/w_2773.jpg,,,910.42,598.56,593.53,633.77,1,376161.51,,,,0.9365,0,0
noaa_right_whale_heads,aerien,<absent>../imgs/whale_11555/w_5094.jpg,,,1173.9,810.27,608.69,498.02,1,303139.79,,,,1.2222,0,0
noaa_right_whale_heads,aerien,<absent>../imgs/whale_11555/w_5131.jpg,,,1150.19,1169.95,561.26,577.07,1,323886.31,,,,0.9726,0,0
noaa_right_whale_heads,aerien,<absent>../imgs/whale_11555/w_5293.jpg,,,1308.29,952.56,462.45,478.26,1,221171.34,,,,0.9669,0,0
noaa_right_whale_heads,aerien,<absent>../imgs/whale_11555/w_5332.jpg,,,682.37,1178.34,535.91,396.11,1,212279.31,,,,1.3529,0,0
noaa_right_whale_heads,aerien,<absent>../imgs/whale_11555/w_5547.jpg,,,1494.35,748.35,517.0,391.88,1,202601.96,,,,1.3193,0,0
noaa_right_whale_heads,aerien,<absent>../imgs/whale_11555/w_5853.jpg,,,557.13,745.99,847.5,547.69,1,464167.28,,,,1.5474,0,0
noaa_right_whale_heads,aerien,<absent>../imgs/whale_11555/w_6626.jpg,,,1169.95,1272.72,533.59,509.88,1,272066.87,,,,1.0465,0,0
noaa_right_whale_heads,aerien,<absent>../imgs/whale_11555/w_7099.jpg,,,702.21,523.87,629.76,462.57,1,291308.08,,,,1.3614,0,0
noaa_right_whale_heads,aerien,<absent>../imgs/whale_11555/w_7973.jpg,,,788.59,812.03,565.91,398.48,1,225503.82,,,,1.4202,0,0
noaa_right_whale_heads,aerien,<absent>../imgs/whale_11555/w_8141.jpg,,,1238.25,875.43,485.98,489.31,1,237794.87,,,,0.9932,0,0
noaa_right_whale_heads,aerien,<absent>../imgs/whale_11555/w_9359.jpg,,,1323.53,1215.59,464.64,539.74,1,250784.79,,,,0.8609,0,0
noaa_right_whale_heads,aerien,<absent>../imgs/whale_11625/w_1949.jpg,,,913.85,667.17,762.48,594.28,1,453126.61,,,,1.283,0,0
noaa_right_whale_heads,aerien,<absent>../imgs/whale_11625/w_2510.jpg,,,1213.43,640.31,952.56,1075.09,1,1024087.73,,,,0.886,0,0
noaa_right_whale_heads,aerien,<absent>../imgs/whale_11625/w_4527.jpg,,,699.81,952.3,616.31,443.35,1,273241.04,,,,1.3901,0,0
noaa_right_whale_heads,aerien,<absent>../imgs/whale_11625/w_4851.jpg,,,2482.8,1290.68,1112.33,1112.33,1,1237278.03,,,,1.0,0,0
noaa_right_whale_heads,aerien,<absent>../imgs/whale_11625/w_5904.jpg,,,1126.47,1260.86,1415.01,1383.39,1,1957510.68,,,,1.0229,0,0
noaa_right_whale_heads,aerien,<absent>../imgs/whale_11625/w_7182.jpg,,,1302.14,902.66,594.66,353.74,1,210355.03,,,,1.6811,0,0
noaa_right_whale_heads,aerien,<absent>../imgs/whale_11708/w_4156.jpg,,,1241.58,818.85,449.37,512.61,1,230351.56,,,,0.8766,0,0
noaa_right_whale_heads,aerien,<absent>../imgs/whale_11708/w_5458.jpg,,,1081.81,798.87,635.77,469.34,1,298392.29,,,,1.3546,0,0
noaa_right_whale_heads,aerien,<absent>../imgs/whale_11708/w_8662.jpg,,,1364.74,322.88,565.87,476.0,1,269354.12,,,,1.1888,0,0
noaa_right_whale_heads,aerien,<absent>../imgs/whale_11708/w_8756.jpg,,,1058.51,509.28,402.77,329.54,1,132728.83,,,,1.2222,0,0
noaa_right_whale_heads,aerien,<absent>../imgs/whale_12074/w_1041.jpg,,,1329.1,745.99,472.15,479.23,1,226268.44,,,,0.9852,0,0
noaa_right_whale_heads,aerien,<absent>../imgs/whale_12074/w_1073.jpg,,,1305.66,561.18,415.95,321.48,1,133719.61,,,,1.2939,0,0
noaa_right_whale_heads,aerien,<absent>../imgs/whale_12074/w_1629.jpg,,,1088.47,785.56,409.42,452.7,1,185344.43,,,,0.9044,0,0
noaa_right_whale_heads,aerien,<absent>../imgs/whale_12074/w_1802.jpg,,,1133.15,1012.76,410.77,335.22,1,137698.32,,,,1.2254,0,0
noaa_right_whale_heads,aerien,<absent>../imgs/whale_12074/w_3052.jpg,,,1188.32,798.87,462.68,462.68,1,214072.78,,,,1.0,0,0
noaa_right_whale_heads,aerien,<absent>../imgs/whale_12074/w_43.jpg,,,1187.43,638.3,736.86,628.91,1,463418.62,,,,1.1716,0,0
noaa_right_whale_heads,aerien,<absent>../imgs/whale_12074/w_4328.jpg,,,835.49,1008.58,669.06,495.97,1,331833.69,,,,1.349,0,0
noaa_right_whale_heads,aerien,<absent>../imgs/whale_12074/w_4413.jpg,,,1146.24,695.65,731.22,517.78,1,378611.09,,,,1.4122,0,0
noaa_right_whale_heads,aerien,<absent>../imgs/whale_12074/w_5264.jpg,,,958.46,521.72,611.43,394.24,1,241050.16,,,,1.5509,0,0
noaa_right_whale_heads,aerien,<absent>../imgs/whale_12074/w_551.jpg,,,928.85,264.82,640.31,695.65,1,445431.65,,,,0.9204,0,0
noaa_right_whale_heads,aerien,<absent>../imgs/whale_12074/w_6306.jpg,,,1241.75,1097.74,491.03,616.15,1,302548.13,,,,0.7969,0,0
noaa_right_whale_heads,aerien,<absent>../imgs/whale_12074/w_9099.jpg,,,986.73,507.38,451.32,619.51,1,279597.25,,,,0.7285,0,0
noaa_right_whale_heads,aerien,<absent>../imgs/whale_12074/w_996.jpg,,,1384.71,762.26,409.42,565.87,1,231678.5,,,,0.7235,0,0
noaa_right_whale_heads,aerien,<absent>../imgs/whale_12085/w_1426.jpg,,,980.92,722.78,586.67,619.53,1,363459.67,,,,0.947,0,0
noaa_right_whale_heads,aerien,<absent>../imgs/whale_12085/w_2290.jpg,,,1248.83,764.88,561.86,557.13,1,313029.06,,,,1.0085,0,0
noaa_right_whale_heads,aerien,<absent>../imgs/whale_12085/w_5801.jpg,,,1028.78,546.63,470.94,356.01,1,167659.35,,,,1.3228,0,0
noaa_right_whale_heads,aerien,<absent>../imgs/whale_12085/w_6928.jpg,,,1247.43,605.5,423.29,470.94,1,199344.19,,,,0.8988,0,0
noaa_right_whale_heads,aerien,<absent>../imgs/whale_12085/w_753.jpg,,,1045.19,452.7,672.39,515.94,1,346912.9,,,,1.3032,0,0
noaa_right_whale_heads,aerien,<absent>../imgs/whale_12085/w_7650.jpg,,,915.38,382.79,642.43,619.13,1,397747.69,,,,1.0376,0,0
noaa_right_whale_heads,aerien,<absent>../imgs/whale_12609/w_2569.jpg,,,2529.63,920.94,861.65,865.61,1,745852.86,,,,0.9954,0,0
noaa_right_whale_heads,aerien,<absent>../imgs/whale_12609/w_258.jpg,,,1181.81,695.65,458.49,359.68,1,164909.68,,,,1.2747,0,0
noaa_right_whale_heads,aerien,<absent>../imgs/whale_12609/w_3456.jpg,,,1206.2,858.89,408.32,445.87,1,182057.64,,,,0.9158,0,0
noaa_right_whale_heads,aerien,<absent>../imgs/whale_12609/w_4179.jpg,,,1541.13,713.46,314.43,273.54,1,86009.18,,,,1.1495,0,0
noaa_right_whale_heads,aerien,<absent>../imgs/whale_12609/w_4418.jpg,,,1110.66,920.94,466.4,418.97,1,195407.61,,,,1.1132,0,0
noaa_right_whale_heads,aerien,<absent>../imgs/whale_12609/w_7663.jpg,,,1404.41,734.44,541.02,468.14,1,253273.1,,,,1.1557,0,0
noaa_right_whale_heads,aerien,<absent>../imgs/whale_12609/w_7841.jpg,,,1309.45,1084.17,431.79,323.84,1,139830.87,,,,1.3333,0,0
noaa_right_whale_heads,aerien,<absent>../imgs/whale_12609/w_7933.jpg,,,1138.33,810.27,505.93,383.4,1,193973.56,,,,1.3196,0,0
noaa_right_whale_heads,aerien,<absent>../imgs/whale_12661/w_4051.jpg,,,1560.46,1036.59,390.12,384.54,1,150016.74,,,,1.0145,0,0
noaa_right_whale_heads,aerien,<absent>../imgs/whale_12661/w_4655.jpg,,,1390.4,588.68,484.96,574.66,1,278687.11,,,,0.8439,0,0
noaa_right_whale_heads,aerien,<absent>../imgs/whale_12661/w_5891.jpg,,,1735.61,666.01,371.77,343.94,1,127866.57,,,,1.0809,0,0
noaa_right_whale_heads,aerien,<absent>../imgs/whale_12661/w_734.jpg,,,1524.52,762.26,542.57,462.68,1,251036.29,,,,1.1727,0,0
noaa_right_whale_heads,aerien,<absent>../imgs/whale_12661/w_9409.jpg,,,1241.58,1145.05,529.25,376.14,1,199072.1,,,,1.4071,0,0
noaa_right_whale_heads,aerien,<absent>../imgs/whale_12820/w_1871.jpg,,,1244.91,942.01,549.23,442.71,1,243149.61,,,,1.2406,0,0
noaa_right_whale_heads,aerien,<absent>../imgs/whale_12820/w_2208.jpg,,,1126.89,871.8,591.48,560.64,1,331607.35,,,,1.055,0,0
noaa_right_whale_heads,aerien,<absent>../imgs/whale_12820/w_2729.jpg,,,1525.35,1196.81,497.5,624.22,1,310549.45,,,,0.797,0,0
noaa_right_whale_heads,aerien,<absent>../imgs/whale_12820/w_3360.jpg,,,719.36,383.4,407.11,596.83,1,242975.46,,,,0.6821,0,0
noaa_right_whale_heads,aerien,<absent>../imgs/whale_12820/w_4023.jpg,,,1343.86,1189.72,498.02,521.74,1,259836.95,,,,0.9545,0,0
noaa_right_whale_heads,aerien,<absent>../imgs/whale_12820/w_4984.jpg,,,1140.49,736.86,563.21,389.55,1,219398.46,,,,1.4458,0,0
noaa_right_whale_heads,aerien,<absent>../imgs/whale_12820/w_5055.jpg,,,1131.74,895.4,569.2,429.39,1,244408.79,,,,1.3256,0,0
noaa_right_whale_heads,aerien,<absent>../imgs/whale_12820/w_5941.jpg,,,658.65,1005.67,599.63,540.61,1,324165.97,,,,1.1092,0,0
noaa_right_whale_heads,aerien,<absent>../imgs/whale_12820/w_6801.jpg,,,2534.43,544.43,985.61,1065.4,1,1050068.89,,,,0.9251,0,0
noaa_right_whale_heads,aerien,<absent>../imgs/whale_12820/w_8466.jpg,,,1229.24,786.56,608.69,446.64,1,271865.3,,,,1.3628,0,0
noaa_right_whale_heads,aerien,<absent>../imgs/whale_12820/w_8643.jpg,,,1178.94,1137.19,457.26,300.2,1,137269.45,,,,1.5232,0,0
noaa_right_whale_heads,aerien,<absent>../imgs/whale_12820/w_9211.jpg,,,905.82,459.95,464.64,544.43,1,252963.96,,,,0.8534,0,0
noaa_right_whale_heads,aerien,<absent>../imgs/whale_12820/w_9372.jpg,,,1398.81,995.14,655.95,535.42,1,351208.75,,,,1.2251,0,0
noaa_right_whale_heads,aerien,<absent>../imgs/whale_13288/w_2783.jpg,,,1404.72,1172.0,284.63,286.3,1,81489.57,,,,0.9942,0,0
noaa_right_whale_heads,aerien,<absent>../imgs/whale_13288/w_3338.jpg,,,2820.72,1469.03,901.13,769.71,1,693608.77,,,,1.1707,0,0
noaa_right_whale_heads,aerien,<absent>../imgs/whale_13288/w_4421.jpg,,,787.71,927.87,440.11,322.37,1,141878.26,,,,1.3652,0,0
noaa_right_whale_heads,aerien,<absent>../imgs/whale_13288/w_4720.jpg,,,1623.91,610.14,558.51,502.19,1,280478.14,,,,1.1121,0,0
noaa_right_whale_heads,aerien,<absent>../imgs/whale_13288/w_5154.jpg,,,829.75,720.43,465.33,381.24,1,177402.41,,,,1.2206,0,0
noaa_right_whale_heads,aerien,<absent>../imgs/whale_13288/w_583.jpg,,,1219.4,922.26,479.35,423.29,1,202904.06,,,,1.1324,0,0
noaa_right_whale_heads,aerien,<absent>../imgs/whale_13288/w_7181.jpg,,,1240.57,785.3,596.43,630.23,1,375888.08,,,,0.9464,0,0
noaa_right_whale_heads,aerien,<absent>../imgs/whale_13288/w_8019.jpg,,,1434.77,553.36,553.36,608.69,1,336824.7,,,,0.9091,0,0
noaa_right_whale_heads,aerien,<absent>../imgs/whale_13288/w_8767.jpg,,,1411.55,602.39,447.32,387.68,1,173417.02,,,,1.1538,0,0
noaa_right_whale_heads,aerien,<absent>../imgs/whale_13288/w_8890.jpg,,,2478.24,1332.01,956.52,632.41,1,604912.81,,,,1.5125,0,0
noaa_right_whale_heads,aerien,<absent>../imgs/whale_13288/w_9268.jpg,,,2116.72,1670.84,1023.16,624.22,1,638676.94,,,,1.6391,0,0
noaa_right_whale_heads,aerien,<absent>../imgs/whale_13288/w_927.jpg,,,1652.16,861.65,561.26,462.45,1,259554.69,,,,1.2137,0,0
noaa_right_whale_heads,aerien,<absent>../imgs/whale_13288/w_9396.jpg,,,1221.61,639.1,542.57,555.88,1,301603.81,,,,0.9761,0,0
noaa_right_whale_heads,aerien,<absent>../imgs/whale_13701/w_7912.jpg,,,1365.41,796.95,629.76,362.25,1,228130.56,,,,1.7385,0,0
noaa_right_whale_heads,aerien,<absent>../imgs/whale_13701/w_830.jpg,,,1524.52,825.5,299.58,269.62,1,80772.76,,,,1.1111,0,0
noaa_right_whale_heads,aerien,<absent>../imgs/whale_13789/w_1361.jpg,,,902.06,772.24,605.81,476.0,1,288365.56,,,,1.2727,0,0
noaa_right_whale_heads,aerien,<absent>../imgs/whale_13789/w_1427.jpg,,,927.77,627.96,500.48,507.56,1,254023.63,,,,0.9861,0,0
noaa_right_whale_heads,aerien,<absent>../imgs/whale_13789/w_1549.jpg,,,1461.27,932.02,369.48,449.37,1,166033.23,,,,0.8222,0,0
noaa_right_whale_heads,aerien,<absent>../imgs/whale_13789/w_1804.jpg,,,1581.69,578.38,677.53,535.89,1,363081.55,,,,1.2643,0,0
noaa_right_whale_heads,aerien,<absent>../imgs/whale_13789/w_3358.jpg,,,1366.87,1067.05,384.8,323.42,1,124452.02,,,,1.1898,0,0
noaa_right_whale_heads,aerien,<absent>../imgs/whale_13789/w_4451.jpg,,,1408.01,980.92,591.37,558.51,1,330286.06,,,,1.0588,0,0
noaa_right_whale_heads,aerien,<absent>../imgs/whale_13789/w_4701.jpg,,,1177.35,1311.91,532.61,476.55,1,253815.3,,,,1.1176,0,0
noaa_right_whale_heads,aerien,<absent>../imgs/whale_13789/w_545.jpg,,,1371.53,786.56,561.26,671.93,1,377127.43,,,,0.8353,0,0
noaa_right_whale_heads,aerien,<absent>../imgs/whale_13789/w_6088.jpg,,,1213.43,687.74,584.98,553.36,1,323704.53,,,,1.0571,0,0
noaa_right_whale_heads,aerien,<absent>../imgs/whale_13789/w_6434.jpg,,,1056.01,863.58,666.46,581.98,1,387866.39,,,,1.1452,0,0
noaa_right_whale_heads,aerien,<absent>../imgs/whale_13789/w_6839.jpg,,,1410.02,557.84,745.66,608.3,1,453584.98,,,,1.2258,0,0
noaa_right_whale_heads,aerien,<absent>../imgs/whale_13789/w_7076.jpg,,,1345.94,884.7,328.04,274.36,1,90001.05,,,,1.1957,0,0
noaa_right_whale_heads,aerien,<absent>../imgs/whale_13789/w_7255.jpg,,,1304.76,746.25,408.32,366.08,1,149477.79,,,,1.1154,0,0
noaa_right_whale_heads,aerien,<absent>../imgs/whale_13789/w_8180.jpg,,,1182.73,985.61,558.51,459.95,1,256886.67,,,,1.2143,0,0
noaa_right_whale_heads,aerien,<absent>../imgs/whale_13789/w_8626.jpg,,,1644.26,1695.64,1118.57,873.51,1,977082.08,,,,1.2805,0,0
noaa_right_whale_heads,aerien,<absent>../imgs/whale_13789/w_8848.jpg,,,1229.67,999.69,431.79,497.5,1,214815.53,,,,0.8679,0,0
noaa_right_whale_heads,aerien,<absent>../imgs/whale_13789/w_886.jpg,,,2750.32,1300.07,826.04,821.34,1,678459.69,,,,1.0057,0,0
noaa_right_whale_heads,aerien,<absent>../imgs/whale_13863/w_3741.jpg,,,1276.6,732.17,722.78,553.82,1,400290.02,,,,1.3051,0,0
noaa_right_whale_heads,aerien,<absent>../imgs/whale_13863/w_3745.jpg,,,1271.91,704.01,441.18,295.68,1,130448.1,,,,1.4921,0,0
noaa_right_whale_heads,aerien,<absent>../imgs/whale_13863/w_8982.jpg,,,1219.4,947.49,832.56,611.1,1,508777.42,,,,1.3624,0,0
noaa_right_whale_heads,aerien,<absent>../imgs/whale_13863/w_9088.jpg,,,1047.73,1151.11,499.01,465.22,1,232149.43,,,,1.0726,0,0
noaa_right_whale_heads,aerien,<absent>../imgs/whale_13863/w_9417.jpg,,,1441.3,742.29,419.41,339.52,1,142398.08,,,,1.2353,0,0
noaa_right_whale_heads,aerien,<absent>../imgs/whale_14094/w_2210.jpg,,,838.82,712.33,815.52,439.38,1,358323.18,,,,1.8561,0,0
noaa_right_whale_heads,aerien,<absent>../imgs/whale_14094/w_3711.jpg,,,1375.16,915.21,445.87,591.37,1,263674.14,,,,0.754,0,0
noaa_right_whale_heads,aerien,<absent>../imgs/whale_14094/w_4477.jpg,,,1361.41,855.46,582.51,559.21,1,325745.42,,,,1.0417,0,0
noaa_right_whale_heads,aerien,<absent>../imgs/whale_14094/w_9346.jpg,,,1251.19,800.29,571.3,618.51,1,353354.76,,,,0.9237,0,0
noaa_right_whale_heads,aerien,<absent>../imgs/whale_14270/w_1151.jpg,,,1541.49,747.03,632.41,450.59,1,284957.62,,,,1.4035,0,0
noaa_right_whale_heads,aerien,<absent>../imgs/whale_14270/w_2613.jpg,,,1113.34,538.78,518.89,363.82,1,188782.56,,,,1.4262,0,0
noaa_right_whale_heads,aerien,<absent>../imgs/whale_14270/w_3289.jpg,,,1218.28,728.97,492.64,539.24,1,265651.19,,,,0.9136,0,0
noaa_right_whale_heads,aerien,<absent>../imgs/whale_14270/w_483.jpg,,,1778.64,1707.5,347.82,332.01,1,115479.72,,,,1.0476,0,0
noaa_right_whale_heads,aerien,<absent>../imgs/whale_14270/w_5009.jpg,,,1324.1,901.18,628.45,541.5,1,340305.68,,,,1.1606,0,0
noaa_right_whale_heads,aerien,<absent>../imgs/whale_14270/w_5428.jpg,,,1367.89,1120.09,272.91,370.02,1,100982.16,,,,0.7376,0,0
noaa_right_whale_heads,aerien,<absent>../imgs/whale_14270/w_5485.jpg,,,1118.57,857.7,735.17,620.55,1,456209.74,,,,1.1847,0,0
noaa_right_whale_heads,aerien,<absent>../imgs/whale_14270/w_5987.jpg,,,1260.86,608.69,584.98,478.26,1,279772.53,,,,1.2231,0,0
noaa_right_whale_heads,aerien,<absent>../imgs/whale_14270/w_7100.jpg,,,1544.12,821.34,356.7,361.39,1,128907.81,,,,0.987,0,0
noaa_right_whale_heads,aerien,<absent>../imgs/whale_14270/w_7854.jpg,,,1555.79,588.68,356.01,339.19,1,120755.03,,,,1.0496,0,0
noaa_right_whale_heads,aerien,<absent>../imgs/whale_14270/w_8590.jpg,,,995.0,797.88,558.51,413.02,1,230675.8,,,,1.3523,0,0
noaa_right_whale_heads,aerien,<absent>../imgs/whale_14270/w_8700.jpg,,,1264.81,889.32,565.21,517.78,1,292654.43,,,,1.0916,0,0
noaa_right_whale_heads,aerien,<absent>../imgs/whale_14626/w_7970.jpg,,,1857.69,830.03,723.32,675.88,1,488877.52,,,,1.0702,0,0
noaa_right_whale_heads,aerien,<absent>../imgs/whale_14626/w_8915.jpg,,,2290.1,945.33,652.41,738.96,1,482104.89,,,,0.8829,0,0
noaa_right_whale_heads,aerien,<absent>../imgs/whale_14892/w_1509.jpg,,,894.65,972.18,787.29,598.42,1,471130.08,,,,1.3156,0,0
noaa_right_whale_heads,aerien,<absent>../imgs/whale_14892/w_3925.jpg,,,1695.64,1324.1,1051.38,727.27,1,764637.13,,,,1.4457,0,0
noaa_right_whale_heads,aerien,<absent>../imgs/whale_14892/w_3967.jpg,,,745.62,1021.89,878.76,582.51,1,511886.49,,,,1.5086,0,0
noaa_right_whale_heads,aerien,<absent>../imgs/whale_14892/w_5105.jpg,,,1695.01,1074.14,396.6,313.98,1,124524.47,,,,1.2631,0,0
noaa_right_whale_heads,aerien,<absent>../imgs/whale_14892/w_574.jpg,,,1121.75,1035.21,572.53,462.68,1,264898.18,,,,1.2374,0,0
noaa_right_whale_heads,aerien,<absent>../imgs/whale_14892/w_798.jpg,,,1731.86,1196.81,1351.69,1088.86,1,1471801.17,,,,1.2414,0,0
noaa_right_whale_heads,aerien,<absent>../imgs/whale_15078/w_1229.jpg,,,1404.42,1359.83,596.32,440.27,1,262541.81,,,,1.3544,0,0
noaa_right_whale_heads,aerien,<absent>../imgs/whale_15078/w_1541.jpg,,,1474.59,409.42,459.35,449.37,1,206418.11,,,,1.0222,0,0
noaa_right_whale_heads,aerien,<absent>../imgs/whale_15078/w_2174.jpg,,,1480.81,805.39,490.05,349.43,1,171238.17,,,,1.4024,0,0
noaa_right_whale_heads,aerien,<absent>../imgs/whale_15078/w_2594.jpg,,,1213.79,815.74,437.3,473.74,1,207166.5,,,,0.9231,0,0
noaa_right_whale_heads,aerien,<absent>../imgs/whale_15078/w_5954.jpg,,,1175.01,559.21,609.14,639.1,1,389301.37,,,,0.9531,0,0
noaa_right_whale_heads,aerien,<absent>../imgs/whale_15078/w_7996.jpg,,,1276.67,727.27,383.4,355.73,1,136386.88,,,,1.0778,0,0
noaa_right_whale_heads,aerien,<absent>../imgs/whale_15078/w_8950.jpg,,,1378.06,925.36,532.58,399.44,1,212733.76,,,,1.3333,0,0
noaa_right_whale_heads,aerien,<absent>../imgs/whale_15079/w_1084.jpg,,,1182.73,568.94,585.46,590.18,1,345526.78,,,,0.992,0,0
noaa_right_whale_heads,aerien,<absent>../imgs/whale_15079/w_6376.jpg,,,962.14,1220.28,755.63,558.51,1,422026.91,,,,1.3529,0,0
noaa_right_whale_heads,aerien,<absent>../imgs/whale_15079/w_7.jpg,,,1365.77,760.33,520.97,539.74,1,281188.35,,,,0.9652,0,0
noaa_right_whale_heads,aerien,<absent>../imgs/whale_15079/w_706.jpg,,,1130.43,1312.24,521.74,490.12,1,255715.21,,,,1.0645,0,0
noaa_right_whale_heads,aerien,<absent>../imgs/whale_15079/w_7622.jpg,,,1110.66,359.68,731.22,533.59,1,390171.68,,,,1.3704,0,0
noaa_right_whale_heads,aerien,<absent>../imgs/whale_15079/w_7672.jpg,,,955.32,775.57,572.53,466.01,1,266804.71,,,,1.2286,0,0
noaa_right_whale_heads,aerien,<absent>../imgs/whale_15079/w_965.jpg,,,585.87,972.72,653.15,608.3,1,397311.14,,,,1.0737,0,0
noaa_right_whale_heads,aerien,<absent>../imgs/whale_15434/w_1448.jpg,,,912.05,728.97,622.46,422.74,1,263138.74,,,,1.4724,0,0
noaa_right_whale_heads,aerien,<absent>../imgs/whale_15434/w_1961.jpg,,,1051.38,1023.71,533.59,608.69,1,324790.9,,,,0.8766,0,0
noaa_right_whale_heads,aerien,<absent>../imgs/whale_15434/w_2907.jpg,,,868.78,1191.65,512.61,459.35,1,235467.4,,,,1.1159,0,0
noaa_right_whale_heads,aerien,<absent>../imgs/whale_15434/w_3672.jpg,,,1274.8,665.73,415.49,559.49,1,232462.5,,,,0.7426,0,0
noaa_right_whale_heads,aerien,<absent>../imgs/whale_15434/w_5873.jpg,,,1454.87,683.99,717.62,555.04,1,398307.8,,,,1.2929,0,0
noaa_right_whale_heads,aerien,<absent>../imgs/whale_15434/w_932.jpg,,,989.54,1429.64,384.04,493.37,1,189473.81,,,,0.7784,0,0
noaa_right_whale_heads,aerien,<absent>../imgs/whale_15519/w_2749.jpg,,,944.66,703.55,608.69,521.74,1,317577.92,,,,1.1667,0,0
noaa_right_whale_heads,aerien,<absent>../imgs/whale_15519/w_4994.jpg,,,2419.92,1641.02,622.46,565.87,1,352231.44,,,,1.1,0,0
noaa_right_whale_heads,aerien,<absent>../imgs/whale_15519/w_5207.jpg,,,2094.85,1169.95,1019.76,968.37,1,987504.99,,,,1.0531,0,0
noaa_right_whale_heads,aerien,<absent>../imgs/whale_15519/w_582.jpg,,,2271.6,1609.83,1032.54,713.39,1,736603.71,,,,1.4474,0,0
noaa_right_whale_heads,aerien,<absent>../imgs/whale_15519/w_8138.jpg,,,3228.78,1338.11,562.54,585.84,1,329558.43,,,,0.9602,0,0
noaa_right_whale_heads,aerien,<absent>../imgs/whale_15519/w_9081.jpg,,,2185.76,1687.74,541.5,735.17,1,398094.55,,,,0.7366,0,0
noaa_right_whale_heads,aerien,<absent>../imgs/whale_15615/w_2115.jpg,,,1463.28,835.36,613.91,414.88,1,254698.98,,,,1.4797,0,0
noaa_right_whale_heads,aerien,<absent>../imgs/whale_15615/w_2911.jpg,,,1161.48,434.38,476.87,587.82,1,280313.72,,,,0.8113,0,0
noaa_right_whale_heads,aerien,<absent>../imgs/whale_15615/w_4432.jpg,,,1485.71,1311.91,339.19,333.58,1,113147.0,,,,1.0168,0,0
noaa_right_whale_heads,aerien,<absent>../imgs/whale_15615/w_6265.jpg,,,1477.3,1180.16,527.01,569.05,1,299895.04,,,,0.9261,0,0
noaa_right_whale_heads,aerien,<absent>../imgs/whale_15615/w_7150.jpg,,,1364.74,825.5,542.57,489.31,1,265484.93,,,,1.1088,0,0
noaa_right_whale_heads,aerien,<absent>../imgs/whale_15615/w_7784.jpg,,,1159.2,707.78,596.32,507.15,1,302423.69,,,,1.1758,0,0
noaa_right_whale_heads,aerien,<absent>../imgs/whale_15615/w_7989.jpg,,,1188.88,586.49,379.73,351.89,1,133623.19,,,,1.0791,0,0
noaa_right_whale_heads,aerien,<absent>../imgs/whale_15615/w_8310.jpg,,,1208.19,597.09,653.15,633.53,1,413790.12,,,,1.031,0,0
noaa_right_whale_heads,aerien,<absent>../imgs/whale_15615/w_8938.jpg,,,1731.86,896.44,333.23,267.52,1,89145.69,,,,1.2456,0,0
noaa_right_whale_heads,aerien,<absent>../imgs/whale_15615/w_9144.jpg,,,1398.03,755.6,599.16,585.84,1,351011.89,,,,1.0227,0,0
noaa_right_whale_heads,aerien,<absent>../imgs/whale_16406/w_1046.jpg,,,1309.1,734.44,588.68,456.93,1,268985.55,,,,1.2883,0,0
noaa_right_whale_heads,aerien,<absent>../imgs/whale_16406/w_1446.jpg,,,319.55,1328.13,692.36,509.28,1,352605.1,,,,1.3595,0,0
noaa_right_whale_heads,aerien,<absent>../imgs/whale_16406/w_4816.jpg,,,1456.58,958.46,762.52,566.58,1,432028.58,,,,1.3458,0,0
noaa_right_whale_heads,aerien,<absent>../imgs/whale_16406/w_5639.jpg,,,1274.8,781.4,524.08,479.23,1,251154.86,,,,1.0936,0,0
noaa_right_whale_heads,aerien,<absent>../imgs/whale_16406/w_7196.jpg,,,1755.33,459.95,474.03,474.03,1,224704.44,,,,1.0,0,0
noaa_right_whale_heads,aerien,<absent>../imgs/whale_16406/w_7786.jpg,,,568.94,1407.0,611.43,462.7,1,282908.66,,,,1.3214,0,0
noaa_right_whale_heads,aerien,<absent>../imgs/whale_16406/w_9118.jpg,,,1154.4,894.72,474.51,401.33,1,190435.1,,,,1.1823,0,0
noaa_right_whale_heads,aerien,<absent>../imgs/whale_16406/w_9398.jpg,,,1423.28,694.7,673.52,516.79,1,348068.4,,,,1.3033,0,0
noaa_right_whale_heads,aerien,<absent>../imgs/whale_16576/w_6281.jpg,,,1264.81,837.94,430.83,407.11,1,175395.2,,,,1.0583,0,0
noaa_right_whale_heads,aerien,<absent>../imgs/whale_16576/w_8961.jpg,,,1323.53,1295.37,408.32,403.63,1,164810.2,,,,1.0116,0,0
noaa_right_whale_heads,aerien,<absent>../imgs/whale_16738/w_1774.jpg,,,1517.78,596.83,355.73,347.82,1,123730.01,,,,1.0227,0,0
noaa_right_whale_heads,aerien,<absent>../imgs/whale_16738/w_3039.jpg,,,1765.83,323.42,396.6,432.02,1,171339.13,,,,0.918,0,0
noaa_right_whale_heads,aerien,<absent>../imgs/whale_16738/w_4508.jpg,,,2243.5,1664.32,875.43,685.7,1,600282.35,,,,1.2767,0,0
noaa_right_whale_heads,aerien,<absent>../imgs/whale_16738/w_6763.jpg,,,2561.25,1011.85,735.17,640.31,1,470736.7,,,,1.1481,0,0
noaa_right_whale_heads,aerien,<absent>../imgs/whale_16738/w_9406.jpg,,,2313.84,1506.58,849.5,774.41,1,657861.29,,,,1.097,0,0
noaa_right_whale_heads,aerien,<absent>../imgs/whale_16762/w_1240.jpg,,,1558.59,726.03,409.27,403.66,1,165205.93,,,,1.0139,0,0
noaa_right_whale_heads,aerien,<absent>../imgs/whale_16762/w_2229.jpg,,,1231.6,655.74,442.71,389.45,1,172413.41,,,,1.1368,0,0
noaa_right_whale_heads,aerien,<absent>../imgs/whale_17327/w_3348.jpg,,,1597.75,772.24,309.56,242.99,1,75219.98,,,,1.274,0,0
noaa_right_whale_heads,aerien,<absent>../imgs/whale_17327/w_5404.jpg,,,1367.58,628.45,371.54,335.97,1,124826.29,,,,1.1059,0,0
noaa_right_whale_heads,aerien,<absent>../imgs/whale_17528/w_1513.jpg,,,1322.01,635.04,443.82,552.41,1,245170.61,,,,0.8034,0,0
noaa_right_whale_heads,aerien,<absent>../imgs/whale_17528/w_4272.jpg,,,1384.79,801.72,370.03,370.03,1,136922.2,,,,1.0,0,0
noaa_right_whale_heads,aerien,<absent>../imgs/whale_17528/w_5494.jpg,,,1328.05,770.75,391.3,446.64,1,174770.23,,,,0.8761,0,0
noaa_right_whale_heads,aerien,<absent>../imgs/whale_17528/w_6062.jpg,,,1657.54,818.72,492.24,458.75,1,225815.1,,,,1.073,0,0
noaa_right_whale_heads,aerien,<absent>../imgs/whale_17528/w_6497.jpg,,,1398.63,769.71,286.3,286.3,1,81967.69,,,,1.0,0,0
noaa_right_whale_heads,aerien,<absent>../imgs/whale_17528/w_7077.jpg,,,1316.12,928.44,487.08,469.19,1,228533.07,,,,1.0381,0,0
noaa_right_whale_heads,aerien,<absent>../imgs/whale_17528/w_7275.jpg,,,1418.0,479.32,635.77,569.2,1,361880.28,,,,1.117,0,0
noaa_right_whale_heads,aerien,<absent>../imgs/whale_17528/w_7458.jpg,,,985.28,1025.22,572.53,479.32,1,274425.08,,,,1.1945,0,0
noaa_right_whale_heads,aerien,<absent>../imgs/whale_17528/w_8386.jpg,,,1013.77,380.16,427.1,549.13,1,234533.42,,,,0.7778,0,0
noaa_right_whale_heads,aerien,<absent>../imgs/whale_17528/w_8395.jpg,,,1079.04,1055.33,731.22,636.36,1,465319.16,,,,1.1491,0,0
noaa_right_whale_heads,aerien,<absent>../imgs/whale_17528/w_9294.jpg,,,1462.44,901.18,596.83,573.12,1,342055.21,,,,1.0414,0,0
noaa_right_whale_heads,aerien,<absent>../imgs/whale_17528/w_9397.jpg,,,1365.82,799.22,405.57,361.83,1,146747.39,,,,1.1209,0,0
noaa_right_whale_heads,aerien,<absent>../imgs/whale_17601/w_355.jpg,,,1206.2,863.58,586.67,581.98,1,341430.21,,,,1.0081,0,0
noaa_right_whale_heads,aerien,<absent>../imgs/whale_17601/w_3931.jpg,,,1213.43,972.33,557.31,490.12,1,273148.78,,,,1.1371,0,0
noaa_right_whale_heads,aerien,<absent>../imgs/whale_17601/w_400.jpg,,,1093.46,1186.9,495.04,518.89,1,256871.31,,,,0.954,0,0
noaa_right_whale_heads,aerien,<absent>../imgs/whale_17601/w_4032.jpg,,,1724.24,1081.81,432.72,366.15,1,158440.43,,,,1.1818,0,0
noaa_right_whale_heads,aerien,<absent>../imgs/whale_17601/w_4406.jpg,,,1393.93,605.45,535.05,600.75,1,321431.29,,,,0.8906,0,0
noaa_right_whale_heads,aerien,<absent>../imgs/whale_17601/w_4832.jpg,,,1628.45,778.65,984.18,774.7,1,762444.25,,,,1.2704,0,0
noaa_right_whale_heads,aerien,<absent>../imgs/whale_17601/w_4839.jpg,,,1431.43,369.79,576.55,451.3,1,260197.01,,,,1.2775,0,0
noaa_right_whale_heads,aerien,<absent>../imgs/whale_17601/w_5522.jpg,,,1463.77,1250.3,561.11,451.33,1,253245.78,,,,1.2432,0,0
noaa_right_whale_heads,aerien,<absent>../imgs/whale_17601/w_572.jpg,,,1413.54,823.07,409.55,467.2,1,191341.76,,,,0.8766,0,0
noaa_right_whale_heads,aerien,<absent>../imgs/whale_17601/w_657.jpg,,,1121.72,614.83,525.66,535.05,1,281254.38,,,,0.9825,0,0
noaa_right_whale_heads,aerien,<absent>../imgs/whale_17601/w_6789.jpg,,,1304.34,699.6,537.55,513.83,1,276209.32,,,,1.0462,0,0
noaa_right_whale_heads,aerien,<absent>../imgs/whale_17601/w_6833.jpg,,,964.42,865.61,584.98,422.92,1,247399.74,,,,1.3832,0,0
noaa_right_whale_heads,aerien,<absent>../imgs/whale_17601/w_7266.jpg,,,971.53,314.46,783.79,553.82,1,434078.58,,,,1.4152,0,0
noaa_right_whale_heads,aerien,<absent>../imgs/whale_17601/w_9390.jpg,,,1067.19,889.32,541.5,403.16,1,218311.14,,,,1.3431,0,0
noaa_right_whale_heads,aerien,<absent>../imgs/whale_17604/w_1097.jpg,,,1126.47,786.56,339.92,280.63,1,95391.75,,,,1.2113,0,0
noaa_right_whale_heads,aerien,<absent>../imgs/whale_17604/w_1856.jpg,,,1226.08,691.06,501.58,574.03,1,287921.97,,,,0.8738,0,0
noaa_right_whale_heads,aerien,<absent>../imgs/whale_17604/w_3092.jpg,,,1331.46,848.8,595.83,605.81,1,360959.77,,,,0.9835,0,0
noaa_right_whale_heads,aerien,<absent>../imgs/whale_17604/w_3155.jpg,,,530.35,760.33,671.15,694.62,1,466194.21,,,,0.9662,0,0
noaa_right_whale_heads,aerien,<absent>../imgs/whale_17604/w_3748.jpg,,,1162.05,972.33,446.64,612.64,1,273629.53,,,,0.729,0,0
noaa_right_whale_heads,aerien,<absent>../imgs/whale_17604/w_3796.jpg,,,1567.59,445.87,535.05,666.46,1,356589.42,,,,0.8028,0,0
noaa_right_whale_heads,aerien,<absent>../imgs/whale_17604/w_4025.jpg,,,948.66,689.03,509.28,509.28,1,259366.12,,,,1.0,0,0
noaa_right_whale_heads,aerien,<absent>../imgs/whale_17604/w_4236.jpg,,,996.04,549.4,636.36,446.64,1,284223.83,,,,1.4248,0,0
noaa_right_whale_heads,aerien,<absent>../imgs/whale_17604/w_4361.jpg,,,1446.63,960.47,640.31,561.26,1,359380.39,,,,1.1408,0,0
noaa_right_whale_heads,aerien,<absent>../imgs/whale_17604/w_4576.jpg,,,1421.23,1011.96,619.51,479.35,1,296962.12,,,,1.2924,0,0
noaa_right_whale_heads,aerien,<absent>../imgs/whale_17604/w_4960.jpg,,,816.65,952.76,549.13,370.78,1,203606.42,,,,1.481,0,0
noaa_right_whale_heads,aerien,<absent>../imgs/whale_17604/w_5466.jpg,,,1307.85,686.97,337.59,479.23,1,161783.26,,,,0.7044,0,0
noaa_right_whale_heads,aerien,<absent>../imgs/whale_17604/w_6187.jpg,,,1311.48,748.94,509.28,625.78,1,318697.24,,,,0.8138,0,0
noaa_right_whale_heads,aerien,<absent>../imgs/whale_17604/w_6574.jpg,,,1408.01,432.72,499.3,552.55,1,275888.21,,,,0.9036,0,0
noaa_right_whale_heads,aerien,<absent>../imgs/whale_17604/w_6795.jpg,,,1356.17,1111.72,328.16,294.67,1,96698.91,,,,1.1137,0,0
noaa_right_whale_heads,aerien,<absent>../imgs/whale_17604/w_6799.jpg,,,1252.96,628.45,881.42,608.69,1,536511.54,,,,1.4481,0,0
noaa_right_whale_heads,aerien,<absent>../imgs/whale_17604/w_742.jpg,,,1174.55,717.62,543.82,580.27,1,315562.43,,,,0.9372,0,0
noaa_right_whale_heads,aerien,<absent>../imgs/whale_17604/w_8126.jpg,,,1399.2,924.89,454.54,458.49,1,208402.04,,,,0.9914,0,0
noaa_right_whale_heads,aerien,<absent>../imgs/whale_17604/w_8561.jpg,,,1398.84,378.97,512.72,618.61,1,317173.72,,,,0.8288,0,0
noaa_right_whale_heads,aerien,<absent>../imgs/whale_17604/w_8801.jpg,,,1258.27,1456.58,538.25,417.85,1,224907.76,,,,1.2881,0,0
noaa_right_whale_heads,aerien,<absent>../imgs/whale_17604/w_9175.jpg,,,940.7,687.74,490.12,541.5,1,265399.98,,,,0.9051,0,0
noaa_right_whale_heads,aerien,<absent>../imgs/whale_17785/w_1277.jpg,,,1173.35,577.29,366.08,511.58,1,187279.21,,,,0.7156,0,0
noaa_right_whale_heads,aerien,<absent>../imgs/whale_17785/w_2683.jpg,,,1298.41,583.1,455.62,540.61,1,246312.73,,,,0.8428,0,0
noaa_right_whale_heads,aerien,<absent>../imgs/whale_17785/w_2892.jpg,,,1490.11,1051.38,312.25,292.49,1,91330.0,,,,1.0676,0,0
noaa_right_whale_heads,aerien,<absent>../imgs/whale_17785/w_3265.jpg,,,1258.23,945.33,402.77,509.28,1,205122.71,,,,0.7909,0,0
noaa_right_whale_heads,aerien,<absent>../imgs/whale_17785/w_3339.jpg,,,1363.63,861.65,616.6,608.69,1,375318.25,,,,1.013,0,0
noaa_right_whale_heads,aerien,<absent>../imgs/whale_17785/w_3513.jpg,,,1173.9,798.41,675.88,525.69,1,355303.36,,,,1.2857,0,0
noaa_right_whale_heads,aerien,<absent>../imgs/whale_17785/w_3957.jpg,,,1557.3,636.36,387.35,363.63,1,140852.08,,,,1.0652,0,0
noaa_right_whale_heads,aerien,<absent>../imgs/whale_17785/w_6032.jpg,,,1304.34,944.66,719.36,557.31,1,400906.52,,,,1.2908,0,0
noaa_right_whale_heads,aerien,<absent>../imgs/whale_17785/w_6193.jpg,,,1471.69,599.89,591.48,728.84,1,431094.28,,,,0.8115,0,0
noaa_right_whale_heads,aerien,<absent>../imgs/whale_17785/w_638.jpg,,,1149.88,314.46,638.3,614.83,1,392445.99,,,,1.0382,0,0
noaa_right_whale_heads,aerien,<absent>../imgs/whale_17785/w_6725.jpg,,,1017.91,582.51,586.49,594.44,1,348633.12,,,,0.9866,0,0
noaa_right_whale_heads,aerien,<absent>../imgs/whale_17785/w_6957.jpg,,,1202.58,754.07,683.99,571.86,1,391146.52,,,,1.1961,0,0
noaa_right_whale_heads,aerien,<absent>../imgs/whale_17785/w_8016.jpg,,,1187.43,887.05,638.3,394.24,1,251643.39,,,,1.6191,0,0
noaa_right_whale_heads,aerien,<absent>../imgs/whale_17785/w_8125.jpg,,,1278.27,880.21,515.79,619.51,1,319537.06,,,,0.8326,0,0
noaa_right_whale_heads,aerien,<absent>../imgs/whale_17785/w_8358.jpg,,,1662.31,804.52,529.81,501.78,1,265848.06,,,,1.0559,0,0
noaa_right_whale_heads,aerien,<absent>../imgs/whale_17785/w_8769.jpg,,,1763.44,292.25,612.33,512.93,1,314082.43,,,,1.1938,0,0
noaa_right_whale_heads,aerien,<absent>../imgs/whale_17785/w_9287.jpg,,,1157.73,622.32,602.69,611.1,1,368303.86,,,,0.9862,0,0
noaa_right_whale_heads,aerien,<absent>../imgs/whale_17785/w_9452.jpg,,,1159.27,511.58,535.05,525.66,1,281254.38,,,,1.0179,0,0
noaa_right_whale_heads,aerien,<absent>../imgs/whale_17785/w_991.jpg,,,1414.67,675.71,748.94,519.27,1,388902.07,,,,1.4423,0,0
noaa_right_whale_heads,aerien,<absent>../imgs/whale_18158/w_2000.jpg,,,1178.34,975.29,778.9,509.28,1,396678.19,,,,1.5294,0,0
noaa_right_whale_heads,aerien,<absent>../imgs/whale_18158/w_2300.jpg,,,1802.47,854.98,622.32,599.89,1,373323.54,,,,1.0374,0,0
noaa_right_whale_heads,aerien,<absent>../imgs/whale_18158/w_3691.jpg,,,1248.83,823.9,717.66,635.04,1,455742.81,,,,1.1301,0,0
noaa_right_whale_heads,aerien,<absent>../imgs/whale_18158/w_3997.jpg,,,1329.38,986.15,475.5,338.21,1,160818.85,,,,1.4059,0,0
noaa_right_whale_heads,aerien,<absent>../imgs/whale_18158/w_519.jpg,,,1224.94,895.4,662.4,539.24,1,357192.58,,,,1.2284,0,0
noaa_right_whale_heads,aerien,<absent>../imgs/whale_18158/w_558.jpg,,,1290.68,671.15,671.15,689.93,1,463046.52,,,,0.9728,0,0
noaa_right_whale_heads,aerien,<absent>../imgs/whale_18158/w_5876.jpg,,,899.09,396.8,807.0,632.88,1,510734.16,,,,1.2751,0,0
noaa_right_whale_heads,aerien,<absent>../imgs/whale_18158/w_6151.jpg,,,1281.53,689.03,595.83,545.9,1,325263.6,,,,1.0915,0,0
noaa_right_whale_heads,aerien,<absent>../imgs/whale_18158/w_6291.jpg,,,1257.83,1056.01,661.77,610.14,1,403772.35,,,,1.0846,0,0
noaa_right_whale_heads,aerien,<absent>../imgs/whale_18158/w_6808.jpg,,,1422.1,1149.88,356.7,394.24,1,140625.41,,,,0.9048,0,0
noaa_right_whale_heads,aerien,<absent>../imgs/whale_18158/w_6863.jpg,,,960.82,1607.66,623.23,415.49,1,258945.83,,,,1.5,0,0
noaa_right_whale_heads,aerien,<absent>../imgs/whale_18158/w_7141.jpg,,,1325.92,997.95,552.23,454.12,1,250778.69,,,,1.216,0,0
noaa_right_whale_heads,aerien,<absent>../imgs/whale_18158/w_7321.jpg,,,1145.19,962.14,628.91,431.79,1,271557.05,,,,1.4565,0,0
noaa_right_whale_heads,aerien,<absent>../imgs/whale_18158/w_7577.jpg,,,1051.21,1009.16,846.57,698.0,1,590905.86,,,,1.2129,0,0
noaa_right_whale_heads,aerien,<absent>../imgs/whale_18158/w_8239.jpg,,,774.7,798.41,810.27,505.93,1,409939.9,,,,1.6015,0,0
noaa_right_whale_heads,aerien,<absent>../imgs/whale_18845/w_1121.jpg,,,1366.21,795.28,574.28,410.2,1,235569.66,,,,1.4,0,0
noaa_right_whale_heads,aerien,<absent>../imgs/whale_18845/w_2880.jpg,,,1174.97,711.74,463.23,532.81,1,246813.58,,,,0.8694,0,0
noaa_right_whale_heads,aerien,<absent>../imgs/whale_18845/w_2970.jpg,,,1261.55,1188.32,599.16,505.95,1,303145.0,,,,1.1842,0,0
noaa_right_whale_heads,aerien,<absent>../imgs/whale_18845/w_8029.jpg,,,1631.27,979.71,429.65,356.47,1,153157.34,,,,1.2053,0,0
noaa_right_whale_heads,aerien,<absent>../imgs/whale_18845/w_8587.jpg,,,1732.39,1297.89,386.84,333.58,1,129042.09,,,,1.1597,0,0
noaa_right_whale_heads,aerien,<absent>../imgs/whale_18845/w_8863.jpg,,,2521.72,1822.12,940.7,849.8,1,799406.86,,,,1.107,0,0
noaa_right_whale_heads,aerien,<absent>../imgs/whale_18845/w_8917.jpg,,,1185.0,1437.97,485.98,322.88,1,156913.22,,,,1.5051,0,0
noaa_right_whale_heads,aerien,<absent>../imgs/whale_18989/w_1736.jpg,,,1767.42,954.29,393.64,334.0,1,131475.76,,,,1.1786,0,0
noaa_right_whale_heads,aerien,<absent>../imgs/whale_18989/w_3802.jpg,,,1367.58,766.79,478.26,529.64,1,253305.63,,,,0.903,0,0
noaa_right_whale_heads,aerien,<absent>../imgs/whale_18989/w_4190.jpg,,,1304.19,801.2,526.85,377.74,1,199012.32,,,,1.3947,0,0
noaa_right_whale_heads,aerien,<absent>../imgs/whale_18989/w_4660.jpg,,,2612.63,1442.68,853.75,826.08,1,705265.8,,,,1.0335,0,0
noaa_right_whale_heads,aerien,<absent>../imgs/whale_18989/w_491.jpg,,,2263.48,1301.5,878.76,858.79,1,754670.3,,,,1.0233,0,0
noaa_right_whale_heads,aerien,<absent>../imgs/whale_18989/w_5214.jpg,,,1351.15,711.57,421.92,311.42,1,131394.33,,,,1.3548,0,0
noaa_right_whale_heads,aerien,<absent>../imgs/whale_18989/w_7471.jpg,,,2618.91,863.58,821.34,774.41,1,636053.91,,,,1.0606,0,0
noaa_right_whale_heads,aerien,<absent>../imgs/whale_18989/w_7635.jpg,,,2502.31,362.25,1086.75,858.25,1,932703.19,,,,1.2662,0,0
noaa_right_whale_heads,aerien,<absent>../imgs/whale_18989/w_7697.jpg,,,1023.71,1059.28,652.17,608.69,1,396969.36,,,,1.0714,0,0
noaa_right_whale_heads,aerien,<absent>../imgs/whale_18989/w_9126.jpg,,,1070.09,938.68,680.54,600.75,1,408834.4,,,,1.1328,0,0
noaa_right_whale_heads,aerien,<absent>../imgs/whale_18989/w_9391.jpg,,,2252.95,1094.85,1019.76,857.7,1,874648.15,,,,1.1889,0,0
noaa_right_whale_heads,aerien,<absent>../imgs/whale_18989/w_943.jpg,,,1376.38,672.77,692.4,476.55,1,329963.22,,,,1.4529,0,0
noaa_right_whale_heads,aerien,<absent>../imgs/whale_19027/w_1011.jpg,,,866.2,717.62,560.64,616.71,1,345752.29,,,,0.9091,0,0
noaa_right_whale_heads,aerien,<absent>../imgs/whale_19027/w_2099.jpg,,,2644.25,1245.05,916.99,877.46,1,804622.05,,,,1.0451,0,0
noaa_right_whale_heads,aerien,<absent>../imgs/whale_19027/w_3108.jpg,,,1079.24,403.66,524.2,442.91,1,232173.42,,,,1.1835,0,0
noaa_right_whale_heads,aerien,<absent>../imgs/whale_19027/w_3435.jpg,,,1201.62,594.91,911.24,826.26,1,752921.16,,,,1.1028,0,0
noaa_right_whale_heads,aerien,<absent>../imgs/whale_19027/w_6548.jpg,,,1221.34,770.75,549.4,584.98,1,321388.01,,,,0.9392,0,0
noaa_right_whale_heads,aerien,<absent>../imgs/whale_19027/w_7195.jpg,,,1276.67,675.88,407.11,478.26,1,194704.43,,,,0.8512,0,0
noaa_right_whale_heads,aerien,<absent>../imgs/whale_19027/w_7504.jpg,,,1146.24,735.17,517.78,521.74,1,270146.54,,,,0.9924,0,0
noaa_right_whale_heads,aerien,<absent>../imgs/whale_19027/w_8010.jpg,,,1098.86,583.07,381.24,406.47,1,154962.62,,,,0.9379,0,0
noaa_right_whale_heads,aerien,<absent>../imgs/whale_19027/w_8172.jpg,,,1159.27,605.45,380.16,389.55,1,148091.33,,,,0.9759,0,0
noaa_right_whale_heads,aerien,<absent>../imgs/whale_19027/w_8424.jpg,,,1356.39,835.42,502.19,520.97,1,261625.92,,,,0.964,0,0
noaa_right_whale_heads,aerien,<absent>../imgs/whale_19027/w_8532.jpg,,,989.15,1012.76,696.42,455.62,1,317302.88,,,,1.5285,0,0
noaa_right_whale_heads,aerien,<absent>../imgs/whale_19027/w_8864.jpg,,,1291.51,842.15,459.35,439.38,1,201829.2,,,,1.0455,0,0
noaa_right_whale_heads,aerien,<absent>../imgs/whale_19041/w_1586.jpg,,,1462.17,1120.95,296.1,301.74,1,89345.21,,,,0.9813,0,0
noaa_right_whale_heads,aerien,<absent>../imgs/whale_19041/w_1835.jpg,,,3499.9,1175.92,1075.61,1064.46,1,1144943.82,,,,1.0105,0,0
noaa_right_whale_heads,aerien,<absent>../imgs/whale_19041/w_1885.jpg,,,1442.68,944.66,494.07,355.73,1,175755.52,,,,1.3889,0,0
noaa_right_whale_heads,aerien,<absent>../imgs/whale_19041/w_2639.jpg,,,1512.94,719.69,401.6,393.64,1,158085.82,,,,1.0202,0,0
noaa_right_whale_heads,aerien,<absent>../imgs/whale_19041/w_3378.jpg,,,1757.48,920.49,347.92,306.17,1,106522.67,,,,1.1364,0,0
noaa_right_whale_heads,aerien,<absent>../imgs/whale_19041/w_4362.jpg,,,1487.9,1168.35,422.74,446.04,1,188558.95,,,,0.9478,0,0
noaa_right_whale_heads,aerien,<absent>../imgs/whale_19041/w_4830.jpg,,,782.6,909.08,541.5,442.68,1,239711.22,,,,1.2232,0,0
noaa_right_whale_heads,aerien,<absent>../imgs/whale_19041/w_4954.jpg,,,1155.04,785.56,269.62,223.02,1,60130.65,,,,1.2089,0,0
noaa_right_whale_heads,aerien,<absent>../imgs/whale_19041/w_5268.jpg,,,1724.24,981.95,612.47,545.9,1,334347.37,,,,1.1219,0,0
noaa_right_whale_heads,aerien,<absent>../imgs/whale_19041/w_6236.jpg,,,1300.39,739.13,494.07,430.83,1,212860.18,,,,1.1468,0,0
noaa_right_whale_heads,aerien,<absent>../imgs/whale_19041/w_6336.jpg,,,1581.02,2383.38,664.03,470.35,1,312326.51,,,,1.4118,0,0
noaa_right_whale_heads,aerien,<absent>../imgs/whale_19041/w_718.jpg,,,1215.78,1019.84,243.16,219.55,1,53385.78,,,,1.1075,0,0
noaa_right_whale_heads,aerien,<absent>../imgs/whale_19041/w_8577.jpg,,,2651.76,1365.77,539.74,492.81,1,265989.27,,,,1.0952,0,0
noaa_right_whale_heads,aerien,<absent>../imgs/whale_19041/w_9442.jpg,,,1604.58,844.59,321.48,221.37,1,71166.03,,,,1.4522,0,0
noaa_right_whale_heads,aerien,<absent>../imgs/whale_19906/w_2263.jpg,,,1407.1,1533.59,1027.66,798.41,1,820494.02,,,,1.2871,0,0
noaa_right_whale_heads,aerien,<absent>../imgs/whale_19906/w_2863.jpg,,,1065.4,229.98,488.11,492.81,1,240545.49,,,,0.9905,0,0
noaa_right_whale_heads,aerien,<absent>../imgs/whale_19906/w_3255.jpg,,,1292.48,1984.18,1233.19,849.8,1,1047964.86,,,,1.4512,0,0
noaa_right_whale_heads,aerien,<absent>../imgs/whale_19906/w_3326.jpg,,,1544.12,2224.66,1379.85,1070.09,1,1476563.69,,,,1.2895,0,0
noaa_right_whale_heads,aerien,<absent>../imgs/whale_19906/w_4581.jpg,,,1561.13,1338.11,1780.82,1251.57,1,2228820.89,,,,1.4229,0,0
noaa_right_whale_heads,aerien,<absent>../imgs/whale_19906/w_5182.jpg,,,980.23,758.89,379.44,521.74,1,197969.03,,,,0.7273,0,0
noaa_right_whale_heads,aerien,<absent>../imgs/whale_19906/w_5497.jpg,,,1378.2,1549.22,1307.78,1242.39,1,1624772.79,,,,1.0526,0,0
noaa_right_whale_heads,aerien,<absent>../imgs/whale_19906/w_7543.jpg,,,1304.1,1883.7,1281.81,1248.37,1,1600173.15,,,,1.0268,0,0
noaa_right_whale_heads,aerien,<absent>../imgs/whale_20248/w_1793.jpg,,,1324.1,592.88,604.74,616.6,1,372882.68,,,,0.9808,0,0
noaa_right_whale_heads,aerien,<absent>../imgs/whale_20248/w_212.jpg,,,1262.44,650.11,502.99,504.98,1,253999.89,,,,0.9961,0,0
noaa_right_whale_heads,aerien,<absent>../imgs/whale_20248/w_4246.jpg,,,1294.84,549.23,386.12,452.7,1,174796.52,,,,0.8529,0,0
noaa_right_whale_heads,aerien,<absent>../imgs/whale_20248/w_6212.jpg,,,1245.05,881.42,790.51,569.17,1,449934.58,,,,1.3889,0,0
noaa_right_whale_heads,aerien,<absent>../imgs/whale_20248/w_7437.jpg,,,1264.88,402.77,585.84,456.02,1,267154.76,,,,1.2847,0,0
noaa_right_whale_heads,aerien,<absent>../imgs/whale_20448/w_1318.jpg,,,1464.34,741.55,746.25,671.15,1,500845.69,,,,1.1119,0,0
noaa_right_whale_heads,aerien,<absent>../imgs/whale_20448/w_1698.jpg,,,940.6,799.76,845.03,608.62,1,514302.16,,,,1.3884,0,0
noaa_right_whale_heads,aerien,<absent>../imgs/whale_20448/w_3801.jpg,,,1501.97,521.74,719.36,794.46,1,571502.75,,,,0.9055,0,0
noaa_right_whale_heads,aerien,<absent>../imgs/whale_20448/w_5146.jpg,,,1484.57,915.38,535.91,542.57,1,290768.69,,,,0.9877,0,0
noaa_right_whale_heads,aerien,<absent>../imgs/whale_20448/w_5929.jpg,,,1699.59,652.17,620.55,549.4,1,340930.17,,,,1.1295,0,0
noaa_right_whale_heads,aerien,<absent>../imgs/whale_20448/w_5962.jpg,,,1399.2,256.92,640.31,695.65,1,445431.65,,,,0.9204,0,0
noaa_right_whale_heads,aerien,<absent>../imgs/whale_20448/w_7070.jpg,,,1671.93,707.5,667.98,608.69,1,406592.75,,,,1.0974,0,0
noaa_right_whale_heads,aerien,<absent>../imgs/whale_20448/w_7840.jpg,,,840.44,1078.68,655.15,489.71,1,320833.51,,,,1.3378,0,0
noaa_right_whale_heads,aerien,<absent>../imgs/whale_20448/w_9383.jpg,,,1107.27,398.06,801.72,661.56,1,530385.88,,,,1.2119,0,0
noaa_right_whale_heads,aerien,<absent>../imgs/whale_21160/w_1218.jpg,,,1220.5,833.34,585.46,507.56,1,297156.08,,,,1.1535,0,0
noaa_right_whale_heads,aerien,<absent>../imgs/whale_21160/w_2188.jpg,,,1218.28,925.36,495.97,485.98,1,241031.5,,,,1.0206,0,0
noaa_right_whale_heads,aerien,<absent>../imgs/whale_21160/w_2587.jpg,,,1123.28,759.45,383.7,439.37,1,168586.27,,,,0.8733,0,0
noaa_right_whale_heads,aerien,<absent>../imgs/whale_21160/w_88.jpg,,,1107.64,445.87,459.95,516.27,1,237458.39,,,,0.8909,0,0
noaa_right_whale_heads,aerien,<absent>../imgs/whale_21160/w_8966.jpg,,,1124.09,916.65,529.81,527.01,1,279215.17,,,,1.0053,0,0
noaa_right_whale_heads,aerien,<absent>../imgs/whale_21213/w_2138.jpg,,,1288.53,924.89,569.17,577.07,1,328450.93,,,,0.9863,0,0
noaa_right_whale_heads,aerien,<absent>../imgs/whale_21213/w_5157.jpg,,,1228.27,991.93,416.08,362.82,1,150962.15,,,,1.1468,0,0
noaa_right_whale_heads,aerien,<absent>../imgs/whale_21213/w_8615.jpg,,,1964.41,1359.67,1079.04,1043.47,1,1125945.87,,,,1.0341,0,0
noaa_right_whale_heads,aerien,<absent>../imgs/whale_21213/w_8654.jpg,,,2219.97,671.15,1267.21,1163.96,1,1474981.75,,,,1.0887,0,0
noaa_right_whale_heads,aerien,<absent>../imgs/whale_21213/w_8753.jpg,,,1357.42,958.46,627.96,661.01,1,415087.84,,,,0.95,0,0
noaa_right_whale_heads,aerien,<absent>../imgs/whale_21213/w_8963.jpg,,,1278.2,985.28,495.97,436.05,1,216267.72,,,,1.1374,0,0
noaa_right_whale_heads,aerien,<absent>../imgs/whale_21213/w_9299.jpg,,,1069.41,717.66,375.36,330.5,1,124056.48,,,,1.1357,0,0
noaa_right_whale_heads,aerien,<absent>../imgs/whale_21655/w_6656.jpg,,,1048.1,1173.67,460.43,380.06,1,174991.03,,,,1.2115,0,0
noaa_right_whale_heads,aerien,<absent>../imgs/whale_21873/w_1125.jpg,,,1383.39,1442.68,786.56,873.51,1,687068.03,,,,0.9005,0,0
noaa_right_whale_heads,aerien,<absent>../imgs/whale_21873/w_3623.jpg,,,1365.77,858.89,581.98,516.27,1,300458.81,,,,1.1273,0,0
noaa_right_whale_heads,aerien,<absent>../imgs/whale_21873/w_6315.jpg,,,1312.24,782.6,387.35,509.88,1,197502.02,,,,0.7597,0,0
noaa_right_whale_heads,aerien,<absent>../imgs/whale_22059/w_5044.jpg,,,1148.88,757.74,543.0,348.19,1,189067.17,,,,1.5595,0,0
noaa_right_whale_heads,aerien,<absent>../imgs/whale_22059/w_9193.jpg,,,1284.31,864.82,634.2,504.98,1,320258.32,,,,1.2559,0,0
noaa_right_whale_heads,aerien,<absent>../imgs/whale_22059/w_961.jpg,,,1117.03,957.45,389.55,549.13,1,213913.59,,,,0.7094,0,0
noaa_right_whale_heads,aerien,<absent>../imgs/whale_22101/w_4690.jpg,,,2158.09,1865.6,766.79,774.7,1,594032.21,,,,0.9898,0,0
noaa_right_whale_heads,aerien,<absent>../imgs/whale_22101/w_5152.jpg,,,2320.06,1744.21,505.95,392.78,1,198727.04,,,,1.2881,0,0
noaa_right_whale_heads,aerien,<absent>../imgs/whale_22101/w_5330.jpg,,,2586.35,1441.3,715.66,778.9,1,557427.57,,,,0.9188,0,0
noaa_right_whale_heads,aerien,<absent>../imgs/whale_22101/w_703.jpg,,,2075.08,1592.87,1075.09,873.51,1,939101.87,,,,1.2308,0,0
noaa_right_whale_heads,aerien,<absent>../imgs/whale_22101/w_8226.jpg,,,2651.76,2004.07,844.81,704.01,1,594754.69,,,,1.2,0,0
noaa_right_whale_heads,aerien,<absent>../imgs/whale_22101/w_8997.jpg,,,2980.22,2039.51,703.55,565.21,1,397653.5,,,,1.2448,0,0
noaa_right_whale_heads,aerien,<absent>../imgs/whale_22101/w_9408.jpg,,,2521.72,1841.88,691.69,549.4,1,380014.49,,,,1.259,0,0
noaa_right_whale_heads,aerien,<absent>../imgs/whale_22118/w_1342.jpg,,,1436.18,1013.77,483.42,366.08,1,176970.39,,,,1.3205,0,0
noaa_right_whale_heads,aerien,<absent>../imgs/whale_22118/w_1750.jpg,,,1309.45,854.2,596.06,614.83,1,366475.57,,,,0.9695,0,0
noaa_right_whale_heads,aerien,<absent>../imgs/whale_22118/w_1981.jpg,,,1384.55,567.9,577.29,581.98,1,335971.23,,,,0.9919,0,0
noaa_right_whale_heads,aerien,<absent>../imgs/whale_22118/w_4125.jpg,,,1047.42,1118.57,577.07,454.54,1,262301.4,,,,1.2696,0,0
noaa_right_whale_heads,aerien,<absent>../imgs/whale_22118/w_4383.jpg,,,1051.7,1115.32,510.94,491.06,1,250902.2,,,,1.0405,0,0
noaa_right_whale_heads,aerien,<absent>../imgs/whale_22118/w_9070.jpg,,,1473.18,944.35,483.11,506.97,1,244922.28,,,,0.9529,0,0
noaa_right_whale_heads,aerien,<absent>../imgs/whale_22212/w_7426.jpg,,,924.89,691.69,604.74,573.12,1,346588.59,,,,1.0552,0,0
noaa_right_whale_heads,aerien,<absent>../imgs/whale_22297/w_1160.jpg,,,2186.92,1544.49,955.32,1048.52,1,1001672.13,,,,0.9111,0,0
noaa_right_whale_heads,aerien,<absent>../imgs/whale_22297/w_1393.jpg,,,1514.53,1138.4,808.86,832.16,1,673100.94,,,,0.972,0,0
noaa_right_whale_heads,aerien,<absent>../imgs/whale_22297/w_3241.jpg,,,806.32,1229.24,944.66,822.13,1,776633.33,,,,1.149,0,0
noaa_right_whale_heads,aerien,<absent>../imgs/whale_22297/w_7795.jpg,,,1281.53,1780.82,838.82,632.44,1,530503.32,,,,1.3263,0,0
noaa_right_whale_heads,aerien,<absent>../imgs/whale_22297/w_9329.jpg,,,1534.5,858.79,935.35,892.08,1,834407.03,,,,1.0485,0,0
noaa_right_whale_heads,aerien,<absent>../imgs/whale_22448/w_1198.jpg,,,1332.01,600.79,561.26,565.21,1,317229.76,,,,0.993,0,0
noaa_right_whale_heads,aerien,<absent>../imgs/whale_22448/w_2319.jpg,,,1860.26,823.9,623.23,571.3,1,356051.3,,,,1.0909,0,0
noaa_right_whale_heads,aerien,<absent>../imgs/whale_22448/w_2421.jpg,,,1389.24,779.1,535.05,441.18,1,236053.36,,,,1.2128,0,0
noaa_right_whale_heads,aerien,<absent>../imgs/whale_22448/w_2597.jpg,,,1406.34,559.15,635.39,563.38,1,357966.02,,,,1.1278,0,0
noaa_right_whale_heads,aerien,<absent>../imgs/whale_22448/w_3584.jpg,,,1493.46,791.94,370.02,324.81,1,120186.2,,,,1.1392,0,0
noaa_right_whale_heads,aerien,<absent>../imgs/whale_22448/w_3734.jpg,,,987.83,477.17,415.22,483.87,1,200912.5,,,,0.8581,0,0
noaa_right_whale_heads,aerien,<absent>../imgs/whale_22448/w_4621.jpg,,,1061.84,942.01,642.43,442.71,1,284410.19,,,,1.4511,0,0
noaa_right_whale_heads,aerien,<absent>../imgs/whale_22448/w_4717.jpg,,,1478.25,845.84,573.12,541.5,1,310344.48,,,,1.0584,0,0
noaa_right_whale_heads,aerien,<absent>../imgs/whale_22448/w_5111.jpg,,,1329.1,807.37,590.18,467.43,1,275867.84,,,,1.2626,0,0
noaa_right_whale_heads,aerien,<absent>../imgs/whale_22448/w_6337.jpg,,,1442.41,512.28,472.15,741.27,1,349990.63,,,,0.6369,0,0
noaa_right_whale_heads,aerien,<absent>../imgs/whale_22448/w_6368.jpg,,,1124.09,860.59,630.72,484.96,1,305873.97,,,,1.3006,0,0
noaa_right_whale_heads,aerien,<absent>../imgs/whale_22448/w_8881.jpg,,,980.92,929.29,633.61,516.27,1,327113.83,,,,1.2273,0,0
noaa_right_whale_heads,aerien,<absent>../imgs/whale_22448/w_9239.jpg,,,1421.23,510.19,602.69,647.54,1,390265.88,,,,0.9307,0,0
noaa_right_whale_heads,aerien,<absent>../imgs/whale_22448/w_9275.jpg,,,1159.27,610.14,586.67,718.09,1,421281.86,,,,0.817,0,0
noaa_right_whale_heads,aerien,<absent>../imgs/whale_22848/w_5640.jpg,,,1175.65,996.23,564.22,467.43,1,263733.35,,,,1.2071,0,0
noaa_right_whale_heads,aerien,<absent>../imgs/whale_23118/w_2496.jpg,,,1370.47,750.94,549.13,614.83,1,337621.6,,,,0.8931,0,0
noaa_right_whale_heads,aerien,<absent>../imgs/whale_23118/w_4436.jpg,,,1617.72,1208.3,595.83,565.87,1,337162.32,,,,1.0529,0,0
noaa_right_whale_heads,aerien,<absent>../imgs/whale_23118/w_4498.jpg,,,1567.0,1093.26,476.55,524.2,1,249807.51,,,,0.9091,0,0
noaa_right_whale_heads,aerien,<absent>../imgs/whale_23367/w_1848.jpg,,,1274.8,1041.09,686.97,524.08,1,360027.24,,,,1.3108,0,0
noaa_right_whale_heads,aerien,<absent>../imgs/whale_23367/w_2254.jpg,,,925.36,1324.8,462.68,515.94,1,238715.12,,,,0.8968,0,0
noaa_right_whale_heads,aerien,<absent>../imgs/whale_23367/w_4091.jpg,,,696.64,964.14,774.66,479.29,1,371286.79,,,,1.6163,0,0
noaa_right_whale_heads,aerien,<absent>../imgs/whale_23367/w_4974.jpg,,,1314.81,1398.03,416.08,446.04,1,185588.32,,,,0.9328,0,0
noaa_right_whale_heads,aerien,<absent>../imgs/whale_23367/w_5199.jpg,,,1450.26,699.31,436.48,450.56,1,196660.43,,,,0.9688,0,0
noaa_right_whale_heads,aerien,<absent>../imgs/whale_23467/w_188.jpg,,,1203.79,1582.76,1081.18,1058.89,1,1144850.69,,,,1.0211,0,0
noaa_right_whale_heads,aerien,<absent>../imgs/whale_23467/w_3482.jpg,,,1071.14,537.55,494.07,478.26,1,236293.92,,,,1.0331,0,0
noaa_right_whale_heads,aerien,<absent>../imgs/whale_23467/w_4697.jpg,,,1329.1,861.67,384.8,363.55,1,139894.04,,,,1.0585,0,0
noaa_right_whale_heads,aerien,<absent>../imgs/whale_23525/w_1090.jpg,,,1501.43,1090.66,479.23,469.79,1,225137.46,,,,1.0201,0,0
noaa_right_whale_heads,aerien,<absent>../imgs/whale_23525/w_1382.jpg,,,1314.31,1024.66,349.92,298.02,1,104283.16,,,,1.1741,0,0
noaa_right_whale_heads,aerien,<absent>../imgs/whale_23525/w_1526.jpg,,,1060.7,657.07,492.81,483.42,1,238234.21,,,,1.0194,0,0
noaa_right_whale_heads,aerien,<absent>../imgs/whale_23525/w_272.jpg,,,2684.62,567.9,858.89,1220.28,1,1048086.29,,,,0.7038,0,0
noaa_right_whale_heads,aerien,<absent>../imgs/whale_23525/w_2768.jpg,,,913.85,591.48,437.3,451.32,1,197362.24,,,,0.9689,0,0
noaa_right_whale_heads,aerien,<absent>../imgs/whale_23525/w_2992.jpg,,,964.39,796.96,334.86,348.25,1,116615.0,,,,0.9616,0,0
noaa_right_whale_heads,aerien,<absent>../imgs/whale_23525/w_3432.jpg,,,702.34,855.46,778.9,559.21,1,435568.67,,,,1.3929,0,0
noaa_right_whale_heads,aerien,<absent>../imgs/whale_23525/w_3646.jpg,,,1561.48,946.39,425.1,371.67,1,157996.92,,,,1.1438,0,0
noaa_right_whale_heads,aerien,<absent>../imgs/whale_23525/w_3686.jpg,,,1111.77,858.79,535.91,376.14,1,201577.19,,,,1.4248,0,0
noaa_right_whale_heads,aerien,<absent>../imgs/whale_23525/w_420.jpg,,,776.68,632.68,292.73,316.34,1,92602.21,,,,0.9254,0,0
noaa_right_whale_heads,aerien,<absent>../imgs/whale_23525/w_4876.jpg,,,1436.18,732.17,563.21,478.73,1,269625.52,,,,1.1765,0,0
noaa_right_whale_heads,aerien,<absent>../imgs/whale_23525/w_4876.jpg,,,-356.7,525.66,9.39,4.69,1,44.04,,,,2.0021,0,0
noaa_right_whale_heads,aerien,<absent>../imgs/whale_23525/w_5037.jpg,,,1595.03,728.84,507.38,482.15,1,244633.27,,,,1.0523,0,0
noaa_right_whale_heads,aerien,<absent>../imgs/whale_23525/w_5092.jpg,,,1038.54,755.6,469.34,359.49,1,168723.04,,,,1.3056,0,0
noaa_right_whale_heads,aerien,<absent>../imgs/whale_23525/w_597.jpg,,,1175.92,757.94,484.86,401.26,1,194554.92,,,,1.2083,0,0
noaa_right_whale_heads,aerien,<absent>../imgs/whale_23525/w_7942.jpg,,,2327.92,1473.72,1347.0,1328.23,1,1789125.81,,,,1.0141,0,0
noaa_right_whale_heads,aerien,<absent>../imgs/whale_23525/w_8207.jpg,,,1050.53,887.64,479.23,564.22,1,270391.15,,,,0.8494,0,0
noaa_right_whale_heads,aerien,<absent>../imgs/whale_23525/w_8397.jpg,,,1541.77,714.82,445.71,527.01,1,234893.63,,,,0.8457,0,0
noaa_right_whale_heads,aerien,<absent>../imgs/whale_23525/w_8526.jpg,,,905.13,403.16,363.63,335.97,1,122168.77,,,,1.0823,0,0
noaa_right_whale_heads,aerien,<absent>../imgs/whale_23525/w_9105.jpg,,,878.76,975.29,645.76,649.08,1,419149.9,,,,0.9949,0,0
noaa_right_whale_heads,aerien,<absent>../imgs/whale_23525/w_9138.jpg,,,1197.62,498.02,304.35,237.15,1,72176.6,,,,1.2834,0,0
noaa_right_whale_heads,aerien,<absent>../imgs/whale_23574/w_2043.jpg,,,1276.6,1553.51,431.79,483.42,1,208735.92,,,,0.8932,0,0
noaa_right_whale_heads,aerien,<absent>../imgs/whale_23574/w_2454.jpg,,,1608.68,2241.09,739.13,711.46,1,525861.43,,,,1.0389,0,0
noaa_right_whale_heads,aerien,<absent>../imgs/whale_23574/w_3215.jpg,,,1381.99,995.14,740.05,647.54,1,479211.98,,,,1.1429,0,0
noaa_right_whale_heads,aerien,<absent>../imgs/whale_23574/w_5390.jpg,,,1554.48,968.63,545.9,439.38,1,239857.54,,,,1.2424,0,0
noaa_right_whale_heads,aerien,<absent>../imgs/whale_23574/w_5747.jpg,,,1863.27,1473.72,811.96,783.79,1,636406.13,,,,1.0359,0,0
noaa_right_whale_heads,aerien,<absent>../imgs/whale_23574/w_5911.jpg,,,1395.25,1154.14,1415.01,1063.23,1,1504481.08,,,,1.3309,0,0
noaa_right_whale_heads,aerien,<absent>../imgs/whale_23574/w_6110.jpg,,,1135.07,555.88,476.0,439.38,1,209144.88,,,,1.0833,0,0
noaa_right_whale_heads,aerien,<absent>../imgs/whale_23574/w_6689.jpg,,,824.91,1071.37,809.82,502.99,1,407331.36,,,,1.61,0,0
noaa_right_whale_heads,aerien,<absent>../imgs/whale_23574/w_7162.jpg,,,1284.58,762.84,434.78,395.25,1,171846.79,,,,1.1,0,0
noaa_right_whale_heads,aerien,<absent>../imgs/whale_23821/w_1381.jpg,,,1361.41,858.79,545.9,489.31,1,267114.33,,,,1.1157,0,0
noaa_right_whale_heads,aerien,<absent>../imgs/whale_23821/w_3921.jpg,,,1102.95,1314.15,422.4,337.92,1,142737.41,,,,1.25,0,0
noaa_right_whale_heads,aerien,<absent>../imgs/whale_23821/w_4012.jpg,,,2327.92,624.22,811.96,826.04,1,670711.44,,,,0.983,0,0
noaa_right_whale_heads,aerien,<absent>../imgs/whale_23821/w_4059.jpg,,,2956.5,1177.86,940.7,857.7,1,806838.39,,,,1.0968,0,0
noaa_right_whale_heads,aerien,<absent>../imgs/whale_23821/w_4280.jpg,,,1920.94,1059.28,766.79,814.22,1,624335.75,,,,0.9417,0,0
noaa_right_whale_heads,aerien,<absent>../imgs/whale_23821/w_4590.jpg,,,976.28,545.45,608.69,470.35,1,286297.34,,,,1.2941,0,0
noaa_right_whale_heads,aerien,<absent>../imgs/whale_23821/w_463.jpg,,,1262.52,1206.2,380.16,342.62,1,130250.42,,,,1.1096,0,0
noaa_right_whale_heads,aerien,<absent>../imgs/whale_23821/w_481.jpg,,,1267.21,1023.16,633.61,427.1,1,270614.83,,,,1.4835,0,0
noaa_right_whale_heads,aerien,<absent>../imgs/whale_23821/w_4887.jpg,,,1041.86,582.51,575.85,412.75,1,237682.09,,,,1.3952,0,0
noaa_right_whale_heads,aerien,<absent>../imgs/whale_23821/w_4915.jpg,,,1628.91,1251.19,495.75,335.22,1,166185.32,,,,1.4789,0,0
noaa_right_whale_heads,aerien,<absent>../imgs/whale_23821/w_5046.jpg,,,2473.41,1684.92,1187.43,872.97,1,1036590.77,,,,1.3602,0,0
noaa_right_whale_heads,aerien,<absent>../imgs/whale_23821/w_6020.jpg,,,1581.02,418.97,762.84,687.74,1,524635.58,,,,1.1092,0,0
noaa_right_whale_heads,aerien,<absent>../imgs/whale_23821/w_6165.jpg,,,675.88,1015.8,569.17,375.49,1,213717.64,,,,1.5158,0,0
noaa_right_whale_heads,aerien,<absent>../imgs/whale_23821/w_632.jpg,,,1504.55,1384.71,402.77,262.96,1,105912.4,,,,1.5317,0,0
noaa_right_whale_heads,aerien,<absent>../imgs/whale_23821/w_658.jpg,,,1112.33,1154.57,483.42,370.78,1,179242.47,,,,1.3038,0,0
noaa_right_whale_heads,aerien,<absent>../imgs/whale_23821/w_7358.jpg,,,2592.87,980.23,1067.19,845.84,1,902671.99,,,,1.2617,0,0
noaa_right_whale_heads,aerien,<absent>../imgs/whale_23821/w_7815.jpg,,,1596.83,1422.91,1019.76,794.46,1,810158.53,,,,1.2836,0,0
noaa_right_whale_heads,aerien,<absent>../imgs/whale_23821/w_7935.jpg,,,1105.38,904.59,514.92,574.56,1,295852.44,,,,0.8962,0,0
noaa_right_whale_heads,aerien,<absent>../imgs/whale_23821/w_841.jpg,,,1482.54,923.05,592.55,521.72,1,309145.19,,,,1.1358,0,0
noaa_right_whale_heads,aerien,<absent>../imgs/whale_23821/w_857.jpg,,,1216.72,928.44,612.33,487.08,1,298253.7,,,,1.2571,0,0
noaa_right_whale_heads,aerien,<absent>../imgs/whale_23847/w_1087.jpg,,,2088.56,1013.77,516.27,408.32,1,210803.37,,,,1.2644,0,0
noaa_right_whale_heads,aerien,<absent>../imgs/whale_23847/w_1764.jpg,,,430.83,901.18,1158.09,833.99,1,965835.48,,,,1.3886,0,0
noaa_right_whale_heads,aerien,<absent>../imgs/whale_23847/w_1957.jpg,,,1145.05,782.23,535.91,459.35,1,246170.26,,,,1.1667,0,0
noaa_right_whale_heads,aerien,<absent>../imgs/whale_23847/w_2808.jpg,,,1318.84,657.07,361.39,276.91,1,100072.5,,,,1.3051,0,0
noaa_right_whale_heads,aerien,<absent>../imgs/whale_23847/w_3073.jpg,,,1270.08,708.22,696.42,727.11,1,506373.95,,,,0.9578,0,0
noaa_right_whale_heads,aerien,<absent>../imgs/whale_23847/w_3116.jpg,,,742.85,437.3,515.79,431.7,1,222666.54,,,,1.1948,0,0
noaa_right_whale_heads,aerien,<absent>../imgs/whale_23847/w_316.jpg,,,1008.58,642.43,602.48,692.36,1,417133.05,,,,0.8702,0,0
noaa_right_whale_heads,aerien,<absent>../imgs/whale_23847/w_3301.jpg,,,264.4,979.71,1026.92,599.63,1,615772.04,,,,1.7126,0,0
noaa_right_whale_heads,aerien,<absent>../imgs/whale_23847/w_3953.jpg,,,1463.28,535.42,398.06,465.33,1,185229.26,,,,0.8554,0,0
noaa_right_whale_heads,aerien,<absent>../imgs/whale_23847/w_4219.jpg,,,748.94,459.35,502.62,462.68,1,232552.22,,,,1.0863,0,0
noaa_right_whale_heads,aerien,<absent>../imgs/whale_23847/w_4613.jpg,,,901.18,561.26,537.55,501.97,1,269833.97,,,,1.0709,0,0
noaa_right_whale_heads,aerien,<absent>../imgs/whale_23847/w_5124.jpg,,,1131.74,662.4,845.47,642.43,1,543155.29,,,,1.316,0,0
noaa_right_whale_heads,aerien,<absent>../imgs/whale_23847/w_5250.jpg,,,930.13,627.96,552.41,533.53,1,294727.31,,,,1.0354,0,0
noaa_right_whale_heads,aerien,<absent>../imgs/whale_23847/w_5680.jpg,,,1379.44,553.36,656.12,687.74,1,451239.97,,,,0.954,0,0
noaa_right_whale_heads,aerien,<absent>../imgs/whale_23847/w_5844.jpg,,,611.1,1011.96,712.02,728.84,1,518948.66,,,,0.9769,0,0
noaa_right_whale_heads,aerien,<absent>../imgs/whale_23847/w_6387.jpg,,,1464.34,807.26,422.4,436.48,1,184369.15,,,,0.9677,0,0
noaa_right_whale_heads,aerien,<absent>../imgs/whale_23847/w_6770.jpg,,,1374.73,509.28,439.38,422.74,1,185743.5,,,,1.0394,0,0
noaa_right_whale_heads,aerien,<absent>../imgs/whale_23847/w_8316.jpg,,,581.02,517.78,731.22,600.79,1,439309.66,,,,1.2171,0,0
noaa_right_whale_heads,aerien,<absent>../imgs/whale_23855/w_2490.jpg,,,1422.91,1055.33,426.87,411.06,1,175469.18,,,,1.0385,0,0
noaa_right_whale_heads,aerien,<absent>../imgs/whale_23855/w_4046.jpg,,,877.46,818.18,557.31,332.01,1,185032.49,,,,1.6786,0,0
noaa_right_whale_heads,aerien,<absent>../imgs/whale_23855/w_4209.jpg,,,982.07,668.09,403.69,389.52,1,157245.33,,,,1.0364,0,0
noaa_right_whale_heads,aerien,<absent>../imgs/whale_23855/w_5403.jpg,,,1544.49,1268.21,366.15,286.26,1,104814.1,,,,1.2791,0,0
noaa_right_whale_heads,aerien,<absent>../imgs/whale_23855/w_6925.jpg,,,1181.67,805.53,515.94,499.3,1,257608.84,,,,1.0333,0,0
noaa_right_whale_heads,aerien,<absent>../imgs/whale_23855/w_9148.jpg,,,530.82,956.28,407.56,266.41,1,108578.06,,,,1.5298,0,0
noaa_right_whale_heads,aerien,<absent>../imgs/whale_24458/w_1455.jpg,,,1710.53,821.89,297.26,368.18,1,109445.19,,,,0.8074,0,0
noaa_right_whale_heads,aerien,<absent>../imgs/whale_24458/w_1628.jpg,,,1041.93,1361.08,544.43,333.23,1,181420.41,,,,1.6338,0,0
noaa_right_whale_heads,aerien,<absent>../imgs/whale_24458/w_1925.jpg,,,1311.48,878.76,599.16,652.41,1,390897.98,,,,0.9184,0,0
noaa_right_whale_heads,aerien,<absent>../imgs/whale_24458/w_1989.jpg,,,995.26,1461.27,555.88,589.17,1,327507.82,,,,0.9435,0,0
noaa_right_whale_heads,aerien,<absent>../imgs/whale_24458/w_2071.jpg,,,1291.51,915.38,449.37,525.93,1,236337.16,,,,0.8544,0,0
noaa_right_whale_heads,aerien,<absent>../imgs/whale_24458/w_2710.jpg,,,1421.33,1028.55,449.37,322.88,1,145092.59,,,,1.3918,0,0
noaa_right_whale_heads,aerien,<absent>../imgs/whale_24458/w_3013.jpg,,,1339.98,803.19,594.44,437.38,1,259996.17,,,,1.3591,0,0
noaa_right_whale_heads,aerien,<absent>../imgs/whale_24458/w_3178.jpg,,,1206.2,1422.1,558.51,600.75,1,335524.88,,,,0.9297,0,0
noaa_right_whale_heads,aerien,<absent>../imgs/whale_24458/w_4326.jpg,,,1147.32,982.07,788.49,658.65,1,519338.94,,,,1.1971,0,0
noaa_right_whale_heads,aerien,<absent>../imgs/whale_24458/w_4790.jpg,,,492.64,659.07,815.52,632.44,1,515767.47,,,,1.2895,0,0
noaa_right_whale_heads,aerien,<absent>../imgs/whale_24458/w_4963.jpg,,,1218.28,938.68,259.63,359.49,1,93334.39,,,,0.7222,0,0
noaa_right_whale_heads,aerien,<absent>../imgs/whale_24458/w_5246.jpg,,,1592.87,948.61,517.78,399.21,1,206702.95,,,,1.297,0,0
noaa_right_whale_heads,aerien,<absent>../imgs/whale_24458/w_585.jpg,,,119.83,1125.08,738.96,512.61,1,378798.29,,,,1.4416,0,0
noaa_right_whale_heads,aerien,<absent>../imgs/whale_24458/w_6416.jpg,,,948.66,449.37,622.46,459.35,1,285927.0,,,,1.3551,0,0
noaa_right_whale_heads,aerien,<absent>../imgs/whale_24458/w_6481.jpg,,,1087.49,642.16,833.01,666.01,1,554792.99,,,,1.2507,0,0
noaa_right_whale_heads,aerien,<absent>../imgs/whale_24458/w_663.jpg,,,1251.19,1050.53,866.39,675.17,1,584960.54,,,,1.2832,0,0
noaa_right_whale_heads,aerien,<absent>../imgs/whale_24458/w_6699.jpg,,,1421.23,1028.78,389.65,353.21,1,137628.28,,,,1.1032,0,0
noaa_right_whale_heads,aerien,<absent>../imgs/whale_24458/w_6908.jpg,,,351.78,671.93,940.7,581.02,1,546565.51,,,,1.619,0,0
noaa_right_whale_heads,aerien,<absent>../imgs/whale_24458/w_765.jpg,,,1494.35,845.14,457.98,309.26,1,141634.89,,,,1.4809,0,0
noaa_right_whale_heads,aerien,<absent>../imgs/whale_24458/w_7709.jpg,,,928.44,666.01,600.41,562.63,1,337808.68,,,,1.0671,0,0
noaa_right_whale_heads,aerien,<absent>../imgs/whale_24458/w_7909.jpg,,,590.18,604.35,538.25,578.38,1,311313.03,,,,0.9306,0,0
noaa_right_whale_heads,aerien,<absent>../imgs/whale_24458/w_8022.jpg,,,948.06,732.17,567.9,558.51,1,317177.83,,,,1.0168,0,0
noaa_right_whale_heads,aerien,<absent>../imgs/whale_24458/w_8363.jpg,,,1008.58,991.93,818.85,625.78,1,512419.95,,,,1.3085,0,0
noaa_right_whale_heads,aerien,<absent>../imgs/whale_24458/w_8551.jpg,,,1220.28,1229.67,516.27,694.62,1,358611.47,,,,0.7432,0,0
noaa_right_whale_heads,aerien,<absent>../imgs/whale_24458/w_8606.jpg,,,351.1,1315.25,746.79,557.31,1,416193.53,,,,1.34,0,0
noaa_right_whale_heads,aerien,<absent>../imgs/whale_24458/w_8619.jpg,,,1426.87,992.09,608.69,521.74,1,317577.92,,,,1.1667,0,0
noaa_right_whale_heads,aerien,<absent>../imgs/whale_24458/w_8728.jpg,,,1755.33,727.47,361.39,319.15,1,115337.62,,,,1.1324,0,0
noaa_right_whale_heads,aerien,<absent>../imgs/whale_24458/w_9259.jpg,,,2078.76,1192.64,769.09,913.99,1,702940.57,,,,0.8415,0,0
noaa_right_whale_heads,aerien,<absent>../imgs/whale_24458/w_9450.jpg,,,279.61,129.82,529.25,469.34,1,248398.19,,,,1.1276,0,0
noaa_right_whale_heads,aerien,<absent>../imgs/whale_24679/w_1451.jpg,,,811.14,512.93,447.32,429.43,1,192092.63,,,,1.0417,0,0
noaa_right_whale_heads,aerien,<absent>../imgs/whale_24679/w_2931.jpg,,,1416.44,1126.79,375.04,354.95,1,133120.45,,,,1.0566,0,0
noaa_right_whale_heads,aerien,<absent>../imgs/whale_24679/w_3597.jpg,,,972.62,854.59,585.46,599.63,1,351059.38,,,,0.9764,0,0
noaa_right_whale_heads,aerien,<absent>../imgs/whale_24679/w_371.jpg,,,1867.37,795.55,505.95,419.41,1,212200.49,,,,1.2063,0,0
noaa_right_whale_heads,aerien,<absent>../imgs/whale_24679/w_4188.jpg,,,1189.72,383.4,478.26,501.97,1,240072.17,,,,0.9528,0,0
noaa_right_whale_heads,aerien,<absent>../imgs/whale_24679/w_486.jpg,,,1607.51,789.95,515.39,338.99,1,174712.06,,,,1.5204,0,0
noaa_right_whale_heads,aerien,<absent>../imgs/whale_24679/w_5054.jpg,,,1758.69,963.18,791.95,702.76,1,556550.78,,,,1.1269,0,0
noaa_right_whale_heads,aerien,<absent>../imgs/whale_24679/w_7285.jpg,,,1081.22,288.01,474.51,606.71,1,287889.96,,,,0.7821,0,0
noaa_right_whale_heads,aerien,<absent>../imgs/whale_24679/w_7689.jpg,,,1533.59,671.93,679.84,608.69,1,413811.81,,,,1.1169,0,0
noaa_right_whale_heads,aerien,<absent>../imgs/whale_24679/w_7727.jpg,,,1196.81,567.9,591.37,581.98,1,344165.51,,,,1.0161,0,0
noaa_right_whale_heads,aerien,<absent>../imgs/whale_24679/w_8738.jpg,,,909.08,1122.52,695.65,675.88,1,470175.92,,,,1.0293,0,0
noaa_right_whale_heads,aerien,<absent>../imgs/whale_24730/w_1279.jpg,,,1320.82,841.54,679.92,484.86,1,329666.01,,,,1.4023,0,0
noaa_right_whale_heads,aerien,<absent>../imgs/whale_24730/w_1923.jpg,,,1047.42,948.61,652.17,561.26,1,366036.93,,,,1.162,0,0
noaa_right_whale_heads,aerien,<absent>../imgs/whale_24730/w_2024.jpg,,,1498.01,841.89,557.31,525.69,1,292972.29,,,,1.0601,0,0
noaa_right_whale_heads,aerien,<absent>../imgs/whale_24730/w_214.jpg,,,1461.27,1121.75,622.46,519.27,1,323224.8,,,,1.1987,0,0
noaa_right_whale_heads,aerien,<absent>../imgs/whale_24730/w_3936.jpg,,,1202.8,612.33,425.45,308.16,1,131106.67,,,,1.3806,0,0
noaa_right_whale_heads,aerien,<absent>../imgs/whale_24730/w_4100.jpg,,,1498.01,363.63,498.02,553.36,1,275584.35,,,,0.9,0,0
noaa_right_whale_heads,aerien,<absent>../imgs/whale_24730/w_4571.jpg,,,1151.71,555.88,692.36,665.73,1,460924.82,,,,1.04,0,0
noaa_right_whale_heads,aerien,<absent>../imgs/whale_24730/w_5602.jpg,,,1251.57,372.81,575.85,602.48,1,346938.11,,,,0.9558,0,0
noaa_right_whale_heads,aerien,<absent>../imgs/whale_24730/w_5666.jpg,,,1469.03,539.74,680.54,628.91,1,427998.41,,,,1.0821,0,0
noaa_right_whale_heads,aerien,<absent>../imgs/whale_24730/w_6272.jpg,,,1363.63,727.27,415.02,565.21,1,234573.45,,,,0.7343,0,0
noaa_right_whale_heads,aerien,<absent>../imgs/whale_24730/w_7084.jpg,,,1480.1,905.44,437.3,510.19,1,223106.09,,,,0.8571,0,0
noaa_right_whale_heads,aerien,<absent>../imgs/whale_24730/w_7258.jpg,,,1248.24,575.85,505.95,432.72,1,218934.68,,,,1.1692,0,0
noaa_right_whale_heads,aerien,<absent>../imgs/whale_24730/w_7965.jpg,,,1646.15,1115.32,326.05,322.07,1,105010.92,,,,1.0124,0,0
noaa_right_whale_heads,aerien,<absent>../imgs/whale_24730/w_9100.jpg,,,1159.27,1004.38,502.19,483.42,1,242768.69,,,,1.0388,0,0
noaa_right_whale_heads,aerien,<absent>../imgs/whale_24815/w_1043.jpg,,,1201.64,918.7,702.34,482.65,1,338984.4,,,,1.4552,0,0
noaa_right_whale_heads,aerien,<absent>../imgs/whale_24815/w_1052.jpg,,,1088.86,286.3,520.97,427.1,1,222506.29,,,,1.2198,0,0
noaa_right_whale_heads,aerien,<absent>../imgs/whale_24815/w_2121.jpg,,,1115.09,372.81,499.3,489.31,1,244312.48,,,,1.0204,0,0
noaa_right_whale_heads,aerien,<absent>../imgs/whale_24815/w_2190.jpg,,,2195.79,1995.16,1042.17,913.99,1,952532.96,,,,1.1402,0,0
noaa_right_whale_heads,aerien,<absent>../imgs/whale_24815/w_3747.jpg,,,1443.11,900.62,615.02,433.69,1,266728.02,,,,1.4181,0,0
noaa_right_whale_heads,aerien,<absent>../imgs/whale_24815/w_4165.jpg,,,1900.39,328.14,373.0,434.38,1,162023.74,,,,0.8587,0,0
noaa_right_whale_heads,aerien,<absent>../imgs/whale_24815/w_4267.jpg,,,497.5,793.18,652.38,605.45,1,394983.47,,,,1.0775,0,0
noaa_right_whale_heads,aerien,<absent>../imgs/whale_24815/w_4505.jpg,,,1015.12,368.28,802.65,661.01,1,530559.68,,,,1.2143,0,0
noaa_right_whale_heads,aerien,<absent>../imgs/whale_24815/w_455.jpg,,,2229.36,1117.03,872.97,962.14,1,839919.36,,,,0.9073,0,0
noaa_right_whale_heads,aerien,<absent>../imgs/whale_24815/w_4819.jpg,,,1303.5,714.82,521.4,473.74,1,247008.04,,,,1.1006,0,0
noaa_right_whale_heads,aerien,<absent>../imgs/whale_24815/w_4835.jpg,,,1135.8,694.62,628.91,469.34,1,295172.62,,,,1.34,0,0
noaa_right_whale_heads,aerien,<absent>../imgs/whale_24815/w_611.jpg,,,553.82,910.52,797.88,638.3,1,509286.8,,,,1.25,0,0
noaa_right_whale_heads,aerien,<absent>../imgs/whale_24815/w_623.jpg,,,1095.12,878.76,649.08,489.31,1,317601.33,,,,1.3265,0,0
noaa_right_whale_heads,aerien,<absent>../imgs/whale_24815/w_6594.jpg,,,1274.87,838.82,485.98,399.44,1,194119.85,,,,1.2167,0,0
noaa_right_whale_heads,aerien,<absent>../imgs/whale_24815/w_6606.jpg,,,1339.94,468.14,496.17,566.25,1,280956.26,,,,0.8762,0,0
noaa_right_whale_heads,aerien,<absent>../imgs/whale_24815/w_6665.jpg,,,1966.49,849.87,358.83,358.83,1,128758.97,,,,1.0,0,0
noaa_right_whale_heads,aerien,<absent>../imgs/whale_24815/w_7788.jpg,,,1314.15,816.65,581.98,666.46,1,387866.39,,,,0.8732,0,0
noaa_right_whale_heads,aerien,<absent>../imgs/whale_24815/w_9237.jpg,,,1114.27,783.76,469.79,420.21,1,197410.46,,,,1.118,0,0
noaa_right_whale_heads,aerien,<absent>../imgs/whale_25659/w_563.jpg,,,2018.32,1457.67,874.6,695.2,1,608021.92,,,,1.2581,0,0
noaa_right_whale_heads,aerien,<absent>../imgs/whale_25659/w_6569.jpg,,,2596.34,1411.34,768.92,695.69,1,534929.95,,,,1.1053,0,0
noaa_right_whale_heads,aerien,<absent>../imgs/whale_25659/w_822.jpg,,,2454.53,1422.91,822.13,766.79,1,630401.06,,,,1.0722,0,0
noaa_right_whale_heads,aerien,<absent>../imgs/whale_25715/w_2471.jpg,,,1188.32,1038.54,485.98,459.35,1,223234.91,,,,1.058,0,0
noaa_right_whale_heads,aerien,<absent>../imgs/whale_25715/w_2698.jpg,,,1247.43,1135.3,333.58,375.63,1,125302.66,,,,0.8881,0,0
noaa_right_whale_heads,aerien,<absent>../imgs/whale_25715/w_3666.jpg,,,1181.81,924.89,434.78,426.87,1,185594.54,,,,1.0185,0,0
noaa_right_whale_heads,aerien,<absent>../imgs/whale_25715/w_3945.jpg,,,1317.29,559.49,448.54,299.81,1,134476.78,,,,1.4961,0,0
noaa_right_whale_heads,aerien,<absent>../imgs/whale_25715/w_4043.jpg,,,1047.74,730.07,585.17,378.97,1,221761.87,,,,1.5441,0,0
noaa_right_whale_heads,aerien,<absent>../imgs/whale_25715/w_6197.jpg,,,1607.73,932.02,629.11,532.58,1,335051.4,,,,1.1812,0,0
noaa_right_whale_heads,aerien,<absent>../imgs/whale_25715/w_6701.jpg,,,1601.08,702.34,549.23,399.44,1,219384.43,,,,1.375,0,0
noaa_right_whale_heads,aerien,<absent>../imgs/whale_25715/w_7009.jpg,,,1286.6,1057.61,311.62,344.67,1,107406.07,,,,0.9041,0,0
noaa_right_whale_heads,aerien,<absent>../imgs/whale_25715/w_7219.jpg,,,1938.37,1511.27,600.75,614.83,1,369359.12,,,,0.9771,0,0
noaa_right_whale_heads,aerien,<absent>../imgs/whale_25715/w_7651.jpg,,,1764.71,647.69,469.34,380.16,1,178424.29,,,,1.2346,0,0
noaa_right_whale_heads,aerien,<absent>../imgs/whale_25715/w_7707.jpg,,,910.52,1215.59,464.64,323.84,1,150469.02,,,,1.4348,0,0
noaa_right_whale_heads,aerien,<absent>../imgs/whale_25715/w_7983.jpg,,,2144.13,2269.86,860.3,1025.74,1,882444.12,,,,0.8387,0,0
noaa_right_whale_heads,aerien,<absent>../imgs/whale_25715/w_8328.jpg,,,1278.27,765.28,518.6,613.91,1,318373.73,,,,0.8447,0,0
noaa_right_whale_heads,aerien,<absent>../imgs/whale_25715/w_8816.jpg,,,948.32,1057.67,475.16,373.76,1,177595.8,,,,1.2713,0,0
noaa_right_whale_heads,aerien,<absent>../imgs/whale_25715/w_9025.jpg,,,2241.09,1237.15,877.46,806.32,1,707513.55,,,,1.0882,0,0
noaa_right_whale_heads,aerien,<absent>../imgs/whale_25715/w_9113.jpg,,,1229.24,660.07,537.55,616.6,1,331453.33,,,,0.8718,0,0
noaa_right_whale_heads,aerien,<absent>../imgs/whale_25715/w_9209.jpg,,,1437.4,1121.29,335.99,339.97,1,114226.52,,,,0.9883,0,0
noaa_right_whale_heads,aerien,<absent>../imgs/whale_25878/w_1533.jpg,,,854.98,583.07,681.18,583.07,1,397175.62,,,,1.1683,0,0
noaa_right_whale_heads,aerien,<absent>../imgs/whale_25878/w_2230.jpg,,,1193.67,498.02,584.98,620.55,1,363009.34,,,,0.9427,0,0
noaa_right_whale_heads,aerien,<absent>../imgs/whale_25878/w_2245.jpg,,,1284.58,984.18,553.36,577.07,1,319327.46,,,,0.9589,0,0
noaa_right_whale_heads,aerien,<absent>../imgs/whale_25878/w_2774.jpg,,,1525.35,647.69,445.87,511.58,1,228098.17,,,,0.8716,0,0
noaa_right_whale_heads,aerien,<absent>../imgs/whale_25878/w_2993.jpg,,,1994.69,1403.32,868.28,1088.86,1,945435.36,,,,0.7974,0,0
noaa_right_whale_heads,aerien,<absent>../imgs/whale_25878/w_4793.jpg,,,2351.38,1497.19,980.92,1112.33,1,1091106.74,,,,0.8819,0,0
noaa_right_whale_heads,aerien,<absent>../imgs/whale_25878/w_5077.jpg,,,658.65,918.33,396.6,429.65,1,170399.19,,,,0.9231,0,0
noaa_right_whale_heads,aerien,<absent>../imgs/whale_25878/w_578.jpg,,,1014.77,507.38,490.56,616.71,1,302533.26,,,,0.7954,0,0
noaa_right_whale_heads,aerien,<absent>../imgs/whale_25878/w_592.jpg,,,1592.23,630.72,434.5,501.78,1,218023.41,,,,0.8659,0,0
noaa_right_whale_heads,aerien,<absent>../imgs/whale_25878/w_6638.jpg,,,2069.78,811.96,680.54,872.97,1,594091.0,,,,0.7796,0,0
noaa_right_whale_heads,aerien,<absent>../imgs/whale_25878/w_6994.jpg,,,1464.34,802.57,708.7,661.77,1,468996.4,,,,1.0709,0,0
noaa_right_whale_heads,aerien,<absent>../imgs/whale_25878/w_7376.jpg,,,1308.29,1039.52,501.97,517.78,1,259910.03,,,,0.9695,0,0
noaa_right_whale_heads,aerien,<absent>../imgs/whale_25878/w_7713.jpg,,,1217.38,735.17,498.02,411.06,1,204716.1,,,,1.2116,0,0
noaa_right_whale_heads,aerien,<absent>../imgs/whale_25878/w_7773.jpg,,,1035.8,1145.15,475.16,411.54,1,195547.35,,,,1.1546,0,0
noaa_right_whale_heads,aerien,<absent>../imgs/whale_25878/w_831.jpg,,,2140.06,1103.47,986.44,1103.47,1,1088506.95,,,,0.8939,0,0
noaa_right_whale_heads,aerien,<absent>../imgs/whale_25878/w_8713.jpg,,,1267.54,699.16,719.28,709.22,1,510127.76,,,,1.0142,0,0
noaa_right_whale_heads,aerien,<absent>../imgs/whale_25878/w_9019.jpg,,,857.35,730.1,288.91,336.89,1,97330.89,,,,0.8576,0,0
noaa_right_whale_heads,aerien,<absent>../imgs/whale_26212/w_1080.jpg,,,1301.5,1404.69,302.91,322.88,1,97803.58,,,,0.9382,0,0
noaa_right_whale_heads,aerien,<absent>../imgs/whale_26212/w_8235.jpg,,,1201.62,1178.01,321.06,339.95,1,109144.35,,,,0.9444,0,0
noaa_right_whale_heads,aerien,<absent>../imgs/whale_26288/w_1243.jpg,,,2051.37,1422.91,853.75,703.55,1,600655.81,,,,1.2135,0,0
noaa_right_whale_heads,aerien,<absent>../imgs/whale_26288/w_1403.jpg,,,3371.72,1292.96,1253.94,1047.74,1,1313803.1,,,,1.1968,0,0
noaa_right_whale_heads,aerien,<absent>../imgs/whale_26288/w_1531.jpg,,,1719.36,1237.15,442.68,300.39,1,132976.65,,,,1.4737,0,0
noaa_right_whale_heads,aerien,<absent>../imgs/whale_26288/w_266.jpg,,,1534.5,289.59,589.17,409.42,1,241217.98,,,,1.439,0,0
noaa_right_whale_heads,aerien,<absent>../imgs/whale_26288/w_3159.jpg,,,1387.7,1543.74,551.74,479.29,1,264443.46,,,,1.1512,0,0
noaa_right_whale_heads,aerien,<absent>../imgs/whale_26288/w_3920.jpg,,,1581.02,398.06,487.76,451.32,1,220135.84,,,,1.0807,0,0
noaa_right_whale_heads,aerien,<absent>../imgs/whale_26288/w_4385.jpg,,,1239.39,1031.64,609.07,446.18,1,271754.85,,,,1.3651,0,0
noaa_right_whale_heads,aerien,<absent>../imgs/whale_26288/w_4394.jpg,,,1318.84,1046.62,774.41,633.61,1,490673.92,,,,1.2222,0,0
noaa_right_whale_heads,aerien,<absent>../imgs/whale_26288/w_4460.jpg,,,1121.75,216.36,442.71,466.01,1,206307.29,,,,0.95,0,0
noaa_right_whale_heads,aerien,<absent>../imgs/whale_26288/w_4548.jpg,,,1073.63,709.21,605.5,555.04,1,336076.72,,,,1.0909,0,0
noaa_right_whale_heads,aerien,<absent>../imgs/whale_26288/w_4820.jpg,,,1822.12,814.22,474.3,490.12,1,232463.92,,,,0.9677,0,0
noaa_right_whale_heads,aerien,<absent>../imgs/whale_26288/w_5652.jpg,,,4209.96,305.07,797.88,779.1,1,621628.31,,,,1.0241,0,0
noaa_right_whale_heads,aerien,<absent>../imgs/whale_26288/w_6127.jpg,,,517.78,1197.62,802.37,703.55,1,564507.41,,,,1.1405,0,0
noaa_right_whale_heads,aerien,<absent>../imgs/whale_26288/w_7387.jpg,,,1301.5,935.35,672.39,472.67,1,317818.58,,,,1.4225,0,0
noaa_right_whale_heads,aerien,<absent>../imgs/whale_26288/w_7530.jpg,,,1534.5,272.95,476.0,495.97,1,236081.72,,,,0.9597,0,0
noaa_right_whale_heads,aerien,<absent>../imgs/whale_26288/w_8319.jpg,,,1324.8,699.01,416.08,362.82,1,150962.15,,,,1.1468,0,0
noaa_right_whale_heads,aerien,<absent>../imgs/whale_26288/w_8639.jpg,,,3308.84,966.18,1012.5,648.53,1,656636.62,,,,1.5612,0,0
noaa_right_whale_heads,aerien,<absent>../imgs/whale_26288/w_8676.jpg,,,1592.87,758.89,387.35,529.64,1,205156.05,,,,0.7313,0,0
noaa_right_whale_heads,aerien,<absent>../imgs/whale_26288/w_8774.jpg,,,1410.02,905.44,364.42,448.52,1,163449.66,,,,0.8125,0,0
noaa_right_whale_heads,aerien,<absent>../imgs/whale_26288/w_8846.jpg,,,2280.98,1431.48,882.36,652.38,1,575634.02,,,,1.3525,0,0
noaa_right_whale_heads,aerien,<absent>../imgs/whale_26288/w_9297.jpg,,,1182.73,559.49,450.9,406.05,1,183087.95,,,,1.1105,0,0
noaa_right_whale_heads,aerien,<absent>../imgs/whale_26288/w_954.jpg,,,1454.95,516.27,445.87,413.02,1,184153.23,,,,1.0795,0,0
noaa_right_whale_heads,aerien,<absent>../imgs/whale_26397/w_1039.jpg,,,927.87,905.44,703.61,470.94,1,331358.09,,,,1.4941,0,0
noaa_right_whale_heads,aerien,<absent>../imgs/whale_26397/w_1370.jpg,,,1517.86,522.6,522.6,289.59,1,151339.73,,,,1.8046,0,0
noaa_right_whale_heads,aerien,<absent>../imgs/whale_26397/w_1400.jpg,,,1284.86,605.81,579.18,372.81,1,215924.1,,,,1.5536,0,0
noaa_right_whale_heads,aerien,<absent>../imgs/whale_26397/w_1423.jpg,,,1209.48,778.65,482.21,430.83,1,207750.53,,,,1.1193,0,0
noaa_right_whale_heads,aerien,<absent>../imgs/whale_26397/w_175.jpg,,,1632.4,833.99,719.36,703.55,1,506105.73,,,,1.0225,0,0
noaa_right_whale_heads,aerien,<absent>../imgs/whale_26397/w_2124.jpg,,,823.07,1019.9,465.22,337.98,1,157235.06,,,,1.3765,0,0
noaa_right_whale_heads,aerien,<absent>../imgs/whale_26397/w_228.jpg,,,1524.95,473.74,426.09,299.94,1,127801.43,,,,1.4206,0,0
noaa_right_whale_heads,aerien,<absent>../imgs/whale_26397/w_299.jpg,,,1379.85,995.0,422.4,497.5,1,210144.0,,,,0.849,0,0
noaa_right_whale_heads,aerien,<absent>../imgs/whale_26397/w_3902.jpg,,,1473.72,736.86,577.29,736.86,1,425381.91,,,,0.7834,0,0
noaa_right_whale_heads,aerien,<absent>../imgs/whale_26397/w_4026.jpg,,,1483.11,685.23,581.98,591.37,1,344165.51,,,,0.9841,0,0
noaa_right_whale_heads,aerien,<absent>../imgs/whale_26397/w_4924.jpg,,,875.43,882.09,735.63,625.78,1,460342.54,,,,1.1755,0,0
noaa_right_whale_heads,aerien,<absent>../imgs/whale_26397/w_5171.jpg,,,1306.3,552.23,633.53,585.87,1,371166.22,,,,1.0813,0,0
noaa_right_whale_heads,aerien,<absent>../imgs/whale_26397/w_5605.jpg,,,1003.55,756.87,574.66,454.12,1,260964.6,,,,1.2654,0,0
noaa_right_whale_heads,aerien,<absent>../imgs/whale_26397/w_6054.jpg,,,1471.26,732.3,505.95,525.93,1,266094.28,,,,0.962,0,0
noaa_right_whale_heads,aerien,<absent>../imgs/whale_26397/w_6178.jpg,,,999.69,779.1,539.74,441.18,1,238122.49,,,,1.2234,0,0
noaa_right_whale_heads,aerien,<absent>../imgs/whale_26397/w_6512.jpg,,,1283.88,835.36,675.58,748.46,1,505644.61,,,,0.9026,0,0
noaa_right_whale_heads,aerien,<absent>../imgs/whale_26397/w_7447.jpg,,,980.23,837.94,739.13,644.26,1,476191.89,,,,1.1473,0,0
noaa_right_whale_heads,aerien,<absent>../imgs/whale_26654/w_1801.jpg,,,1627.71,795.55,469.34,595.83,1,279646.85,,,,0.7877,0,0
noaa_right_whale_heads,aerien,<absent>../imgs/whale_26654/w_2167.jpg,,,1045.81,1041.09,457.98,502.84,1,230290.66,,,,0.9108,0,0
noaa_right_whale_heads,aerien,<absent>../imgs/whale_26654/w_315.jpg,,,455.26,624.22,535.05,680.54,1,364122.93,,,,0.7862,0,0
noaa_right_whale_heads,aerien,<absent>../imgs/whale_26654/w_467.jpg,,,1102.95,1131.11,699.31,497.5,1,347906.72,,,,1.4056,0,0
noaa_right_whale_heads,aerien,<absent>../imgs/whale_26654/w_5062.jpg,,,945.33,655.74,575.85,422.74,1,243434.83,,,,1.3622,0,0
noaa_right_whale_heads,aerien,<absent>../imgs/whale_26654/w_5576.jpg,,,1102.46,1121.35,318.7,231.35,1,73731.24,,,,1.3776,0,0
noaa_right_whale_heads,aerien,<absent>../imgs/whale_26686/w_1995.jpg,,,1145.19,657.07,642.99,520.97,1,334978.5,,,,1.2342,0,0
noaa_right_whale_heads,aerien,<absent>../imgs/whale_26686/w_2158.jpg,,,1125.08,865.45,732.3,639.1,1,468012.93,,,,1.1458,0,0
noaa_right_whale_heads,aerien,<absent>../imgs/whale_26686/w_3012.jpg,,,1101.41,874.76,455.27,367.8,1,167448.31,,,,1.2378,0,0
noaa_right_whale_heads,aerien,<absent>../imgs/whale_26686/w_3710.jpg,,,1062.42,1098.86,414.88,409.27,1,169797.94,,,,1.0137,0,0
noaa_right_whale_heads,aerien,<absent>../imgs/whale_26686/w_4443.jpg,,,525.69,782.6,426.87,486.16,1,207527.12,,,,0.878,0,0
noaa_right_whale_heads,aerien,<absent>../imgs/whale_26686/w_4843.jpg,,,2343.86,1083.0,711.46,853.75,1,607408.97,,,,0.8333,0,0
noaa_right_whale_heads,aerien,<absent>../imgs/whale_26686/w_5700.jpg,,,1018.56,256.31,785.56,772.24,1,606640.85,,,,1.0172,0,0
noaa_right_whale_heads,aerien,<absent>../imgs/whale_26686/w_5917.jpg,,,1417.4,905.82,370.78,492.81,1,182724.09,,,,0.7524,0,0
noaa_right_whale_heads,aerien,<absent>../imgs/whale_26686/w_6188.jpg,,,1431.32,1041.86,522.6,452.7,1,236581.02,,,,1.1544,0,0
noaa_right_whale_heads,aerien,<absent>../imgs/whale_26686/w_6529.jpg,,,2112.02,1896.13,1276.6,1262.52,1,1611733.03,,,,1.0112,0,0
noaa_right_whale_heads,aerien,<absent>../imgs/whale_26686/w_6561.jpg,,,1401.61,858.86,367.8,369.79,1,136008.76,,,,0.9946,0,0
noaa_right_whale_heads,aerien,<absent>../imgs/whale_26686/w_6675.jpg,,,793.18,741.55,445.87,497.5,1,221820.33,,,,0.8962,0,0
noaa_right_whale_heads,aerien,<absent>../imgs/whale_26686/w_847.jpg,,,2707.49,1802.36,675.88,494.07,1,333932.03,,,,1.368,0,0
noaa_right_whale_heads,aerien,<absent>../imgs/whale_27085/w_2865.jpg,,,1011.85,628.45,632.41,624.5,1,394940.04,,,,1.0127,0,0
noaa_right_whale_heads,aerien,<absent>../imgs/whale_27085/w_4132.jpg,,,1009.08,591.37,943.37,666.46,1,628718.37,,,,1.4155,0,0
noaa_right_whale_heads,aerien,<absent>../imgs/whale_27085/w_4962.jpg,,,905.39,549.23,645.76,699.01,1,451392.7,,,,0.9238,0,0
noaa_right_whale_heads,aerien,<absent>../imgs/whale_27085/w_5032.jpg,,,1590.48,984.11,729.63,508.95,1,371345.19,,,,1.4336,0,0
noaa_right_whale_heads,aerien,<absent>../imgs/whale_27221/w_2804.jpg,,,1019.76,288.54,920.94,750.98,1,691607.52,,,,1.2263,0,0
noaa_right_whale_heads,aerien,<absent>../imgs/whale_27221/w_285.jpg,,,1947.75,1469.03,1347.0,868.28,1,1169573.16,,,,1.5513,0,0
noaa_right_whale_heads,aerien,<absent>../imgs/whale_27221/w_3405.jpg,,,1495.3,436.3,601.51,508.32,1,305759.56,,,,1.1833,0,0
noaa_right_whale_heads,aerien,<absent>../imgs/whale_27221/w_3830.jpg,,,2454.53,1169.95,687.74,814.22,1,559971.66,,,,0.8447,0,0
noaa_right_whale_heads,aerien,<absent>../imgs/whale_27221/w_6478.jpg,,,1838.41,1194.54,986.98,1236.9,1,1220795.56,,,,0.7979,0,0
noaa_right_whale_heads,aerien,<absent>../imgs/whale_27221/w_8142.jpg,,,1938.98,1277.21,1111.77,900.0,1,1000593.0,,,,1.2353,0,0
noaa_right_whale_heads,aerien,<absent>../imgs/whale_27820/w_1164.jpg,,,781.4,871.11,521.72,554.77,1,289434.6,,,,0.9404,0,0
noaa_right_whale_heads,aerien,<absent>../imgs/whale_27820/w_2145.jpg,,,985.61,962.14,657.07,464.64,1,305301.0,,,,1.4141,0,0
noaa_right_whale_heads,aerien,<absent>../imgs/whale_27820/w_4181.jpg,,,1420.17,730.27,578.28,686.34,1,396896.7,,,,0.8426,0,0
noaa_right_whale_heads,aerien,<absent>../imgs/whale_27820/w_5128.jpg,,,1175.65,734.19,540.61,606.71,1,327993.49,,,,0.8911,0,0
noaa_right_whale_heads,aerien,<absent>../imgs/whale_27820/w_7059.jpg,,,1198.62,780.54,536.51,448.58,1,240667.66,,,,1.196,0,0
noaa_right_whale_heads,aerien,<absent>../imgs/whale_27820/w_8287.jpg,,,1252.96,770.75,660.07,616.6,1,406999.16,,,,1.0705,0,0
noaa_right_whale_heads,aerien,<absent>../imgs/whale_27834/w_2352.jpg,,,1321.47,858.79,482.65,262.96,1,126917.64,,,,1.8355,0,0
noaa_right_whale_heads,aerien,<absent>../imgs/whale_27834/w_6352.jpg,,,1323.12,1199.78,470.94,412.07,1,194060.25,,,,1.1429,0,0
noaa_right_whale_heads,aerien,<absent>../imgs/whale_27834/w_7467.jpg,,,1426.93,958.88,379.5,273.24,1,103694.58,,,,1.3889,0,0
noaa_right_whale_heads,aerien,<absent>../imgs/whale_27834/w_9027.jpg,,,1554.69,1071.59,377.74,441.36,1,166719.33,,,,0.8559,0,0
noaa_right_whale_heads,aerien,<absent>../imgs/whale_27860/w_610.jpg,,,1320.15,743.08,430.83,498.02,1,214561.96,,,,0.8651,0,0
noaa_right_whale_heads,aerien,<absent>../imgs/whale_27860/w_9308.jpg,,,1281.29,779.1,591.37,455.26,1,269227.11,,,,1.299,0,0
noaa_right_whale_heads,aerien,<absent>../imgs/whale_28216/w_1824.jpg,,,1187.45,509.92,453.26,422.57,1,191534.08,,,,1.0726,0,0
noaa_right_whale_heads,aerien,<absent>../imgs/whale_28216/w_3070.jpg,,,1129.24,741.56,640.17,580.53,1,371637.89,,,,1.1027,0,0
noaa_right_whale_heads,aerien,<absent>../imgs/whale_28216/w_81.jpg,,,1337.99,852.89,443.35,465.22,1,206255.29,,,,0.953,0,0
noaa_right_whale_heads,aerien,<absent>../imgs/whale_28216/w_8874.jpg,,,1192.86,681.92,421.48,332.01,1,139935.57,,,,1.2695,0,0
noaa_right_whale_heads,aerien,<absent>../imgs/whale_28263/w_1660.jpg,,,1035.57,703.55,438.73,407.11,1,178611.37,,,,1.0777,0,0
noaa_right_whale_heads,aerien,<absent>../imgs/whale_28263/w_235.jpg,,,1745.94,699.31,549.13,591.37,1,324739.01,,,,0.9286,0,0
noaa_right_whale_heads,aerien,<absent>../imgs/whale_28263/w_353.jpg,,,1145.05,589.17,762.26,818.85,1,624176.6,,,,0.9309,0,0
noaa_right_whale_heads,aerien,<absent>../imgs/whale_28263/w_3845.jpg,,,1159.12,521.72,507.56,554.77,1,281579.06,,,,0.9149,0,0
noaa_right_whale_heads,aerien,<absent>../imgs/whale_28263/w_4474.jpg,,,1074.14,642.12,587.82,564.22,1,331659.8,,,,1.0418,0,0
noaa_right_whale_heads,aerien,<absent>../imgs/whale_28263/w_4730.jpg,,,952.76,732.17,309.76,389.55,1,120667.01,,,,0.7952,0,0
noaa_right_whale_heads,aerien,<absent>../imgs/whale_28263/w_7252.jpg,,,1185.76,372.83,549.43,529.81,1,291093.51,,,,1.037,0,0
noaa_right_whale_heads,aerien,<absent>../imgs/whale_28263/w_7896.jpg,,,1098.25,793.18,352.0,394.24,1,138772.48,,,,0.8929,0,0
noaa_right_whale_heads,aerien,<absent>../imgs/whale_28263/w_8194.jpg,,,1041.93,1102.95,586.67,539.74,1,316649.27,,,,1.0869,0,0
noaa_right_whale_heads,aerien,<absent>../imgs/whale_28263/w_956.jpg,,,1018.56,532.58,612.47,525.93,1,322116.35,,,,1.1645,0,0
noaa_right_whale_heads,aerien,<absent>../imgs/whale_28384/w_3374.jpg,,,1754.93,102.77,679.84,644.26,1,437993.72,,,,1.0552,0,0
noaa_right_whale_heads,aerien,<absent>../imgs/whale_28384/w_5705.jpg,,,1322.01,838.06,502.84,550.05,1,276587.14,,,,0.9142,0,0
noaa_right_whale_heads,aerien,<absent>../imgs/whale_28384/w_5875.jpg,,,2256.9,1359.67,920.94,758.89,1,698892.16,,,,1.2135,0,0
noaa_right_whale_heads,aerien,<absent>../imgs/whale_28384/w_5953.jpg,,,895.4,1338.11,695.69,569.2,1,395986.75,,,,1.2222,0,0
noaa_right_whale_heads,aerien,<absent>../imgs/whale_28384/w_6113.jpg,,,1320.15,960.47,616.6,612.64,1,377753.82,,,,1.0065,0,0
noaa_right_whale_heads,aerien,<absent>../imgs/whale_28384/w_6451.jpg,,,1375.16,788.49,558.51,657.07,1,366980.17,,,,0.85,0,0
noaa_right_whale_heads,aerien,<absent>../imgs/whale_28384/w_7168.jpg,,,2656.11,1478.25,861.65,766.79,1,660704.6,,,,1.1237,0,0
noaa_right_whale_heads,aerien,<absent>../imgs/whale_28384/w_7599.jpg,,,1383.39,747.03,549.4,490.12,1,269271.93,,,,1.1209,0,0
noaa_right_whale_heads,aerien,<absent>../imgs/whale_28384/w_7616.jpg,,,1433.97,676.8,482.22,659.88,1,318207.33,,,,0.7308,0,0
noaa_right_whale_heads,aerien,<absent>../imgs/whale_28384/w_7898.jpg,,,2332.0,1355.72,758.89,671.93,1,509920.96,,,,1.1294,0,0
noaa_right_whale_heads,aerien,<absent>../imgs/whale_28892/w_1149.jpg,,,1389.24,657.07,605.45,539.74,1,326785.58,,,,1.1217,0,0
noaa_right_whale_heads,aerien,<absent>../imgs/whale_28892/w_1200.jpg,,,1466.02,727.11,377.72,330.5,1,124836.46,,,,1.1429,0,0
noaa_right_whale_heads,aerien,<absent>../imgs/whale_28892/w_1497.jpg,,,1032.54,990.3,657.07,539.74,1,354646.96,,,,1.2174,0,0
noaa_right_whale_heads,aerien,<absent>../imgs/whale_28892/w_160.jpg,,,1237.03,590.18,509.92,384.8,1,196217.22,,,,1.3252,0,0
noaa_right_whale_heads,aerien,<absent>../imgs/whale_28892/w_1666.jpg,,,786.56,703.55,798.41,596.83,1,476515.04,,,,1.3378,0,0
noaa_right_whale_heads,aerien,<absent>../imgs/whale_28892/w_1767.jpg,,,1584.43,922.03,389.45,429.39,1,167225.94,,,,0.907,0,0
noaa_right_whale_heads,aerien,<absent>../imgs/whale_28892/w_2304.jpg,,,1387.59,922.26,577.46,434.5,1,250906.37,,,,1.329,0,0
noaa_right_whale_heads,aerien,<absent>../imgs/whale_28892/w_2578.jpg,,,1126.41,901.13,417.71,370.78,1,154878.51,,,,1.1266,0,0
noaa_right_whale_heads,aerien,<absent>../imgs/whale_28892/w_2616.jpg,,,1031.61,1027.66,707.5,628.45,1,444628.38,,,,1.1258,0,0
noaa_right_whale_heads,aerien,<absent>../imgs/whale_28892/w_2656.jpg,,,1627.71,439.38,552.55,639.1,1,353134.7,,,,0.8646,0,0
noaa_right_whale_heads,aerien,<absent>../imgs/whale_28892/w_2736.jpg,,,1338.54,717.66,564.22,618.51,1,348975.71,,,,0.9122,0,0
noaa_right_whale_heads,aerien,<absent>../imgs/whale_28892/w_3033.jpg,,,1437.4,950.31,429.43,359.85,1,154530.39,,,,1.1934,0,0
noaa_right_whale_heads,aerien,<absent>../imgs/whale_28892/w_3137.jpg,,,1720.91,885.42,312.89,282.93,1,88525.97,,,,1.1059,0,0
noaa_right_whale_heads,aerien,<absent>../imgs/whale_28892/w_3507.jpg,,,1786.47,1201.32,250.98,249.57,1,62637.08,,,,1.0056,0,0
noaa_right_whale_heads,aerien,<absent>../imgs/whale_28892/w_4611.jpg,,,1268.77,920.94,636.36,521.74,1,332014.47,,,,1.2197,0,0
noaa_right_whale_heads,aerien,<absent>../imgs/whale_28892/w_4744.jpg,,,1591.06,713.39,642.99,605.45,1,389298.3,,,,1.062,0,0
noaa_right_whale_heads,aerien,<absent>../imgs/whale_28892/w_4930.jpg,,,1334.78,675.71,605.81,585.84,1,354907.73,,,,1.0341,0,0
noaa_right_whale_heads,aerien,<absent>../imgs/whale_28892/w_4937.jpg,,,1522.15,681.18,378.43,372.83,1,141090.06,,,,1.015,0,0
noaa_right_whale_heads,aerien,<absent>../imgs/whale_28892/w_5139.jpg,,,1151.47,959.56,708.09,741.18,1,524822.15,,,,0.9554,0,0
noaa_right_whale_heads,aerien,<absent>../imgs/whale_28892/w_5271.jpg,,,1478.39,644.6,475.5,545.82,1,259537.41,,,,0.8712,0,0
noaa_right_whale_heads,aerien,<absent>../imgs/whale_28892/w_5659.jpg,,,1699.73,538.25,611.43,481.59,1,294458.57,,,,1.2696,0,0
noaa_right_whale_heads,aerien,<absent>../imgs/whale_28892/w_5765.jpg,,,1321.47,788.89,562.54,595.83,1,335178.21,,,,0.9441,0,0
noaa_right_whale_heads,aerien,<absent>../imgs/whale_28892/w_6008.jpg,,,2023.93,939.08,787.71,925.06,1,728679.01,,,,0.8515,0,0
noaa_right_whale_heads,aerien,<absent>../imgs/whale_28892/w_6690.jpg,,,1309.29,1058.15,308.07,219.33,1,67568.99,,,,1.4046,0,0
noaa_right_whale_heads,aerien,<absent>../imgs/whale_28892/w_6710.jpg,,,1786.55,1387.34,928.85,652.17,1,605768.1,,,,1.4242,0,0
noaa_right_whale_heads,aerien,<absent>../imgs/whale_28892/w_7473.jpg,,,964.42,798.41,675.88,505.93,1,341947.97,,,,1.3359,0,0
noaa_right_whale_heads,aerien,<absent>../imgs/whale_28892/w_7492.jpg,,,1128.47,1036.38,525.72,272.91,1,143474.25,,,,1.9263,0,0
noaa_right_whale_heads,aerien,<absent>../imgs/whale_28892/w_7830.jpg,,,1992.08,1782.6,1031.61,770.75,1,795113.41,,,,1.3384,0,0
noaa_right_whale_heads,aerien,<absent>../imgs/whale_28892/w_7950.jpg,,,1194.9,892.72,454.03,400.34,1,181766.37,,,,1.1341,0,0
noaa_right_whale_heads,aerien,<absent>../imgs/whale_28892/w_815.jpg,,,1548.64,653.92,599.63,557.13,1,334071.86,,,,1.0763,0,0
noaa_right_whale_heads,aerien,<absent>../imgs/whale_28892/w_8408.jpg,,,1586.62,633.53,577.46,518.6,1,299470.76,,,,1.1135,0,0
noaa_right_whale_heads,aerien,<absent>../imgs/whale_28892/w_872.jpg,,,1258.47,1334.02,570.58,451.3,1,257502.75,,,,1.2643,0,0
noaa_right_whale_heads,aerien,<absent>../imgs/whale_28892/w_9379.jpg,,,1304.34,747.03,592.88,616.6,1,365569.81,,,,0.9615,0,0
noaa_right_whale_heads,aerien,<absent>../imgs/whale_29172/w_246.jpg,,,2128.17,1786.45,826.18,663.97,1,548558.73,,,,1.2443,0,0
noaa_right_whale_heads,aerien,<absent>../imgs/whale_29172/w_39.jpg,,,1984.68,1028.78,574.66,423.29,1,243247.83,,,,1.3576,0,0
noaa_right_whale_heads,aerien,<absent>../imgs/whale_29172/w_4489.jpg,,,1607.09,2027.93,652.6,856.91,1,559219.47,,,,0.7616,0,0
noaa_right_whale_heads,aerien,<absent>../imgs/whale_29172/w_8216.jpg,,,1893.27,1122.52,557.31,494.07,1,275350.15,,,,1.128,0,0
noaa_right_whale_heads,aerien,<absent>../imgs/whale_29294/w_1458.jpg,,,1108.44,599.16,645.76,692.36,1,447098.39,,,,0.9327,0,0
noaa_right_whale_heads,aerien,<absent>../imgs/whale_29294/w_2850.jpg,,,1391.33,646.27,502.28,642.92,1,322925.86,,,,0.7812,0,0
noaa_right_whale_heads,aerien,<absent>../imgs/whale_29294/w_3681.jpg,,,1332.92,985.61,361.39,455.26,1,164526.41,,,,0.7938,0,0
noaa_right_whale_heads,aerien,<absent>../imgs/whale_29294/w_4187.jpg,,,1323.12,1213.79,417.68,414.88,1,173287.08,,,,1.0067,0,0
noaa_right_whale_heads,aerien,<absent>../imgs/whale_29294/w_6031.jpg,,,2098.8,1604.73,335.97,308.3,1,103579.55,,,,1.0898,0,0
noaa_right_whale_heads,aerien,<absent>../imgs/whale_29294/w_7553.jpg,,,1925.74,1601.48,383.82,363.97,1,139698.97,,,,1.0545,0,0
noaa_right_whale_heads,aerien,<absent>../imgs/whale_29569/w_1397.jpg,,,1427.99,758.93,755.6,545.9,1,412482.04,,,,1.3841,0,0
noaa_right_whale_heads,aerien,<absent>../imgs/whale_29569/w_2747.jpg,,,1422.91,411.06,699.6,592.88,1,414778.85,,,,1.18,0,0
noaa_right_whale_heads,aerien,<absent>../imgs/whale_29569/w_4707.jpg,,,916.99,747.03,470.35,691.69,1,325336.39,,,,0.68,0,0
noaa_right_whale_heads,aerien,<absent>../imgs/whale_29569/w_5557.jpg,,,2426.58,1477.92,728.97,655.74,1,478014.79,,,,1.1117,0,0
noaa_right_whale_heads,aerien,<absent>../imgs/whale_29569/w_7661.jpg,,,1932.79,992.09,909.08,1023.71,1,930634.29,,,,0.888,0,0
noaa_right_whale_heads,aerien,<absent>../imgs/whale_29569/w_7969.jpg,,,616.6,1055.33,620.55,553.36,1,343387.55,,,,1.1214,0,0
noaa_right_whale_heads,aerien,<absent>../imgs/whale_29569/w_805.jpg,,,1106.71,505.93,762.84,727.27,1,554790.65,,,,1.0489,0,0
noaa_right_whale_heads,aerien,<absent>../imgs/whale_29569/w_8826.jpg,,,2026.26,1515.48,656.5,408.01,1,267858.57,,,,1.609,0,0
noaa_right_whale_heads,aerien,<absent>../imgs/whale_29569/w_8884.jpg,,,1525.68,782.6,509.88,648.22,1,330514.41,,,,0.7866,0,0
noaa_right_whale_heads,aerien,<absent>../imgs/whale_29569/w_8999.jpg,,,1295.89,1116.75,339.88,442.01,1,150230.36,,,,0.7689,0,0
noaa_right_whale_heads,aerien,<absent>../imgs/whale_29569/w_9018.jpg,,,1015.12,434.38,474.51,469.79,1,222920.05,,,,1.01,0,0
noaa_right_whale_heads,aerien,<absent>../imgs/whale_29569/w_9278.jpg,,,1318.84,811.96,506.89,497.5,1,252177.77,,,,1.0189,0,0
noaa_right_whale_heads,aerien,<absent>../imgs/whale_29569/w_9328.jpg,,,1723.31,592.88,462.45,636.36,1,294284.68,,,,0.7267,0,0
noaa_right_whale_heads,aerien,<absent>../imgs/whale_29858/w_1453.jpg,,,1224.67,1009.95,504.98,495.04,1,249985.3,,,,1.0201,0,0
noaa_right_whale_heads,aerien,<absent>../imgs/whale_29858/w_1671.jpg,,,1356.39,732.17,516.27,398.94,1,205960.75,,,,1.2941,0,0
noaa_right_whale_heads,aerien,<absent>../imgs/whale_29858/w_1920.jpg,,,1446.46,857.79,608.3,664.36,1,404130.19,,,,0.9156,0,0
noaa_right_whale_heads,aerien,<absent>../imgs/whale_29858/w_3164.jpg,,,1158.09,1035.57,648.22,529.64,1,343323.24,,,,1.2239,0,0
noaa_right_whale_heads,aerien,<absent>../imgs/whale_29858/w_3510.jpg,,,1208.76,922.48,634.2,493.05,1,312692.31,,,,1.2863,0,0
noaa_right_whale_heads,aerien,<absent>../imgs/whale_29858/w_4759.jpg,,,1354.76,938.68,509.28,479.32,1,244108.09,,,,1.0625,0,0
noaa_right_whale_heads,aerien,<absent>../imgs/whale_29858/w_48.jpg,,,1111.77,539.24,605.81,662.4,1,401288.54,,,,0.9146,0,0
noaa_right_whale_heads,aerien,<absent>../imgs/whale_29858/w_5594.jpg,,,1398.63,774.41,530.35,398.94,1,211577.83,,,,1.3294,0,0
noaa_right_whale_heads,aerien,<absent>../imgs/whale_29858/w_5601.jpg,,,1320.82,802.52,417.98,328.81,1,137436.0,,,,1.2712,0,0
noaa_right_whale_heads,aerien,<absent>../imgs/whale_29858/w_7706.jpg,,,1309.45,948.06,713.39,558.51,1,398435.45,,,,1.2773,0,0
noaa_right_whale_heads,aerien,<absent>../imgs/whale_30074/w_1411.jpg,,,2525.04,1398.63,736.86,666.46,1,491087.72,,,,1.1056,0,0
noaa_right_whale_heads,aerien,<absent>../imgs/whale_30074/w_2563.jpg,,,2046.32,1196.81,666.46,732.17,1,487962.02,,,,0.9103,0,0
noaa_right_whale_heads,aerien,<absent>../imgs/whale_30074/w_8196.jpg,,,2226.86,1408.01,512.61,539.24,1,276419.82,,,,0.9506,0,0
noaa_right_whale_heads,aerien,<absent>../imgs/whale_30331/w_125.jpg,,,829.75,395.25,812.93,790.51,1,642629.29,,,,1.0284,0,0
noaa_right_whale_heads,aerien,<absent>../imgs/whale_30331/w_1261.jpg,,,1501.02,703.79,556.67,429.43,1,239050.8,,,,1.2963,0,0
noaa_right_whale_heads,aerien,<absent>../imgs/whale_30331/w_158.jpg,,,1964.41,1051.38,1343.86,1051.38,1,1412907.53,,,,1.2782,0,0
noaa_right_whale_heads,aerien,<absent>../imgs/whale_30331/w_1828.jpg,,,1088.86,844.81,610.14,417.71,1,254861.58,,,,1.4607,0,0
noaa_right_whale_heads,aerien,<absent>../imgs/whale_30331/w_1988.jpg,,,2045.32,2062.04,757.94,936.28,1,709644.06,,,,0.8095,0,0
noaa_right_whale_heads,aerien,<absent>../imgs/whale_30331/w_2312.jpg,,,1431.32,968.63,319.55,299.58,1,95730.79,,,,1.0667,0,0
noaa_right_whale_heads,aerien,<absent>../imgs/whale_30331/w_259.jpg,,,2262.21,2144.88,858.89,943.37,1,810251.06,,,,0.9104,0,0
noaa_right_whale_heads,aerien,<absent>../imgs/whale_30331/w_3277.jpg,,,1425.51,972.9,296.1,221.37,1,65547.66,,,,1.3376,0,0
noaa_right_whale_heads,aerien,<absent>../imgs/whale_30331/w_3990.jpg,,,1250.51,1015.92,502.99,526.85,1,265000.28,,,,0.9547,0,0
noaa_right_whale_heads,aerien,<absent>../imgs/whale_30331/w_4642.jpg,,,2246.83,1850.72,862.12,808.86,1,697334.38,,,,1.0658,0,0
noaa_right_whale_heads,aerien,<absent>../imgs/whale_30331/w_5026.jpg,,,1332.01,1288.53,339.92,288.54,1,98080.52,,,,1.1781,0,0
noaa_right_whale_heads,aerien,<absent>../imgs/whale_30331/w_531.jpg,,,1370.47,849.5,657.07,671.15,1,440992.53,,,,0.979,0,0
noaa_right_whale_heads,aerien,<absent>../imgs/whale_30331/w_5418.jpg,,,1245.05,928.85,521.74,458.49,1,239212.57,,,,1.138,0,0
noaa_right_whale_heads,aerien,<absent>../imgs/whale_30331/w_5707.jpg,,,1894.85,2435.44,841.54,975.29,1,820745.55,,,,0.8629,0,0
noaa_right_whale_heads,aerien,<absent>../imgs/whale_30331/w_6404.jpg,,,1562.81,915.97,620.87,665.73,1,413331.79,,,,0.9326,0,0
noaa_right_whale_heads,aerien,<absent>../imgs/whale_30331/w_7148.jpg,,,1359.24,940.47,229.83,184.71,1,42451.9,,,,1.2443,0,0
noaa_right_whale_heads,aerien,<absent>../imgs/whale_30331/w_7797.jpg,,,1140.91,997.95,532.61,653.15,1,347874.22,,,,0.8154,0,0
noaa_right_whale_heads,aerien,<absent>../imgs/whale_30331/w_8088.jpg,,,1149.88,680.54,596.06,516.27,1,307727.9,,,,1.1546,0,0
noaa_right_whale_heads,aerien,<absent>../imgs/whale_30331/w_8673.jpg,,,703.17,478.66,639.63,529.5,1,338684.09,,,,1.208,0,0
noaa_right_whale_heads,aerien,<absent>../imgs/whale_30331/w_9252.jpg,,,2268.5,1519.04,809.82,779.64,1,631368.06,,,,1.0387,0,0
noaa_right_whale_heads,aerien,<absent>../imgs/whale_31594/w_2488.jpg,,,1361.08,685.23,394.24,342.62,1,135074.51,,,,1.1507,0,0
noaa_right_whale_heads,aerien,<absent>../imgs/whale_31594/w_2792.jpg,,,1619.22,685.23,347.31,394.24,1,136923.49,,,,0.881,0,0
noaa_right_whale_heads,aerien,<absent>../imgs/whale_31594/w_2932.jpg,,,1373.95,762.52,394.24,299.81,1,118197.09,,,,1.315,0,0
noaa_right_whale_heads,aerien,<absent>../imgs/whale_31594/w_317.jpg,,,1644.26,1335.96,604.74,462.45,1,279662.01,,,,1.3077,0,0
noaa_right_whale_heads,aerien,<absent>../imgs/whale_31594/w_356.jpg,,,713.35,1192.64,568.45,462.57,1,262947.92,,,,1.2289,0,0
noaa_right_whale_heads,aerien,<absent>../imgs/whale_31594/w_4027.jpg,,,1387.34,909.08,264.82,197.63,1,52336.38,,,,1.34,0,0
noaa_right_whale_heads,aerien,<absent>../imgs/whale_31594/w_4666.jpg,,,1379.85,718.09,403.63,370.78,1,149657.93,,,,1.0886,0,0
noaa_right_whale_heads,aerien,<absent>../imgs/whale_31594/w_4858.jpg,,,878.76,855.46,685.7,466.01,1,319543.06,,,,1.4714,0,0
noaa_right_whale_heads,aerien,<absent>../imgs/whale_31594/w_5082.jpg,,,1581.02,699.6,667.98,458.49,1,306262.15,,,,1.4569,0,0
noaa_right_whale_heads,aerien,<absent>../imgs/whale_31594/w_5830.jpg,,,1404.69,1068.49,482.65,329.54,1,159052.48,,,,1.4646,0,0
noaa_right_whale_heads,aerien,<absent>../imgs/whale_31594/w_7248.jpg,,,1061.84,752.27,426.07,296.25,1,126223.24,,,,1.4382,0,0
noaa_right_whale_heads,aerien,<absent>../imgs/whale_31594/w_8155.jpg,,,2379.55,783.79,1135.8,1027.85,1,1167432.03,,,,1.105,0,0
noaa_right_whale_heads,aerien,<absent>../imgs/whale_31594/w_8332.jpg,,,1689.35,842.16,274.58,204.26,1,56085.71,,,,1.3443,0,0
noaa_right_whale_heads,aerien,<absent>../imgs/whale_31594/w_8359.jpg,,,1267.72,571.3,644.48,649.2,1,418396.42,,,,0.9927,0,0
noaa_right_whale_heads,aerien,<absent>../imgs/whale_31594/w_8941.jpg,,,1408.01,1068.49,492.64,509.28,1,250891.7,,,,0.9673,0,0
noaa_right_whale_heads,aerien,<absent>../imgs/whale_31739/w_1861.jpg,,,1324.36,915.83,299.7,247.79,1,74262.66,,,,1.2095,0,0
noaa_right_whale_heads,aerien,<absent>../imgs/whale_31739/w_2113.jpg,,,1206.2,516.27,675.85,530.35,1,358437.05,,,,1.2743,0,0
noaa_right_whale_heads,aerien,<absent>../imgs/whale_31739/w_368.jpg,,,1412.82,872.79,382.11,307.38,1,117452.97,,,,1.2431,0,0
noaa_right_whale_heads,aerien,<absent>../imgs/whale_31739/w_6779.jpg,,,1294.84,965.31,552.55,502.62,1,277722.68,,,,1.0993,0,0
noaa_right_whale_heads,aerien,<absent>../imgs/whale_31739/w_7960.jpg,,,1300.39,999.99,608.69,513.83,1,312763.18,,,,1.1846,0,0
noaa_right_whale_heads,aerien,<absent>../imgs/whale_32021/w_3107.jpg,,,1407.1,667.98,731.22,648.22,1,473991.43,,,,1.128,0,0
noaa_right_whale_heads,aerien,<absent>../imgs/whale_32021/w_427.jpg,,,1699.0,1023.16,760.33,765.02,1,581667.66,,,,0.9939,0,0
noaa_right_whale_heads,aerien,<absent>../imgs/whale_32021/w_5683.jpg,,,976.28,984.18,592.88,533.59,1,316354.84,,,,1.1111,0,0
noaa_right_whale_heads,aerien,<absent>../imgs/whale_32021/w_58.jpg,,,1747.54,1421.33,802.2,612.47,1,491323.43,,,,1.3098,0,0
noaa_right_whale_heads,aerien,<absent>../imgs/whale_32021/w_6069.jpg,,,1370.47,783.79,572.59,619.53,1,354736.68,,,,0.9242,0,0
noaa_right_whale_heads,aerien,<absent>../imgs/whale_32021/w_6285.jpg,,,553.36,905.13,889.32,636.36,1,565927.68,,,,1.3975,0,0
noaa_right_whale_heads,aerien,<absent>../imgs/whale_32021/w_6768.jpg,,,642.92,673.06,691.48,488.89,1,338057.66,,,,1.4144,0,0
noaa_right_whale_heads,aerien,<absent>../imgs/whale_32087/w_1295.jpg,,,1027.85,718.09,619.53,549.13,1,340202.51,,,,1.1282,0,0
noaa_right_whale_heads,aerien,<absent>../imgs/whale_32087/w_2048.jpg,,,2004.07,1520.66,1347.0,1145.19,1,1542570.93,,,,1.1762,0,0
noaa_right_whale_heads,aerien,<absent>../imgs/whale_32087/w_2417.jpg,,,1139.18,821.09,552.69,451.3,1,249429.0,,,,1.2247,0,0
noaa_right_whale_heads,aerien,<absent>../imgs/whale_32087/w_297.jpg,,,1244.91,1660.99,1025.22,748.94,1,767828.27,,,,1.3689,0,0
noaa_right_whale_heads,aerien,<absent>../imgs/whale_32087/w_3074.jpg,,,1058.51,775.57,495.97,396.11,1,196458.68,,,,1.2521,0,0
noaa_right_whale_heads,aerien,<absent>../imgs/whale_32087/w_3081.jpg,,,905.44,692.4,482.15,541.02,1,260852.79,,,,0.8912,0,0
noaa_right_whale_heads,aerien,<absent>../imgs/whale_32087/w_4195.jpg,,,1600.44,830.73,384.86,309.76,1,119214.23,,,,1.2424,0,0
noaa_right_whale_heads,aerien,<absent>../imgs/whale_32087/w_4251.jpg,,,748.94,1484.57,1048.52,862.12,1,903950.06,,,,1.2162,0,0
noaa_right_whale_heads,aerien,<absent>../imgs/whale_32087/w_4381.jpg,,,1362.37,566.25,655.95,563.45,1,369595.03,,,,1.1642,0,0
noaa_right_whale_heads,aerien,<absent>../imgs/whale_32087/w_44.jpg,,,1229.24,905.13,596.83,482.21,1,287797.39,,,,1.2377,0,0
noaa_right_whale_heads,aerien,<absent>../imgs/whale_32087/w_4552.jpg,,,1433.97,920.73,528.75,459.66,1,243045.23,,,,1.1503,0,0
noaa_right_whale_heads,aerien,<absent>../imgs/whale_32087/w_4563.jpg,,,1004.38,868.28,600.75,380.16,1,228381.12,,,,1.5803,0,0
noaa_right_whale_heads,aerien,<absent>../imgs/whale_32087/w_4847.jpg,,,1278.27,832.56,518.6,524.2,1,271850.12,,,,0.9893,0,0
noaa_right_whale_heads,aerien,<absent>../imgs/whale_32087/w_5233.jpg,,,1877.35,985.61,699.31,619.53,1,433243.52,,,,1.1288,0,0
noaa_right_whale_heads,aerien,<absent>../imgs/whale_32087/w_6269.jpg,,,2023.7,1130.43,952.56,715.41,1,681470.95,,,,1.3315,0,0
noaa_right_whale_heads,aerien,<absent>../imgs/whale_32087/w_6570.jpg,,,1398.63,1018.46,624.22,488.11,1,304688.02,,,,1.2789,0,0
noaa_right_whale_heads,aerien,<absent>../imgs/whale_32087/w_6603.jpg,,,980.92,1347.0,1187.43,872.97,1,1036590.77,,,,1.3602,0,0
noaa_right_whale_heads,aerien,<absent>../imgs/whale_32087/w_7403.jpg,,,1412.82,734.44,580.27,386.84,1,224471.65,,,,1.5,0,0
noaa_right_whale_heads,aerien,<absent>../imgs/whale_32198/w_3005.jpg,,,1426.79,1309.45,1210.89,1018.46,1,1233243.03,,,,1.1889,0,0
noaa_right_whale_heads,aerien,<absent>../imgs/whale_32198/w_3545.jpg,,,1213.43,1984.18,984.18,909.08,1,894698.35,,,,1.0826,0,0
noaa_right_whale_heads,aerien,<absent>../imgs/whale_32198/w_3581.jpg,,,1731.21,1747.02,664.03,905.13,1,601033.47,,,,0.7336,0,0
noaa_right_whale_heads,aerien,<absent>../imgs/whale_32198/w_4124.jpg,,,1600.44,1469.03,1051.32,868.28,1,912840.13,,,,1.2108,0,0
noaa_right_whale_heads,aerien,<absent>../imgs/whale_32198/w_4271.jpg,,,1806.31,1561.25,1063.23,928.85,1,987581.19,,,,1.1447,0,0
noaa_right_whale_heads,aerien,<absent>../imgs/whale_32198/w_4610.jpg,,,2168.34,1985.3,915.21,896.44,1,820430.85,,,,1.0209,0,0
noaa_right_whale_heads,aerien,<absent>../imgs/whale_32198/w_4926.jpg,,,153.12,1544.49,1011.91,732.3,1,741021.69,,,,1.3818,0,0
noaa_right_whale_heads,aerien,<absent>../imgs/whale_32198/w_5554.jpg,,,2421.98,2029.53,470.94,367.22,1,172938.59,,,,1.2824,0,0
noaa_right_whale_heads,aerien,<absent>../imgs/whale_32198/w_6219.jpg,,,1471.29,1800.11,891.69,941.85,1,839838.23,,,,0.9467,0,0
noaa_right_whale_heads,aerien,<absent>../imgs/whale_32198/w_6976.jpg,,,1484.9,727.11,380.08,309.26,1,117543.54,,,,1.229,0,0
noaa_right_whale_heads,aerien,<absent>../imgs/whale_32198/w_7373.jpg,,,1354.76,772.24,316.22,242.99,1,76838.3,,,,1.3014,0,0
noaa_right_whale_heads,aerien,<absent>../imgs/whale_32198/w_7595.jpg,,,1545.44,1557.3,916.99,679.84,1,623406.48,,,,1.3488,0,0
noaa_right_whale_heads,aerien,<absent>../imgs/whale_32198/w_7725.jpg,,,2210.58,1609.83,863.58,610.14,1,526904.7,,,,1.4154,0,0
noaa_right_whale_heads,aerien,<absent>../imgs/whale_32702/w_1180.jpg,,,1258.65,473.74,869.0,518.6,1,450663.4,,,,1.6757,0,0
noaa_right_whale_heads,aerien,<absent>../imgs/whale_32702/w_1936.jpg,,,986.79,618.51,708.22,533.53,1,377856.62,,,,1.3274,0,0
noaa_right_whale_heads,aerien,<absent>../imgs/whale_32702/w_2520.jpg,,,1107.64,788.49,694.62,741.55,1,515095.46,,,,0.9367,0,0
noaa_right_whale_heads,aerien,<absent>../imgs/whale_32702/w_3127.jpg,,,1415.63,395.25,720.43,549.43,1,395825.85,,,,1.3112,0,0
noaa_right_whale_heads,aerien,<absent>../imgs/whale_32702/w_3825.jpg,,,1525.35,891.74,605.45,413.02,1,250062.96,,,,1.4659,0,0
noaa_right_whale_heads,aerien,<absent>../imgs/whale_32702/w_4914.jpg,,,1339.91,794.46,470.35,478.26,1,224949.59,,,,0.9835,0,0
noaa_right_whale_heads,aerien,<absent>../imgs/whale_32702/w_5762.jpg,,,1065.4,366.08,483.42,614.83,1,297221.12,,,,0.7863,0,0
noaa_right_whale_heads,aerien,<absent>../imgs/whale_32702/w_5832.jpg,,,1057.61,500.48,637.4,448.54,1,285899.4,,,,1.4211,0,0
noaa_right_whale_heads,aerien,<absent>../imgs/whale_32702/w_590.jpg,,,1284.86,755.6,722.31,532.58,1,384687.86,,,,1.3562,0,0
noaa_right_whale_heads,aerien,<absent>../imgs/whale_32702/w_6125.jpg,,,1146.24,711.46,565.21,664.03,1,375316.4,,,,0.8512,0,0
noaa_right_whale_heads,aerien,<absent>../imgs/whale_32702/w_6271.jpg,,,1426.79,962.14,600.75,642.99,1,386276.24,,,,0.9343,0,0
noaa_right_whale_heads,aerien,<absent>../imgs/whale_32702/w_6798.jpg,,,1028.55,758.93,752.27,642.43,1,483280.82,,,,1.171,0,0
noaa_right_whale_heads,aerien,<absent>../imgs/whale_32702/w_7364.jpg,,,1110.66,841.89,501.97,383.4,1,192455.3,,,,1.3093,0,0
noaa_right_whale_heads,aerien,<absent>../imgs/whale_32702/w_942.jpg,,,1576.98,844.81,502.19,544.43,1,273407.3,,,,0.9224,0,0
noaa_right_whale_heads,aerien,<absent>../imgs/whale_33140/w_1751.jpg,,,1098.25,793.18,525.66,638.3,1,335528.78,,,,0.8235,0,0
noaa_right_whale_heads,aerien,<absent>../imgs/whale_33140/w_213.jpg,,,1276.67,699.6,561.26,592.88,1,332759.83,,,,0.9467,0,0
noaa_right_whale_heads,aerien,<absent>../imgs/whale_33140/w_2416.jpg,,,1196.81,1736.55,1159.27,1027.85,1,1191555.67,,,,1.1279,0,0
noaa_right_whale_heads,aerien,<absent>../imgs/whale_33140/w_2553.jpg,,,1607.66,651.56,542.97,505.2,1,274308.44,,,,1.0748,0,0
noaa_right_whale_heads,aerien,<absent>../imgs/whale_33140/w_2721.jpg,,,1443.36,713.73,520.88,419.49,1,218503.95,,,,1.2417,0,0
noaa_right_whale_heads,aerien,<absent>../imgs/whale_33140/w_298.jpg,,,1166.0,1320.15,1304.34,893.27,1,1165127.79,,,,1.4602,0,0
noaa_right_whale_heads,aerien,<absent>../imgs/whale_33140/w_329.jpg,,,1206.2,755.63,610.14,502.19,1,306406.21,,,,1.215,0,0
noaa_right_whale_heads,aerien,<absent>../imgs/whale_33140/w_3856.jpg,,,1168.65,952.76,567.9,511.58,1,290526.28,,,,1.1101,0,0
noaa_right_whale_heads,aerien,<absent>../imgs/whale_33140/w_4603.jpg,,,2529.73,1234.36,802.57,727.47,1,583845.6,,,,1.1032,0,0
noaa_right_whale_heads,aerien,<absent>../imgs/whale_33140/w_4609.jpg,,,502.19,1332.92,1290.68,858.89,1,1108552.15,,,,1.5027,0,0
noaa_right_whale_heads,aerien,<absent>../imgs/whale_33140/w_489.jpg,,,1296.43,1363.63,1142.28,1106.71,1,1264172.7,,,,1.0321,0,0
noaa_right_whale_heads,aerien,<absent>../imgs/whale_33140/w_5808.jpg,,,1371.24,1026.34,452.06,364.99,1,164997.38,,,,1.2386,0,0
noaa_right_whale_heads,aerien,<absent>../imgs/whale_33140/w_7128.jpg,,,1205.53,1154.14,557.31,395.25,1,220276.78,,,,1.41,0,0
noaa_right_whale_heads,aerien,<absent>../imgs/whale_33140/w_7288.jpg,,,995.0,1389.24,581.98,572.59,1,333235.93,,,,1.0164,0,0
noaa_right_whale_heads,aerien,<absent>../imgs/whale_33140/w_7476.jpg,,,1504.55,1178.34,722.31,778.9,1,562607.26,,,,0.9273,0,0
noaa_right_whale_heads,aerien,<absent>../imgs/whale_33140/w_8049.jpg,,,1308.16,915.38,712.33,792.22,1,564322.07,,,,0.8992,0,0
noaa_right_whale_heads,aerien,<absent>../imgs/whale_33140/w_9059.jpg,,,1944.65,1573.11,798.41,715.41,1,571190.5,,,,1.116,0,0
noaa_right_whale_heads,aerien,<absent>../imgs/whale_33140/w_9130.jpg,,,2947.44,835.42,657.07,891.74,1,585935.6,,,,0.7368,0,0
noaa_right_whale_heads,aerien,<absent>../imgs/whale_33152/w_1575.jpg,,,1348.1,788.89,532.58,409.42,1,218048.9,,,,1.3008,0,0
noaa_right_whale_heads,aerien,<absent>../imgs/whale_33152/w_2409.jpg,,,1295.37,652.38,746.25,549.13,1,409788.26,,,,1.359,0,0
noaa_right_whale_heads,aerien,<absent>../imgs/whale_33152/w_3649.jpg,,,1145.05,645.76,685.7,419.41,1,287589.44,,,,1.6349,0,0
noaa_right_whale_heads,aerien,<absent>../imgs/whale_33152/w_4135.jpg,,,1377.43,858.98,538.39,357.4,1,192420.59,,,,1.5064,0,0
noaa_right_whale_heads,aerien,<absent>../imgs/whale_33152/w_509.jpg,,,1527.76,992.34,456.93,400.86,1,183164.96,,,,1.1399,0,0
noaa_right_whale_heads,aerien,<absent>../imgs/whale_33152/w_5307.jpg,,,1487.9,645.76,442.71,392.78,1,173887.63,,,,1.1271,0,0
noaa_right_whale_heads,aerien,<absent>../imgs/whale_33152/w_6300.jpg,,,1355.72,790.51,407.11,367.59,1,149649.56,,,,1.1075,0,0
noaa_right_whale_heads,aerien,<absent>../imgs/whale_33152/w_6502.jpg,,,1287.52,858.91,574.28,433.64,1,249030.78,,,,1.3243,0,0
noaa_right_whale_heads,aerien,<absent>../imgs/whale_33152/w_6526.jpg,,,1149.88,788.49,577.29,483.42,1,279073.53,,,,1.1942,0,0
noaa_right_whale_heads,aerien,<absent>../imgs/whale_33152/w_6923.jpg,,,1303.5,1381.99,434.5,473.74,1,205840.03,,,,0.9172,0,0
noaa_right_whale_heads,aerien,<absent>../imgs/whale_33152/w_7405.jpg,,,1084.46,1079.85,631.96,515.39,1,325705.86,,,,1.2262,0,0
noaa_right_whale_heads,aerien,<absent>../imgs/whale_33152/w_825.jpg,,,1534.48,864.03,590.18,545.33,1,321842.86,,,,1.0822,0,0
noaa_right_whale_heads,aerien,<absent>../imgs/whale_33152/w_8537.jpg,,,1815.41,1062.33,465.07,488.67,1,227265.76,,,,0.9517,0,0
noaa_right_whale_heads,aerien,<absent>../imgs/whale_33152/w_91.jpg,,,1996.03,956.52,628.45,754.94,1,474442.04,,,,0.8325,0,0
noaa_right_whale_heads,aerien,<absent>../imgs/whale_33152/w_9246.jpg,,,1450.26,868.28,455.26,558.51,1,254267.26,,,,0.8151,0,0
noaa_right_whale_heads,aerien,<absent>../imgs/whale_33195/w_3484.jpg,,,1504.99,687.88,499.01,459.25,1,229170.34,,,,1.0866,0,0
noaa_right_whale_heads,aerien,<absent>../imgs/whale_33195/w_458.jpg,,,2933.36,1192.12,614.83,769.71,1,473240.8,,,,0.7988,0,0
noaa_right_whale_heads,aerien,<absent>../imgs/whale_33195/w_6429.jpg,,,2679.82,1482.2,735.17,750.98,1,552097.97,,,,0.9789,0,0
noaa_right_whale_heads,aerien,<absent>../imgs/whale_33195/w_754.jpg,,,1379.85,849.5,539.74,727.47,1,392644.66,,,,0.7419,0,0
noaa_right_whale_heads,aerien,<absent>../imgs/whale_33195/w_8542.jpg,,,1114.62,699.6,604.74,715.41,1,432637.04,,,,0.8453,0,0
noaa_right_whale_heads,aerien,<absent>../imgs/whale_33723/w_1827.jpg,,,1477.3,594.28,625.12,566.25,1,353974.2,,,,1.104,0,0
noaa_right_whale_heads,aerien,<absent>../imgs/whale_33723/w_2030.jpg,,,1606.25,1191.37,462.53,423.29,1,195784.32,,,,1.0927,0,0
noaa_right_whale_heads,aerien,<absent>../imgs/whale_33723/w_2415.jpg,,,1031.88,715.66,532.58,402.77,1,214507.25,,,,1.3223,0,0
noaa_right_whale_heads,aerien,<absent>../imgs/whale_33723/w_3445.jpg,,,1146.24,731.22,715.41,458.49,1,328008.33,,,,1.5604,0,0
noaa_right_whale_heads,aerien,<absent>../imgs/whale_33723/w_4140.jpg,,,932.02,1045.19,699.01,752.27,1,525844.25,,,,0.9292,0,0
noaa_right_whale_heads,aerien,<absent>../imgs/whale_33723/w_4906.jpg,,,1225.29,964.42,569.17,415.02,1,236216.93,,,,1.3714,0,0
noaa_right_whale_heads,aerien,<absent>../imgs/whale_33723/w_5637.jpg,,,1373.95,939.57,517.0,380.08,1,196501.36,,,,1.3602,0,0
noaa_right_whale_heads,aerien,<absent>../imgs/whale_33723/w_5992.jpg,,,685.23,732.17,661.77,511.58,1,338548.3,,,,1.2936,0,0
noaa_right_whale_heads,aerien,<absent>../imgs/whale_33723/w_7465.jpg,,,1182.96,972.72,594.28,546.63,1,324851.28,,,,1.0872,0,0
noaa_right_whale_heads,aerien,<absent>../imgs/whale_33961/w_1045.jpg,,,1584.06,769.6,410.77,342.31,1,140610.68,,,,1.2,0,0
noaa_right_whale_heads,aerien,<absent>../imgs/whale_33961/w_1676.jpg,,,1637.99,1013.77,1436.18,1018.46,1,1462691.88,,,,1.4101,0,0
noaa_right_whale_heads,aerien,<absent>../imgs/whale_33961/w_2829.jpg,,,1140.24,1022.2,571.3,427.29,1,244110.78,,,,1.337,0,0
noaa_right_whale_heads,aerien,<absent>../imgs/whale_33961/w_4827.jpg,,,1178.34,389.45,685.7,718.99,1,493011.44,,,,0.9537,0,0
noaa_right_whale_heads,aerien,<absent>../imgs/whale_33961/w_6166.jpg,,,1398.63,811.96,290.99,342.62,1,99698.99,,,,0.8493,0,0
noaa_right_whale_heads,aerien,<absent>../imgs/whale_33961/w_8409.jpg,,,1646.15,713.73,514.92,683.91,1,352158.94,,,,0.7529,0,0
noaa_right_whale_heads,aerien,<absent>../imgs/whale_33961/w_9082.jpg,,,2276.29,2473.41,779.1,877.66,1,683784.91,,,,0.8877,0,0
noaa_right_whale_heads,aerien,<absent>../imgs/whale_33961/w_9327.jpg,,,1288.96,691.7,403.69,339.95,1,137234.42,,,,1.1875,0,0
noaa_right_whale_heads,aerien,<absent>../imgs/whale_34488/w_1708.jpg,,,1857.38,1421.33,748.94,878.76,1,658138.51,,,,0.8523,0,0
noaa_right_whale_heads,aerien,<absent>../imgs/whale_34488/w_173.jpg,,,1414.08,908.88,384.8,450.9,1,173506.32,,,,0.8534,0,0
noaa_right_whale_heads,aerien,<absent>../imgs/whale_34488/w_1937.jpg,,,1281.29,826.04,535.05,502.19,1,268696.76,,,,1.0654,0,0
noaa_right_whale_heads,aerien,<absent>../imgs/whale_34488/w_2111.jpg,,,2217.38,1450.58,1083.0,739.13,1,800477.79,,,,1.4652,0,0
noaa_right_whale_heads,aerien,<absent>../imgs/whale_34488/w_2502.jpg,,,1897.33,1624.38,862.12,905.39,1,780554.83,,,,0.9522,0,0
noaa_right_whale_heads,aerien,<absent>../imgs/whale_34488/w_2887.jpg,,,1291.51,1291.51,615.8,446.04,1,274671.43,,,,1.3806,0,0
noaa_right_whale_heads,aerien,<absent>../imgs/whale_34488/w_2913.jpg,,,1684.29,1188.32,512.61,525.93,1,269596.98,,,,0.9747,0,0
noaa_right_whale_heads,aerien,<absent>../imgs/whale_34488/w_3413.jpg,,,1323.53,769.71,384.86,309.76,1,119214.23,,,,1.2424,0,0
noaa_right_whale_heads,aerien,<absent>../imgs/whale_34488/w_3799.jpg,,,2153.63,1061.84,1068.49,862.12,1,921166.6,,,,1.2394,0,0
noaa_right_whale_heads,aerien,<absent>../imgs/whale_34488/w_4199.jpg,,,2492.19,1623.91,891.74,802.57,1,715683.77,,,,1.1111,0,0
noaa_right_whale_heads,aerien,<absent>../imgs/whale_34488/w_4337.jpg,,,1276.6,779.1,408.32,572.59,1,233799.95,,,,0.7131,0,0
noaa_right_whale_heads,aerien,<absent>../imgs/whale_34488/w_4630.jpg,,,844.94,785.3,395.63,334.0,1,132140.42,,,,1.1845,0,0
noaa_right_whale_heads,aerien,<absent>../imgs/whale_34488/w_5514.jpg,,,1459.97,900.76,309.74,266.21,1,82455.89,,,,1.1635,0,0
noaa_right_whale_heads,aerien,<absent>../imgs/whale_34488/w_7124.jpg,,,1837.93,415.02,399.21,371.54,1,148322.48,,,,1.0745,0,0
noaa_right_whale_heads,aerien,<absent>../imgs/whale_34488/w_8718.jpg,,,1541.16,932.02,296.25,409.42,1,121290.68,,,,0.7236,0,0
noaa_right_whale_heads,aerien,<absent>../imgs/whale_34513/w_4269.jpg,,,1236.6,872.78,373.76,375.75,1,140440.32,,,,0.9947,0,0
noaa_right_whale_heads,aerien,<absent>../imgs/whale_34656/w_1139.jpg,,,956.52,1083.0,442.68,332.01,1,146974.19,,,,1.3333,0,0
noaa_right_whale_heads,aerien,<absent>../imgs/whale_34656/w_1185.jpg,,,845.47,476.0,865.45,915.38,1,792215.62,,,,0.9455,0,0
noaa_right_whale_heads,aerien,<absent>../imgs/whale_34656/w_1950.jpg,,,1331.53,473.74,605.5,521.4,1,315707.7,,,,1.1613,0,0
noaa_right_whale_heads,aerien,<absent>../imgs/whale_34656/w_241.jpg,,,633.53,1303.5,476.55,532.61,1,253815.3,,,,0.8947,0,0
noaa_right_whale_heads,aerien,<absent>../imgs/whale_34656/w_2440.jpg,,,1544.12,704.01,567.9,464.64,1,263869.06,,,,1.2222,0,0
noaa_right_whale_heads,aerien,<absent>../imgs/whale_34656/w_2638.jpg,,,734.56,502.94,608.83,450.0,1,273973.5,,,,1.353,0,0
noaa_right_whale_heads,aerien,<absent>../imgs/whale_34656/w_3.jpg,,,873.47,828.62,446.18,587.82,1,262273.53,,,,0.759,0,0
noaa_right_whale_heads,aerien,<absent>../imgs/whale_34656/w_3381.jpg,,,1471.26,978.62,422.74,326.21,1,137902.02,,,,1.2959,0,0
noaa_right_whale_heads,aerien,<absent>../imgs/whale_34656/w_3384.jpg,,,1281.07,1020.37,414.88,456.93,1,189571.12,,,,0.908,0,0
noaa_right_whale_heads,aerien,<absent>../imgs/whale_34656/w_354.jpg,,,1852.93,949.47,385.0,487.78,1,187795.3,,,,0.7893,0,0
noaa_right_whale_heads,aerien,<absent>../imgs/whale_34656/w_3934.jpg,,,877.66,295.68,736.86,985.61,1,726256.58,,,,0.7476,0,0
noaa_right_whale_heads,aerien,<absent>../imgs/whale_34656/w_435.jpg,,,1196.81,652.38,581.98,596.06,1,346895.0,,,,0.9764,0,0
noaa_right_whale_heads,aerien,<absent>../imgs/whale_34656/w_4561.jpg,,,3125.79,938.68,985.61,882.36,1,869662.84,,,,1.117,0,0
noaa_right_whale_heads,aerien,<absent>../imgs/whale_34656/w_5109.jpg,,,974.98,295.09,578.38,637.4,1,368659.41,,,,0.9074,0,0
noaa_right_whale_heads,aerien,<absent>../imgs/whale_34656/w_5224.jpg,,,964.31,454.12,734.44,571.86,1,419996.86,,,,1.2843,0,0
noaa_right_whale_heads,aerien,<absent>../imgs/whale_34656/w_5294.jpg,,,1529.63,782.6,430.83,537.55,1,231592.67,,,,0.8015,0,0
noaa_right_whale_heads,aerien,<absent>../imgs/whale_34656/w_5697.jpg,,,1188.32,822.17,392.78,512.61,1,201342.96,,,,0.7662,0,0
noaa_right_whale_heads,aerien,<absent>../imgs/whale_34656/w_5744.jpg,,,1445.56,1192.12,436.48,422.4,1,184369.15,,,,1.0333,0,0
noaa_right_whale_heads,aerien,<absent>../imgs/whale_34656/w_6527.jpg,,,1238.25,862.12,665.73,502.62,1,334609.21,,,,1.3245,0,0
noaa_right_whale_heads,aerien,<absent>../imgs/whale_34656/w_6884.jpg,,,1674.31,768.92,389.45,419.41,1,163339.22,,,,0.9286,0,0
noaa_right_whale_heads,aerien,<absent>../imgs/whale_34656/w_8528.jpg,,,1320.15,347.82,573.12,644.26,1,369238.29,,,,0.8896,0,0
noaa_right_whale_heads,aerien,<absent>../imgs/whale_34656/w_8766.jpg,,,1565.17,925.41,493.39,406.05,1,200341.01,,,,1.2151,0,0
noaa_right_whale_heads,aerien,<absent>../imgs/whale_34656/w_9077.jpg,,,1067.19,960.47,569.17,486.16,1,276707.69,,,,1.1707,0,0
noaa_right_whale_heads,aerien,<absent>../imgs/whale_34656/w_9433.jpg,,,1348.1,828.83,702.34,642.43,1,451204.29,,,,1.0933,0,0
noaa_right_whale_heads,aerien,<absent>../imgs/whale_34663/w_1924.jpg,,,1551.15,1055.18,689.03,555.88,1,383018.0,,,,1.2395,0,0
noaa_right_whale_heads,aerien,<absent>../imgs/whale_34663/w_1933.jpg,,,2256.9,1312.24,893.27,1047.42,1,935628.86,,,,0.8528,0,0
noaa_right_whale_heads,aerien,<absent>../imgs/whale_34663/w_2281.jpg,,,1628.45,1434.77,881.42,984.18,1,867475.94,,,,0.8956,0,0
noaa_right_whale_heads,aerien,<absent>../imgs/whale_34663/w_2480.jpg,,,1509.87,770.75,521.74,426.87,1,222715.15,,,,1.2222,0,0
noaa_right_whale_heads,aerien,<absent>../imgs/whale_34663/w_282.jpg,,,1118.57,375.49,806.32,739.13,1,595975.3,,,,1.0909,0,0
noaa_right_whale_heads,aerien,<absent>../imgs/whale_34663/w_3319.jpg,,,1883.87,715.3,483.95,396.6,1,191934.57,,,,1.2202,0,0
noaa_right_whale_heads,aerien,<absent>../imgs/whale_34663/w_3901.jpg,,,1356.39,1107.64,905.82,840.12,1,760997.5,,,,1.0782,0,0
noaa_right_whale_heads,aerien,<absent>../imgs/whale_34663/w_439.jpg,,,1491.23,865.45,858.79,672.39,1,577441.81,,,,1.2772,0,0
noaa_right_whale_heads,aerien,<absent>../imgs/whale_34663/w_4439.jpg,,,1210.89,793.18,511.58,544.43,1,278519.5,,,,0.9397,0,0
noaa_right_whale_heads,aerien,<absent>../imgs/whale_34663/w_4573.jpg,,,1264.25,627.92,473.74,353.21,1,167329.71,,,,1.3412,0,0
noaa_right_whale_heads,aerien,<absent>../imgs/whale_34663/w_4888.jpg,,,1283.88,1171.75,412.07,280.32,1,115511.46,,,,1.47,0,0
noaa_right_whale_heads,aerien,<absent>../imgs/whale_34663/w_5086.jpg,,,2152.81,1664.91,1177.0,905.39,1,1065644.03,,,,1.3,0,0
noaa_right_whale_heads,aerien,<absent>../imgs/whale_34663/w_5377.jpg,,,995.0,572.59,854.2,600.75,1,513160.65,,,,1.4219,0,0
noaa_right_whale_heads,aerien,<absent>../imgs/whale_34663/w_5913.jpg,,,2356.08,1553.51,699.31,849.5,1,594063.84,,,,0.8232,0,0
noaa_right_whale_heads,aerien,<absent>../imgs/whale_34663/w_6133.jpg,,,1466.08,1082.04,389.65,358.81,1,139810.32,,,,1.086,0,0
noaa_right_whale_heads,aerien,<absent>../imgs/whale_34663/w_660.jpg,,,1256.91,750.98,569.17,415.02,1,236216.93,,,,1.3714,0,0
noaa_right_whale_heads,aerien,<absent>../imgs/whale_34663/w_6616.jpg,,,1228.27,935.35,625.78,589.17,1,368690.8,,,,1.0621,0,0
noaa_right_whale_heads,aerien,<absent>../imgs/whale_34663/w_7001.jpg,,,340.07,659.4,825.29,661.48,1,545912.83,,,,1.2476,0,0
noaa_right_whale_heads,aerien,<absent>../imgs/whale_34663/w_7770.jpg,,,750.94,1187.43,652.38,610.14,1,398043.13,,,,1.0692,0,0
noaa_right_whale_heads,aerien,<absent>../imgs/whale_34798/w_1012.jpg,,,2379.98,1151.71,725.64,1025.22,1,743940.64,,,,0.7078,0,0
noaa_right_whale_heads,aerien,<absent>../imgs/whale_34798/w_107.jpg,,,1231.65,440.27,780.23,730.07,1,569622.52,,,,1.0687,0,0
noaa_right_whale_heads,aerien,<absent>../imgs/whale_34798/w_1133.jpg,,,1126.41,1032.54,581.98,577.29,1,335971.23,,,,1.0081,0,0
noaa_right_whale_heads,aerien,<absent>../imgs/whale_34798/w_152.jpg,,,1919.59,915.21,948.06,943.37,1,894371.36,,,,1.005,0,0
noaa_right_whale_heads,aerien,<absent>../imgs/whale_34798/w_16.jpg,,,944.66,707.5,573.12,557.31,1,319405.51,,,,1.0284,0,0
noaa_right_whale_heads,aerien,<absent>../imgs/whale_34798/w_5986.jpg,,,1835.11,802.57,1032.54,957.45,1,988605.42,,,,1.0784,0,0
noaa_right_whale_heads,aerien,<absent>../imgs/whale_34798/w_6388.jpg,,,1991.85,1332.93,754.49,759.52,1,573050.24,,,,0.9934,0,0
noaa_right_whale_heads,aerien,<absent>../imgs/whale_34798/w_7439.jpg,,,1226.08,785.8,412.41,429.13,1,176977.5,,,,0.961,0,0
noaa_right_whale_heads,aerien,<absent>../imgs/whale_34813/w_1304.jpg,,,2209.47,1102.76,1185.76,790.51,1,937355.14,,,,1.5,0,0
noaa_right_whale_heads,aerien,<absent>../imgs/whale_34813/w_3749.jpg,,,1928.98,1168.65,1206.2,863.58,1,1041650.2,,,,1.3967,0,0
noaa_right_whale_heads,aerien,<absent>../imgs/whale_35004/w_1298.jpg,,,1407.1,652.17,565.21,430.83,1,243509.42,,,,1.3119,0,0
noaa_right_whale_heads,aerien,<absent>../imgs/whale_35004/w_1889.jpg,,,1023.71,403.16,664.03,541.5,1,359572.24,,,,1.2263,0,0
noaa_right_whale_heads,aerien,<absent>../imgs/whale_35004/w_243.jpg,,,934.41,662.04,675.95,602.39,1,407185.52,,,,1.1221,0,0
noaa_right_whale_heads,aerien,<absent>../imgs/whale_35004/w_431.jpg,,,1278.2,778.9,539.24,359.49,1,193851.39,,,,1.5,0,0
noaa_right_whale_heads,aerien,<absent>../imgs/whale_35004/w_4335.jpg,,,1098.45,905.39,792.22,768.92,1,609153.8,,,,1.0303,0,0
noaa_right_whale_heads,aerien,<absent>../imgs/whale_35004/w_5309.jpg,,,1234.36,549.13,628.91,511.58,1,321737.78,,,,1.2293,0,0
noaa_right_whale_heads,aerien,<absent>../imgs/whale_35004/w_5664.jpg,,,1248.24,595.83,748.94,842.15,1,630719.82,,,,0.8893,0,0
noaa_right_whale_heads,aerien,<absent>../imgs/whale_35004/w_6056.jpg,,,1181.81,474.3,723.32,624.5,1,451713.34,,,,1.1582,0,0
noaa_right_whale_heads,aerien,<absent>../imgs/whale_35004/w_6179.jpg,,,1337.99,687.88,510.94,502.99,1,256997.71,,,,1.0158,0,0
noaa_right_whale_heads,aerien,<absent>../imgs/whale_35004/w_814.jpg,,,1434.77,683.79,482.21,418.97,1,202031.52,,,,1.1509,0,0
noaa_right_whale_heads,aerien,<absent>../imgs/whale_35426/w_222.jpg,,,1079.48,539.74,577.29,633.61,1,365776.72,,,,0.9111,0,0
noaa_right_whale_heads,aerien,<absent>../imgs/whale_35426/w_6071.jpg,,,3288.98,330.88,615.44,959.56,1,590551.61,,,,0.6414,0,0
noaa_right_whale_heads,aerien,<absent>../imgs/whale_35426/w_6078.jpg,,,2342.0,1952.45,1084.17,919.9,1,997327.98,,,,1.1786,0,0
noaa_right_whale_heads,aerien,<absent>../imgs/whale_35426/w_7798.jpg,,,1762.83,2047.42,853.75,743.08,1,634404.55,,,,1.1489,0,0
noaa_right_whale_heads,aerien,<absent>../imgs/whale_35430/w_1414.jpg,,,1370.47,1253.13,506.89,431.79,1,218870.03,,,,1.1739,0,0
noaa_right_whale_heads,aerien,<absent>../imgs/whale_35430/w_3269.jpg,,,1819.29,1054.01,504.58,577.46,1,291374.77,,,,0.8738,0,0
noaa_right_whale_heads,aerien,<absent>../imgs/whale_35430/w_3293.jpg,,,933.98,962.14,553.82,492.81,1,272928.03,,,,1.1238,0,0
noaa_right_whale_heads,aerien,<absent>../imgs/whale_35430/w_3916.jpg,,,695.65,936.75,442.68,328.06,1,145225.6,,,,1.3494,0,0
noaa_right_whale_heads,aerien,<absent>../imgs/whale_35430/w_7940.jpg,,,1270.07,931.05,660.33,450.34,1,297373.01,,,,1.4663,0,0
noaa_right_whale_heads,aerien,<absent>../imgs/whale_35430/w_8479.jpg,,,1112.33,769.71,413.02,305.07,1,126000.01,,,,1.3539,0,0
noaa_right_whale_heads,aerien,<absent>../imgs/whale_35430/w_8968.jpg,,,1604.55,638.8,618.68,809.82,1,501019.44,,,,0.764,0,0
noaa_right_whale_heads,aerien,<absent>../imgs/whale_35594/w_1256.jpg,,,1351.77,869.56,379.44,363.63,1,137975.77,,,,1.0435,0,0
noaa_right_whale_heads,aerien,<absent>../imgs/whale_35594/w_142.jpg,,,1950.58,699.01,635.77,552.55,1,351294.71,,,,1.1506,0,0
noaa_right_whale_heads,aerien,<absent>../imgs/whale_35594/w_1483.jpg,,,1761.09,869.4,328.81,345.53,1,113613.72,,,,0.9516,0,0
noaa_right_whale_heads,aerien,<absent>../imgs/whale_35594/w_163.jpg,,,1051.32,605.45,581.98,666.46,1,387866.39,,,,0.8732,0,0
noaa_right_whale_heads,aerien,<absent>../imgs/whale_35594/w_2083.jpg,,,1376.26,853.88,416.9,266.21,1,110982.95,,,,1.5661,0,0
noaa_right_whale_heads,aerien,<absent>../imgs/whale_35594/w_2601.jpg,,,1292.48,545.45,486.16,561.26,1,272862.16,,,,0.8662,0,0
noaa_right_whale_heads,aerien,<absent>../imgs/whale_35594/w_3565.jpg,,,2485.6,1566.04,757.94,780.23,1,591367.53,,,,0.9714,0,0
noaa_right_whale_heads,aerien,<absent>../imgs/whale_35594/w_4003.jpg,,,1409.36,557.13,389.52,401.33,1,156326.06,,,,0.9706,0,0
noaa_right_whale_heads,aerien,<absent>../imgs/whale_35594/w_4965.jpg,,,1401.36,712.33,519.27,362.82,1,188401.54,,,,1.4312,0,0
noaa_right_whale_heads,aerien,<absent>../imgs/whale_35594/w_5115.jpg,,,893.27,1517.78,466.4,395.25,1,184344.6,,,,1.18,0,0
noaa_right_whale_heads,aerien,<absent>../imgs/whale_35594/w_5247.jpg,,,3480.71,1559.28,940.6,1036.17,1,974621.5,,,,0.9078,0,0
noaa_right_whale_heads,aerien,<absent>../imgs/whale_35594/w_6522.jpg,,,1065.4,741.55,520.97,614.83,1,320307.99,,,,0.8473,0,0
noaa_right_whale_heads,aerien,<absent>../imgs/whale_35594/w_6793.jpg,,,1577.78,1021.89,309.56,349.51,1,108194.32,,,,0.8857,0,0
noaa_right_whale_heads,aerien,<absent>../imgs/whale_35594/w_8376.jpg,,,3383.38,1498.01,683.79,802.37,1,548652.58,,,,0.8522,0,0
noaa_right_whale_heads,aerien,<absent>../imgs/whale_35594/w_8799.jpg,,,2816.03,2234.05,675.85,741.55,1,501176.57,,,,0.9114,0,0
noaa_right_whale_heads,aerien,<absent>../imgs/whale_35594/w_8888.jpg,,,1495.05,876.75,401.6,334.0,1,134134.4,,,,1.2024,0,0
noaa_right_whale_heads,aerien,<absent>../imgs/whale_35594/w_8910.jpg,,,3686.04,1402.95,866.91,694.86,1,602381.08,,,,1.2476,0,0
noaa_right_whale_heads,aerien,<absent>../imgs/whale_35594/w_9440.jpg,,,1192.12,1041.93,436.48,474.03,1,206904.61,,,,0.9208,0,0
noaa_right_whale_heads,aerien,<absent>../imgs/whale_35594/w_963.jpg,,,3031.76,1499.16,925.13,741.22,1,685724.86,,,,1.2481,0,0
noaa_right_whale_heads,aerien,<absent>../imgs/whale_35844/w_1449.jpg,,,1058.89,601.89,925.13,663.2,1,613546.22,,,,1.3949,0,0
noaa_right_whale_heads,aerien,<absent>../imgs/whale_35844/w_1465.jpg,,,1492.5,905.82,422.4,511.58,1,216091.39,,,,0.8257,0,0
noaa_right_whale_heads,aerien,<absent>../imgs/whale_35844/w_2097.jpg,,,1104.47,588.68,625.12,650.35,1,406546.79,,,,0.9612,0,0
noaa_right_whale_heads,aerien,<absent>../imgs/whale_35844/w_2546.jpg,,,2166.94,1318.14,955.32,838.82,1,801341.52,,,,1.1389,0,0
noaa_right_whale_heads,aerien,<absent>../imgs/whale_35844/w_2849.jpg,,,1916.98,1260.86,1106.71,905.13,1,1001716.42,,,,1.2227,0,0
noaa_right_whale_heads,aerien,<absent>../imgs/whale_35844/w_3131.jpg,,,1271.91,605.45,591.37,488.11,1,288653.61,,,,1.2116,0,0
noaa_right_whale_heads,aerien,<absent>../imgs/whale_35844/w_471.jpg,,,1270.66,652.05,590.75,507.15,1,299598.86,,,,1.1648,0,0
noaa_right_whale_heads,aerien,<absent>../imgs/whale_35844/w_5383.jpg,,,1247.34,574.28,520.7,580.98,1,302516.29,,,,0.8962,0,0
noaa_right_whale_heads,aerien,<absent>../imgs/whale_35844/w_5723.jpg,,,1677.63,832.16,439.38,366.15,1,160878.99,,,,1.2,0,0
noaa_right_whale_heads,aerien,<absent>../imgs/whale_35844/w_5828.jpg,,,825.5,752.27,512.61,752.27,1,385621.12,,,,0.6814,0,0
noaa_right_whale_heads,aerien,<absent>../imgs/whale_35844/w_6509.jpg,,,1347.82,628.45,830.03,624.5,1,518353.73,,,,1.3291,0,0
noaa_right_whale_heads,aerien,<absent>../imgs/whale_35844/w_6961.jpg,,,1097.74,826.26,351.75,453.26,1,159434.2,,,,0.776,0,0
noaa_right_whale_heads,aerien,<absent>../imgs/whale_35844/w_7301.jpg,,,1664.02,905.13,1241.1,1019.76,1,1265624.14,,,,1.2171,0,0
noaa_right_whale_heads,aerien,<absent>../imgs/whale_35844/w_757.jpg,,,907.46,858.91,552.51,403.5,1,222937.79,,,,1.3693,0,0
noaa_right_whale_heads,aerien,<absent>../imgs/whale_35844/w_7799.jpg,,,1418.96,640.31,608.69,446.64,1,271865.3,,,,1.3628,0,0
noaa_right_whale_heads,aerien,<absent>../imgs/whale_35844/w_8095.jpg,,,1258.65,765.28,482.15,546.63,1,263557.65,,,,0.882,0,0
noaa_right_whale_heads,aerien,<absent>../imgs/whale_35844/w_8445.jpg,,,1557.3,841.89,355.73,478.26,1,170131.43,,,,0.7438,0,0
noaa_right_whale_heads,aerien,<absent>../imgs/whale_35844/w_883.jpg,,,1132.5,224.26,756.87,650.35,1,492230.4,,,,1.1638,0,0
noaa_right_whale_heads,aerien,<absent>../imgs/whale_36154/w_1057.jpg,,,1710.92,1131.74,392.78,386.12,1,151660.21,,,,1.0172,0,0
noaa_right_whale_heads,aerien,<absent>../imgs/whale_36154/w_1987.jpg,,,1181.67,922.03,499.3,446.04,1,222707.77,,,,1.1194,0,0
noaa_right_whale_heads,aerien,<absent>../imgs/whale_36154/w_2046.jpg,,,1131.11,826.04,657.07,708.7,1,465665.51,,,,0.9271,0,0
noaa_right_whale_heads,aerien,<absent>../imgs/whale_36154/w_2735.jpg,,,1432.45,941.88,445.71,504.58,1,224896.35,,,,0.8833,0,0
noaa_right_whale_heads,aerien,<absent>../imgs/whale_36154/w_301.jpg,,,1176.96,912.54,415.51,385.69,1,160258.05,,,,1.0773,0,0
noaa_right_whale_heads,aerien,<absent>../imgs/whale_36154/w_3656.jpg,,,1361.41,832.16,479.32,476.0,1,228156.32,,,,1.007,0,0
noaa_right_whale_heads,aerien,<absent>../imgs/whale_36154/w_4623.jpg,,,1465.23,1051.7,548.72,377.74,1,207273.49,,,,1.4526,0,0
noaa_right_whale_heads,aerien,<absent>../imgs/whale_36154/w_500.jpg,,,1342.8,156.73,665.05,652.34,1,433838.72,,,,1.0195,0,0
noaa_right_whale_heads,aerien,<absent>../imgs/whale_36154/w_733.jpg,,,835.36,1076.44,569.05,487.76,1,277559.83,,,,1.1667,0,0
noaa_right_whale_heads,aerien,<absent>../imgs/whale_36154/w_8072.jpg,,,944.3,887.64,618.51,519.36,1,321229.35,,,,1.1909,0,0
noaa_right_whale_heads,aerien,<absent>../imgs/whale_36154/w_8593.jpg,,,1374.59,763.47,416.9,284.63,1,118662.25,,,,1.4647,0,0
noaa_right_whale_heads,aerien,<absent>../imgs/whale_36154/w_8629.jpg,,,1654.33,326.21,409.42,495.97,1,203060.04,,,,0.8255,0,0
noaa_right_whale_heads,aerien,<absent>../imgs/whale_36231/w_2055.jpg,,,1697.61,489.31,712.33,529.25,1,377000.65,,,,1.3459,0,0
noaa_right_whale_heads,aerien,<absent>../imgs/whale_36231/w_2562.jpg,,,1574.58,733.61,622.28,506.97,1,315477.29,,,,1.2274,0,0
noaa_right_whale_heads,aerien,<absent>../imgs/whale_36231/w_270.jpg,,,1785.65,888.62,560.64,409.27,1,229453.13,,,,1.3699,0,0
noaa_right_whale_heads,aerien,<absent>../imgs/whale_36231/w_3103.jpg,,,988.61,1065.16,629.11,509.28,1,320393.14,,,,1.2353,0,0
noaa_right_whale_heads,aerien,<absent>../imgs/whale_36231/w_3476.jpg,,,1225.29,1079.04,664.03,545.45,1,362195.16,,,,1.2174,0,0
noaa_right_whale_heads,aerien,<absent>../imgs/whale_36231/w_3959.jpg,,,1274.37,1218.71,415.51,365.81,1,151997.71,,,,1.1359,0,0
noaa_right_whale_heads,aerien,<absent>../imgs/whale_36231/w_410.jpg,,,1527.02,1081.18,551.74,496.0,1,273663.04,,,,1.1124,0,0
noaa_right_whale_heads,aerien,<absent>../imgs/whale_36231/w_5957.jpg,,,1159.27,1027.85,633.61,572.59,1,362798.75,,,,1.1066,0,0
noaa_right_whale_heads,aerien,<absent>../imgs/whale_36231/w_6248.jpg,,,1238.25,266.29,419.41,436.05,1,182883.73,,,,0.9618,0,0
noaa_right_whale_heads,aerien,<absent>../imgs/whale_36231/w_7212.jpg,,,1418.96,553.36,620.55,505.93,1,313954.86,,,,1.2266,0,0
noaa_right_whale_heads,aerien,<absent>../imgs/whale_36231/w_8536.jpg,,,1029.28,554.77,465.07,547.69,1,254714.19,,,,0.8491,0,0
noaa_right_whale_heads,aerien,<absent>../imgs/whale_36231/w_9290.jpg,,,1588.24,1919.12,926.47,933.09,1,864479.89,,,,0.9929,0,0
noaa_right_whale_heads,aerien,<absent>../imgs/whale_36231/w_9296.jpg,,,1057.61,823.9,457.98,318.7,1,145958.23,,,,1.437,0,0
noaa_right_whale_heads,aerien,<absent>../imgs/whale_36231/w_9314.jpg,,,2168.34,1248.44,1088.86,1210.89,1,1318489.69,,,,0.8992,0,0
noaa_right_whale_heads,aerien,<absent>../imgs/whale_36231/w_988.jpg,,,1083.26,950.99,731.66,592.7,1,433654.88,,,,1.2345,0,0
noaa_right_whale_heads,aerien,<absent>../imgs/whale_36300/w_2921.jpg,,,929.29,821.34,474.03,502.19,1,238053.13,,,,0.9439,0,0
noaa_right_whale_heads,aerien,<absent>../imgs/whale_36300/w_3144.jpg,,,1312.15,813.13,194.83,149.11,1,29051.1,,,,1.3066,0,0
noaa_right_whale_heads,aerien,<absent>../imgs/whale_36300/w_3219.jpg,,,2365.47,2027.54,567.9,863.58,1,490427.08,,,,0.6576,0,0
noaa_right_whale_heads,aerien,<absent>../imgs/whale_36300/w_3438.jpg,,,2191.81,1206.2,596.06,750.94,1,447605.3,,,,0.7938,0,0
noaa_right_whale_heads,aerien,<absent>../imgs/whale_36300/w_3586.jpg,,,1869.55,1264.81,644.26,770.75,1,496563.4,,,,0.8359,0,0
noaa_right_whale_heads,aerien,<absent>../imgs/whale_36300/w_4144.jpg,,,1483.11,1112.33,413.02,366.08,1,151198.36,,,,1.1282,0,0
noaa_right_whale_heads,aerien,<absent>../imgs/whale_36300/w_5174.jpg,,,1957.14,1131.11,736.86,675.85,1,498006.83,,,,1.0903,0,0
noaa_right_whale_heads,aerien,<absent>../imgs/whale_36300/w_6888.jpg,,,2146.23,1596.83,798.41,790.51,1,631151.09,,,,1.01,0,0
noaa_right_whale_heads,aerien,<absent>../imgs/whale_36300/w_8636.jpg,,,1569.16,1814.22,818.18,778.65,1,637075.86,,,,1.0508,0,0
noaa_right_whale_heads,aerien,<absent>../imgs/whale_36437/w_1062.jpg,,,1427.99,848.8,585.84,525.93,1,308110.83,,,,1.1139,0,0
noaa_right_whale_heads,aerien,<absent>../imgs/whale_36437/w_1696.jpg,,,930.9,505.63,760.12,673.06,1,511606.37,,,,1.1293,0,0
noaa_right_whale_heads,aerien,<absent>../imgs/whale_36437/w_4096.jpg,,,1438.73,1264.81,624.5,679.84,1,424560.08,,,,0.9186,0,0
noaa_right_whale_heads,aerien,<absent>../imgs/whale_36437/w_4524.jpg,,,1474.3,873.51,565.21,513.83,1,290421.85,,,,1.1,0,0
noaa_right_whale_heads,aerien,<absent>../imgs/whale_36437/w_4890.jpg,,,872.86,670.45,425.04,326.37,1,138720.3,,,,1.3023,0,0
noaa_right_whale_heads,aerien,<absent>../imgs/whale_36437/w_4969.jpg,,,1506.58,948.06,520.97,539.74,1,281188.35,,,,0.9652,0,0
noaa_right_whale_heads,aerien,<absent>../imgs/whale_36437/w_5066.jpg,,,1102.76,612.64,415.02,308.3,1,127950.67,,,,1.3462,0,0
noaa_right_whale_heads,aerien,<absent>../imgs/whale_36437/w_5411.jpg,,,1391.37,689.03,489.31,446.04,1,218251.83,,,,1.097,0,0
noaa_right_whale_heads,aerien,<absent>../imgs/whale_36437/w_6363.jpg,,,1169.0,705.78,314.12,272.37,1,85556.86,,,,1.1533,0,0
noaa_right_whale_heads,aerien,<absent>../imgs/whale_36437/w_6544.jpg,,,1212.74,566.61,453.29,590.47,1,267654.15,,,,0.7677,0,0
noaa_right_whale_heads,aerien,<absent>../imgs/whale_36437/w_7241.jpg,,,1134.38,660.07,494.07,363.63,1,179658.67,,,,1.3587,0,0
noaa_right_whale_heads,aerien,<absent>../imgs/whale_36437/w_8020.jpg,,,798.41,312.25,438.73,470.35,1,206356.66,,,,0.9328,0,0
noaa_right_whale_heads,aerien,<absent>../imgs/whale_36437/w_8381.jpg,,,782.23,575.85,675.71,625.78,1,422845.8,,,,1.0798,0,0
noaa_right_whale_heads,aerien,<absent>../imgs/whale_36437/w_8597.jpg,,,1241.1,885.37,565.21,403.16,1,227870.06,,,,1.4019,0,0
noaa_right_whale_heads,aerien,<absent>../imgs/whale_36437/w_9111.jpg,,,1487.9,625.78,439.38,369.48,1,162342.12,,,,1.1892,0,0
noaa_right_whale_heads,aerien,<absent>../imgs/whale_36437/w_957.jpg,,,1079.24,1062.42,698.0,605.5,1,422639.0,,,,1.1528,0,0
noaa_right_whale_heads,aerien,<absent>../imgs/whale_36648/w_1007.jpg,,,1262.52,966.84,356.7,305.07,1,108818.47,,,,1.1692,0,0
noaa_right_whale_heads,aerien,<absent>../imgs/whale_36648/w_4292.jpg,,,1017.48,1128.43,457.98,363.55,1,166498.63,,,,1.2597,0,0
noaa_right_whale_heads,aerien,<absent>../imgs/whale_36648/w_8511.jpg,,,1712.79,882.35,328.16,276.26,1,90657.48,,,,1.1879,0,0
noaa_right_whale_heads,aerien,<absent>../imgs/whale_36851/w_1752.jpg,,,1576.38,1018.02,332.76,289.05,1,96184.28,,,,1.1512,0,0
noaa_right_whale_heads,aerien,<absent>../imgs/whale_36851/w_2203.jpg,,,1415.01,1003.95,588.93,411.06,1,242085.57,,,,1.4327,0,0
noaa_right_whale_heads,aerien,<absent>../imgs/whale_36851/w_2495.jpg,,,1412.71,760.33,347.31,375.47,1,130404.49,,,,0.925,0,0
noaa_right_whale_heads,aerien,<absent>../imgs/whale_36851/w_2866.jpg,,,1273.12,1151.95,523.05,346.66,1,181320.51,,,,1.5088,0,0
noaa_right_whale_heads,aerien,<absent>../imgs/whale_36851/w_293.jpg,,,1515.96,2276.29,901.13,985.61,1,888162.74,,,,0.9143,0,0
noaa_right_whale_heads,aerien,<absent>../imgs/whale_36851/w_350.jpg,,,1745.94,2051.01,1220.28,1107.64,1,1351630.94,,,,1.1017,0,0
noaa_right_whale_heads,aerien,<absent>../imgs/whale_36851/w_4208.jpg,,,2079.17,1567.59,1009.08,1290.68,1,1302399.37,,,,0.7818,0,0
noaa_right_whale_heads,aerien,<absent>../imgs/whale_36851/w_4254.jpg,,,1545.44,928.85,399.21,446.64,1,178303.15,,,,0.8938,0,0
noaa_right_whale_heads,aerien,<absent>../imgs/whale_36851/w_4478.jpg,,,1285.99,661.77,436.48,394.24,1,172077.88,,,,1.1071,0,0
noaa_right_whale_heads,aerien,<absent>../imgs/whale_36851/w_5165.jpg,,,1425.89,616.15,512.28,519.36,1,266057.74,,,,0.9864,0,0
noaa_right_whale_heads,aerien,<absent>../imgs/whale_36851/w_5185.jpg,,,1118.42,902.06,572.53,459.35,1,262991.66,,,,1.2464,0,0
noaa_right_whale_heads,aerien,<absent>../imgs/whale_36851/w_5469.jpg,,,1229.67,1675.54,1168.65,1140.49,1,1332833.64,,,,1.0247,0,0
noaa_right_whale_heads,aerien,<absent>../imgs/whale_36851/w_5480.jpg,,,1373.95,184.14,394.24,410.77,1,161941.96,,,,0.9598,0,0
noaa_right_whale_heads,aerien,<absent>../imgs/whale_36851/w_5539.jpg,,,980.92,896.44,577.29,431.79,1,249268.05,,,,1.337,0,0
noaa_right_whale_heads,aerien,<absent>../imgs/whale_36851/w_5662.jpg,,,1194.98,822.17,575.85,808.86,1,465782.03,,,,0.7119,0,0
noaa_right_whale_heads,aerien,<absent>../imgs/whale_36851/w_5689.jpg,,,1162.05,450.59,529.64,735.17,1,389375.44,,,,0.7204,0,0
noaa_right_whale_heads,aerien,<absent>../imgs/whale_36851/w_5877.jpg,,,1264.25,885.82,591.48,473.74,1,280207.74,,,,1.2485,0,0
noaa_right_whale_heads,aerien,<absent>../imgs/whale_36851/w_6329.jpg,,,1403.32,1891.43,1145.19,919.9,1,1053460.28,,,,1.2449,0,0
noaa_right_whale_heads,aerien,<absent>../imgs/whale_36851/w_6506.jpg,,,1033.37,977.97,551.84,443.18,1,244564.45,,,,1.2452,0,0
noaa_right_whale_heads,aerien,<absent>../imgs/whale_36851/w_691.jpg,,,1123.28,433.41,662.04,628.24,1,415920.01,,,,1.0538,0,0
noaa_right_whale_heads,aerien,<absent>../imgs/whale_36851/w_6948.jpg,,,1189.72,1019.76,604.74,549.4,1,332244.16,,,,1.1007,0,0
noaa_right_whale_heads,aerien,<absent>../imgs/whale_36851/w_6971.jpg,,,1252.5,888.68,620.29,510.94,1,316930.97,,,,1.214,0,0
noaa_right_whale_heads,aerien,<absent>../imgs/whale_36851/w_7282.jpg,,,852.21,741.71,681.43,505.63,1,344551.45,,,,1.3477,0,0
noaa_right_whale_heads,aerien,<absent>../imgs/whale_36851/w_7319.jpg,,,1458.49,841.89,407.11,458.49,1,186655.86,,,,0.8879,0,0
noaa_right_whale_heads,aerien,<absent>../imgs/whale_36851/w_8032.jpg,,,1700.46,830.49,356.73,231.24,1,82490.25,,,,1.5427,0,0
noaa_right_whale_heads,aerien,<absent>../imgs/whale_36851/w_8949.jpg,,,1569.16,1798.41,1090.9,992.09,1,1082270.98,,,,1.0996,0,0
noaa_right_whale_heads,aerien,<absent>../imgs/whale_36851/w_8990.jpg,,,1163.04,1045.74,502.99,355.87,1,178999.05,,,,1.4134,0,0
noaa_right_whale_heads,aerien,<absent>../imgs/whale_36851/w_9200.jpg,,,1680.85,795.57,252.6,198.3,1,50090.58,,,,1.2738,0,0
noaa_right_whale_heads,aerien,<absent>../imgs/whale_36851/w_9200.jpg,,,852.23,1078.86,323.42,212.47,1,68717.05,,,,1.5222,0,0
noaa_right_whale_heads,aerien,<absent>../imgs/whale_36851/w_9214.jpg,,,1451.29,1048.52,545.9,376.14,1,205334.83,,,,1.4513,0,0
noaa_right_whale_heads,aerien,<absent>../imgs/whale_36851/w_9373.jpg,,,1363.84,972.18,365.81,405.57,1,148361.56,,,,0.902,0,0
noaa_right_whale_heads,aerien,<absent>../imgs/whale_37014/w_2744.jpg,,,2047.42,1478.25,948.61,873.51,1,828620.32,,,,1.086,0,0
noaa_right_whale_heads,aerien,<absent>../imgs/whale_37014/w_7594.jpg,,,2371.52,1328.05,818.18,683.79,1,559463.3,,,,1.1965,0,0
noaa_right_whale_heads,aerien,<absent>../imgs/whale_37014/w_8233.jpg,,,1999.38,1234.36,980.92,760.33,1,745822.9,,,,1.2901,0,0
noaa_right_whale_heads,aerien,<absent>../imgs/whale_37154/w_143.jpg,,,1504.99,888.68,288.27,296.23,1,85394.22,,,,0.9731,0,0
noaa_right_whale_heads,aerien,<absent>../imgs/whale_37154/w_2078.jpg,,,1845.84,861.65,332.01,300.39,1,99732.48,,,,1.1053,0,0
noaa_right_whale_heads,aerien,<absent>../imgs/whale_37154/w_2130.jpg,,,1220.28,905.82,450.56,403.63,1,181859.53,,,,1.1163,0,0
noaa_right_whale_heads,aerien,<absent>../imgs/whale_37154/w_2320.jpg,,,2163.62,1178.34,798.87,562.54,1,449396.33,,,,1.4201,0,0
noaa_right_whale_heads,aerien,<absent>../imgs/whale_37154/w_3071.jpg,,,1415.01,699.6,446.64,501.97,1,224199.88,,,,0.8898,0,0
noaa_right_whale_heads,aerien,<absent>../imgs/whale_37154/w_4899.jpg,,,2060.4,1328.23,1013.77,835.42,1,846923.73,,,,1.2135,0,0
noaa_right_whale_heads,aerien,<absent>../imgs/whale_37154/w_4961.jpg,,,2814.21,1355.72,703.55,529.64,1,372628.22,,,,1.3284,0,0
noaa_right_whale_heads,aerien,<absent>../imgs/whale_37154/w_5711.jpg,,,1919.59,924.6,497.5,370.78,1,184463.05,,,,1.3418,0,0
noaa_right_whale_heads,aerien,<absent>../imgs/whale_37154/w_6162.jpg,,,2234.05,1619.22,887.05,746.25,1,661961.06,,,,1.1887,0,0
noaa_right_whale_heads,aerien,<absent>../imgs/whale_37154/w_6547.jpg,,,1194.17,1135.98,665.39,506.0,1,336687.34,,,,1.315,0,0
noaa_right_whale_heads,aerien,<absent>../imgs/whale_37154/w_6550.jpg,,,2280.98,910.52,952.76,708.7,1,675221.01,,,,1.3444,0,0
noaa_right_whale_heads,aerien,<absent>../imgs/whale_37154/w_782.jpg,,,1362.15,606.71,358.83,443.82,1,159255.93,,,,0.8085,0,0
noaa_right_whale_heads,aerien,<absent>../imgs/whale_37154/w_9153.jpg,,,1480.1,927.87,299.94,288.73,1,86601.68,,,,1.0388,0,0
noaa_right_whale_heads,aerien,<absent>../imgs/whale_37154/w_9258.jpg,,,1548.64,998.59,460.34,377.72,1,173879.62,,,,1.2187,0,0
noaa_right_whale_heads,aerien,<absent>../imgs/whale_37269/w_1566.jpg,,,452.7,788.89,682.37,629.11,1,429285.79,,,,1.0847,0,0
noaa_right_whale_heads,aerien,<absent>../imgs/whale_37269/w_2567.jpg,,,1520.66,708.7,441.18,516.27,1,227768.0,,,,0.8546,0,0
noaa_right_whale_heads,aerien,<absent>../imgs/whale_37269/w_2958.jpg,,,1018.56,888.75,682.37,562.54,1,383860.42,,,,1.213,0,0
noaa_right_whale_heads,aerien,<absent>../imgs/whale_37269/w_4875.jpg,,,3158.65,1722.47,840.12,610.14,1,512590.82,,,,1.3769,0,0
noaa_right_whale_heads,aerien,<absent>../imgs/whale_37269/w_5866.jpg,,,2873.5,707.5,913.04,743.08,1,678461.76,,,,1.2287,0,0
noaa_right_whale_heads,aerien,<absent>../imgs/whale_37269/w_6384.jpg,,,1381.03,701.14,491.03,583.1,1,286319.59,,,,0.8421,0,0
noaa_right_whale_heads,aerien,<absent>../imgs/whale_37269/w_6640.jpg,,,1660.99,885.42,575.85,449.37,1,258769.71,,,,1.2815,0,0
noaa_right_whale_heads,aerien,<absent>../imgs/whale_37269/w_8106.jpg,,,1288.53,964.42,418.97,343.87,1,144071.21,,,,1.2184,0,0
noaa_right_whale_heads,aerien,<absent>../imgs/whale_37269/w_8277.jpg,,,1031.61,905.13,466.4,367.59,1,171443.98,,,,1.2688,0,0
noaa_right_whale_heads,aerien,<absent>../imgs/whale_37269/w_8501.jpg,,,2316.73,1574.45,991.93,752.27,1,746199.18,,,,1.3186,0,0
noaa_right_whale_heads,aerien,<absent>../imgs/whale_37269/w_8702.jpg,,,1274.8,878.19,413.13,599.63,1,247725.14,,,,0.689,0,0
noaa_right_whale_heads,aerien,<absent>../imgs/whale_37269/w_8868.jpg,,,1415.01,1371.53,565.21,529.64,1,299357.82,,,,1.0672,0,0
noaa_right_whale_heads,aerien,<absent>../imgs/whale_37301/w_1204.jpg,,,1298.17,902.06,679.04,629.11,1,427190.85,,,,1.0794,0,0
noaa_right_whale_heads,aerien,<absent>../imgs/whale_37301/w_1399.jpg,,,1582.53,433.41,518.89,355.87,1,184657.38,,,,1.4581,0,0
noaa_right_whale_heads,aerien,<absent>../imgs/whale_37301/w_1598.jpg,,,1205.39,860.59,566.25,454.12,1,257145.45,,,,1.2469,0,0
noaa_right_whale_heads,aerien,<absent>../imgs/whale_37301/w_196.jpg,,,1149.88,910.52,586.67,408.32,1,239549.09,,,,1.4368,0,0
noaa_right_whale_heads,aerien,<absent>../imgs/whale_37301/w_2214.jpg,,,1051.21,420.48,658.76,790.51,1,520756.37,,,,0.8333,0,0
noaa_right_whale_heads,aerien,<absent>../imgs/whale_37301/w_2652.jpg,,,1316.2,584.98,802.37,667.98,1,535967.11,,,,1.2012,0,0
noaa_right_whale_heads,aerien,<absent>../imgs/whale_37301/w_7972.jpg,,,1798.41,1011.85,383.4,407.11,1,156085.97,,,,0.9418,0,0
noaa_right_whale_heads,aerien,<absent>../imgs/whale_37301/w_8170.jpg,,,1295.37,1018.46,535.05,455.26,1,243586.86,,,,1.1753,0,0
noaa_right_whale_heads,aerien,<absent>../imgs/whale_37654/w_1372.jpg,,,928.44,803.19,536.79,443.35,1,237985.85,,,,1.2108,0,0
noaa_right_whale_heads,aerien,<absent>../imgs/whale_37654/w_1707.jpg,,,1149.32,636.33,611.1,384.04,1,234686.84,,,,1.5912,0,0
noaa_right_whale_heads,aerien,<absent>../imgs/whale_37654/w_4233.jpg,,,1115.32,1061.65,556.67,324.06,1,180394.48,,,,1.7178,0,0
noaa_right_whale_heads,aerien,<absent>../imgs/whale_37654/w_4529.jpg,,,1521.73,754.94,608.69,470.35,1,286297.34,,,,1.2941,0,0
noaa_right_whale_heads,aerien,<absent>../imgs/whale_37654/w_4767.jpg,,,1173.35,628.91,605.45,394.24,1,238692.61,,,,1.5357,0,0
noaa_right_whale_heads,aerien,<absent>../imgs/whale_37654/w_5419.jpg,,,1381.39,1088.47,452.7,502.62,1,227536.07,,,,0.9007,0,0
noaa_right_whale_heads,aerien,<absent>../imgs/whale_37654/w_700.jpg,,,1201.51,783.79,553.82,520.97,1,288523.61,,,,1.0631,0,0
noaa_right_whale_heads,aerien,<absent>../imgs/whale_37654/w_8018.jpg,,,1427.99,502.62,715.66,805.53,1,576485.6,,,,0.8884,0,0
noaa_right_whale_heads,aerien,<absent>../imgs/whale_37654/w_8157.jpg,,,1351.43,1138.4,369.48,342.85,1,126676.22,,,,1.0777,0,0
noaa_right_whale_heads,aerien,<absent>../imgs/whale_37654/w_8282.jpg,,,985.28,858.79,745.62,792.22,1,590695.08,,,,0.9412,0,0
noaa_right_whale_heads,aerien,<absent>../imgs/whale_37658/w_1798.jpg,,,1314.81,955.32,602.48,396.11,1,238648.35,,,,1.521,0,0
noaa_right_whale_heads,aerien,<absent>../imgs/whale_37658/w_2690.jpg,,,1384.71,985.28,545.9,376.14,1,205334.83,,,,1.4513,0,0
noaa_right_whale_heads,aerien,<absent>../imgs/whale_37658/w_3537.jpg,,,2163.65,1830.42,1009.08,863.58,1,871421.31,,,,1.1685,0,0
noaa_right_whale_heads,aerien,<absent>../imgs/whale_37658/w_4078.jpg,,,1550.18,613.91,409.27,392.45,1,160618.01,,,,1.0429,0,0
noaa_right_whale_heads,aerien,<absent>../imgs/whale_37658/w_4225.jpg,,,972.33,920.94,498.02,407.11,1,202748.92,,,,1.2233,0,0
noaa_right_whale_heads,aerien,<absent>../imgs/whale_37658/w_4350.jpg,,,2110.66,1774.69,869.56,889.32,1,773317.1,,,,0.9778,0,0
noaa_right_whale_heads,aerien,<absent>../imgs/whale_37658/w_5262.jpg,,,1465.23,1198.82,337.98,248.51,1,83991.41,,,,1.36,0,0
noaa_right_whale_heads,aerien,<absent>../imgs/whale_37658/w_5273.jpg,,,1490.11,849.8,541.5,363.63,1,196905.64,,,,1.4892,0,0
noaa_right_whale_heads,aerien,<absent>../imgs/whale_37658/w_5584.jpg,,,1301.5,662.4,735.63,462.68,1,340361.29,,,,1.5899,0,0
noaa_right_whale_heads,aerien,<absent>../imgs/whale_37658/w_6161.jpg,,,1469.03,919.9,276.91,234.67,1,64982.47,,,,1.18,0,0
noaa_right_whale_heads,aerien,<absent>../imgs/whale_37658/w_7205.jpg,,,1221.61,545.9,512.61,449.37,1,230351.56,,,,1.1407,0,0
noaa_right_whale_heads,aerien,<absent>../imgs/whale_37658/w_7990.jpg,,,2018.15,553.82,417.71,520.97,1,217614.38,,,,0.8018,0,0
noaa_right_whale_heads,aerien,<absent>../imgs/whale_37658/w_8185.jpg,,,1541.49,1075.09,324.11,288.54,1,93518.7,,,,1.1233,0,0
noaa_right_whale_heads,aerien,<absent>../imgs/whale_38008/w_1608.jpg,,,1230.61,605.5,588.68,653.15,1,384496.34,,,,0.9013,0,0
noaa_right_whale_heads,aerien,<absent>../imgs/whale_38008/w_2617.jpg,,,2079.86,1101.35,961.56,995.45,1,957184.9,,,,0.966,0,0
noaa_right_whale_heads,aerien,<absent>../imgs/whale_38008/w_2915.jpg,,,1004.38,516.27,638.3,671.15,1,428395.04,,,,0.9511,0,0
noaa_right_whale_heads,aerien,<absent>../imgs/whale_38008/w_2959.jpg,,,1467.93,459.35,782.23,875.43,1,684787.61,,,,0.8935,0,0
noaa_right_whale_heads,aerien,<absent>../imgs/whale_38008/w_3418.jpg,,,2242.58,1351.15,681.18,894.23,1,609131.59,,,,0.7618,0,0
noaa_right_whale_heads,aerien,<absent>../imgs/whale_38008/w_3530.jpg,,,1003.95,584.98,750.98,573.12,1,430401.66,,,,1.3103,0,0
noaa_right_whale_heads,aerien,<absent>../imgs/whale_38008/w_3783.jpg,,,1068.49,1161.7,599.16,572.53,1,343037.07,,,,1.0465,0,0
noaa_right_whale_heads,aerien,<absent>../imgs/whale_38008/w_3826.jpg,,,1118.57,608.69,525.69,482.21,1,253492.97,,,,1.0902,0,0
noaa_right_whale_heads,aerien,<absent>../imgs/whale_38008/w_3848.jpg,,,1162.05,893.27,691.69,632.41,1,437431.67,,,,1.0937,0,0
noaa_right_whale_heads,aerien,<absent>../imgs/whale_38008/w_4902.jpg,,,1292.96,752.37,657.62,445.85,1,293199.88,,,,1.475,0,0
noaa_right_whale_heads,aerien,<absent>../imgs/whale_38008/w_518.jpg,,,1473.72,750.94,840.12,713.39,1,599333.21,,,,1.1776,0,0
noaa_right_whale_heads,aerien,<absent>../imgs/whale_38008/w_5708.jpg,,,1924.29,1102.95,905.82,858.89,1,777999.74,,,,1.0546,0,0
noaa_right_whale_heads,aerien,<absent>../imgs/whale_38008/w_5794.jpg,,,1100.0,663.02,537.44,714.92,1,384226.6,,,,0.7517,0,0
noaa_right_whale_heads,aerien,<absent>../imgs/whale_38008/w_5811.jpg,,,905.13,600.79,628.45,577.07,1,362659.64,,,,1.089,0,0
noaa_right_whale_heads,aerien,<absent>../imgs/whale_38008/w_6060.jpg,,,1492.5,258.14,520.97,628.91,1,327643.24,,,,0.8284,0,0
noaa_right_whale_heads,aerien,<absent>../imgs/whale_38008/w_7314.jpg,,,1514.53,995.26,432.72,332.86,1,144035.18,,,,1.3,0,0
noaa_right_whale_heads,aerien,<absent>../imgs/whale_38008/w_7416.jpg,,,1392.84,578.38,745.99,845.14,1,630465.99,,,,0.8827,0,0
noaa_right_whale_heads,aerien,<absent>../imgs/whale_38008/w_8081.jpg,,,1778.64,1158.09,723.32,849.8,1,614677.34,,,,0.8512,0,0
noaa_right_whale_heads,aerien,<absent>../imgs/whale_38191/w_1928.jpg,,,1337.99,1157.07,479.13,413.52,1,198129.84,,,,1.1587,0,0
noaa_right_whale_heads,aerien,<absent>../imgs/whale_38191/w_3961.jpg,,,1055.33,1316.2,608.69,450.59,1,274269.63,,,,1.3509,0,0
noaa_right_whale_heads,aerien,<absent>../imgs/whale_38191/w_415.jpg,,,1201.57,608.69,664.03,608.69,1,404188.42,,,,1.0909,0,0
noaa_right_whale_heads,aerien,<absent>../imgs/whale_38191/w_5222.jpg,,,1624.49,1114.62,577.07,415.02,1,239495.59,,,,1.3905,0,0
noaa_right_whale_heads,aerien,<absent>../imgs/whale_38191/w_5266.jpg,,,2363.33,1314.81,1071.82,1201.64,1,1287941.78,,,,0.892,0,0
noaa_right_whale_heads,aerien,<absent>../imgs/whale_38191/w_8609.jpg,,,1347.82,1122.52,675.88,577.07,1,390030.07,,,,1.1712,0,0
noaa_right_whale_heads,aerien,<absent>../imgs/whale_38191/w_8904.jpg,,,2346.27,1471.29,1136.91,1198.21,1,1362256.93,,,,0.9488,0,0
noaa_right_whale_heads,aerien,<absent>../imgs/whale_38288/w_1583.jpg,,,2627.22,979.42,1177.95,979.42,1,1153707.79,,,,1.2027,0,0
noaa_right_whale_heads,aerien,<absent>../imgs/whale_38288/w_2347.jpg,,,173.91,968.37,924.89,861.65,1,796931.47,,,,1.0734,0,0
noaa_right_whale_heads,aerien,<absent>../imgs/whale_38288/w_2897.jpg,,,1199.78,1729.59,869.0,524.2,1,455529.8,,,,1.6578,0,0
noaa_right_whale_heads,aerien,<absent>../imgs/whale_38288/w_3893.jpg,,,1703.8,926.45,407.56,439.37,1,179069.64,,,,0.9276,0,0
noaa_right_whale_heads,aerien,<absent>../imgs/whale_38288/w_4618.jpg,,,1193.67,952.56,577.07,458.49,1,264580.82,,,,1.2586,0,0
noaa_right_whale_heads,aerien,<absent>../imgs/whale_38288/w_4695.jpg,,,2393.95,1482.9,689.59,473.74,1,326686.37,,,,1.4556,0,0
noaa_right_whale_heads,aerien,<absent>../imgs/whale_38288/w_4863.jpg,,,1141.72,985.28,562.54,629.11,1,353899.54,,,,0.8942,0,0
noaa_right_whale_heads,aerien,<absent>../imgs/whale_38288/w_4951.jpg,,,1213.43,893.27,505.93,339.92,1,171975.73,,,,1.4884,0,0
noaa_right_whale_heads,aerien,<absent>../imgs/whale_38288/w_5927.jpg,,,519.99,1794.64,926.47,624.29,1,578385.96,,,,1.484,0,0
noaa_right_whale_heads,aerien,<absent>../imgs/whale_38288/w_6035.jpg,,,1602.94,849.87,354.11,259.68,1,91955.28,,,,1.3636,0,0
noaa_right_whale_heads,aerien,<absent>../imgs/whale_38288/w_6129.jpg,,,1213.43,1067.19,782.6,679.84,1,532042.78,,,,1.1512,0,0
noaa_right_whale_heads,aerien,<absent>../imgs/whale_38288/w_6674.jpg,,,1323.12,930.67,389.65,353.21,1,137628.28,,,,1.1032,0,0
noaa_right_whale_heads,aerien,<absent>../imgs/whale_38288/w_689.jpg,,,1455.29,988.09,361.83,379.73,1,137397.71,,,,0.9529,0,0
noaa_right_whale_heads,aerien,<absent>../imgs/whale_38288/w_7573.jpg,,,2127.0,1664.32,742.29,549.23,1,407687.94,,,,1.3515,0,0
noaa_right_whale_heads,aerien,<absent>../imgs/whale_38288/w_7742.jpg,,,2205.89,1609.83,802.57,614.83,1,493444.11,,,,1.3054,0,0
noaa_right_whale_heads,aerien,<absent>../imgs/whale_38288/w_8268.jpg,,,2114.61,2015.8,1027.66,984.18,1,1011402.42,,,,1.0442,0,0
noaa_right_whale_heads,aerien,<absent>../imgs/whale_38302/w_1553.jpg,,,1196.98,616.71,484.96,675.58,1,327629.28,,,,0.7178,0,0
noaa_right_whale_heads,aerien,<absent>../imgs/whale_38302/w_3684.jpg,,,713.39,896.44,389.55,384.86,1,149922.21,,,,1.0122,0,0
noaa_right_whale_heads,aerien,<absent>../imgs/whale_38302/w_8735.jpg,,,2614.21,1459.64,910.52,755.63,1,688016.23,,,,1.205,0,0
noaa_right_whale_heads,aerien,<absent>../imgs/whale_38437/w_340.jpg,,,1325.92,793.31,569.05,484.96,1,275966.49,,,,1.1734,0,0
noaa_right_whale_heads,aerien,<absent>../imgs/whale_38437/w_6700.jpg,,,1383.39,664.03,529.64,438.73,1,232368.96,,,,1.2072,0,0
noaa_right_whale_heads,aerien,<absent>../imgs/whale_38543/w_1994.jpg,,,1303.5,633.53,619.51,479.35,1,296962.12,,,,1.2924,0,0
noaa_right_whale_heads,aerien,<absent>../imgs/whale_38543/w_2238.jpg,,,1162.05,644.26,391.3,339.92,1,133010.7,,,,1.1512,0,0
noaa_right_whale_heads,aerien,<absent>../imgs/whale_38543/w_2757.jpg,,,1248.24,599.16,595.83,519.27,1,309396.64,,,,1.1474,0,0
noaa_right_whale_heads,aerien,<absent>../imgs/whale_38543/w_3340.jpg,,,975.29,1214.95,622.46,476.0,1,296290.96,,,,1.3077,0,0
noaa_right_whale_heads,aerien,<absent>../imgs/whale_38543/w_3978.jpg,,,1475.46,738.91,601.99,542.97,1,326862.51,,,,1.1087,0,0
noaa_right_whale_heads,aerien,<absent>../imgs/whale_38543/w_4109.jpg,,,1422.91,873.51,525.69,446.64,1,234794.18,,,,1.177,0,0
noaa_right_whale_heads,aerien,<absent>../imgs/whale_38543/w_4167.jpg,,,1237.15,707.5,498.02,486.16,1,242117.4,,,,1.0244,0,0
noaa_right_whale_heads,aerien,<absent>../imgs/whale_38543/w_4308.jpg,,,1403.15,920.94,644.26,703.55,1,453269.12,,,,0.9157,0,0
noaa_right_whale_heads,aerien,<absent>../imgs/whale_38543/w_4371.jpg,,,1169.95,999.99,596.83,541.5,1,323183.45,,,,1.1022,0,0
noaa_right_whale_heads,aerien,<absent>../imgs/whale_38543/w_554.jpg,,,1410.02,773.69,605.5,462.53,1,280061.91,,,,1.3091,0,0
noaa_right_whale_heads,aerien,<absent>../imgs/whale_38543/w_6023.jpg,,,1280.62,707.5,407.11,367.59,1,149649.56,,,,1.1075,0,0
noaa_right_whale_heads,aerien,<absent>../imgs/whale_38543/w_6055.jpg,,,1430.61,609.07,337.59,361.19,1,121934.13,,,,0.9347,0,0
noaa_right_whale_heads,aerien,<absent>../imgs/whale_38543/w_6260.jpg,,,929.29,619.53,492.81,492.81,1,242861.7,,,,1.0,0,0
noaa_right_whale_heads,aerien,<absent>../imgs/whale_38543/w_7943.jpg,,,1384.71,925.36,442.71,502.62,1,222514.9,,,,0.8808,0,0
noaa_right_whale_heads,aerien,<absent>../imgs/whale_38543/w_8535.jpg,,,1450.58,667.98,656.12,470.35,1,308606.04,,,,1.395,0,0
noaa_right_whale_heads,aerien,<absent>../imgs/whale_38543/w_9109.jpg,,,1243.75,736.86,624.22,539.74,1,336916.5,,,,1.1565,0,0
noaa_right_whale_heads,aerien,<absent>../imgs/whale_38681/w_1104.jpg,,,1308.29,794.46,505.93,359.68,1,181972.9,,,,1.4066,0,0
noaa_right_whale_heads,aerien,<absent>../imgs/whale_38681/w_1221.jpg,,,2845.83,474.3,956.52,1079.04,1,1032123.34,,,,0.8865,0,0
noaa_right_whale_heads,aerien,<absent>../imgs/whale_38681/w_1564.jpg,,,978.15,886.69,675.95,493.05,1,333277.15,,,,1.371,0,0
noaa_right_whale_heads,aerien,<absent>../imgs/whale_38681/w_1720.jpg,,,992.09,1288.53,1332.01,1031.61,1,1374114.84,,,,1.2912,0,0
noaa_right_whale_heads,aerien,<absent>../imgs/whale_38681/w_201.jpg,,,2637.68,1548.82,816.65,539.74,1,440778.67,,,,1.513,0,0
noaa_right_whale_heads,aerien,<absent>../imgs/whale_38681/w_2077.jpg,,,1288.53,1513.82,608.69,458.49,1,279078.28,,,,1.3276,0,0
noaa_right_whale_heads,aerien,<absent>../imgs/whale_38681/w_2171.jpg,,,1347.98,498.12,427.29,533.53,1,227972.03,,,,0.8009,0,0
noaa_right_whale_heads,aerien,<absent>../imgs/whale_38681/w_2389.jpg,,,1156.76,594.91,457.98,441.46,1,202179.85,,,,1.0374,0,0
noaa_right_whale_heads,aerien,<absent>../imgs/whale_38681/w_2629.jpg,,,1253.04,1039.99,412.07,400.86,1,165182.38,,,,1.028,0,0
noaa_right_whale_heads,aerien,<absent>../imgs/whale_38681/w_2939.jpg,,,1075.26,910.81,551.54,511.06,1,281870.03,,,,1.0792,0,0
noaa_right_whale_heads,aerien,<absent>../imgs/whale_38681/w_3016.jpg,,,1159.2,546.16,629.76,735.65,1,463282.94,,,,0.8561,0,0
noaa_right_whale_heads,aerien,<absent>../imgs/whale_38681/w_3258.jpg,,,932.49,1095.38,507.56,377.72,1,191715.56,,,,1.3437,0,0
noaa_right_whale_heads,aerien,<absent>../imgs/whale_38681/w_3502.jpg,,,1461.3,1126.07,347.03,467.43,1,162212.23,,,,0.7424,0,0
noaa_right_whale_heads,aerien,<absent>../imgs/whale_38681/w_3935.jpg,,,1541.49,529.64,557.31,569.17,1,317204.13,,,,0.9792,0,0
noaa_right_whale_heads,aerien,<absent>../imgs/whale_38681/w_4044.jpg,,,1237.22,562.88,523.87,613.04,1,321153.26,,,,0.8545,0,0
noaa_right_whale_heads,aerien,<absent>../imgs/whale_38681/w_4121.jpg,,,1404.41,1009.16,370.03,313.96,1,116174.62,,,,1.1786,0,0
noaa_right_whale_heads,aerien,<absent>../imgs/whale_38681/w_4289.jpg,,,2293.43,862.12,808.86,965.31,1,780800.65,,,,0.8379,0,0
noaa_right_whale_heads,aerien,<absent>../imgs/whale_38681/w_470.jpg,,,1608.68,885.37,458.49,347.82,1,159471.99,,,,1.3182,0,0
noaa_right_whale_heads,aerien,<absent>../imgs/whale_38681/w_4780.jpg,,,1023.71,750.98,604.74,422.92,1,255756.64,,,,1.4299,0,0
noaa_right_whale_heads,aerien,<absent>../imgs/whale_38681/w_492.jpg,,,1597.27,873.98,478.84,500.61,1,239712.09,,,,0.9565,0,0
noaa_right_whale_heads,aerien,<absent>../imgs/whale_38681/w_4988.jpg,,,2186.51,1407.22,1017.57,703.61,1,715972.43,,,,1.4462,0,0
noaa_right_whale_heads,aerien,<absent>../imgs/whale_38681/w_5290.jpg,,,1628.25,668.0,407.56,387.68,1,158002.86,,,,1.0513,0,0
noaa_right_whale_heads,aerien,<absent>../imgs/whale_38681/w_5429.jpg,,,558.51,1220.28,1243.75,896.44,1,1114947.25,,,,1.3874,0,0
noaa_right_whale_heads,aerien,<absent>../imgs/whale_38681/w_5575.jpg,,,1534.48,819.18,578.38,642.12,1,371389.37,,,,0.9007,0,0
noaa_right_whale_heads,aerien,<absent>../imgs/whale_38681/w_5718.jpg,,,1422.1,985.61,347.31,290.99,1,101063.74,,,,1.1935,0,0
noaa_right_whale_heads,aerien,<absent>../imgs/whale_38681/w_5802.jpg,,,2412.4,1365.77,783.79,999.69,1,783547.03,,,,0.784,0,0
noaa_right_whale_heads,aerien,<absent>../imgs/whale_38681/w_5890.jpg,,,1345.55,871.8,591.48,689.59,1,407878.69,,,,0.8577,0,0
noaa_right_whale_heads,aerien,<absent>../imgs/whale_38681/w_601.jpg,,,1041.93,572.59,596.06,586.67,1,349690.52,,,,1.016,0,0
noaa_right_whale_heads,aerien,<absent>../imgs/whale_38681/w_6147.jpg,,,1379.85,793.18,511.58,506.89,1,259314.79,,,,1.0093,0,0
noaa_right_whale_heads,aerien,<absent>../imgs/whale_38681/w_6406.jpg,,,2474.29,1079.04,818.18,1023.71,1,837579.05,,,,0.7992,0,0
noaa_right_whale_heads,aerien,<absent>../imgs/whale_38681/w_6958.jpg,,,2102.75,1446.63,652.17,782.6,1,510388.24,,,,0.8333,0,0
noaa_right_whale_heads,aerien,<absent>../imgs/whale_38681/w_6967.jpg,,,1436.18,924.6,478.73,450.56,1,215696.59,,,,1.0625,0,0
noaa_right_whale_heads,aerien,<absent>../imgs/whale_38681/w_7025.jpg,,,1220.55,726.64,559.21,778.54,1,435367.35,,,,0.7183,0,0
noaa_right_whale_heads,aerien,<absent>../imgs/whale_38681/w_7563.jpg,,,802.57,2027.54,1051.32,872.97,1,917770.82,,,,1.2043,0,0
noaa_right_whale_heads,aerien,<absent>../imgs/whale_38681/w_7579.jpg,,,1200.81,757.47,419.49,278.33,1,116756.65,,,,1.5072,0,0
noaa_right_whale_heads,aerien,<absent>../imgs/whale_38681/w_7810.jpg,,,1379.85,769.71,624.22,581.98,1,363283.56,,,,1.0726,0,0
noaa_right_whale_heads,aerien,<absent>../imgs/whale_38681/w_7941.jpg,,,2525.04,999.69,1041.93,1323.53,1,1379025.61,,,,0.7872,0,0
noaa_right_whale_heads,aerien,<absent>../imgs/whale_38681/w_83.jpg,,,1340.61,687.18,392.67,358.93,1,140941.04,,,,1.094,0,0
noaa_right_whale_heads,aerien,<absent>../imgs/whale_38681/w_8383.jpg,,,915.21,1046.62,704.01,718.09,1,505542.54,,,,0.9804,0,0
noaa_right_whale_heads,aerien,<absent>../imgs/whale_38681/w_8768.jpg,,,1387.59,835.36,498.97,440.11,1,219601.69,,,,1.1337,0,0
noaa_right_whale_heads,aerien,<absent>../imgs/whale_38681/w_910.jpg,,,1621.83,913.61,498.12,408.41,1,203437.19,,,,1.2197,0,0
noaa_right_whale_heads,aerien,<absent>../imgs/whale_38681/w_935.jpg,,,1133.15,840.42,446.18,330.5,1,147462.49,,,,1.35,0,0
noaa_right_whale_heads,aerien,<absent>../imgs/whale_38681/w_944.jpg,,,1916.98,1699.59,600.79,774.7,1,465432.01,,,,0.7755,0,0
noaa_right_whale_heads,aerien,<absent>../imgs/whale_38817/w_2144.jpg,,,1260.86,667.98,470.35,383.4,1,180332.19,,,,1.2268,0,0
noaa_right_whale_heads,aerien,<absent>../imgs/whale_38817/w_2772.jpg,,,1173.35,642.99,732.17,624.22,1,457035.16,,,,1.1729,0,0
noaa_right_whale_heads,aerien,<absent>../imgs/whale_38817/w_4551.jpg,,,582.51,865.45,639.1,492.64,1,314846.22,,,,1.2973,0,0
noaa_right_whale_heads,aerien,<absent>../imgs/whale_38817/w_5163.jpg,,,1213.42,488.67,531.17,550.05,1,292170.06,,,,0.9657,0,0
noaa_right_whale_heads,aerien,<absent>../imgs/whale_38894/w_1117.jpg,,,1611.06,1101.78,592.5,412.75,1,244554.38,,,,1.4355,0,0
noaa_right_whale_heads,aerien,<absent>../imgs/whale_38894/w_2870.jpg,,,1328.13,722.31,728.97,745.62,1,543534.61,,,,0.9777,0,0
noaa_right_whale_heads,aerien,<absent>../imgs/whale_38894/w_305.jpg,,,1131.11,1013.77,586.67,516.27,1,302880.12,,,,1.1364,0,0
noaa_right_whale_heads,aerien,<absent>../imgs/whale_38894/w_4120.jpg,,,2303.42,1121.75,808.86,948.66,1,767333.13,,,,0.8526,0,0
noaa_right_whale_heads,aerien,<absent>../imgs/whale_38894/w_4638.jpg,,,1251.57,326.21,652.41,629.11,1,410437.66,,,,1.037,0,0
noaa_right_whale_heads,aerien,<absent>../imgs/whale_38894/w_5303.jpg,,,1232.27,1073.21,502.28,358.3,1,179966.92,,,,1.4018,0,0
noaa_right_whale_heads,aerien,<absent>../imgs/whale_38894/w_5352.jpg,,,1074.78,497.5,680.54,765.02,1,520626.71,,,,0.8896,0,0
noaa_right_whale_heads,aerien,<absent>../imgs/whale_38894/w_539.jpg,,,2193.57,332.86,495.97,672.39,1,333485.27,,,,0.7376,0,0
noaa_right_whale_heads,aerien,<absent>../imgs/whale_38894/w_571.jpg,,,2075.08,1015.8,1181.81,976.28,1,1153777.47,,,,1.2105,0,0
noaa_right_whale_heads,aerien,<absent>../imgs/whale_38894/w_6283.jpg,,,2023.7,1252.96,1280.62,1090.9,1,1397028.36,,,,1.1739,0,0
noaa_right_whale_heads,aerien,<absent>../imgs/whale_38894/w_7303.jpg,,,2201.57,1233.19,984.18,762.84,1,750771.87,,,,1.2902,0,0
noaa_right_whale_heads,aerien,<absent>../imgs/whale_38894/w_9319.jpg,,,1454.54,794.46,517.78,415.02,1,214889.06,,,,1.2476,0,0
noaa_right_whale_heads,aerien,<absent>../imgs/whale_38906/w_1661.jpg,,,942.62,569.26,328.16,269.56,1,88458.81,,,,1.2174,0,0
noaa_right_whale_heads,aerien,<absent>../imgs/whale_38906/w_206.jpg,,,913.61,224.27,311.62,231.35,1,72093.29,,,,1.347,0,0
noaa_right_whale_heads,aerien,<absent>../imgs/whale_38906/w_2588.jpg,,,995.26,659.07,282.93,233.0,1,65922.69,,,,1.2143,0,0
noaa_right_whale_heads,aerien,<absent>../imgs/whale_38906/w_260.jpg,,,641.94,1482.9,448.52,482.15,1,216253.92,,,,0.9302,0,0
noaa_right_whale_heads,aerien,<absent>../imgs/whale_38906/w_5649.jpg,,,1315.99,1049.77,267.89,266.21,1,71315.0,,,,1.0063,0,0
noaa_right_whale_heads,aerien,<absent>../imgs/whale_38906/w_6097.jpg,,,1458.49,988.14,296.44,304.35,1,90221.51,,,,0.974,0,0
noaa_right_whale_heads,aerien,<absent>../imgs/whale_38906/w_6180.jpg,,,1641.06,1116.71,276.53,250.84,1,69364.79,,,,1.1024,0,0
noaa_right_whale_heads,aerien,<absent>../imgs/whale_38906/w_648.jpg,,,1574.61,1805.96,349.39,207.74,1,72582.28,,,,1.6819,0,0
noaa_right_whale_heads,aerien,<absent>../imgs/whale_38906/w_6943.jpg,,,991.93,765.59,775.57,559.21,1,433706.5,,,,1.3869,0,0
noaa_right_whale_heads,aerien,<absent>../imgs/whale_38906/w_7040.jpg,,,1689.89,968.2,254.48,258.45,1,65770.36,,,,0.9846,0,0
noaa_right_whale_heads,aerien,<absent>../imgs/whale_38906/w_7129.jpg,,,1482.2,798.41,675.88,592.88,1,400715.73,,,,1.14,0,0
noaa_right_whale_heads,aerien,<absent>../imgs/whale_38906/w_7549.jpg,,,848.86,847.19,418.57,299.7,1,125445.43,,,,1.3966,0,0
noaa_right_whale_heads,aerien,<absent>../imgs/whale_38906/w_8434.jpg,,,1611.06,462.68,359.49,252.98,1,90943.78,,,,1.421,0,0
noaa_right_whale_heads,aerien,<absent>../imgs/whale_38906/w_8622.jpg,,,964.31,454.12,313.96,252.29,1,79208.97,,,,1.2444,0,0
noaa_right_whale_heads,aerien,<absent>../imgs/whale_39293/w_122.jpg,,,1351.3,963.01,309.92,258.86,1,80225.89,,,,1.1972,0,0
noaa_right_whale_heads,aerien,<absent>../imgs/whale_39293/w_1905.jpg,,,1485.71,759.67,448.52,381.24,1,170993.76,,,,1.1765,0,0
noaa_right_whale_heads,aerien,<absent>../imgs/whale_39293/w_2444.jpg,,,1251.19,887.64,373.0,335.22,1,125037.06,,,,1.1127,0,0
noaa_right_whale_heads,aerien,<absent>../imgs/whale_39293/w_2493.jpg,,,1957.24,1202.13,358.3,308.07,1,110381.48,,,,1.163,0,0
noaa_right_whale_heads,aerien,<absent>../imgs/whale_39293/w_3700.jpg,,,1334.78,832.16,379.47,419.41,1,159153.51,,,,0.9048,0,0
noaa_right_whale_heads,aerien,<absent>../imgs/whale_39293/w_4404.jpg,,,1501.97,924.89,415.02,470.35,1,195204.66,,,,0.8824,0,0
noaa_right_whale_heads,aerien,<absent>../imgs/whale_39293/w_5241.jpg,,,1229.24,584.98,592.88,470.35,1,278861.11,,,,1.2605,0,0
noaa_right_whale_heads,aerien,<absent>../imgs/whale_39293/w_6553.jpg,,,1056.47,823.75,274.58,309.74,1,85048.41,,,,0.8865,0,0
noaa_right_whale_heads,aerien,<absent>../imgs/whale_39293/w_7482.jpg,,,1474.3,964.42,458.49,434.78,1,199342.28,,,,1.0545,0,0
noaa_right_whale_heads,aerien,<absent>../imgs/whale_39293/w_7623.jpg,,,1614.74,809.73,424.93,389.52,1,165518.73,,,,1.0909,0,0
noaa_right_whale_heads,aerien,<absent>../imgs/whale_39293/w_8916.jpg,,,1664.04,1097.43,385.69,337.98,1,130355.51,,,,1.1412,0,0
noaa_right_whale_heads,aerien,<absent>../imgs/whale_39293/w_9004.jpg,,,1582.76,1014.3,624.19,535.02,1,333954.13,,,,1.1667,0,0
noaa_right_whale_heads,aerien,<absent>../imgs/whale_39674/w_1646.jpg,,,1173.29,1015.12,507.56,406.05,1,206094.74,,,,1.25,0,0
noaa_right_whale_heads,aerien,<absent>../imgs/whale_39674/w_4479.jpg,,,1914.54,1007.97,560.64,548.72,1,307634.38,,,,1.0217,0,0
noaa_right_whale_heads,aerien,<absent>../imgs/whale_39674/w_4491.jpg,,,1045.19,369.48,535.91,492.64,1,264010.7,,,,1.0878,0,0
noaa_right_whale_heads,aerien,<absent>../imgs/whale_39674/w_6204.jpg,,,1149.32,196.23,613.91,613.91,1,376885.49,,,,1.0,0,0
noaa_right_whale_heads,aerien,<absent>../imgs/whale_39674/w_7807.jpg,,,755.44,144.01,531.17,488.67,1,259566.84,,,,1.087,0,0
noaa_right_whale_heads,aerien,<absent>../imgs/whale_39689/w_1005.jpg,,,2320.14,426.87,640.31,960.47,1,614998.55,,,,0.6667,0,0
noaa_right_whale_heads,aerien,<absent>../imgs/whale_39689/w_1187.jpg,,,2187.12,980.92,624.22,610.14,1,380861.59,,,,1.0231,0,0
noaa_right_whale_heads,aerien,<absent>../imgs/whale_39689/w_1270.jpg,,,2116.72,765.02,868.28,830.73,1,721306.24,,,,1.0452,0,0
noaa_right_whale_heads,aerien,<absent>../imgs/whale_39689/w_1506.jpg,,,1573.11,474.3,549.4,450.59,1,247554.15,,,,1.2193,0,0
noaa_right_whale_heads,aerien,<absent>../imgs/whale_39689/w_2762.jpg,,,2584.96,1039.52,826.08,833.99,1,688942.46,,,,0.9905,0,0
noaa_right_whale_heads,aerien,<absent>../imgs/whale_39689/w_5121.jpg,,,2733.73,1626.55,514.64,566.58,1,291584.73,,,,0.9083,0,0
noaa_right_whale_heads,aerien,<absent>../imgs/whale_39689/w_5391.jpg,,,1269.86,768.08,527.01,392.45,1,206825.07,,,,1.3429,0,0
noaa_right_whale_heads,aerien,<absent>../imgs/whale_39689/w_687.jpg,,,2071.13,743.08,723.32,845.84,1,611812.99,,,,0.8551,0,0
noaa_right_whale_heads,aerien,<absent>../imgs/whale_39689/w_7614.jpg,,,774.32,528.81,576.02,389.52,1,224371.31,,,,1.4788,0,0
noaa_right_whale_heads,aerien,<absent>../imgs/whale_39689/w_7845.jpg,,,1085.7,700.77,438.51,298.92,1,131079.41,,,,1.467,0,0
noaa_right_whale_heads,aerien,<absent>../imgs/whale_39689/w_8666.jpg,,,2299.76,1699.0,713.39,933.98,1,666291.99,,,,0.7638,0,0
noaa_right_whale_heads,aerien,<absent>../imgs/whale_39915/w_1143.jpg,,,1375.48,395.25,656.12,636.36,1,417528.52,,,,1.0311,0,0
noaa_right_whale_heads,aerien,<absent>../imgs/whale_39915/w_1325.jpg,,,1079.48,628.91,553.82,525.66,1,291121.02,,,,1.0536,0,0
noaa_right_whale_heads,aerien,<absent>../imgs/whale_39915/w_2082.jpg,,,1110.08,156.98,658.76,692.4,1,456125.42,,,,0.9514,0,0
noaa_right_whale_heads,aerien,<absent>../imgs/whale_39915/w_3376.jpg,,,1426.79,525.66,539.74,600.75,1,324248.8,,,,0.8984,0,0
noaa_right_whale_heads,aerien,<absent>../imgs/whale_39915/w_3707.jpg,,,1418.8,897.08,535.89,462.7,1,247956.3,,,,1.1582,0,0
noaa_right_whale_heads,aerien,<absent>../imgs/whale_39915/w_4242.jpg,,,1292.28,832.56,476.55,423.29,1,201718.85,,,,1.1258,0,0
noaa_right_whale_heads,aerien,<absent>../imgs/whale_39915/w_440.jpg,,,1093.02,554.77,483.95,542.97,1,262770.33,,,,0.8913,0,0
noaa_right_whale_heads,aerien,<absent>../imgs/whale_39915/w_5193.jpg,,,787.71,849.38,398.06,344.8,1,137251.09,,,,1.1545,0,0
noaa_right_whale_heads,aerien,<absent>../imgs/whale_39915/w_5905.jpg,,,1243.75,882.36,619.53,488.11,1,302398.79,,,,1.2692,0,0
noaa_right_whale_heads,aerien,<absent>../imgs/whale_39915/w_615.jpg,,,1525.27,919.18,338.21,242.77,1,82107.24,,,,1.3931,0,0
noaa_right_whale_heads,aerien,<absent>../imgs/whale_39915/w_624.jpg,,,1624.38,1055.18,489.31,456.02,1,223135.15,,,,1.073,0,0
noaa_right_whale_heads,aerien,<absent>../imgs/whale_39915/w_6436.jpg,,,689.93,750.94,638.3,478.73,1,305573.36,,,,1.3333,0,0
noaa_right_whale_heads,aerien,<absent>../imgs/whale_39915/w_6732.jpg,,,1218.28,675.71,426.07,436.05,1,185787.82,,,,0.9771,0,0
noaa_right_whale_heads,aerien,<absent>../imgs/whale_39915/w_7177.jpg,,,1440.87,1032.54,450.56,431.79,1,194547.3,,,,1.0435,0,0
noaa_right_whale_heads,aerien,<absent>../imgs/whale_39915/w_7385.jpg,,,952.3,658.06,417.5,467.2,1,195056.0,,,,0.8936,0,0
noaa_right_whale_heads,aerien,<absent>../imgs/whale_39915/w_8040.jpg,,,1148.38,476.0,502.62,469.34,1,235899.67,,,,1.0709,0,0
noaa_right_whale_heads,aerien,<absent>../imgs/whale_39915/w_8190.jpg,,,1494.06,952.56,679.84,584.98,1,397692.8,,,,1.1622,0,0
noaa_right_whale_heads,aerien,<absent>../imgs/whale_39915/w_8589.jpg,,,1213.79,731.64,532.61,546.63,1,291140.6,,,,0.9744,0,0
noaa_right_whale_heads,aerien,<absent>../imgs/whale_39915/w_8621.jpg,,,1395.65,769.39,411.54,316.11,1,130091.91,,,,1.3019,0,0
noaa_right_whale_heads,aerien,<absent>../imgs/whale_39915/w_9104.jpg,,,1059.28,1126.47,411.06,363.63,1,149473.75,,,,1.1304,0,0
noaa_right_whale_heads,aerien,<absent>../imgs/whale_40169/w_1051.jpg,,,1262.99,1057.61,623.23,599.63,1,373707.4,,,,1.0394,0,0
noaa_right_whale_heads,aerien,<absent>../imgs/whale_40169/w_1063.jpg,,,948.61,632.41,711.46,588.93,1,419000.14,,,,1.2081,0,0
noaa_right_whale_heads,aerien,<absent>../imgs/whale_40169/w_112.jpg,,,1412.82,840.97,392.45,412.07,1,161716.87,,,,0.9524,0,0
noaa_right_whale_heads,aerien,<absent>../imgs/whale_40169/w_1172.jpg,,,1419.79,529.07,537.44,430.29,1,231255.06,,,,1.249,0,0
noaa_right_whale_heads,aerien,<absent>../imgs/whale_40169/w_1521.jpg,,,1487.9,525.93,306.23,352.84,1,108050.19,,,,0.8679,0,0
noaa_right_whale_heads,aerien,<absent>../imgs/whale_40169/w_2654.jpg,,,1102.46,571.3,349.39,290.37,1,101452.37,,,,1.2033,0,0
noaa_right_whale_heads,aerien,<absent>../imgs/whale_40169/w_2847.jpg,,,2296.76,652.41,539.24,572.53,1,308731.08,,,,0.9419,0,0
noaa_right_whale_heads,aerien,<absent>../imgs/whale_40169/w_2976.jpg,,,1121.72,596.06,596.06,488.11,1,290942.85,,,,1.2212,0,0
noaa_right_whale_heads,aerien,<absent>../imgs/whale_40169/w_3207.jpg,,,1424.04,1236.22,490.56,493.37,1,242027.59,,,,0.9943,0,0
noaa_right_whale_heads,aerien,<absent>../imgs/whale_40169/w_3604.jpg,,,1477.92,981.95,552.55,572.53,1,316351.45,,,,0.9651,0,0
noaa_right_whale_heads,aerien,<absent>../imgs/whale_40169/w_3608.jpg,,,1375.48,703.55,541.5,664.03,1,359572.24,,,,0.8155,0,0
noaa_right_whale_heads,aerien,<absent>../imgs/whale_40169/w_5359.jpg,,,2403.15,1051.38,648.22,632.41,1,409940.81,,,,1.025,0,0
noaa_right_whale_heads,aerien,<absent>../imgs/whale_40169/w_5967.jpg,,,1009.59,987.83,709.9,519.03,1,368459.4,,,,1.3677,0,0
noaa_right_whale_heads,aerien,<absent>../imgs/whale_40169/w_5973.jpg,,,2545.44,2102.75,952.56,644.26,1,613696.31,,,,1.4785,0,0
noaa_right_whale_heads,aerien,<absent>../imgs/whale_40169/w_6175.jpg,,,1604.73,308.3,691.69,454.54,1,314400.77,,,,1.5217,0,0
noaa_right_whale_heads,aerien,<absent>../imgs/whale_40169/w_6539.jpg,,,1344.77,842.15,669.06,509.28,1,340738.88,,,,1.3137,0,0
noaa_right_whale_heads,aerien,<absent>../imgs/whale_40169/w_7408.jpg,,,1257.83,1281.29,445.87,445.87,1,198800.06,,,,1.0,0,0
noaa_right_whale_heads,aerien,<absent>../imgs/whale_40169/w_9094.jpg,,,1275.47,801.72,493.37,344.8,1,170113.98,,,,1.4309,0,0
noaa_right_whale_heads,aerien,<absent>../imgs/whale_40190/w_2151.jpg,,,1567.79,1471.26,885.42,738.96,1,654289.96,,,,1.1982,0,0
noaa_right_whale_heads,aerien,<absent>../imgs/whale_40190/w_5725.jpg,,,1525.68,703.55,418.97,335.97,1,140761.35,,,,1.247,0,0
noaa_right_whale_heads,aerien,<absent>../imgs/whale_40190/w_6697.jpg,,,2206.94,1666.35,886.12,908.41,1,804960.27,,,,0.9755,0,0
noaa_right_whale_heads,aerien,<absent>../imgs/whale_40483/w_8841.jpg,,,1227.58,779.04,401.33,429.65,1,172431.43,,,,0.9341,0,0
noaa_right_whale_heads,aerien,<absent>../imgs/whale_40885/w_2056.jpg,,,2236.85,1264.88,785.56,645.76,1,507283.23,,,,1.2165,0,0
noaa_right_whale_heads,aerien,<absent>../imgs/whale_40885/w_4975.jpg,,,1731.86,1389.24,1009.08,929.29,1,937727.95,,,,1.0859,0,0
noaa_right_whale_heads,aerien,<absent>../imgs/whale_40885/w_6.jpg,,,1844.07,782.23,1071.82,832.16,1,891925.73,,,,1.288,0,0
noaa_right_whale_heads,aerien,<absent>../imgs/whale_40885/w_8967.jpg,,,1418.43,840.97,569.05,381.24,1,216944.62,,,,1.4926,0,0
noaa_right_whale_heads,aerien,<absent>../imgs/whale_41125/w_2443.jpg,,,1324.1,498.02,501.97,509.88,1,255944.46,,,,0.9845,0,0
noaa_right_whale_heads,aerien,<absent>../imgs/whale_41125/w_3770.jpg,,,1484.57,316.22,532.58,615.8,1,327962.76,,,,0.8649,0,0
noaa_right_whale_heads,aerien,<absent>../imgs/whale_41125/w_3794.jpg,,,1267.21,530.35,441.18,525.66,1,231910.68,,,,0.8393,0,0
noaa_right_whale_heads,aerien,<absent>../imgs/whale_41125/w_5025.jpg,,,1304.83,802.2,529.25,642.43,1,340006.08,,,,0.8238,0,0
noaa_right_whale_heads,aerien,<absent>../imgs/whale_41125/w_5889.jpg,,,1421.33,479.32,439.38,545.9,1,239857.54,,,,0.8049,0,0
noaa_right_whale_heads,aerien,<absent>../imgs/whale_41125/w_622.jpg,,,614.83,694.62,779.1,581.98,1,453420.62,,,,1.3387,0,0
noaa_right_whale_heads,aerien,<absent>../imgs/whale_41125/w_6619.jpg,,,1538.97,866.2,860.59,619.51,1,533144.11,,,,1.3891,0,0
noaa_right_whale_heads,aerien,<absent>../imgs/whale_41125/w_6642.jpg,,,1210.75,1099.42,648.12,536.79,1,347904.33,,,,1.2074,0,0
noaa_right_whale_heads,aerien,<absent>../imgs/whale_41125/w_6687.jpg,,,1214.73,693.85,695.84,493.05,1,343083.91,,,,1.4113,0,0
noaa_right_whale_heads,aerien,<absent>../imgs/whale_41125/w_7157.jpg,,,1202.58,877.41,723.23,891.42,1,644701.69,,,,0.8113,0,0
noaa_right_whale_heads,aerien,<absent>../imgs/whale_41125/w_7722.jpg,,,747.03,1059.28,596.83,553.36,1,330261.85,,,,1.0786,0,0
noaa_right_whale_heads,aerien,<absent>../imgs/whale_41125/w_7939.jpg,,,1383.39,624.5,486.16,383.4,1,186393.74,,,,1.268,0,0
noaa_right_whale_heads,aerien,<absent>../imgs/whale_41125/w_837.jpg,,,671.93,743.08,762.84,553.36,1,422125.14,,,,1.3786,0,0
noaa_right_whale_heads,aerien,<absent>../imgs/whale_41125/w_9021.jpg,,,992.01,451.42,490.43,529.44,1,259653.26,,,,0.9263,0,0
noaa_right_whale_heads,aerien,<absent>../imgs/whale_41125/w_9069.jpg,,,1408.01,652.38,628.91,478.73,1,301078.08,,,,1.3137,0,0
noaa_right_whale_heads,aerien,<absent>../imgs/whale_41776/w_1038.jpg,,,1454.87,762.48,400.86,409.27,1,164059.97,,,,0.9795,0,0
noaa_right_whale_heads,aerien,<absent>../imgs/whale_41776/w_1555.jpg,,,1304.19,864.82,530.82,497.03,1,263833.46,,,,1.068,0,0
noaa_right_whale_heads,aerien,<absent>../imgs/whale_41776/w_1930.jpg,,,1249.0,881.42,561.26,509.88,1,286175.25,,,,1.1008,0,0
noaa_right_whale_heads,aerien,<absent>../imgs/whale_41776/w_2206.jpg,,,1694.31,821.34,516.27,361.39,1,186574.82,,,,1.4286,0,0
noaa_right_whale_heads,aerien,<absent>../imgs/whale_41776/w_2487.jpg,,,1074.78,971.53,614.83,563.21,1,346278.4,,,,1.0917,0,0
noaa_right_whale_heads,aerien,<absent>../imgs/whale_41776/w_2539.jpg,,,1770.84,988.61,449.37,436.05,1,195947.79,,,,1.0305,0,0
noaa_right_whale_heads,aerien,<absent>../imgs/whale_41776/w_2904.jpg,,,1075.56,916.51,544.74,586.49,1,319484.56,,,,0.9288,0,0
noaa_right_whale_heads,aerien,<absent>../imgs/whale_41776/w_3138.jpg,,,790.51,584.98,596.83,513.83,1,306669.16,,,,1.1615,0,0
noaa_right_whale_heads,aerien,<absent>../imgs/whale_41776/w_6174.jpg,,,1438.21,723.29,358.3,291.33,1,104383.54,,,,1.2299,0,0
noaa_right_whale_heads,aerien,<absent>../imgs/whale_41776/w_6822.jpg,,,1417.4,1135.8,549.13,408.32,1,224220.76,,,,1.3449,0,0
noaa_right_whale_heads,aerien,<absent>../imgs/whale_41776/w_6835.jpg,,,1078.24,1285.85,482.19,294.67,1,142086.93,,,,1.6364,0,0
noaa_right_whale_heads,aerien,<absent>../imgs/whale_41776/w_6980.jpg,,,1308.17,773.37,501.0,467.2,1,234067.2,,,,1.0723,0,0
noaa_right_whale_heads,aerien,<absent>../imgs/whale_41776/w_8842.jpg,,,1328.23,980.92,628.91,539.74,1,339447.88,,,,1.1652,0,0
noaa_right_whale_heads,aerien,<absent>../imgs/whale_41776/w_9005.jpg,,,1595.75,779.1,492.81,441.18,1,217417.92,,,,1.117,0,0
noaa_right_whale_heads,aerien,<absent>../imgs/whale_41805/w_2205.jpg,,,1065.16,768.92,559.21,409.42,1,228951.76,,,,1.3659,0,0
noaa_right_whale_heads,aerien,<absent>../imgs/whale_41805/w_2271.jpg,,,1980.54,845.47,462.68,382.79,1,177109.28,,,,1.2087,0,0
noaa_right_whale_heads,aerien,<absent>../imgs/whale_41805/w_2398.jpg,,,1374.73,529.25,449.37,416.08,1,186973.87,,,,1.08,0,0
noaa_right_whale_heads,aerien,<absent>../imgs/whale_41805/w_273.jpg,,,1988.13,482.21,644.26,557.31,1,359052.54,,,,1.156,0,0
noaa_right_whale_heads,aerien,<absent>../imgs/whale_41805/w_4066.jpg,,,1736.55,483.42,1605.14,1135.8,1,1823118.01,,,,1.4132,0,0
noaa_right_whale_heads,aerien,<absent>../imgs/whale_41805/w_448.jpg,,,1347.98,668.09,396.6,375.36,1,148867.78,,,,1.0566,0,0
noaa_right_whale_heads,aerien,<absent>../imgs/whale_41805/w_484.jpg,,,1119.3,779.34,439.37,300.2,1,131898.87,,,,1.4636,0,0
noaa_right_whale_heads,aerien,<absent>../imgs/whale_41805/w_5313.jpg,,,2747.02,996.04,715.41,798.41,1,571190.5,,,,0.896,0,0
noaa_right_whale_heads,aerien,<absent>../imgs/whale_41805/w_613.jpg,,,1241.58,369.48,689.03,545.9,1,376141.48,,,,1.2622,0,0
noaa_right_whale_heads,aerien,<absent>../imgs/whale_41805/w_675.jpg,,,1237.29,793.61,396.8,381.74,1,151474.43,,,,1.0395,0,0
noaa_right_whale_heads,aerien,<absent>../imgs/whale_41805/w_7089.jpg,,,1418.96,1071.14,501.97,584.98,1,293642.41,,,,0.8581,0,0
noaa_right_whale_heads,aerien,<absent>../imgs/whale_41805/w_7380.jpg,,,1605.14,1337.61,1070.09,905.82,1,969308.92,,,,1.1813,0,0
noaa_right_whale_heads,aerien,<absent>../imgs/whale_41805/w_7422.jpg,,,1408.07,899.09,329.83,339.88,1,112102.62,,,,0.9704,0,0
noaa_right_whale_heads,aerien,<absent>../imgs/whale_41805/w_8432.jpg,,,1160.53,801.72,557.84,440.11,1,245510.96,,,,1.2675,0,0
noaa_right_whale_heads,aerien,<absent>../imgs/whale_41805/w_8873.jpg,,,1533.19,457.93,457.93,364.32,1,166833.06,,,,1.2569,0,0
noaa_right_whale_heads,aerien,<absent>../imgs/whale_41805/w_9306.jpg,,,2073.74,479.32,788.89,825.5,1,651228.69,,,,0.9557,0,0
noaa_right_whale_heads,aerien,<absent>../imgs/whale_41805/w_9375.jpg,,,1948.24,1070.83,370.03,487.76,1,180485.83,,,,0.7586,0,0
noaa_right_whale_heads,aerien,<absent>../imgs/whale_41881/w_202.jpg,,,1138.33,822.13,565.21,470.35,1,265846.52,,,,1.2017,0,0
noaa_right_whale_heads,aerien,<absent>../imgs/whale_41881/w_4852.jpg,,,1361.41,589.17,532.58,535.91,1,285414.95,,,,0.9938,0,0
noaa_right_whale_heads,aerien,<absent>../imgs/whale_41881/w_6258.jpg,,,1418.0,842.15,625.78,525.93,1,329116.48,,,,1.1899,0,0
noaa_right_whale_heads,aerien,<absent>../imgs/whale_41881/w_6489.jpg,,,1130.43,494.07,596.83,418.97,1,250053.87,,,,1.4245,0,0
noaa_right_whale_heads,aerien,<absent>../imgs/whale_41881/w_8692.jpg,,,1399.62,582.51,383.7,399.61,1,153330.36,,,,0.9602,0,0
noaa_right_whale_heads,aerien,<absent>../imgs/whale_41881/w_9173.jpg,,,1086.95,806.32,501.97,411.06,1,206339.79,,,,1.2212,0,0
noaa_right_whale_heads,aerien,<absent>../imgs/whale_41921/w_1137.jpg,,,1666.68,734.19,585.46,446.18,1,261220.54,,,,1.3122,0,0
noaa_right_whale_heads,aerien,<absent>../imgs/whale_41921/w_1162.jpg,,,2210.58,769.71,1623.91,1159.27,1,1882550.15,,,,1.4008,0,0
noaa_right_whale_heads,aerien,<absent>../imgs/whale_41921/w_1489.jpg,,,1449.49,675.17,592.55,457.98,1,271376.05,,,,1.2938,0,0
noaa_right_whale_heads,aerien,<absent>../imgs/whale_41921/w_2200.jpg,,,1446.63,577.07,660.07,383.4,1,253070.84,,,,1.7216,0,0
noaa_right_whale_heads,aerien,<absent>../imgs/whale_41921/w_3075.jpg,,,1102.95,1149.88,708.7,464.64,1,329290.37,,,,1.5253,0,0
noaa_right_whale_heads,aerien,<absent>../imgs/whale_41921/w_3739.jpg,,,1496.71,696.42,554.77,632.68,1,350991.88,,,,0.8769,0,0
noaa_right_whale_heads,aerien,<absent>../imgs/whale_41921/w_4330.jpg,,,2327.92,882.36,957.45,1163.96,1,1114433.5,,,,0.8226,0,0
noaa_right_whale_heads,aerien,<absent>../imgs/whale_41921/w_8659.jpg,,,1328.05,632.41,782.6,814.22,1,637208.57,,,,0.9612,0,0
noaa_right_whale_heads,aerien,<absent>../imgs/whale_41921/w_8812.jpg,,,1394.7,735.63,296.25,259.63,1,76915.39,,,,1.141,0,0
noaa_right_whale_heads,aerien,<absent>../imgs/whale_41921/w_9107.jpg,,,1389.24,783.79,384.86,436.48,1,167983.69,,,,0.8817,0,0
noaa_right_whale_heads,aerien,<absent>../imgs/whale_41921/w_9177.jpg,,,1953.91,1111.77,1481.25,1028.55,1,1523539.69,,,,1.4401,0,0
noaa_right_whale_heads,aerien,<absent>../imgs/whale_42191/w_3680.jpg,,,1222.2,852.18,549.43,501.78,1,275692.99,,,,1.095,0,0
noaa_right_whale_heads,aerien,<absent>../imgs/whale_42191/w_4959.jpg,,,2286.78,1727.56,862.12,715.66,1,616984.8,,,,1.2047,0,0
noaa_right_whale_heads,aerien,<absent>../imgs/whale_42191/w_5168.jpg,,,2426.48,1370.47,1154.57,779.1,1,899525.49,,,,1.4819,0,0
noaa_right_whale_heads,aerien,<absent>../imgs/whale_42191/w_5730.jpg,,,2619.64,1641.02,738.96,665.73,1,491947.84,,,,1.11,0,0
noaa_right_whale_heads,aerien,<absent>../imgs/whale_42191/w_6109.jpg,,,1276.6,971.53,675.85,600.75,1,406016.89,,,,1.125,0,0
noaa_right_whale_heads,aerien,<absent>../imgs/whale_42191/w_7901.jpg,,,1865.6,2019.75,695.65,739.13,1,514175.78,,,,0.9412,0,0
noaa_right_whale_heads,aerien,<absent>../imgs/whale_43045/w_1083.jpg,,,1984.02,2034.18,919.56,1109.04,1,1019828.82,,,,0.8291,0,0
noaa_right_whale_heads,aerien,<absent>../imgs/whale_43045/w_2198.jpg,,,1533.59,920.94,584.98,470.35,1,275145.34,,,,1.2437,0,0
noaa_right_whale_heads,aerien,<absent>../imgs/whale_43045/w_2840.jpg,,,3465.4,1909.51,1115.84,942.97,1,1052203.64,,,,1.1833,0,0
noaa_right_whale_heads,aerien,<absent>../imgs/whale_43045/w_3395.jpg,,,1960.57,1045.19,319.55,236.33,1,75519.25,,,,1.3521,0,0
noaa_right_whale_heads,aerien,<absent>../imgs/whale_43045/w_4514.jpg,,,1107.19,1017.48,377.72,495.75,1,187254.69,,,,0.7619,0,0
noaa_right_whale_heads,aerien,<absent>../imgs/whale_43045/w_4791.jpg,,,1166.0,833.99,415.02,509.88,1,211610.4,,,,0.814,0,0
noaa_right_whale_heads,aerien,<absent>../imgs/whale_43045/w_5003.jpg,,,1308.29,885.37,375.49,347.82,1,130602.93,,,,1.0796,0,0
noaa_right_whale_heads,aerien,<absent>../imgs/whale_43045/w_5727.jpg,,,2506.47,1218.28,755.6,772.24,1,583504.54,,,,0.9785,0,0
noaa_right_whale_heads,aerien,<absent>../imgs/whale_43045/w_6373.jpg,,,620.02,291.9,415.48,268.46,1,111539.76,,,,1.5476,0,0
noaa_right_whale_heads,aerien,<absent>../imgs/whale_43045/w_6458.jpg,,,2271.6,1342.31,915.21,1065.4,1,975064.73,,,,0.859,0,0
noaa_right_whale_heads,aerien,<absent>../imgs/whale_43045/w_7101.jpg,,,1271.91,1257.83,427.1,375.47,1,160363.24,,,,1.1375,0,0
noaa_right_whale_heads,aerien,<absent>../imgs/whale_43045/w_7606.jpg,,,1652.11,719.69,262.43,262.43,1,68869.5,,,,1.0,0,0
noaa_right_whale_heads,aerien,<absent>../imgs/whale_43045/w_9352.jpg,,,1238.25,878.76,392.78,479.32,1,188267.31,,,,0.8195,0,0
noaa_right_whale_heads,aerien,<absent>../imgs/whale_43326/w_1056.jpg,,,1093.02,701.14,502.84,382.44,1,192306.13,,,,1.3148,0,0
noaa_right_whale_heads,aerien,<absent>../imgs/whale_43326/w_2324.jpg,,,1295.37,877.66,492.81,361.39,1,178096.61,,,,1.3637,0,0
noaa_right_whale_heads,aerien,<absent>../imgs/whale_43326/w_269.jpg,,,726.03,782.1,605.5,487.76,1,295338.68,,,,1.2414,0,0
noaa_right_whale_heads,aerien,<absent>../imgs/whale_43374/w_1959.jpg,,,1592.87,628.45,426.87,486.16,1,207527.12,,,,0.878,0,0
noaa_right_whale_heads,aerien,<absent>../imgs/whale_43374/w_4521.jpg,,,1363.63,766.79,545.45,490.12,1,267335.95,,,,1.1129,0,0
noaa_right_whale_heads,aerien,<absent>../imgs/whale_43374/w_787.jpg,,,1356.39,755.63,380.16,384.86,1,146308.38,,,,0.9878,0,0
noaa_right_whale_heads,aerien,<absent>../imgs/whale_43961/w_1691.jpg,,,1437.97,748.94,442.71,382.79,1,169464.96,,,,1.1565,0,0
noaa_right_whale_heads,aerien,<absent>../imgs/whale_43961/w_5253.jpg,,,1027.85,605.45,661.77,549.13,1,363397.76,,,,1.2051,0,0
noaa_right_whale_heads,aerien,<absent>../imgs/whale_43961/w_5363.jpg,,,1126.89,978.32,409.27,440.11,1,180123.82,,,,0.9299,0,0
noaa_right_whale_heads,aerien,<absent>../imgs/whale_43961/w_5642.jpg,,,1581.1,815.52,609.14,466.01,1,283865.33,,,,1.3071,0,0
noaa_right_whale_heads,aerien,<absent>../imgs/whale_43961/w_6039.jpg,,,1314.81,712.33,519.27,442.71,1,229886.02,,,,1.1729,0,0
noaa_right_whale_heads,aerien,<absent>../imgs/whale_43961/w_6796.jpg,,,1413.54,866.81,596.43,485.1,1,289328.19,,,,1.2295,0,0
noaa_right_whale_heads,aerien,<absent>../imgs/whale_43961/w_7576.jpg,,,1600.44,811.96,478.73,389.55,1,186489.27,,,,1.2289,0,0
noaa_right_whale_heads,aerien,<absent>../imgs/whale_43971/w_1120.jpg,,,1288.18,961.98,689.03,625.78,1,431181.19,,,,1.1011,0,0
noaa_right_whale_heads,aerien,<absent>../imgs/whale_43971/w_2462.jpg,,,1874.02,1171.68,502.62,499.3,1,250958.17,,,,1.0066,0,0
noaa_right_whale_heads,aerien,<absent>../imgs/whale_43971/w_2575.jpg,,,1365.82,508.95,530.82,512.93,1,272273.5,,,,1.0349,0,0
noaa_right_whale_heads,aerien,<absent>../imgs/whale_43971/w_2989.jpg,,,2008.77,1492.5,1051.32,999.69,1,1050994.09,,,,1.0516,0,0
noaa_right_whale_heads,aerien,<absent>../imgs/whale_43971/w_4162.jpg,,,892.08,619.13,732.3,675.71,1,494822.43,,,,1.0837,0,0
noaa_right_whale_heads,aerien,<absent>../imgs/whale_43971/w_516.jpg,,,1645.49,1185.76,571.86,599.89,1,343053.1,,,,0.9533,0,0
noaa_right_whale_heads,aerien,<absent>../imgs/whale_43971/w_5488.jpg,,,2864.57,1432.28,1136.91,1382.12,1,1571346.05,,,,0.8226,0,0
noaa_right_whale_heads,aerien,<absent>../imgs/whale_43971/w_5541.jpg,,,1521.73,873.51,707.5,482.21,1,341163.58,,,,1.4672,0,0
noaa_right_whale_heads,aerien,<absent>../imgs/whale_43971/w_5940.jpg,,,516.91,618.3,596.43,457.26,1,272723.58,,,,1.3044,0,0
noaa_right_whale_heads,aerien,<absent>../imgs/whale_43971/w_6963.jpg,,,1569.16,339.92,553.36,644.26,1,356507.71,,,,0.8589,0,0
noaa_right_whale_heads,aerien,<absent>../imgs/whale_43971/w_7151.jpg,,,3906.73,2140.06,1103.47,1214.93,1,1340638.81,,,,0.9083,0,0
noaa_right_whale_heads,aerien,<absent>../imgs/whale_43971/w_7295.jpg,,,954.29,433.41,884.7,622.28,1,550531.12,,,,1.4217,0,0
noaa_right_whale_heads,aerien,<absent>../imgs/whale_43971/w_7340.jpg,,,1317.29,892.36,354.11,351.75,1,124558.19,,,,1.0067,0,0
noaa_right_whale_heads,aerien,<absent>../imgs/whale_43971/w_7572.jpg,,,1359.79,953.74,493.39,410.77,1,202669.81,,,,1.2011,0,0
noaa_right_whale_heads,aerien,<absent>../imgs/whale_43971/w_8293.jpg,,,563.21,1056.01,483.42,366.08,1,176970.39,,,,1.3205,0,0
noaa_right_whale_heads,aerien,<absent>../imgs/whale_43971/w_8763.jpg,,,2017.16,1055.18,515.94,502.62,1,259321.76,,,,1.0265,0,0
noaa_right_whale_heads,aerien,<absent>../imgs/whale_43971/w_8805.jpg,,,544.43,835.42,614.83,441.18,1,271250.7,,,,1.3936,0,0
noaa_right_whale_heads,aerien,<absent>../imgs/whale_43971/w_9116.jpg,,,1549.22,492.93,1046.23,689.1,1,720957.09,,,,1.5183,0,0
noaa_right_whale_heads,aerien,<absent>../imgs/whale_44071/w_1331.jpg,,,1290.68,901.13,488.11,492.81,1,240545.49,,,,0.9905,0,0
noaa_right_whale_heads,aerien,<absent>../imgs/whale_44071/w_1456.jpg,,,1106.71,747.03,545.45,557.31,1,303984.74,,,,0.9787,0,0
noaa_right_whale_heads,aerien,<absent>../imgs/whale_44071/w_2414.jpg,,,818.18,1023.71,747.03,640.31,1,478330.78,,,,1.1667,0,0
noaa_right_whale_heads,aerien,<absent>../imgs/whale_44071/w_278.jpg,,,1154.93,737.25,740.05,611.1,1,452244.55,,,,1.211,0,0
noaa_right_whale_heads,aerien,<absent>../imgs/whale_44071/w_2853.jpg,,,858.89,361.39,488.11,408.32,1,199305.08,,,,1.1954,0,0
noaa_right_whale_heads,aerien,<absent>../imgs/whale_44071/w_3778.jpg,,,840.12,727.47,581.98,572.59,1,333235.93,,,,1.0164,0,0
noaa_right_whale_heads,aerien,<absent>../imgs/whale_44071/w_8100.jpg,,,1356.39,919.9,478.73,488.11,1,233672.9,,,,0.9808,0,0
noaa_right_whale_heads,aerien,<absent>../imgs/whale_44071/w_8247.jpg,,,1371.79,874.76,475.16,457.26,1,217271.66,,,,1.0391,0,0
noaa_right_whale_heads,aerien,<absent>../imgs/whale_44071/w_9341.jpg,,,1427.46,610.35,343.94,353.88,1,121713.49,,,,0.9719,0,0
noaa_right_whale_heads,aerien,<absent>../imgs/whale_44127/w_1975.jpg,,,1027.85,694.62,539.74,535.05,1,288787.89,,,,1.0088,0,0
noaa_right_whale_heads,aerien,<absent>../imgs/whale_44127/w_3985.jpg,,,1114.62,996.04,494.07,557.31,1,275350.15,,,,0.8865,0,0
noaa_right_whale_heads,aerien,<absent>../imgs/whale_44127/w_464.jpg,,,2150.18,928.85,916.99,1063.23,1,974971.28,,,,0.8625,0,0
noaa_right_whale_heads,aerien,<absent>../imgs/whale_44127/w_4709.jpg,,,2027.06,915.45,1061.31,1151.85,1,1222469.92,,,,0.9214,0,0
noaa_right_whale_heads,aerien,<absent>../imgs/whale_44127/w_4927.jpg,,,1126.47,604.74,411.06,458.49,1,188466.9,,,,0.8966,0,0
noaa_right_whale_heads,aerien,<absent>../imgs/whale_44127/w_6206.jpg,,,906.52,1031.64,441.46,462.7,1,204263.54,,,,0.9541,0,0
noaa_right_whale_heads,aerien,<absent>../imgs/whale_44127/w_7292.jpg,,,1924.29,1117.03,797.88,872.97,1,696525.3,,,,0.914,0,0
noaa_right_whale_heads,aerien,<absent>../imgs/whale_44127/w_8695.jpg,,,916.99,920.94,422.92,430.83,1,182206.62,,,,0.9816,0,0
noaa_right_whale_heads,aerien,<absent>../imgs/whale_44699/w_3313.jpg,,,2733.14,972.72,636.33,580.27,1,369243.21,,,,1.0966,0,0
noaa_right_whale_heads,aerien,<absent>../imgs/whale_44699/w_7863.jpg,,,2559.34,871.8,560.64,597.09,1,334752.54,,,,0.939,0,0
noaa_right_whale_heads,aerien,<absent>../imgs/whale_44747/w_3431.jpg,,,2046.32,1539.43,924.6,816.65,1,755074.59,,,,1.1322,0,0
noaa_right_whale_heads,aerien,<absent>../imgs/whale_44747/w_5059.jpg,,,2787.87,915.21,887.05,1018.46,1,903424.94,,,,0.871,0,0
noaa_right_whale_heads,aerien,<absent>../imgs/whale_44747/w_6761.jpg,,,1607.73,1537.83,705.67,818.85,1,577837.88,,,,0.8618,0,0
noaa_right_whale_heads,aerien,<absent>../imgs/whale_44747/w_8720.jpg,,,1452.07,479.35,611.1,605.5,1,370021.05,,,,1.0092,0,0
noaa_right_whale_heads,aerien,<absent>../imgs/whale_44747/w_8929.jpg,,,1478.39,895.74,559.21,549.16,1,307095.76,,,,1.0183,0,0
noaa_right_whale_heads,aerien,<absent>../imgs/whale_45062/w_1588.jpg,,,1335.96,960.47,411.06,292.49,1,120230.94,,,,1.4054,0,0
noaa_right_whale_heads,aerien,<absent>../imgs/whale_45062/w_2468.jpg,,,1385.71,630.23,367.8,220.68,1,81166.1,,,,1.6667,0,0
noaa_right_whale_heads,aerien,<absent>../imgs/whale_45062/w_336.jpg,,,1086.95,806.32,596.83,501.97,1,299590.76,,,,1.189,0,0
noaa_right_whale_heads,aerien,<absent>../imgs/whale_45062/w_3828.jpg,,,1060.7,826.04,600.75,459.95,1,276314.96,,,,1.3061,0,0
noaa_right_whale_heads,aerien,<absent>../imgs/whale_45062/w_4056.jpg,,,2816.03,1262.52,995.0,910.52,1,905967.4,,,,1.0928,0,0
noaa_right_whale_heads,aerien,<absent>../imgs/whale_45062/w_5399.jpg,,,1469.03,605.45,347.31,497.5,1,172786.73,,,,0.6981,0,0
noaa_right_whale_heads,aerien,<absent>../imgs/whale_45062/w_5600.jpg,,,1264.81,616.6,569.17,569.17,1,323954.49,,,,1.0,0,0
noaa_right_whale_heads,aerien,<absent>../imgs/whale_45062/w_5985.jpg,,,981.95,462.68,625.78,639.1,1,399936.0,,,,0.9792,0,0
noaa_right_whale_heads,aerien,<absent>../imgs/whale_45062/w_6545.jpg,,,1369.08,701.59,464.73,376.81,1,175114.91,,,,1.2333,0,0
noaa_right_whale_heads,aerien,<absent>../imgs/whale_45062/w_6602.jpg,,,2445.25,1229.67,835.42,816.65,1,682245.74,,,,1.023,0,0
noaa_right_whale_heads,aerien,<absent>../imgs/whale_45062/w_7214.jpg,,,1008.58,968.63,525.93,392.78,1,206574.79,,,,1.339,0,0
noaa_right_whale_heads,aerien,<absent>../imgs/whale_45294/w_6241.jpg,,,1163.84,576.02,417.85,486.31,1,203204.63,,,,0.8592,0,0
noaa_right_whale_heads,aerien,<absent>../imgs/whale_45367/w_6556.jpg,,,1581.02,854.98,588.68,420.48,1,247528.17,,,,1.4,0,0
noaa_right_whale_heads,aerien,<absent>../imgs/whale_45367/w_8013.jpg,,,1637.69,1085.14,515.94,379.47,1,195783.75,,,,1.3596,0,0
noaa_right_whale_heads,aerien,<absent>../imgs/whale_45465/w_2528.jpg,,,2783.18,1436.18,990.3,1079.48,1,1069009.04,,,,0.9174,0,0
noaa_right_whale_heads,aerien,<absent>../imgs/whale_45465/w_295.jpg,,,1474.59,306.23,1081.81,1294.84,1,1400770.86,,,,0.8355,0,0
noaa_right_whale_heads,aerien,<absent>../imgs/whale_45465/w_3357.jpg,,,2027.14,426.07,838.82,1061.84,1,890692.63,,,,0.79,0,0
noaa_right_whale_heads,aerien,<absent>../imgs/whale_45465/w_4904.jpg,,,2083.73,975.29,848.8,895.4,1,760015.52,,,,0.948,0,0
noaa_right_whale_heads,aerien,<absent>../imgs/whale_45465/w_507.jpg,,,1581.67,2088.56,1163.96,1074.78,1,1251000.93,,,,1.083,0,0
noaa_right_whale_heads,aerien,<absent>../imgs/whale_45465/w_5944.jpg,,,1300.07,995.0,488.11,450.56,1,219922.84,,,,1.0833,0,0
noaa_right_whale_heads,aerien,<absent>../imgs/whale_45465/w_7071.jpg,,,1059.62,675.58,538.22,437.3,1,235363.61,,,,1.2308,0,0
noaa_right_whale_heads,aerien,<absent>../imgs/whale_45465/w_8553.jpg,,,1264.88,622.46,585.84,575.85,1,337355.96,,,,1.0173,0,0
noaa_right_whale_heads,aerien,<absent>../imgs/whale_45728/w_1467.jpg,,,956.52,830.03,719.36,470.35,1,338350.98,,,,1.5294,0,0
noaa_right_whale_heads,aerien,<absent>../imgs/whale_45728/w_5138.jpg,,,1379.44,841.89,683.79,573.12,1,391893.72,,,,1.1931,0,0
noaa_right_whale_heads,aerien,<absent>../imgs/whale_46169/w_2058.jpg,,,1128.43,415.49,809.73,576.02,1,466420.67,,,,1.4057,0,0
noaa_right_whale_heads,aerien,<absent>../imgs/whale_46169/w_261.jpg,,,1182.73,685.23,520.97,441.18,1,229841.54,,,,1.1809,0,0
noaa_right_whale_heads,aerien,<absent>../imgs/whale_46169/w_3439.jpg,,,985.61,1431.48,657.07,474.03,1,311470.89,,,,1.3861,0,0
noaa_right_whale_heads,aerien,<absent>../imgs/whale_46169/w_3478.jpg,,,1124.09,826.95,459.73,498.97,1,229391.48,,,,0.9214,0,0
noaa_right_whale_heads,aerien,<absent>../imgs/whale_46169/w_3637.jpg,,,2007.17,1088.47,1221.61,912.05,1,1114169.4,,,,1.3394,0,0
noaa_right_whale_heads,aerien,<absent>../imgs/whale_46169/w_3797.jpg,,,2296.76,1427.99,1065.16,845.47,1,900560.83,,,,1.2598,0,0
noaa_right_whale_heads,aerien,<absent>../imgs/whale_46169/w_4971.jpg,,,1250.51,932.42,345.93,343.94,1,118979.16,,,,1.0058,0,0
noaa_right_whale_heads,aerien,<absent>../imgs/whale_46169/w_5520.jpg,,,2644.25,1944.65,901.18,648.22,1,584162.9,,,,1.3902,0,0
noaa_right_whale_heads,aerien,<absent>../imgs/whale_46169/w_5868.jpg,,,1477.92,1028.55,685.7,542.57,1,372040.25,,,,1.2638,0,0
noaa_right_whale_heads,aerien,<absent>../imgs/whale_46169/w_6916.jpg,,,1276.6,891.74,614.83,558.51,1,343388.7,,,,1.1008,0,0
noaa_right_whale_heads,aerien,<absent>../imgs/whale_46169/w_7189.jpg,,,1110.66,901.18,612.64,561.26,1,343850.33,,,,1.0915,0,0
noaa_right_whale_heads,aerien,<absent>../imgs/whale_46169/w_8790.jpg,,,1023.16,1192.12,586.67,675.85,1,396500.92,,,,0.868,0,0
noaa_right_whale_heads,aerien,<absent>../imgs/whale_46747/w_1803.jpg,,,1474.3,217.39,758.89,766.79,1,581909.26,,,,0.9897,0,0
noaa_right_whale_heads,aerien,<absent>../imgs/whale_46747/w_2839.jpg,,,691.06,1008.73,518.3,345.53,1,179088.2,,,,1.5,0,0
noaa_right_whale_heads,aerien,<absent>../imgs/whale_46747/w_5560.jpg,,,1857.69,1434.77,747.03,916.99,1,685019.04,,,,0.8147,0,0
noaa_right_whale_heads,aerien,<absent>../imgs/whale_46747/w_6542.jpg,,,1201.64,602.48,535.91,589.17,1,315742.09,,,,0.9096,0,0
noaa_right_whale_heads,aerien,<absent>../imgs/whale_46747/w_7166.jpg,,,1457.94,589.17,515.94,429.39,1,221539.48,,,,1.2016,0,0
noaa_right_whale_heads,aerien,<absent>../imgs/whale_46747/w_8210.jpg,,,1194.53,1022.2,587.82,467.43,1,274764.7,,,,1.2576,0,0
noaa_right_whale_heads,aerien,<absent>../imgs/whale_46747/w_8604.jpg,,,1498.01,683.79,703.55,616.6,1,433808.93,,,,1.141,0,0
noaa_right_whale_heads,aerien,<absent>../imgs/whale_46747/w_8860.jpg,,,1620.54,509.88,711.46,505.93,1,359948.96,,,,1.4062,0,0
noaa_right_whale_heads,aerien,<absent>../imgs/whale_46747/w_9190.jpg,,,1596.83,403.16,687.74,541.5,1,372411.21,,,,1.2701,0,0
noaa_right_whale_heads,aerien,<absent>../imgs/whale_46974/w_3172.jpg,,,1166.2,722.39,826.26,637.4,1,526658.12,,,,1.2963,0,0
noaa_right_whale_heads,aerien,<absent>../imgs/whale_46974/w_5734.jpg,,,1527.85,1035.21,399.44,406.09,1,162208.59,,,,0.9836,0,0
noaa_right_whale_heads,aerien,<absent>../imgs/whale_46974/w_7852.jpg,,,1677.63,748.94,409.42,326.21,1,133556.9,,,,1.2551,0,0
noaa_right_whale_heads,aerien,<absent>../imgs/whale_46974/w_9265.jpg,,,1159.27,530.35,441.18,328.54,1,144945.28,,,,1.3429,0,0
noaa_right_whale_heads,aerien,<absent>../imgs/whale_47062/w_3306.jpg,,,1763.23,944.69,389.65,294.34,1,114689.58,,,,1.3238,0,0
noaa_right_whale_heads,aerien,<absent>../imgs/whale_47062/w_5994.jpg,,,1338.11,975.29,366.15,316.22,1,115783.95,,,,1.1579,0,0
noaa_right_whale_heads,aerien,<absent>../imgs/whale_47062/w_7849.jpg,,,1443.36,926.45,383.7,355.87,1,136547.32,,,,1.0782,0,0
noaa_right_whale_heads,aerien,<absent>../imgs/whale_47700/w_1375.jpg,,,1234.61,803.19,604.38,534.8,1,323222.42,,,,1.1301,0,0
noaa_right_whale_heads,aerien,<absent>../imgs/whale_47700/w_2542.jpg,,,2041.62,985.61,868.28,985.61,1,855785.45,,,,0.881,0,0
noaa_right_whale_heads,aerien,<absent>../imgs/whale_47700/w_3242.jpg,,,2097.94,1154.57,929.29,1084.17,1,1007508.34,,,,0.8571,0,0
noaa_right_whale_heads,aerien,<absent>../imgs/whale_47700/w_3514.jpg,,,2417.09,1121.72,999.69,933.98,1,933690.47,,,,1.0704,0,0
noaa_right_whale_heads,aerien,<absent>../imgs/whale_47700/w_391.jpg,,,1302.69,811.04,511.39,581.37,1,297306.8,,,,0.8796,0,0
noaa_right_whale_heads,aerien,<absent>../imgs/whale_47700/w_405.jpg,,,2600.13,1652.07,802.57,863.58,1,693083.4,,,,0.9294,0,0
noaa_right_whale_heads,aerien,<absent>../imgs/whale_47700/w_4503.jpg,,,1632.4,2122.51,786.56,687.74,1,540948.77,,,,1.1437,0,0
noaa_right_whale_heads,aerien,<absent>../imgs/whale_47700/w_5274.jpg,,,2177.73,1534.74,905.82,1037.24,1,939552.74,,,,0.8733,0,0
noaa_right_whale_heads,aerien,<absent>../imgs/whale_47700/w_5456.jpg,,,1201.57,814.22,403.16,395.25,1,159348.99,,,,1.02,0,0
noaa_right_whale_heads,aerien,<absent>../imgs/whale_47700/w_5651.jpg,,,1699.0,1722.47,821.34,844.81,1,693876.25,,,,0.9722,0,0
noaa_right_whale_heads,aerien,<absent>../imgs/whale_47700/w_6867.jpg,,,1235.05,500.12,628.2,512.32,1,321839.42,,,,1.2262,0,0
noaa_right_whale_heads,aerien,<absent>../imgs/whale_47700/w_7984.jpg,,,1401.61,824.15,504.58,490.56,1,247526.76,,,,1.0286,0,0
noaa_right_whale_heads,aerien,<absent>../imgs/whale_47700/w_969.jpg,,,1533.36,557.84,569.05,521.4,1,296702.67,,,,1.0914,0,0
noaa_right_whale_heads,aerien,<absent>../imgs/whale_47734/w_1006.jpg,,,1304.76,1070.09,455.26,502.19,1,228627.02,,,,0.9065,0,0
noaa_right_whale_heads,aerien,<absent>../imgs/whale_47734/w_2194.jpg,,,1058.51,1155.04,525.93,585.84,1,308110.83,,,,0.8977,0,0
noaa_right_whale_heads,aerien,<absent>../imgs/whale_47734/w_3568.jpg,,,683.79,778.65,695.65,616.6,1,428937.79,,,,1.1282,0,0
noaa_right_whale_heads,aerien,<absent>../imgs/whale_47734/w_5657.jpg,,,1531.17,532.58,396.11,376.14,1,148992.82,,,,1.0531,0,0
noaa_right_whale_heads,aerien,<absent>../imgs/whale_47734/w_5938.jpg,,,1134.38,612.64,474.3,458.49,1,217461.81,,,,1.0345,0,0
noaa_right_whale_heads,aerien,<absent>../imgs/whale_47734/w_6142.jpg,,,1580.54,934.41,502.99,626.25,1,314997.49,,,,0.8032,0,0
noaa_right_whale_heads,aerien,<absent>../imgs/whale_47734/w_6286.jpg,,,863.58,826.04,633.61,647.69,1,410382.86,,,,0.9783,0,0
noaa_right_whale_heads,aerien,<absent>../imgs/whale_47734/w_6334.jpg,,,1218.14,788.49,422.57,460.34,1,194525.87,,,,0.918,0,0
noaa_right_whale_heads,aerien,<absent>../imgs/whale_47734/w_6661.jpg,,,1160.53,594.28,748.46,709.21,1,530815.32,,,,1.0553,0,0
noaa_right_whale_heads,aerien,<absent>../imgs/whale_47734/w_8231.jpg,,,913.85,215.85,470.94,608.3,1,286472.8,,,,0.7742,0,0
noaa_right_whale_heads,aerien,<absent>../imgs/whale_47734/w_8631.jpg,,,919.9,633.61,506.89,530.35,1,268829.11,,,,0.9558,0,0
noaa_right_whale_heads,aerien,<absent>../imgs/whale_47734/w_8648.jpg,,,1695.95,899.83,409.27,577.46,1,236337.05,,,,0.7087,0,0
noaa_right_whale_heads,aerien,<absent>../imgs/whale_47734/w_8797.jpg,,,1679.13,860.59,622.32,630.72,1,392509.67,,,,0.9867,0,0
noaa_right_whale_heads,aerien,<absent>../imgs/whale_47734/w_8918.jpg,,,1305.49,1338.54,436.74,361.19,1,157746.12,,,,1.2092,0,0
noaa_right_whale_heads,aerien,<absent>../imgs/whale_47734/w_9231.jpg,,,561.86,1369.23,637.4,479.23,1,305461.2,,,,1.3301,0,0
noaa_right_whale_heads,aerien,<absent>../imgs/whale_47768/w_151.jpg,,,916.99,861.65,814.22,620.55,1,505264.22,,,,1.3121,0,0
noaa_right_whale_heads,aerien,<absent>../imgs/whale_47768/w_8079.jpg,,,1205.53,691.69,584.98,660.07,1,386127.75,,,,0.8862,0,0
noaa_right_whale_heads,aerien,<absent>../imgs/whale_47858/w_4620.jpg,,,1602.29,1292.55,177.47,167.43,1,29713.8,,,,1.06,0,0
noaa_right_whale_heads,aerien,<absent>../imgs/whale_47858/w_4688.jpg,,,2039.51,1415.01,996.04,893.27,1,889732.65,,,,1.115,0,0
noaa_right_whale_heads,aerien,<absent>../imgs/whale_47858/w_6208.jpg,,,1566.04,1081.18,997.58,874.97,1,872852.57,,,,1.1401,0,0
noaa_right_whale_heads,aerien,<absent>../imgs/whale_47858/w_6911.jpg,,,1417.4,1431.48,1431.48,1032.54,1,1478060.36,,,,1.3864,0,0
noaa_right_whale_heads,aerien,<absent>../imgs/whale_47858/w_7055.jpg,,,2180.26,872.1,758.93,848.8,1,644179.78,,,,0.8941,0,0
noaa_right_whale_heads,aerien,<absent>../imgs/whale_47858/w_8617.jpg,,,2090.89,1644.26,747.03,671.93,1,501951.87,,,,1.1118,0,0
noaa_right_whale_heads,aerien,<absent>../imgs/whale_48024/w_2825.jpg,,,1350.34,1074.14,550.05,351.75,1,193480.09,,,,1.5638,0,0
noaa_right_whale_heads,aerien,<absent>../imgs/whale_48024/w_6719.jpg,,,1324.37,486.31,347.03,344.67,1,119610.83,,,,1.0068,0,0
noaa_right_whale_heads,aerien,<absent>../imgs/whale_48386/w_2661.jpg,,,2573.1,1387.34,845.84,739.13,1,625185.72,,,,1.1444,0,0
noaa_right_whale_heads,aerien,<absent>../imgs/whale_48386/w_3515.jpg,,,1251.57,1065.16,485.98,476.0,1,231326.48,,,,1.021,0,0
noaa_right_whale_heads,aerien,<absent>../imgs/whale_48386/w_3730.jpg,,,1296.43,782.6,442.68,442.68,1,195965.58,,,,1.0,0,0
noaa_right_whale_heads,aerien,<absent>../imgs/whale_48386/w_4013.jpg,,,1684.29,1095.12,655.74,559.21,1,366696.37,,,,1.1726,0,0
noaa_right_whale_heads,aerien,<absent>../imgs/whale_48386/w_4441.jpg,,,1496.92,745.66,627.92,476.55,1,299235.28,,,,1.3176,0,0
noaa_right_whale_heads,aerien,<absent>../imgs/whale_48386/w_5103.jpg,,,1039.73,937.6,380.06,336.53,1,127901.59,,,,1.1293,0,0
noaa_right_whale_heads,aerien,<absent>../imgs/whale_48386/w_5550.jpg,,,1153.58,1076.56,368.34,277.93,1,102372.74,,,,1.3253,0,0
noaa_right_whale_heads,aerien,<absent>../imgs/whale_48386/w_5720.jpg,,,1362.37,829.75,392.45,414.88,1,162819.66,,,,0.9459,0,0
noaa_right_whale_heads,aerien,<absent>../imgs/whale_48386/w_6805.jpg,,,2561.65,1870.17,286.3,311.42,1,89159.55,,,,0.9193,0,0
noaa_right_whale_heads,aerien,<absent>../imgs/whale_48386/w_8382.jpg,,,1242.8,679.92,562.88,473.71,1,266641.88,,,,1.1882,0,0
noaa_right_whale_heads,aerien,<absent>../imgs/whale_48386/w_8823.jpg,,,895.4,802.2,625.78,569.2,1,356193.98,,,,1.0994,0,0
noaa_right_whale_heads,aerien,<absent>../imgs/whale_48386/w_975.jpg,,,1324.36,549.16,602.74,488.89,1,294673.56,,,,1.2329,0,0
noaa_right_whale_heads,aerien,<absent>../imgs/whale_48415/w_1297.jpg,,,1112.88,723.23,796.11,658.76,1,524445.42,,,,1.2085,0,0
noaa_right_whale_heads,aerien,<absent>../imgs/whale_48415/w_1438.jpg,,,1196.98,731.64,417.68,333.58,1,139329.69,,,,1.2521,0,0
noaa_right_whale_heads,aerien,<absent>../imgs/whale_48415/w_2370.jpg,,,1281.07,538.22,339.19,299.94,1,101736.65,,,,1.1309,0,0
noaa_right_whale_heads,aerien,<absent>../imgs/whale_48415/w_3283.jpg,,,1127.25,896.63,775.36,580.53,1,450119.74,,,,1.3356,0,0
noaa_right_whale_heads,aerien,<absent>../imgs/whale_48415/w_3625.jpg,,,1193.67,1023.71,616.6,474.3,1,292453.38,,,,1.3,0,0
noaa_right_whale_heads,aerien,<absent>../imgs/whale_48415/w_4392.jpg,,,2360.77,1224.97,765.02,1074.78,1,822228.2,,,,0.7118,0,0
noaa_right_whale_heads,aerien,<absent>../imgs/whale_48415/w_4565.jpg,,,1401.61,858.86,604.38,475.16,1,287177.2,,,,1.272,0,0
noaa_right_whale_heads,aerien,<absent>../imgs/whale_48415/w_4996.jpg,,,1308.29,450.59,533.59,521.74,1,278395.25,,,,1.0227,0,0
noaa_right_whale_heads,aerien,<absent>../imgs/whale_48415/w_5033.jpg,,,1371.53,1197.62,996.04,735.17,1,732258.73,,,,1.3548,0,0
noaa_right_whale_heads,aerien,<absent>../imgs/whale_48415/w_5964.jpg,,,1159.27,572.59,572.59,816.65,1,467605.62,,,,0.7011,0,0
noaa_right_whale_heads,aerien,<absent>../imgs/whale_48415/w_6134.jpg,,,1544.75,821.09,429.43,479.13,1,205752.8,,,,0.8963,0,0
noaa_right_whale_heads,aerien,<absent>../imgs/whale_48415/w_7198.jpg,,,2135.49,1694.31,905.82,1060.7,1,960803.27,,,,0.854,0,0
noaa_right_whale_heads,aerien,<absent>../imgs/whale_48415/w_7956.jpg,,,1418.43,622.32,341.99,333.58,1,114081.02,,,,1.0252,0,0
noaa_right_whale_heads,aerien,<absent>../imgs/whale_48415/w_8510.jpg,,,951.99,669.06,722.31,642.43,1,464033.61,,,,1.1243,0,0
noaa_right_whale_heads,aerien,<absent>../imgs/whale_48415/w_8684.jpg,,,1391.29,881.42,561.26,418.97,1,235151.1,,,,1.3396,0,0
noaa_right_whale_heads,aerien,<absent>../imgs/whale_48415/w_9416.jpg,,,2160.29,1298.17,995.26,995.26,1,990542.47,,,,1.0,0,0
noaa_right_whale_heads,aerien,<absent>../imgs/whale_48415/w_9466.jpg,,,1450.26,779.1,788.49,675.85,1,532900.97,,,,1.1667,0,0
noaa_right_whale_heads,aerien,<absent>../imgs/whale_48490/w_1003.jpg,,,1903.39,639.13,689.59,636.33,1,438806.8,,,,1.0837,0,0
noaa_right_whale_heads,aerien,<absent>../imgs/whale_48490/w_177.jpg,,,971.96,985.28,742.29,565.87,1,420039.64,,,,1.3118,0,0
noaa_right_whale_heads,aerien,<absent>../imgs/whale_48490/w_1895.jpg,,,2417.09,844.81,666.46,685.23,1,456678.39,,,,0.9726,0,0
noaa_right_whale_heads,aerien,<absent>../imgs/whale_48490/w_2703.jpg,,,1265.09,858.25,718.93,601.89,1,432716.78,,,,1.1945,0,0
noaa_right_whale_heads,aerien,<absent>../imgs/whale_48490/w_4189.jpg,,,1415.01,802.37,596.83,541.5,1,323183.45,,,,1.1022,0,0
noaa_right_whale_heads,aerien,<absent>../imgs/whale_48490/w_4263.jpg,,,1089.48,650.11,598.42,489.07,1,292669.27,,,,1.2236,0,0
noaa_right_whale_heads,aerien,<absent>../imgs/whale_48490/w_4504.jpg,,,2292.47,1415.01,901.18,1015.8,1,915418.64,,,,0.8872,0,0
noaa_right_whale_heads,aerien,<absent>../imgs/whale_48490/w_4728.jpg,,,1426.87,699.6,624.5,592.88,1,370253.56,,,,1.0533,0,0
noaa_right_whale_heads,aerien,<absent>../imgs/whale_48490/w_4804.jpg,,,992.09,122.53,754.94,569.17,1,429689.2,,,,1.3264,0,0
noaa_right_whale_heads,aerien,<absent>../imgs/whale_48490/w_5503.jpg,,,504.65,1066.05,527.66,466.3,1,246047.86,,,,1.1316,0,0
noaa_right_whale_heads,aerien,<absent>../imgs/whale_48490/w_6365.jpg,,,2117.02,1028.55,625.78,669.06,1,418684.37,,,,0.9353,0,0
noaa_right_whale_heads,aerien,<absent>../imgs/whale_48490/w_6433.jpg,,,835.49,535.91,689.03,572.53,1,394490.35,,,,1.2035,0,0
noaa_right_whale_heads,aerien,<absent>../imgs/whale_48497/w_15.jpg,,,1577.18,930.7,1170.35,1047.74,1,1226222.51,,,,1.117,0,0
noaa_right_whale_heads,aerien,<absent>../imgs/whale_48497/w_181.jpg,,,1647.38,1802.26,858.89,807.26,1,693347.54,,,,1.064,0,0
noaa_right_whale_heads,aerien,<absent>../imgs/whale_48497/w_3135.jpg,,,1487.26,956.1,432.02,389.52,1,168280.43,,,,1.1091,0,0
noaa_right_whale_heads,aerien,<absent>../imgs/whale_48497/w_7039.jpg,,,2168.34,943.37,985.61,976.22,1,962172.19,,,,1.0096,0,0
noaa_right_whale_heads,aerien,<absent>../imgs/whale_48497/w_9462.jpg,,,1750.98,984.18,462.45,367.59,1,169992.0,,,,1.2581,0,0
noaa_right_whale_heads,aerien,<absent>../imgs/whale_48633/w_1159.jpg,,,1201.64,682.37,522.6,426.07,1,222664.18,,,,1.2266,0,0
noaa_right_whale_heads,aerien,<absent>../imgs/whale_48633/w_3589.jpg,,,1328.05,1086.95,581.02,521.74,1,303141.37,,,,1.1136,0,0
noaa_right_whale_heads,aerien,<absent>../imgs/whale_48633/w_3692.jpg,,,1229.94,597.27,630.32,493.39,1,310993.58,,,,1.2775,0,0
noaa_right_whale_heads,aerien,<absent>../imgs/whale_48813/w_1264.jpg,,,1262.44,1264.43,463.23,334.0,1,154718.82,,,,1.3869,0,0
noaa_right_whale_heads,aerien,<absent>../imgs/whale_48813/w_1897.jpg,,,1304.34,1011.85,561.26,415.02,1,232934.13,,,,1.3524,0,0
noaa_right_whale_heads,aerien,<absent>../imgs/whale_48813/w_2073.jpg,,,2836.0,1291.51,828.83,699.01,1,579360.46,,,,1.1857,0,0
noaa_right_whale_heads,aerien,<absent>../imgs/whale_48813/w_3404.jpg,,,1490.11,968.37,604.74,498.02,1,301172.61,,,,1.2143,0,0
noaa_right_whale_heads,aerien,<absent>../imgs/whale_48813/w_3462.jpg,,,1381.39,961.98,426.07,416.08,1,177279.21,,,,1.024,0,0
noaa_right_whale_heads,aerien,<absent>../imgs/whale_48813/w_3496.jpg,,,1352.89,543.0,441.76,314.45,1,138911.43,,,,1.4049,0,0
noaa_right_whale_heads,aerien,<absent>../imgs/whale_48813/w_3620.jpg,,,1550.18,1028.78,521.4,484.96,1,252858.14,,,,1.0751,0,0
noaa_right_whale_heads,aerien,<absent>../imgs/whale_48813/w_3887.jpg,,,2393.32,1736.75,1131.0,855.66,1,967751.46,,,,1.3218,0,0
noaa_right_whale_heads,aerien,<absent>../imgs/whale_48813/w_4447.jpg,,,2233.52,1011.91,908.72,1088.47,1,989114.46,,,,0.8349,0,0
noaa_right_whale_heads,aerien,<absent>../imgs/whale_48813/w_50.jpg,,,2326.72,895.4,772.24,792.22,1,611783.97,,,,0.9748,0,0
noaa_right_whale_heads,aerien,<absent>../imgs/whale_48813/w_530.jpg,,,1497.89,872.1,439.38,402.77,1,176969.08,,,,1.0909,0,0
noaa_right_whale_heads,aerien,<absent>../imgs/whale_48813/w_5478.jpg,,,1705.79,1204.79,451.3,389.67,1,175858.07,,,,1.1582,0,0
noaa_right_whale_heads,aerien,<absent>../imgs/whale_48813/w_577.jpg,,,1624.38,722.31,392.78,366.15,1,143816.4,,,,1.0727,0,0
noaa_right_whale_heads,aerien,<absent>../imgs/whale_48813/w_6006.jpg,,,2263.48,1348.1,1071.82,695.69,1,745654.46,,,,1.5407,0,0
noaa_right_whale_heads,aerien,<absent>../imgs/whale_48813/w_6339.jpg,,,1731.21,478.26,529.64,494.07,1,261679.23,,,,1.072,0,0
noaa_right_whale_heads,aerien,<absent>../imgs/whale_48813/w_722.jpg,,,920.94,798.41,948.61,604.74,1,573662.41,,,,1.5686,0,0
noaa_right_whale_heads,aerien,<absent>../imgs/whale_48813/w_738.jpg,,,1114.62,445.85,490.43,629.76,1,308853.2,,,,0.7788,0,0
noaa_right_whale_heads,aerien,<absent>../imgs/whale_48813/w_7812.jpg,,,1411.34,985.28,505.95,505.95,1,255985.4,,,,1.0,0,0
noaa_right_whale_heads,aerien,<absent>../imgs/whale_48813/w_8164.jpg,,,2948.16,830.39,1382.12,1504.73,1,2079717.43,,,,0.9185,0,0
noaa_right_whale_heads,aerien,<absent>../imgs/whale_48813/w_8893.jpg,,,2496.48,1081.81,938.68,825.5,1,774880.34,,,,1.1371,0,0
noaa_right_whale_heads,aerien,<absent>../imgs/whale_48813/w_934.jpg,,,1577.06,1268.77,422.92,541.5,1,229011.18,,,,0.781,0,0
noaa_right_whale_heads,aerien,<absent>../imgs/whale_48813/w_9358.jpg,,,1482.2,723.32,501.97,434.78,1,218246.52,,,,1.1545,0,0
noaa_right_whale_heads,aerien,<absent>../imgs/whale_48966/w_1044.jpg,,,1229.67,624.22,464.64,596.06,1,276953.32,,,,0.7795,0,0
noaa_right_whale_heads,aerien,<absent>../imgs/whale_48966/w_1355.jpg,,,1115.09,728.97,572.53,532.58,1,304918.03,,,,1.075,0,0
noaa_right_whale_heads,aerien,<absent>../imgs/whale_48966/w_1813.jpg,,,976.11,612.79,731.66,607.76,1,444673.68,,,,1.2039,0,0
noaa_right_whale_heads,aerien,<absent>../imgs/whale_48966/w_2437.jpg,,,849.87,632.68,795.57,606.71,1,482680.27,,,,1.3113,0,0
noaa_right_whale_heads,aerien,<absent>../imgs/whale_48966/w_256.jpg,,,1533.59,1098.81,383.4,426.87,1,163661.96,,,,0.8982,0,0
noaa_right_whale_heads,aerien,<absent>../imgs/whale_48966/w_3823.jpg,,,1161.48,1005.67,637.4,580.74,1,370163.68,,,,1.0976,0,0
noaa_right_whale_heads,aerien,<absent>../imgs/whale_48966/w_4990.jpg,,,979.46,770.17,415.22,386.76,1,160590.49,,,,1.0736,0,0
noaa_right_whale_heads,aerien,<absent>../imgs/whale_48966/w_5126.jpg,,,909.08,581.02,794.46,723.32,1,574648.81,,,,1.0984,0,0
noaa_right_whale_heads,aerien,<absent>../imgs/whale_48966/w_5543.jpg,,,2446.58,1482.44,1075.61,1114.62,1,1198896.42,,,,0.965,0,0
noaa_right_whale_heads,aerien,<absent>../imgs/whale_48966/w_5800.jpg,,,2772.8,1608.09,681.62,820.59,1,559330.56,,,,0.8306,0,0
noaa_right_whale_heads,aerien,<absent>../imgs/whale_48966/w_5980.jpg,,,2797.26,1572.28,652.38,572.59,1,373546.26,,,,1.1393,0,0
noaa_right_whale_heads,aerien,<absent>../imgs/whale_48966/w_6033.jpg,,,1514.53,742.29,722.31,612.47,1,442393.21,,,,1.1793,0,0
noaa_right_whale_heads,aerien,<absent>../imgs/whale_48966/w_6828.jpg,,,848.92,998.03,506.97,431.42,1,218717.0,,,,1.1751,0,0
noaa_right_whale_heads,aerien,<absent>../imgs/whale_48966/w_6912.jpg,,,1878.16,927.87,1107.27,776.49,1,859784.08,,,,1.426,0,0
noaa_right_whale_heads,aerien,<absent>../imgs/whale_48966/w_7268.jpg,,,2881.74,1084.17,713.39,741.55,1,529014.35,,,,0.962,0,0
noaa_right_whale_heads,aerien,<absent>../imgs/whale_48966/w_7366.jpg,,,1208.3,352.84,655.74,629.11,1,412532.59,,,,1.0423,0,0
noaa_right_whale_heads,aerien,<absent>../imgs/whale_48966/w_8074.jpg,,,1404.69,612.47,529.25,522.6,1,276586.05,,,,1.0127,0,0
noaa_right_whale_heads,aerien,<absent>../imgs/whale_48966/w_9092.jpg,,,1145.19,520.97,868.28,732.17,1,635728.57,,,,1.1859,0,0
noaa_right_whale_heads,aerien,<absent>../imgs/whale_48966/w_9326.jpg,,,2877.04,1501.88,746.25,858.89,1,640946.66,,,,0.8689,0,0
noaa_right_whale_heads,aerien,<absent>../imgs/whale_48966/w_9365.jpg,,,2651.76,1159.27,675.85,779.1,1,526554.73,,,,0.8675,0,0
noaa_right_whale_heads,aerien,<absent>../imgs/whale_48966/w_941.jpg,,,2454.53,1241.1,786.56,794.46,1,624890.46,,,,0.9901,0,0
noaa_right_whale_heads,aerien,<absent>../imgs/whale_48966/w_9463.jpg,,,875.43,762.26,732.3,632.44,1,463135.81,,,,1.1579,0,0
noaa_right_whale_heads,aerien,<absent>../imgs/whale_49135/w_1492.jpg,,,1194.98,758.93,512.61,349.51,1,179162.32,,,,1.4667,0,0
noaa_right_whale_heads,aerien,<absent>../imgs/whale_49135/w_5361.jpg,,,1300.39,723.32,521.74,442.68,1,230963.86,,,,1.1786,0,0
noaa_right_whale_heads,aerien,<absent>../imgs/whale_49135/w_5479.jpg,,,1332.01,822.13,699.6,592.88,1,414778.85,,,,1.18,0,0
noaa_right_whale_heads,aerien,<absent>../imgs/whale_49135/w_5726.jpg,,,998.59,880.56,717.66,616.15,1,442186.21,,,,1.1647,0,0
noaa_right_whale_heads,aerien,<absent>../imgs/whale_49135/w_5779.jpg,,,1267.21,755.63,694.62,577.29,1,400997.18,,,,1.2032,0,0
noaa_right_whale_heads,aerien,<absent>../imgs/whale_49135/w_6879.jpg,,,1097.9,986.44,624.19,652.05,1,407003.09,,,,0.9573,0,0
noaa_right_whale_heads,aerien,<absent>../imgs/whale_49135/w_7115.jpg,,,2238.74,1140.49,1065.4,844.81,1,900060.57,,,,1.2611,0,0
noaa_right_whale_heads,aerien,<absent>../imgs/whale_49135/w_7911.jpg,,,1051.85,725.64,669.06,572.53,1,383056.92,,,,1.1686,0,0
noaa_right_whale_heads,aerien,<absent>../imgs/whale_49135/w_8076.jpg,,,1298.17,655.74,602.48,559.21,1,336912.84,,,,1.0774,0,0
noaa_right_whale_heads,aerien,<absent>../imgs/whale_49135/w_8546.jpg,,,1701.56,709.21,426.09,339.19,1,144525.47,,,,1.2562,0,0
noaa_right_whale_heads,aerien,<absent>../imgs/whale_49210/w_2770.jpg,,,830.73,464.64,722.78,713.39,1,515624.02,,,,1.0132,0,0
noaa_right_whale_heads,aerien,<absent>../imgs/whale_49210/w_5336.jpg,,,949.02,521.72,927.77,856.95,1,795052.5,,,,1.0826,0,0
noaa_right_whale_heads,aerien,<absent>../imgs/whale_49210/w_6546.jpg,,,1361.41,1111.77,582.51,615.8,1,358709.66,,,,0.9459,0,0
noaa_right_whale_heads,aerien,<absent>../imgs/whale_49210/w_9360.jpg,,,1641.02,1001.92,572.53,755.6,1,432603.67,,,,0.7577,0,0
noaa_right_whale_heads,aerien,<absent>../imgs/whale_49237/w_3046.jpg,,,1407.0,1064.69,620.87,436.74,1,271158.76,,,,1.4216,0,0
noaa_right_whale_heads,aerien,<absent>../imgs/whale_49237/w_3195.jpg,,,1664.32,895.4,386.12,289.59,1,111816.49,,,,1.3333,0,0
noaa_right_whale_heads,aerien,<absent>../imgs/whale_49237/w_7653.jpg,,,1544.19,1071.37,648.86,528.14,1,342688.92,,,,1.2286,0,0
noaa_right_whale_heads,aerien,<absent>../imgs/whale_49237/w_7867.jpg,,,1648.29,1009.16,512.99,412.07,1,211387.79,,,,1.2449,0,0
noaa_right_whale_heads,aerien,<absent>../imgs/whale_49237/w_8160.jpg,,,1645.43,1026.92,561.86,465.07,1,261304.23,,,,1.2081,0,0
noaa_right_whale_heads,aerien,<absent>../imgs/whale_49237/w_9084.jpg,,,1504.73,886.12,501.58,356.68,1,178903.55,,,,1.4062,0,0
noaa_right_whale_heads,aerien,<absent>../imgs/whale_49277/w_1789.jpg,,,1584.97,15.81,525.69,549.4,1,288814.09,,,,0.9568,0,0
noaa_right_whale_heads,aerien,<absent>../imgs/whale_49277/w_2769.jpg,,,1670.72,299.94,521.4,515.79,1,268932.91,,,,1.0109,0,0
noaa_right_whale_heads,aerien,<absent>../imgs/whale_49277/w_3372.jpg,,,765.28,462.53,669.97,672.77,1,450735.72,,,,0.9958,0,0
noaa_right_whale_heads,aerien,<absent>../imgs/whale_49277/w_3842.jpg,,,1437.86,1036.59,579.6,395.69,1,229341.92,,,,1.4648,0,0
noaa_right_whale_heads,aerien,<absent>../imgs/whale_49277/w_4315.jpg,,,1228.27,476.0,492.64,432.72,1,213175.18,,,,1.1385,0,0
noaa_right_whale_heads,aerien,<absent>../imgs/whale_49491/w_2608.jpg,,,1169.95,399.21,691.69,652.17,1,451099.47,,,,1.0606,0,0
noaa_right_whale_heads,aerien,<absent>../imgs/whale_49491/w_5484.jpg,,,1423.52,986.79,377.72,330.5,1,124836.46,,,,1.1429,0,0
noaa_right_whale_heads,aerien,<absent>../imgs/whale_49491/w_7702.jpg,,,2240.18,1704.26,1088.47,752.27,1,818823.33,,,,1.4469,0,0
noaa_right_whale_heads,aerien,<absent>../imgs/whale_49530/w_1251.jpg,,,2173.04,1173.35,1051.32,783.79,1,824014.1,,,,1.3413,0,0
noaa_right_whale_heads,aerien,<absent>../imgs/whale_49530/w_1867.jpg,,,1375.16,774.41,469.34,403.63,1,189439.7,,,,1.1628,0,0
noaa_right_whale_heads,aerien,<absent>../imgs/whale_49530/w_2518.jpg,,,2431.17,1229.67,1079.48,807.26,1,871421.02,,,,1.3372,0,0
noaa_right_whale_heads,aerien,<absent>../imgs/whale_49530/w_3635.jpg,,,1398.63,938.68,577.29,718.09,1,414546.18,,,,0.8039,0,0
noaa_right_whale_heads,aerien,<absent>../imgs/whale_49530/w_3983.jpg,,,1860.71,1181.67,476.0,426.07,1,202809.32,,,,1.1172,0,0
noaa_right_whale_heads,aerien,<absent>../imgs/whale_49530/w_5706.jpg,,,849.5,586.67,633.61,450.56,1,285479.32,,,,1.4063,0,0
noaa_right_whale_heads,aerien,<absent>../imgs/whale_49530/w_616.jpg,,,1426.79,793.18,450.56,591.37,1,266447.67,,,,0.7619,0,0
noaa_right_whale_heads,aerien,<absent>../imgs/whale_49530/w_6182.jpg,,,1298.53,1019.87,640.9,445.85,1,285745.27,,,,1.4375,0,0
noaa_right_whale_heads,aerien,<absent>../imgs/whale_49530/w_7038.jpg,,,1391.29,806.32,403.16,501.97,1,202374.23,,,,0.8032,0,0
noaa_right_whale_heads,aerien,<absent>../imgs/whale_49530/w_9244.jpg,,,1252.96,695.65,754.94,600.79,1,453560.4,,,,1.2566,0,0
noaa_right_whale_heads,aerien,<absent>../imgs/whale_49832/w_1354.jpg,,,1492.5,1131.11,516.27,483.42,1,249575.24,,,,1.068,0,0
noaa_right_whale_heads,aerien,<absent>../imgs/whale_49832/w_2286.jpg,,,1458.3,820.4,629.53,438.66,1,276149.63,,,,1.4351,0,0
noaa_right_whale_heads,aerien,<absent>../imgs/whale_49832/w_2828.jpg,,,751.75,969.41,545.82,457.08,1,249483.41,,,,1.1941,0,0
noaa_right_whale_heads,aerien,<absent>../imgs/whale_49832/w_3041.jpg,,,1489.09,978.15,600.41,495.04,1,297226.97,,,,1.2129,0,0
noaa_right_whale_heads,aerien,<absent>../imgs/whale_49832/w_4113.jpg,,,1188.32,782.23,695.69,535.91,1,372827.23,,,,1.2981,0,0
noaa_right_whale_heads,aerien,<absent>../imgs/whale_49832/w_541.jpg,,,1404.41,1020.37,524.2,470.94,1,246866.75,,,,1.1131,0,0
noaa_right_whale_heads,aerien,<absent>../imgs/whale_49832/w_5481.jpg,,,1376.31,871.11,568.94,394.24,1,224298.91,,,,1.4431,0,0
noaa_right_whale_heads,aerien,<absent>../imgs/whale_49832/w_6618.jpg,,,1142.28,762.84,541.5,450.59,1,243994.48,,,,1.2018,0,0
noaa_right_whale_heads,aerien,<absent>../imgs/whale_49832/w_8862.jpg,,,1120.19,1192.64,607.47,518.3,1,314851.7,,,,1.172,0,0
noaa_right_whale_heads,aerien,<absent>../imgs/whale_49832/w_8981.jpg,,,1229.24,837.94,529.64,418.97,1,221903.27,,,,1.2641,0,0
noaa_right_whale_heads,aerien,<absent>../imgs/whale_49877/w_1252.jpg,,,1257.83,854.2,675.85,596.06,1,402847.15,,,,1.1339,0,0
noaa_right_whale_heads,aerien,<absent>../imgs/whale_49877/w_1313.jpg,,,1166.0,873.51,747.03,656.12,1,490141.32,,,,1.1386,0,0
noaa_right_whale_heads,aerien,<absent>../imgs/whale_49877/w_1525.jpg,,,723.23,714.82,804.52,636.33,1,511940.21,,,,1.2643,0,0
noaa_right_whale_heads,aerien,<absent>../imgs/whale_49877/w_2134.jpg,,,882.09,772.24,632.44,452.7,1,286305.59,,,,1.397,0,0
noaa_right_whale_heads,aerien,<absent>../imgs/whale_49877/w_2766.jpg,,,1178.04,605.45,535.05,441.18,1,236053.36,,,,1.2128,0,0
noaa_right_whale_heads,aerien,<absent>../imgs/whale_49877/w_3062.jpg,,,1192.12,769.71,520.97,572.59,1,298302.21,,,,0.9098,0,0
noaa_right_whale_heads,aerien,<absent>../imgs/whale_49877/w_341.jpg,,,1542.77,1373.78,552.69,373.76,1,206573.41,,,,1.4787,0,0
noaa_right_whale_heads,aerien,<absent>../imgs/whale_49877/w_5518.jpg,,,998.59,872.1,482.65,456.02,1,220098.05,,,,1.0584,0,0
noaa_right_whale_heads,aerien,<absent>../imgs/whale_49877/w_5862.jpg,,,966.35,880.45,470.9,529.19,1,249195.57,,,,0.8899,0,0
noaa_right_whale_heads,aerien,<absent>../imgs/whale_49877/w_684.jpg,,,1434.64,738.96,539.24,429.39,1,231544.26,,,,1.2558,0,0
noaa_right_whale_heads,aerien,<absent>../imgs/whale_49877/w_7618.jpg,,,1123.71,880.56,788.49,599.63,1,472802.26,,,,1.315,0,0
noaa_right_whale_heads,aerien,<absent>../imgs/whale_50021/w_1417.jpg,,,1411.06,683.79,616.6,501.97,1,309514.7,,,,1.2284,0,0
noaa_right_whale_heads,aerien,<absent>../imgs/whale_50021/w_1728.jpg,,,1199.78,919.46,734.44,552.23,1,405579.8,,,,1.33,0,0
noaa_right_whale_heads,aerien,<absent>../imgs/whale_50021/w_2249.jpg,,,1142.28,778.65,636.36,750.98,1,477893.63,,,,0.8474,0,0
noaa_right_whale_heads,aerien,<absent>../imgs/whale_50021/w_3554.jpg,,,1034.39,1107.27,454.12,370.03,1,168038.02,,,,1.2273,0,0
noaa_right_whale_heads,aerien,<absent>../imgs/whale_50021/w_3724.jpg,,,930.67,880.21,860.59,541.02,1,465596.4,,,,1.5907,0,0
noaa_right_whale_heads,aerien,<absent>../imgs/whale_50021/w_4213.jpg,,,925.36,399.44,735.63,715.66,1,526460.97,,,,1.0279,0,0
noaa_right_whale_heads,aerien,<absent>../imgs/whale_50021/w_4215.jpg,,,1098.25,765.02,624.22,610.14,1,380861.59,,,,1.0231,0,0
noaa_right_whale_heads,aerien,<absent>../imgs/whale_50021/w_4687.jpg,,,1285.99,685.23,459.95,638.3,1,293586.08,,,,0.7206,0,0
noaa_right_whale_heads,aerien,<absent>../imgs/whale_50021/w_5156.jpg,,,1094.85,363.63,588.93,545.45,1,321231.87,,,,1.0797,0,0
noaa_right_whale_heads,aerien,<absent>../imgs/whale_50021/w_5217.jpg,,,862.12,682.37,602.48,502.62,1,302818.5,,,,1.1987,0,0
noaa_right_whale_heads,aerien,<absent>../imgs/whale_50021/w_576.jpg,,,1284.24,873.47,866.39,573.66,1,497013.29,,,,1.5103,0,0
noaa_right_whale_heads,aerien,<absent>../imgs/whale_50021/w_596.jpg,,,1135.07,266.29,422.74,605.81,1,256100.12,,,,0.6978,0,0
noaa_right_whale_heads,aerien,<absent>../imgs/whale_50021/w_6357.jpg,,,1464.6,705.67,505.95,426.07,1,215570.12,,,,1.1875,0,0
noaa_right_whale_heads,aerien,<absent>../imgs/whale_50021/w_6608.jpg,,,1525.04,540.61,439.1,542.97,1,238418.13,,,,0.8087,0,0
noaa_right_whale_heads,aerien,<absent>../imgs/whale_50021/w_7167.jpg,,,1015.8,371.54,513.83,422.92,1,217308.98,,,,1.215,0,0
noaa_right_whale_heads,aerien,<absent>../imgs/whale_51114/w_7937.jpg,,,2584.96,814.22,640.31,893.27,1,571969.71,,,,0.7168,0,0
noaa_right_whale_heads,aerien,<absent>../imgs/whale_51195/w_1652.jpg,,,1260.46,922.48,530.82,471.18,1,250111.77,,,,1.1266,0,0
noaa_right_whale_heads,aerien,<absent>../imgs/whale_51195/w_1773.jpg,,,968.2,616.31,534.8,570.58,1,305146.18,,,,0.9373,0,0
noaa_right_whale_heads,aerien,<absent>../imgs/whale_51195/w_2060.jpg,,,1329.1,894.72,347.03,365.91,1,126981.75,,,,0.9484,0,0
noaa_right_whale_heads,aerien,<absent>../imgs/whale_51195/w_2091.jpg,,,1161.48,691.7,488.67,717.66,1,350698.91,,,,0.6809,0,0
noaa_right_whale_heads,aerien,<absent>../imgs/whale_51195/w_2276.jpg,,,1206.2,938.68,413.02,422.4,1,174459.65,,,,0.9778,0,0
noaa_right_whale_heads,aerien,<absent>../imgs/whale_51195/w_4015.jpg,,,1158.6,796.96,375.04,453.73,1,170166.9,,,,0.8266,0,0
noaa_right_whale_heads,aerien,<absent>../imgs/whale_51195/w_4038.jpg,,,1213.43,739.13,699.6,648.22,1,453494.71,,,,1.0793,0,0
noaa_right_whale_heads,aerien,<absent>../imgs/whale_51195/w_4191.jpg,,,1474.59,1075.15,522.6,489.31,1,255713.41,,,,1.068,0,0
noaa_right_whale_heads,aerien,<absent>../imgs/whale_51195/w_4247.jpg,,,1440.87,910.52,328.54,295.68,1,97142.71,,,,1.1111,0,0
noaa_right_whale_heads,aerien,<absent>../imgs/whale_51195/w_4366.jpg,,,1175.01,858.79,292.92,389.45,1,114077.69,,,,0.7521,0,0
noaa_right_whale_heads,aerien,<absent>../imgs/whale_51195/w_4589.jpg,,,770.75,833.99,458.49,308.3,1,141352.47,,,,1.4872,0,0
noaa_right_whale_heads,aerien,<absent>../imgs/whale_51195/w_4821.jpg,,,1368.07,1091.79,419.41,476.0,1,199639.16,,,,0.8811,0,0
noaa_right_whale_heads,aerien,<absent>../imgs/whale_51195/w_5655.jpg,,,1220.28,708.7,492.81,506.89,1,249800.46,,,,0.9722,0,0
noaa_right_whale_heads,aerien,<absent>../imgs/whale_51195/w_5698.jpg,,,1584.97,1284.58,687.74,541.5,1,372411.21,,,,1.2701,0,0
noaa_right_whale_heads,aerien,<absent>../imgs/whale_51195/w_5846.jpg,,,1085.14,619.13,519.27,462.68,1,240255.84,,,,1.1223,0,0
noaa_right_whale_heads,aerien,<absent>../imgs/whale_51195/w_6037.jpg,,,1334.18,263.98,502.99,663.52,1,333743.92,,,,0.7581,0,0
noaa_right_whale_heads,aerien,<absent>../imgs/whale_51195/w_6465.jpg,,,1278.35,634.2,481.12,493.05,1,237216.22,,,,0.9758,0,0
noaa_right_whale_heads,aerien,<absent>../imgs/whale_51195/w_6639.jpg,,,952.56,671.93,588.93,652.17,1,384082.48,,,,0.903,0,0
noaa_right_whale_heads,aerien,<absent>../imgs/whale_51195/w_673.jpg,,,1098.86,748.46,333.58,263.5,1,87898.33,,,,1.266,0,0
noaa_right_whale_heads,aerien,<absent>../imgs/whale_51195/w_6890.jpg,,,1383.72,1115.32,383.7,262.43,1,100694.39,,,,1.4621,0,0
noaa_right_whale_heads,aerien,<absent>../imgs/whale_51195/w_6996.jpg,,,1175.65,1008.04,505.2,297.45,1,150271.74,,,,1.6984,0,0
noaa_right_whale_heads,aerien,<absent>../imgs/whale_51195/w_7596.jpg,,,999.99,620.55,675.88,501.97,1,339271.48,,,,1.3465,0,0
noaa_right_whale_heads,aerien,<absent>../imgs/whale_51195/w_7671.jpg,,,1539.43,877.66,469.34,427.1,1,200455.11,,,,1.0989,0,0
noaa_right_whale_heads,aerien,<absent>../imgs/whale_51195/w_8647.jpg,,,1684.74,661.56,580.27,412.07,1,239111.86,,,,1.4082,0,0
noaa_right_whale_heads,aerien,<absent>../imgs/whale_51195/w_8691.jpg,,,1065.4,586.67,474.03,478.73,1,226932.38,,,,0.9902,0,0
noaa_right_whale_heads,aerien,<absent>../imgs/whale_51195/w_9320.jpg,,,1196.89,450.9,547.69,533.53,1,292209.05,,,,1.0265,0,0
noaa_right_whale_heads,aerien,<absent>../imgs/whale_51195/w_9426.jpg,,,957.45,1018.46,506.89,347.31,1,176047.97,,,,1.4595,0,0
noaa_right_whale_heads,aerien,<absent>../imgs/whale_51195/w_9447.jpg,,,1168.57,1246.47,403.69,257.32,1,103877.51,,,,1.5688,0,0
noaa_right_whale_heads,aerien,<absent>../imgs/whale_51332/w_3750.jpg,,,1147.13,580.53,411.54,443.35,1,182456.26,,,,0.9283,0,0
noaa_right_whale_heads,aerien,<absent>../imgs/whale_51538/w_2221.jpg,,,1248.83,797.93,413.13,429.65,1,177501.3,,,,0.9616,0,0
noaa_right_whale_heads,aerien,<absent>../imgs/whale_51538/w_2474.jpg,,,1308.16,1075.15,582.51,386.12,1,224918.76,,,,1.5086,0,0
noaa_right_whale_heads,aerien,<absent>../imgs/whale_51538/w_2645.jpg,,,1208.7,852.23,583.1,427.29,1,249152.8,,,,1.3646,0,0
noaa_right_whale_heads,aerien,<absent>../imgs/whale_51538/w_3079.jpg,,,938.38,894.65,510.94,469.19,1,239727.94,,,,1.089,0,0
noaa_right_whale_heads,aerien,<absent>../imgs/whale_51538/w_3607.jpg,,,1298.53,752.37,557.31,473.71,1,264003.32,,,,1.1765,0,0
noaa_right_whale_heads,aerien,<absent>../imgs/whale_51538/w_4795.jpg,,,1138.51,740.03,470.47,318.11,1,149661.21,,,,1.479,0,0
noaa_right_whale_heads,aerien,<absent>../imgs/whale_51538/w_4846.jpg,,,1853.89,1224.97,436.48,408.32,1,178223.51,,,,1.069,0,0
noaa_right_whale_heads,aerien,<absent>../imgs/whale_51538/w_4916.jpg,,,775.57,1464.6,798.87,452.7,1,361648.45,,,,1.7647,0,0
noaa_right_whale_heads,aerien,<absent>../imgs/whale_51538/w_5110.jpg,,,2852.92,1731.64,429.43,377.74,1,162212.89,,,,1.1368,0,0
noaa_right_whale_heads,aerien,<absent>../imgs/whale_51538/w_556.jpg,,,1826.07,292.49,1079.04,1217.38,1,1313601.72,,,,0.8864,0,0
noaa_right_whale_heads,aerien,<absent>../imgs/whale_51538/w_7051.jpg,,,1084.85,880.21,501.78,583.07,1,292572.86,,,,0.8606,0,0
noaa_right_whale_heads,aerien,<absent>../imgs/whale_51538/w_7228.jpg,,,1647.68,981.95,1051.85,955.32,1,1004853.34,,,,1.101,0,0
noaa_right_whale_heads,aerien,<absent>../imgs/whale_51538/w_8234.jpg,,,1561.25,1146.24,924.89,944.66,1,873706.59,,,,0.9791,0,0
noaa_right_whale_heads,aerien,<absent>../imgs/whale_51538/w_8942.jpg,,,1316.12,711.74,528.83,499.01,1,263891.46,,,,1.0598,0,0
noaa_right_whale_heads,aerien,<absent>../imgs/whale_51538/w_9014.jpg,,,779.1,854.2,699.31,793.18,1,554678.71,,,,0.8817,0,0
noaa_right_whale_heads,aerien,<absent>../imgs/whale_51538/w_980.jpg,,,2123.34,1287.38,930.7,1153.63,1,1073683.44,,,,0.8068,0,0
noaa_right_whale_heads,aerien,<absent>../imgs/whale_51603/w_1795.jpg,,,1228.27,922.03,386.12,396.11,1,152945.99,,,,0.9748,0,0
noaa_right_whale_heads,aerien,<absent>../imgs/whale_51603/w_1978.jpg,,,755.63,572.59,830.73,830.73,1,690112.33,,,,1.0,0,0
noaa_right_whale_heads,aerien,<absent>../imgs/whale_51603/w_3346.jpg,,,1328.05,885.37,628.45,525.69,1,330369.88,,,,1.1955,0,0
noaa_right_whale_heads,aerien,<absent>../imgs/whale_51603/w_5803.jpg,,,1206.2,727.47,539.74,610.14,1,329316.96,,,,0.8846,0,0
noaa_right_whale_heads,aerien,<absent>../imgs/whale_51603/w_7746.jpg,,,1474.59,768.92,322.88,362.82,1,117147.32,,,,0.8899,0,0
noaa_right_whale_heads,aerien,<absent>../imgs/whale_51603/w_8083.jpg,,,1541.16,802.2,462.68,579.18,1,267975.0,,,,0.7989,0,0
noaa_right_whale_heads,aerien,<absent>../imgs/whale_51603/w_8525.jpg,,,1060.7,1070.09,441.18,398.94,1,176004.35,,,,1.1059,0,0
noaa_right_whale_heads,aerien,<absent>../imgs/whale_51603/w_8596.jpg,,,1164.77,802.52,663.2,713.35,1,473093.72,,,,0.9297,0,0
noaa_right_whale_heads,aerien,<absent>../imgs/whale_51603/w_8729.jpg,,,759.67,930.67,479.35,400.86,1,192152.24,,,,1.1958,0,0
noaa_right_whale_heads,aerien,<absent>../imgs/whale_52100/w_1064.jpg,,,1684.92,1074.78,403.63,380.16,1,153443.98,,,,1.0617,0,0
noaa_right_whale_heads,aerien,<absent>../imgs/whale_52100/w_172.jpg,,,1482.2,948.61,335.97,233.2,1,78348.2,,,,1.4407,0,0
noaa_right_whale_heads,aerien,<absent>../imgs/whale_52100/w_418.jpg,,,1326.39,652.05,490.43,512.72,1,251453.27,,,,0.9565,0,0
noaa_right_whale_heads,aerien,<absent>../imgs/whale_52100/w_6196.jpg,,,1481.13,1105.38,441.36,393.64,1,173736.95,,,,1.1212,0,0
noaa_right_whale_heads,aerien,<absent>../imgs/whale_52100/w_6543.jpg,,,1314.81,582.51,512.61,565.87,1,290070.62,,,,0.9059,0,0
noaa_right_whale_heads,aerien,<absent>../imgs/whale_52100/w_6716.jpg,,,1679.83,960.47,478.26,395.25,1,189032.26,,,,1.21,0,0
noaa_right_whale_heads,aerien,<absent>../imgs/whale_52100/w_677.jpg,,,1361.41,665.73,462.68,432.72,1,200210.89,,,,1.0692,0,0
noaa_right_whale_heads,aerien,<absent>../imgs/whale_52100/w_9405.jpg,,,1770.63,995.45,457.48,406.65,1,186034.24,,,,1.125,0,0
noaa_right_whale_heads,aerien,<absent>../imgs/whale_52342/w_1235.jpg,,,1470.35,936.75,383.4,498.02,1,190940.87,,,,0.7698,0,0
noaa_right_whale_heads,aerien,<absent>../imgs/whale_52342/w_2202.jpg,,,950.29,1367.97,468.14,417.68,1,195532.72,,,,1.1208,0,0
noaa_right_whale_heads,aerien,<absent>../imgs/whale_52342/w_2763.jpg,,,1123.71,1052.89,576.02,361.19,1,208052.66,,,,1.5948,0,0
noaa_right_whale_heads,aerien,<absent>../imgs/whale_52342/w_2973.jpg,,,1067.05,566.58,644.48,576.02,1,371233.37,,,,1.1189,0,0
noaa_right_whale_heads,aerien,<absent>../imgs/whale_52342/w_3379.jpg,,,1094.85,853.75,885.37,513.83,1,454929.67,,,,1.7231,0,0
noaa_right_whale_heads,aerien,<absent>../imgs/whale_52342/w_3688.jpg,,,911.05,543.82,465.33,406.47,1,189142.69,,,,1.1448,0,0
noaa_right_whale_heads,aerien,<absent>../imgs/whale_52342/w_4000.jpg,,,978.62,639.1,619.13,599.16,1,370957.93,,,,1.0333,0,0
noaa_right_whale_heads,aerien,<absent>../imgs/whale_52342/w_4193.jpg,,,1296.43,956.52,494.07,549.4,1,271442.06,,,,0.8993,0,0
noaa_right_whale_heads,aerien,<absent>../imgs/whale_52342/w_5286.jpg,,,964.31,997.95,527.01,448.52,1,236374.53,,,,1.175,0,0
noaa_right_whale_heads,aerien,<absent>../imgs/whale_52342/w_5486.jpg,,,1644.26,1415.01,664.03,557.31,1,370070.56,,,,1.1915,0,0
noaa_right_whale_heads,aerien,<absent>../imgs/whale_52342/w_5506.jpg,,,1534.81,1002.0,238.57,314.12,1,74939.61,,,,0.7595,0,0
noaa_right_whale_heads,aerien,<absent>../imgs/whale_52342/w_5856.jpg,,,1037.24,858.89,506.89,427.1,1,216492.72,,,,1.1868,0,0
noaa_right_whale_heads,aerien,<absent>../imgs/whale_52342/w_6048.jpg,,,1583.82,1020.37,437.3,423.29,1,185104.72,,,,1.0331,0,0
noaa_right_whale_heads,aerien,<absent>../imgs/whale_52342/w_6198.jpg,,,1196.81,1178.04,314.46,380.16,1,119545.11,,,,0.8272,0,0
noaa_right_whale_heads,aerien,<absent>../imgs/whale_52342/w_6447.jpg,,,1614.39,1118.42,635.77,512.61,1,325902.06,,,,1.2403,0,0
noaa_right_whale_heads,aerien,<absent>../imgs/whale_52342/w_6878.jpg,,,1615.68,1021.31,639.58,492.24,1,314826.86,,,,1.2993,0,0
noaa_right_whale_heads,aerien,<absent>../imgs/whale_52342/w_707.jpg,,,1303.13,823.9,611.43,580.74,1,355081.86,,,,1.0528,0,0
noaa_right_whale_heads,aerien,<absent>../imgs/whale_52342/w_7695.jpg,,,1122.52,976.28,561.26,644.26,1,361597.37,,,,0.8712,0,0
noaa_right_whale_heads,aerien,<absent>../imgs/whale_52342/w_7842.jpg,,,1644.26,916.99,498.02,383.4,1,190940.87,,,,1.299,0,0
noaa_right_whale_heads,aerien,<absent>../imgs/whale_52505/w_1253.jpg,,,725.64,1614.39,808.86,728.97,1,589634.67,,,,1.1096,0,0
noaa_right_whale_heads,aerien,<absent>../imgs/whale_52505/w_1328.jpg,,,1887.34,1521.19,742.29,655.74,1,486749.24,,,,1.132,0,0
noaa_right_whale_heads,aerien,<absent>../imgs/whale_52505/w_1359.jpg,,,485.98,602.48,629.11,639.1,1,402064.2,,,,0.9844,0,0
noaa_right_whale_heads,aerien,<absent>../imgs/whale_52505/w_1986.jpg,,,842.78,1008.04,620.87,665.73,1,413331.79,,,,0.9326,0,0
noaa_right_whale_heads,aerien,<absent>../imgs/whale_52505/w_2302.jpg,,,2309.14,2004.07,929.29,769.71,1,715283.81,,,,1.2073,0,0
noaa_right_whale_heads,aerien,<absent>../imgs/whale_52505/w_2356.jpg,,,1027.85,840.12,342.62,328.54,1,112564.37,,,,1.0429,0,0
noaa_right_whale_heads,aerien,<absent>../imgs/whale_52505/w_2812.jpg,,,1039.52,731.22,513.83,395.25,1,203091.31,,,,1.3,0,0
noaa_right_whale_heads,aerien,<absent>../imgs/whale_52505/w_4009.jpg,,,1359.52,776.87,463.78,477.17,1,221301.9,,,,0.9719,0,0
noaa_right_whale_heads,aerien,<absent>../imgs/whale_52505/w_4586.jpg,,,1292.48,758.89,604.74,351.78,1,212735.44,,,,1.7191,0,0
noaa_right_whale_heads,aerien,<absent>../imgs/whale_52505/w_5065.jpg,,,1147.32,408.41,550.05,609.07,1,335018.95,,,,0.9031,0,0
noaa_right_whale_heads,aerien,<absent>../imgs/whale_52505/w_5384.jpg,,,1469.21,944.35,409.55,439.37,1,179943.98,,,,0.9321,0,0
noaa_right_whale_heads,aerien,<absent>../imgs/whale_52505/w_562.jpg,,,1463.28,975.52,541.02,386.84,1,209288.18,,,,1.3986,0,0
noaa_right_whale_heads,aerien,<absent>../imgs/whale_52505/w_6466.jpg,,,1146.24,865.61,332.01,316.2,1,104981.56,,,,1.05,0,0
noaa_right_whale_heads,aerien,<absent>../imgs/whale_52505/w_6495.jpg,,,1224.94,995.26,479.32,472.67,1,226560.18,,,,1.0141,0,0
noaa_right_whale_heads,aerien,<absent>../imgs/whale_52505/w_661.jpg,,,1154.57,511.58,441.18,459.95,1,202920.74,,,,0.9592,0,0
noaa_right_whale_heads,aerien,<absent>../imgs/whale_52505/w_681.jpg,,,1295.37,666.46,610.14,492.81,1,300683.09,,,,1.2381,0,0
noaa_right_whale_heads,aerien,<absent>../imgs/whale_52505/w_7354.jpg,,,1565.21,1371.53,422.92,391.3,1,165488.6,,,,1.0808,0,0
noaa_right_whale_heads,aerien,<absent>../imgs/whale_52505/w_752.jpg,,,826.04,427.1,746.25,779.1,1,581403.38,,,,0.9578,0,0
noaa_right_whale_heads,aerien,<absent>../imgs/whale_52505/w_8385.jpg,,,1389.68,721.68,497.03,499.01,1,248022.94,,,,0.996,0,0
noaa_right_whale_heads,aerien,<absent>../imgs/whale_52749/w_1157.jpg,,,925.36,745.62,785.56,639.1,1,502051.4,,,,1.2292,0,0
noaa_right_whale_heads,aerien,<absent>../imgs/whale_52749/w_1290.jpg,,,1285.99,952.76,492.81,384.86,1,189662.86,,,,1.2805,0,0
noaa_right_whale_heads,aerien,<absent>../imgs/whale_52749/w_1724.jpg,,,1215.59,901.13,586.67,567.9,1,333169.89,,,,1.0331,0,0
noaa_right_whale_heads,aerien,<absent>../imgs/whale_52749/w_1870.jpg,,,1011.85,837.94,766.79,774.7,1,594032.21,,,,0.9898,0,0
noaa_right_whale_heads,aerien,<absent>../imgs/whale_52749/w_3988.jpg,,,1114.62,837.94,608.69,553.36,1,336824.7,,,,1.1,0,0
noaa_right_whale_heads,aerien,<absent>../imgs/whale_52749/w_4293.jpg,,,1399.2,948.61,549.4,691.69,1,380014.49,,,,0.7943,0,0
noaa_right_whale_heads,aerien,<absent>../imgs/whale_52749/w_4318.jpg,,,1465.23,960.25,433.41,447.32,1,193872.96,,,,0.9689,0,0
noaa_right_whale_heads,aerien,<absent>../imgs/whale_52749/w_4518.jpg,,,1405.59,787.29,485.1,433.41,1,210247.19,,,,1.1193,0,0
noaa_right_whale_heads,aerien,<absent>../imgs/whale_52749/w_4692.jpg,,,1204.97,1158.37,442.71,399.44,1,176836.08,,,,1.1083,0,0
noaa_right_whale_heads,aerien,<absent>../imgs/whale_52749/w_4715.jpg,,,1316.2,877.46,533.59,470.35,1,250974.06,,,,1.1345,0,0
noaa_right_whale_heads,aerien,<absent>../imgs/whale_52749/w_4747.jpg,,,1181.81,1023.71,735.17,541.5,1,398094.55,,,,1.3577,0,0
noaa_right_whale_heads,aerien,<absent>../imgs/whale_52749/w_5107.jpg,,,1149.68,663.37,521.72,465.07,1,242636.32,,,,1.1218,0,0
noaa_right_whale_heads,aerien,<absent>../imgs/whale_52749/w_5703.jpg,,,1262.5,924.0,655.65,515.37,1,337902.34,,,,1.2722,0,0
noaa_right_whale_heads,aerien,<absent>../imgs/whale_52749/w_5792.jpg,,,1258.23,662.4,622.46,589.17,1,366734.76,,,,1.0565,0,0
noaa_right_whale_heads,aerien,<absent>../imgs/whale_52749/w_6139.jpg,,,1011.91,1095.12,649.08,512.61,1,332724.9,,,,1.2662,0,0
noaa_right_whale_heads,aerien,<absent>../imgs/whale_52749/w_6262.jpg,,,1416.44,793.21,741.27,580.74,1,430485.14,,,,1.2764,0,0
noaa_right_whale_heads,aerien,<absent>../imgs/whale_52749/w_6862.jpg,,,1011.85,735.17,778.65,640.31,1,498577.38,,,,1.2161,0,0
noaa_right_whale_heads,aerien,<absent>../imgs/whale_52749/w_6959.jpg,,,2346.69,1314.15,497.5,652.38,1,324559.05,,,,0.7626,0,0
noaa_right_whale_heads,aerien,<absent>../imgs/whale_52749/w_7400.jpg,,,1324.8,815.52,442.71,522.6,1,231360.25,,,,0.8471,0,0
noaa_right_whale_heads,aerien,<absent>../imgs/whale_52749/w_7409.jpg,,,1198.31,652.41,579.18,615.8,1,356659.04,,,,0.9405,0,0
noaa_right_whale_heads,aerien,<absent>../imgs/whale_52749/w_7449.jpg,,,776.49,880.21,720.43,625.12,1,450355.2,,,,1.1525,0,0
noaa_right_whale_heads,aerien,<absent>../imgs/whale_52749/w_7827.jpg,,,1349.34,690.82,802.07,719.53,1,577113.43,,,,1.1147,0,0
noaa_right_whale_heads,aerien,<absent>../imgs/whale_52749/w_8255.jpg,,,2060.4,1220.28,671.15,872.97,1,585893.82,,,,0.7688,0,0
noaa_right_whale_heads,aerien,<absent>../imgs/whale_52749/w_8351.jpg,,,1464.34,750.94,671.15,605.45,1,406347.77,,,,1.1085,0,0
noaa_right_whale_heads,aerien,<absent>../imgs/whale_52749/w_8439.jpg,,,1213.43,814.22,584.98,486.16,1,284393.88,,,,1.2033,0,0
noaa_right_whale_heads,aerien,<absent>../imgs/whale_52749/w_887.jpg,,,890.67,892.66,662.04,489.07,1,323783.9,,,,1.3537,0,0
noaa_right_whale_heads,aerien,<absent>../imgs/whale_52759/w_2022.jpg,,,1151.71,715.66,742.29,552.55,1,410152.34,,,,1.3434,0,0
noaa_right_whale_heads,aerien,<absent>../imgs/whale_52759/w_2256.jpg,,,1365.77,586.67,506.89,539.74,1,273588.81,,,,0.9391,0,0
noaa_right_whale_heads,aerien,<absent>../imgs/whale_52759/w_3841.jpg,,,844.81,1126.41,497.5,380.16,1,189129.6,,,,1.3087,0,0
noaa_right_whale_heads,aerien,<absent>../imgs/whale_52759/w_3991.jpg,,,2242.58,877.41,546.63,709.21,1,387675.46,,,,0.7708,0,0
noaa_right_whale_heads,aerien,<absent>../imgs/whale_52759/w_4095.jpg,,,1847.4,675.71,672.39,775.57,1,521485.51,,,,0.867,0,0
noaa_right_whale_heads,aerien,<absent>../imgs/whale_52759/w_4519.jpg,,,966.84,1163.96,685.23,413.02,1,283013.69,,,,1.6591,0,0
noaa_right_whale_heads,aerien,<absent>../imgs/whale_52759/w_5679.jpg,,,1440.87,797.88,567.9,398.94,1,226558.03,,,,1.4235,0,0
noaa_right_whale_heads,aerien,<absent>../imgs/whale_52759/w_568.jpg,,,587.82,682.25,635.04,495.75,1,314821.08,,,,1.281,0,0
noaa_right_whale_heads,aerien,<absent>../imgs/whale_52759/w_6041.jpg,,,1407.0,514.64,472.15,467.43,1,220697.07,,,,1.0101,0,0
noaa_right_whale_heads,aerien,<absent>../imgs/whale_52759/w_6205.jpg,,,1213.85,1007.92,457.08,468.8,1,214279.1,,,,0.975,0,0
noaa_right_whale_heads,aerien,<absent>../imgs/whale_52759/w_7187.jpg,,,1337.54,406.84,406.84,362.25,1,147377.79,,,,1.1231,0,0
noaa_right_whale_heads,aerien,<absent>../imgs/whale_52759/w_7691.jpg,,,1407.22,770.89,459.73,465.33,1,213926.16,,,,0.988,0,0
noaa_right_whale_heads,aerien,<absent>../imgs/whale_52759/w_785.jpg,,,234.07,1827.97,1515.88,908.41,1,1377040.55,,,,1.6687,0,0
noaa_right_whale_heads,aerien,<absent>../imgs/whale_52759/w_8.jpg,,,1481.25,938.68,629.11,542.57,1,341336.21,,,,1.1595,0,0
noaa_right_whale_heads,aerien,<absent>../imgs/whale_52759/w_835.jpg,,,1351.77,450.59,541.5,521.74,1,282522.21,,,,1.0379,0,0
noaa_right_whale_heads,aerien,<absent>../imgs/whale_52759/w_9013.jpg,,,1332.92,924.6,333.23,413.02,1,137630.65,,,,0.8068,0,0
noaa_right_whale_heads,aerien,<absent>../imgs/whale_52759/w_9178.jpg,,,1616.19,1292.96,1237.22,808.1,1,999797.48,,,,1.531,0,0
noaa_right_whale_heads,aerien,<absent>../imgs/whale_52759/w_951.jpg,,,783.79,1239.05,347.31,337.92,1,117363.0,,,,1.0278,0,0
noaa_right_whale_heads,aerien,<absent>../imgs/whale_52998/w_3612.jpg,,,1039.52,715.41,624.5,569.17,1,355446.66,,,,1.0972,0,0
noaa_right_whale_heads,aerien,<absent>../imgs/whale_52998/w_3896.jpg,,,1490.11,782.6,513.83,395.25,1,203091.31,,,,1.3,0,0
noaa_right_whale_heads,aerien,<absent>../imgs/whale_52998/w_70.jpg,,,1651.01,1128.41,416.08,456.02,1,189740.8,,,,0.9124,0,0
noaa_right_whale_heads,aerien,<absent>../imgs/whale_52998/w_7418.jpg,,,1511.2,755.6,842.15,612.47,1,515791.61,,,,1.375,0,0
noaa_right_whale_heads,aerien,<absent>../imgs/whale_52998/w_7718.jpg,,,979.46,997.87,723.29,460.43,1,333024.41,,,,1.5709,0,0
noaa_right_whale_heads,aerien,<absent>../imgs/whale_52998/w_9395.jpg,,,972.18,962.24,562.63,514.92,1,289709.44,,,,1.0927,0,0
noaa_right_whale_heads,aerien,<absent>../imgs/whale_53079/w_182.jpg,,,1501.97,1664.02,1181.81,1067.19,1,1261215.81,,,,1.1074,0,0
noaa_right_whale_heads,aerien,<absent>../imgs/whale_53079/w_2529.jpg,,,981.13,1239.02,510.19,459.73,1,234549.65,,,,1.1098,0,0
noaa_right_whale_heads,aerien,<absent>../imgs/whale_53079/w_2583.jpg,,,1404.41,473.74,395.25,613.91,1,242647.93,,,,0.6438,0,0
noaa_right_whale_heads,aerien,<absent>../imgs/whale_53079/w_3009.jpg,,,1642.68,1877.35,933.98,971.53,1,907389.59,,,,0.9613,0,0
noaa_right_whale_heads,aerien,<absent>../imgs/whale_53079/w_348.jpg,,,1199.25,698.78,809.73,627.96,1,508478.05,,,,1.2895,0,0
noaa_right_whale_heads,aerien,<absent>../imgs/whale_53079/w_3854.jpg,,,1441.3,592.5,795.55,685.7,1,545508.64,,,,1.1602,0,0
noaa_right_whale_heads,aerien,<absent>../imgs/whale_53079/w_4211.jpg,,,1664.32,476.0,659.07,569.2,1,375142.64,,,,1.1579,0,0
noaa_right_whale_heads,aerien,<absent>../imgs/whale_53079/w_4214.jpg,,,970.26,1057.61,547.69,394.24,1,215921.31,,,,1.3892,0,0
noaa_right_whale_heads,aerien,<absent>../imgs/whale_53079/w_527.jpg,,,1101.67,947.49,574.66,599.89,1,344732.79,,,,0.9579,0,0
noaa_right_whale_heads,aerien,<absent>../imgs/whale_53079/w_5814.jpg,,,1067.63,1090.96,570.6,357.07,1,203744.14,,,,1.598,0,0
noaa_right_whale_heads,aerien,<absent>../imgs/whale_53079/w_6521.jpg,,,2745.63,1985.3,807.26,1032.54,1,833528.24,,,,0.7818,0,0
noaa_right_whale_heads,aerien,<absent>../imgs/whale_53079/w_6740.jpg,,,1187.07,1387.7,401.26,295.37,1,118520.17,,,,1.3585,0,0
noaa_right_whale_heads,aerien,<absent>../imgs/whale_53079/w_7401.jpg,,,1328.05,1059.28,490.12,446.64,1,218907.2,,,,1.0973,0,0
noaa_right_whale_heads,aerien,<absent>../imgs/whale_53079/w_7527.jpg,,,1491.08,922.48,510.94,584.5,1,298644.43,,,,0.8741,0,0
noaa_right_whale_heads,aerien,<absent>../imgs/whale_53079/w_8097.jpg,,,1160.28,890.72,647.95,473.82,1,307011.67,,,,1.3675,0,0
noaa_right_whale_heads,aerien,<absent>../imgs/whale_53079/w_9043.jpg,,,988.61,632.44,609.14,485.98,1,296029.86,,,,1.2534,0,0
noaa_right_whale_heads,aerien,<absent>../imgs/whale_53079/w_9430.jpg,,,713.39,1633.3,403.63,408.32,1,164810.2,,,,0.9885,0,0
noaa_right_whale_heads,aerien,<absent>../imgs/whale_53580/w_1653.jpg,,,1131.11,1135.8,525.66,483.42,1,254114.56,,,,1.0874,0,0
noaa_right_whale_heads,aerien,<absent>../imgs/whale_53580/w_2094.jpg,,,1262.52,779.1,356.7,323.84,1,115513.73,,,,1.1015,0,0
noaa_right_whale_heads,aerien,<absent>../imgs/whale_53580/w_3007.jpg,,,1188.88,1145.15,542.75,487.08,1,264362.67,,,,1.1143,0,0
noaa_right_whale_heads,aerien,<absent>../imgs/whale_53580/w_3716.jpg,,,1361.08,591.37,464.64,422.4,1,196263.94,,,,1.1,0,0
noaa_right_whale_heads,aerien,<absent>../imgs/whale_53580/w_4860.jpg,,,1529.63,731.22,470.35,415.02,1,195204.66,,,,1.1333,0,0
noaa_right_whale_heads,aerien,<absent>../imgs/whale_53580/w_5083.jpg,,,922.48,1139.18,542.75,501.0,1,271917.75,,,,1.0833,0,0
noaa_right_whale_heads,aerien,<absent>../imgs/whale_53580/w_5804.jpg,,,901.18,928.85,442.68,454.54,1,201215.77,,,,0.9739,0,0
noaa_right_whale_heads,aerien,<absent>../imgs/whale_53580/w_5949.jpg,,,1105.11,1248.24,432.72,369.48,1,159881.39,,,,1.1712,0,0
noaa_right_whale_heads,aerien,<absent>../imgs/whale_53580/w_641.jpg,,,1354.76,505.95,645.76,655.74,1,423450.66,,,,0.9848,0,0
noaa_right_whale_heads,aerien,<absent>../imgs/whale_53580/w_925.jpg,,,1424.04,549.43,305.55,347.6,1,106209.18,,,,0.879,0,0
noaa_right_whale_heads,aerien,<absent>../imgs/whale_53889/w_1495.jpg,,,1997.18,1191.65,489.31,456.02,1,223135.15,,,,1.073,0,0
noaa_right_whale_heads,aerien,<absent>../imgs/whale_53889/w_2533.jpg,,,1248.24,672.39,505.95,456.02,1,230723.32,,,,1.1095,0,0
noaa_right_whale_heads,aerien,<absent>../imgs/whale_53889/w_4105.jpg,,,1300.22,1007.97,502.99,514.92,1,258999.61,,,,0.9768,0,0
noaa_right_whale_heads,aerien,<absent>../imgs/whale_53889/w_4700.jpg,,,1286.9,414.73,728.83,518.42,1,377840.05,,,,1.4059,0,0
noaa_right_whale_heads,aerien,<absent>../imgs/whale_53889/w_479.jpg,,,2257.52,1070.09,469.34,535.05,1,251120.37,,,,0.8772,0,0
noaa_right_whale_heads,aerien,<absent>../imgs/whale_53889/w_5122.jpg,,,1229.24,909.08,446.64,375.49,1,167708.85,,,,1.1895,0,0
noaa_right_whale_heads,aerien,<absent>../imgs/whale_53889/w_5920.jpg,,,1320.32,636.33,627.92,470.94,1,295712.64,,,,1.3333,0,0
noaa_right_whale_heads,aerien,<absent>../imgs/whale_53889/w_6108.jpg,,,1218.28,352.84,765.59,572.53,1,438323.24,,,,1.3372,0,0
noaa_right_whale_heads,aerien,<absent>../imgs/whale_53889/w_6534.jpg,,,1285.99,488.11,624.22,506.89,1,316410.88,,,,1.2315,0,0
noaa_right_whale_heads,aerien,<absent>../imgs/whale_53889/w_6749.jpg,,,1483.11,586.67,497.5,549.13,1,273192.17,,,,0.906,0,0
noaa_right_whale_heads,aerien,<absent>../imgs/whale_53889/w_743.jpg,,,1393.93,741.55,497.5,469.34,1,233496.65,,,,1.06,0,0
noaa_right_whale_heads,aerien,<absent>../imgs/whale_53889/w_8653.jpg,,,1215.59,746.25,642.99,567.9,1,365154.02,,,,1.1322,0,0
noaa_right_whale_heads,aerien,<absent>../imgs/whale_54497/w_4045.jpg,,,1193.67,889.32,355.73,407.11,1,144821.24,,,,0.8738,0,0
noaa_right_whale_heads,aerien,<absent>../imgs/whale_54574/w_1866.jpg,,,1305.94,892.39,415.22,472.15,1,196046.12,,,,0.8794,0,0
noaa_right_whale_heads,aerien,<absent>../imgs/whale_54574/w_1901.jpg,,,1814.22,1217.38,1051.38,1241.1,1,1304867.72,,,,0.8471,0,0
noaa_right_whale_heads,aerien,<absent>../imgs/whale_54574/w_1982.jpg,,,2219.97,647.69,1131.11,1145.19,1,1295335.86,,,,0.9877,0,0
noaa_right_whale_heads,aerien,<absent>../imgs/whale_54574/w_2050.jpg,,,2266.9,1454.95,1051.32,816.65,1,858560.48,,,,1.2874,0,0
noaa_right_whale_heads,aerien,<absent>../imgs/whale_54574/w_3222.jpg,,,1171.75,518.6,675.58,698.0,1,471554.84,,,,0.9679,0,0
noaa_right_whale_heads,aerien,<absent>../imgs/whale_54574/w_397.jpg,,,1233.95,1150.23,259.51,215.98,1,56048.97,,,,1.2015,0,0
noaa_right_whale_heads,aerien,<absent>../imgs/whale_54574/w_4374.jpg,,,1356.39,1065.4,614.83,553.82,1,340505.15,,,,1.1102,0,0
noaa_right_whale_heads,aerien,<absent>../imgs/whale_54574/w_4467.jpg,,,1158.37,778.9,822.17,748.94,1,615756.0,,,,1.0978,0,0
noaa_right_whale_heads,aerien,<absent>../imgs/whale_54574/w_4531.jpg,,,1297.89,47.65,633.53,571.86,1,362290.47,,,,1.1078,0,0
noaa_right_whale_heads,aerien,<absent>../imgs/whale_54574/w_4733.jpg,,,1084.85,911.05,571.86,588.68,1,336642.54,,,,0.9714,0,0
noaa_right_whale_heads,aerien,<absent>../imgs/whale_54574/w_4948.jpg,,,1872.66,642.99,511.58,459.95,1,235301.22,,,,1.1123,0,0
noaa_right_whale_heads,aerien,<absent>../imgs/whale_54574/w_6299.jpg,,,2032.23,1520.66,769.71,746.25,1,574396.09,,,,1.0314,0,0
noaa_right_whale_heads,aerien,<absent>../imgs/whale_54574/w_756.jpg,,,1147.13,302.19,540.76,560.64,1,303171.69,,,,0.9645,0,0
noaa_right_whale_heads,aerien,<absent>../imgs/whale_54574/w_7775.jpg,,,1229.67,905.82,492.81,549.13,1,270616.76,,,,0.8974,0,0
noaa_right_whale_heads,aerien,<absent>../imgs/whale_54574/w_9197.jpg,,,2695.77,597.71,1119.17,1113.07,1,1245714.55,,,,1.0055,0,0
noaa_right_whale_heads,aerien,<absent>../imgs/whale_54796/w_3003.jpg,,,976.22,647.69,619.53,633.61,1,392540.4,,,,0.9778,0,0
noaa_right_whale_heads,aerien,<absent>../imgs/whale_54850/w_3249.jpg,,,1366.87,821.54,339.95,321.06,1,109144.35,,,,1.0588,0,0
noaa_right_whale_heads,aerien,<absent>../imgs/whale_54850/w_4030.jpg,,,1342.31,657.07,661.77,530.35,1,350969.72,,,,1.2478,0,0
noaa_right_whale_heads,aerien,<absent>../imgs/whale_54850/w_5476.jpg,,,1411.34,798.87,402.77,346.18,1,139430.92,,,,1.1635,0,0
noaa_right_whale_heads,aerien,<absent>../imgs/whale_54920/w_3660.jpg,,,2506.27,1070.09,680.54,530.35,1,360924.39,,,,1.2832,0,0
noaa_right_whale_heads,aerien,<absent>../imgs/whale_54920/w_413.jpg,,,2651.88,752.56,418.09,441.98,1,184787.42,,,,0.9459,0,0
noaa_right_whale_heads,aerien,<absent>../imgs/whale_54920/w_4941.jpg,,,1295.37,422.4,610.14,413.02,1,252000.02,,,,1.4773,0,0
noaa_right_whale_heads,aerien,<absent>../imgs/whale_54920/w_5527.jpg,,,793.25,1149.12,679.93,606.37,1,412289.15,,,,1.1213,0,0
noaa_right_whale_heads,aerien,<absent>../imgs/whale_54920/w_6080.jpg,,,1169.95,798.41,691.69,612.64,1,423756.96,,,,1.129,0,0
noaa_right_whale_heads,aerien,<absent>../imgs/whale_54920/w_7327.jpg,,,1217.24,794.73,553.29,764.55,1,423017.87,,,,0.7237,0,0
noaa_right_whale_heads,aerien,<absent>../imgs/whale_54920/w_7460.jpg,,,952.67,572.6,678.08,768.5,1,521104.48,,,,0.8823,0,0
noaa_right_whale_heads,aerien,<absent>../imgs/whale_55079/w_1364.jpg,,,1788.18,952.76,380.16,295.68,1,112405.71,,,,1.2857,0,0
noaa_right_whale_heads,aerien,<absent>../imgs/whale_55079/w_146.jpg,,,1351.69,971.53,628.91,525.66,1,330592.83,,,,1.1964,0,0
noaa_right_whale_heads,aerien,<absent>../imgs/whale_55079/w_1859.jpg,,,1461.3,1147.32,616.15,630.32,1,388371.67,,,,0.9775,0,0
noaa_right_whale_heads,aerien,<absent>../imgs/whale_55079/w_2592.jpg,,,1250.24,857.79,479.35,412.07,1,197525.75,,,,1.1633,0,0
noaa_right_whale_heads,aerien,<absent>../imgs/whale_55079/w_2802.jpg,,,1255.84,563.45,549.43,456.93,1,251051.05,,,,1.2024,0,0
noaa_right_whale_heads,aerien,<absent>../imgs/whale_55079/w_3815.jpg,,,2257.52,1051.32,652.38,567.9,1,370486.6,,,,1.1488,0,0
noaa_right_whale_heads,aerien,<absent>../imgs/whale_55079/w_4081.jpg,,,1154.14,671.93,620.55,525.69,1,326216.93,,,,1.1804,0,0
noaa_right_whale_heads,aerien,<absent>../imgs/whale_55079/w_4138.jpg,,,2233.52,1075.15,615.8,622.46,1,383310.87,,,,0.9893,0,0
noaa_right_whale_heads,aerien,<absent>../imgs/whale_55079/w_424.jpg,,,1566.62,669.99,210.74,200.8,1,42316.59,,,,1.0495,0,0
noaa_right_whale_heads,aerien,<absent>../imgs/whale_55079/w_442.jpg,,,1328.05,529.64,699.6,715.41,1,500500.84,,,,0.9779,0,0
noaa_right_whale_heads,aerien,<absent>../imgs/whale_55079/w_5397.jpg,,,1368.07,485.98,602.48,585.84,1,352956.88,,,,1.0284,0,0
noaa_right_whale_heads,aerien,<absent>../imgs/whale_55079/w_5516.jpg,,,1165.02,2030.47,322.88,279.61,1,90280.48,,,,1.1548,0,0
noaa_right_whale_heads,aerien,<absent>../imgs/whale_55079/w_5909.jpg,,,3191.5,1009.08,802.57,671.15,1,538644.86,,,,1.1958,0,0
noaa_right_whale_heads,aerien,<absent>../imgs/whale_55079/w_6176.jpg,,,1135.07,2200.23,209.7,203.05,1,42579.58,,,,1.0328,0,0
noaa_right_whale_heads,aerien,<absent>../imgs/whale_55079/w_6524.jpg,,,2023.81,1704.26,579.18,615.8,1,356659.04,,,,0.9405,0,0
noaa_right_whale_heads,aerien,<absent>../imgs/whale_55079/w_7531.jpg,,,964.42,2964.41,185.77,201.58,1,37447.52,,,,0.9216,0,0
noaa_right_whale_heads,aerien,<absent>../imgs/whale_55079/w_8512.jpg,,,1324.1,339.92,399.21,320.16,1,127811.07,,,,1.2469,0,0
noaa_right_whale_heads,aerien,<absent>../imgs/whale_55079/w_867.jpg,,,2849.32,642.43,662.4,629.11,1,416722.46,,,,1.0529,0,0
noaa_right_whale_heads,aerien,<absent>../imgs/whale_55079/w_8908.jpg,,,1594.42,968.63,406.09,316.22,1,128413.78,,,,1.2842,0,0
noaa_right_whale_heads,aerien,<absent>../imgs/whale_55079/w_9464.jpg,,,2237.14,1470.35,588.93,596.83,1,351491.09,,,,0.9868,0,0
noaa_right_whale_heads,aerien,<absent>../imgs/whale_55333/w_1454.jpg,,,2008.77,2177.73,830.73,750.94,1,623828.39,,,,1.1063,0,0
noaa_right_whale_heads,aerien,<absent>../imgs/whale_55333/w_1597.jpg,,,2246.83,1591.09,945.33,918.7,1,868474.67,,,,1.029,0,0
noaa_right_whale_heads,aerien,<absent>../imgs/whale_55333/w_3139.jpg,,,2604.83,1450.26,896.44,755.63,1,677376.96,,,,1.1863,0,0
noaa_right_whale_heads,aerien,<absent>../imgs/whale_55333/w_3279.jpg,,,1601.76,933.42,445.56,366.6,1,163342.3,,,,1.2154,0,0
noaa_right_whale_heads,aerien,<absent>../imgs/whale_55333/w_3917.jpg,,,1461.27,1035.21,336.19,299.58,1,100715.8,,,,1.1222,0,0
noaa_right_whale_heads,aerien,<absent>../imgs/whale_55333/w_5160.jpg,,,1684.92,675.85,427.1,474.03,1,202458.21,,,,0.901,0,0
noaa_right_whale_heads,aerien,<absent>../imgs/whale_55333/w_5511.jpg,,,2031.61,1498.01,964.42,924.89,1,891982.41,,,,1.0427,0,0
noaa_right_whale_heads,aerien,<absent>../imgs/whale_55333/w_7094.jpg,,,1490.11,999.99,683.79,509.88,1,348650.85,,,,1.3411,0,0
noaa_right_whale_heads,aerien,<absent>../imgs/whale_55333/w_9215.jpg,,,1292.55,1158.6,522.38,547.49,1,285997.83,,,,0.9541,0,0
noaa_right_whale_heads,aerien,<absent>../imgs/whale_55333/w_9428.jpg,,,1494.06,1288.53,399.21,395.25,1,157787.75,,,,1.01,0,0
noaa_right_whale_heads,aerien,<absent>../imgs/whale_55550/w_4028.jpg,,,1473.72,811.96,563.21,596.06,1,335706.95,,,,0.9449,0,0
noaa_right_whale_heads,aerien,<absent>../imgs/whale_55550/w_4488.jpg,,,1642.69,574.66,585.87,384.04,1,224997.51,,,,1.5255,0,0
noaa_right_whale_heads,aerien,<absent>../imgs/whale_55550/w_4584.jpg,,,802.57,474.03,610.14,502.19,1,306406.21,,,,1.215,0,0
noaa_right_whale_heads,aerien,<absent>../imgs/whale_55550/w_5024.jpg,,,1517.86,725.64,535.91,495.97,1,265795.28,,,,1.0805,0,0
noaa_right_whale_heads,aerien,<absent>../imgs/whale_55550/w_5669.jpg,,,1001.92,852.13,469.34,462.68,1,217154.23,,,,1.0144,0,0
noaa_right_whale_heads,aerien,<absent>../imgs/whale_55550/w_7363.jpg,,,1389.24,863.58,441.18,427.1,1,188427.98,,,,1.033,0,0
noaa_right_whale_heads,aerien,<absent>../imgs/whale_55550/w_7459.jpg,,,1314.93,597.27,540.61,509.92,1,275667.85,,,,1.0602,0,0
noaa_right_whale_heads,aerien,<absent>../imgs/whale_55550/w_7639.jpg,,,1664.02,924.89,442.68,391.3,1,173220.68,,,,1.1313,0,0
noaa_right_whale_heads,aerien,<absent>../imgs/whale_55550/w_8988.jpg,,,1205.53,573.12,664.03,557.31,1,370070.56,,,,1.1915,0,0
noaa_right_whale_heads,aerien,<absent>../imgs/whale_55861/w_1166.jpg,,,427.1,1506.58,1741.25,1173.35,1,2043095.69,,,,1.484,0,0
noaa_right_whale_heads,aerien,<absent>../imgs/whale_55861/w_2191.jpg,,,1121.29,648.12,522.87,530.82,1,277549.85,,,,0.985,0,0
noaa_right_whale_heads,aerien,<absent>../imgs/whale_55861/w_2603.jpg,,,1676.12,819.18,318.7,266.76,1,85016.41,,,,1.1947,0,0
noaa_right_whale_heads,aerien,<absent>../imgs/whale_55861/w_3829.jpg,,,1367.81,403.58,451.3,453.29,1,204569.78,,,,0.9956,0,0
noaa_right_whale_heads,aerien,<absent>../imgs/whale_55861/w_3844.jpg,,,2173.04,1497.19,1013.77,1149.88,1,1165713.85,,,,0.8816,0,0
noaa_right_whale_heads,aerien,<absent>../imgs/whale_55861/w_5447.jpg,,,1576.98,1023.16,1365.77,1187.43,1,1621756.27,,,,1.1502,0,0
noaa_right_whale_heads,aerien,<absent>../imgs/whale_55861/w_6025.jpg,,,1359.86,1157.07,357.86,330.02,1,118100.96,,,,1.0844,0,0
noaa_right_whale_heads,aerien,<absent>../imgs/whale_55861/w_7766.jpg,,,1872.66,1051.32,1206.2,896.44,1,1081285.93,,,,1.3455,0,0
noaa_right_whale_heads,aerien,<absent>../imgs/whale_55861/w_8059.jpg,,,1175.65,675.17,465.07,479.23,1,222875.5,,,,0.9705,0,0
noaa_right_whale_heads,aerien,<absent>../imgs/whale_55861/w_9182.jpg,,,1221.61,752.27,649.08,499.3,1,324085.64,,,,1.3,0,0
noaa_right_whale_heads,aerien,<absent>../imgs/whale_56281/w_1881.jpg,,,1549.4,762.84,561.26,581.02,1,326103.29,,,,0.966,0,0
noaa_right_whale_heads,aerien,<absent>../imgs/whale_57251/w_3648.jpg,,,1564.46,971.96,459.35,456.02,1,209472.79,,,,1.0073,0,0
noaa_right_whale_heads,aerien,<absent>../imgs/whale_57251/w_6059.jpg,,,1816.34,1210.89,1295.37,1079.48,1,1398326.01,,,,1.2,0,0
noaa_right_whale_heads,aerien,<absent>../imgs/whale_57251/w_7574.jpg,,,1073.63,703.61,454.12,364.42,1,165490.41,,,,1.2461,0,0
noaa_right_whale_heads,aerien,<absent>../imgs/whale_57338/w_2756.jpg,,,1039.99,1463.28,496.17,487.76,1,242011.88,,,,1.0172,0,0
noaa_right_whale_heads,aerien,<absent>../imgs/whale_57338/w_3808.jpg,,,826.04,1609.83,826.04,657.07,1,542766.1,,,,1.2572,0,0
noaa_right_whale_heads,aerien,<absent>../imgs/whale_57338/w_4578.jpg,,,1551.15,1324.8,748.94,635.77,1,476153.58,,,,1.178,0,0
noaa_right_whale_heads,aerien,<absent>../imgs/whale_57338/w_4993.jpg,,,1687.74,2067.18,1292.48,806.32,1,1042152.47,,,,1.6029,0,0
noaa_right_whale_heads,aerien,<absent>../imgs/whale_57338/w_5528.jpg,,,2123.34,1136.91,1326.39,1003.16,1,1330581.39,,,,1.3222,0,0
noaa_right_whale_heads,aerien,<absent>../imgs/whale_57338/w_5784.jpg,,,1309.45,1347.0,995.0,807.26,1,803223.7,,,,1.2326,0,0
noaa_right_whale_heads,aerien,<absent>../imgs/whale_57338/w_7796.jpg,,,1972.87,953.0,1292.96,1008.73,1,1304247.54,,,,1.2818,0,0
noaa_right_whale_heads,aerien,<absent>../imgs/whale_58010/w_3523.jpg,,,1098.86,801.72,563.45,619.51,1,349062.91,,,,0.9095,0,0
noaa_right_whale_heads,aerien,<absent>../imgs/whale_58010/w_4705.jpg,,,1417.4,1046.62,441.18,459.95,1,202920.74,,,,0.9592,0,0
noaa_right_whale_heads,aerien,<absent>../imgs/whale_58010/w_5248.jpg,,,1398.63,689.93,638.3,680.54,1,434388.68,,,,0.9379,0,0
noaa_right_whale_heads,aerien,<absent>../imgs/whale_58010/w_6555.jpg,,,1497.04,1109.36,534.8,491.06,1,262618.89,,,,1.0891,0,0
noaa_right_whale_heads,aerien,<absent>../imgs/whale_58010/w_6752.jpg,,,972.18,759.45,652.1,648.12,1,422639.05,,,,1.0061,0,0
noaa_right_whale_heads,aerien,<absent>../imgs/whale_58010/w_6850.jpg,,,816.65,666.46,736.86,689.93,1,508381.82,,,,1.068,0,0
noaa_right_whale_heads,aerien,<absent>../imgs/whale_58010/w_771.jpg,,,1379.85,774.41,525.66,398.94,1,209706.8,,,,1.3176,0,0
noaa_right_whale_heads,aerien,<absent>../imgs/whale_58010/w_776.jpg,,,1446.63,1335.96,411.06,478.26,1,196593.56,,,,0.8595,0,0
noaa_right_whale_heads,aerien,<absent>../imgs/whale_58010/w_8269.jpg,,,1364.74,938.68,382.79,462.68,1,177109.28,,,,0.8273,0,0
noaa_right_whale_heads,aerien,<absent>../imgs/whale_58010/w_8430.jpg,,,1351.69,1041.93,492.81,488.11,1,240545.49,,,,1.0096,0,0
noaa_right_whale_heads,aerien,<absent>../imgs/whale_58309/w_1863.jpg,,,2240.18,1677.63,459.35,715.66,1,328738.42,,,,0.6419,0,0
noaa_right_whale_heads,aerien,<absent>../imgs/whale_58309/w_3318.jpg,,,1565.21,588.93,422.92,411.06,1,173845.5,,,,1.0289,0,0
noaa_right_whale_heads,aerien,<absent>../imgs/whale_58309/w_3952.jpg,,,957.45,811.96,553.82,563.21,1,311916.96,,,,0.9833,0,0
noaa_right_whale_heads,aerien,<absent>../imgs/whale_58309/w_4250.jpg,,,1750.98,1399.2,794.46,620.55,1,493002.15,,,,1.2803,0,0
noaa_right_whale_heads,aerien,<absent>../imgs/whale_58309/w_5310.jpg,,,1837.93,1794.45,735.17,612.64,1,450394.55,,,,1.2,0,0
noaa_right_whale_heads,aerien,<absent>../imgs/whale_58309/w_7145.jpg,,,2276.29,1497.19,591.37,736.86,1,435756.9,,,,0.8026,0,0
noaa_right_whale_heads,aerien,<absent>../imgs/whale_58309/w_8457.jpg,,,1786.55,996.04,833.99,774.7,1,646092.05,,,,1.0765,0,0
noaa_right_whale_heads,aerien,<absent>../imgs/whale_58309/w_994.jpg,,,1984.18,1426.87,948.61,1007.9,1,956104.02,,,,0.9412,0,0
noaa_right_whale_heads,aerien,<absent>../imgs/whale_58362/w_1014.jpg,,,642.12,514.64,554.77,450.9,1,250145.79,,,,1.2304,0,0
noaa_right_whale_heads,aerien,<absent>../imgs/whale_58362/w_1154.jpg,,,971.53,628.91,704.01,577.29,1,406417.93,,,,1.2195,0,0
noaa_right_whale_heads,aerien,<absent>../imgs/whale_58362/w_1858.jpg,,,1173.9,956.52,513.83,442.68,1,227462.26,,,,1.1607,0,0
noaa_right_whale_heads,aerien,<absent>../imgs/whale_58362/w_3429.jpg,,,1185.0,685.7,545.9,419.41,1,228955.92,,,,1.3016,0,0
noaa_right_whale_heads,aerien,<absent>../imgs/whale_58362/w_3721.jpg,,,1141.72,1248.24,489.31,662.4,1,324118.94,,,,0.7387,0,0
noaa_right_whale_heads,aerien,<absent>../imgs/whale_58362/w_3977.jpg,,,1430.82,932.8,498.02,418.97,1,208655.44,,,,1.1887,0,0
noaa_right_whale_heads,aerien,<absent>../imgs/whale_58362/w_5244.jpg,,,1447.99,342.06,314.45,500.05,1,157240.72,,,,0.6288,0,0
noaa_right_whale_heads,aerien,<absent>../imgs/whale_58362/w_5618.jpg,,,1028.55,1018.56,485.98,446.04,1,216766.52,,,,1.0895,0,0
noaa_right_whale_heads,aerien,<absent>../imgs/whale_58362/w_5761.jpg,,,1745.94,797.88,380.16,323.84,1,123111.01,,,,1.1739,0,0
noaa_right_whale_heads,aerien,<absent>../imgs/whale_58362/w_5883.jpg,,,1365.77,736.86,492.81,530.35,1,261361.78,,,,0.9292,0,0
noaa_right_whale_heads,aerien,<absent>../imgs/whale_58362/w_7109.jpg,,,1009.08,685.23,563.21,436.48,1,245829.9,,,,1.2903,0,0
noaa_right_whale_heads,aerien,<absent>../imgs/whale_58362/w_7204.jpg,,,1197.62,1166.0,482.21,446.64,1,215374.27,,,,1.0796,0,0
noaa_right_whale_heads,aerien,<absent>../imgs/whale_58362/w_7335.jpg,,,1252.5,669.99,455.27,367.8,1,167448.31,,,,1.2378,0,0
noaa_right_whale_heads,aerien,<absent>../imgs/whale_58362/w_7534.jpg,,,875.43,702.34,495.97,432.72,1,214616.14,,,,1.1462,0,0
noaa_right_whale_heads,aerien,<absent>../imgs/whale_58362/w_7557.jpg,,,1292.48,691.69,371.54,391.3,1,145383.6,,,,0.9495,0,0
noaa_right_whale_heads,aerien,<absent>../imgs/whale_58362/w_8156.jpg,,,898.73,452.7,728.97,742.29,1,541107.14,,,,0.9821,0,0
noaa_right_whale_heads,aerien,<absent>../imgs/whale_58474/w_1031.jpg,,,1354.49,860.58,415.22,368.34,1,152942.13,,,,1.1273,0,0
noaa_right_whale_heads,aerien,<absent>../imgs/whale_58474/w_1755.jpg,,,1411.72,403.69,446.18,601.99,1,268595.9,,,,0.7412,0,0
noaa_right_whale_heads,aerien,<absent>../imgs/whale_58474/w_2731.jpg,,,1075.61,813.67,484.86,535.02,1,259409.8,,,,0.9062,0,0
noaa_right_whale_heads,aerien,<absent>../imgs/whale_58474/w_3027.jpg,,,1741.25,680.54,506.89,488.11,1,247418.08,,,,1.0385,0,0
noaa_right_whale_heads,aerien,<absent>../imgs/whale_58474/w_5504.jpg,,,1043.47,743.08,652.17,592.88,1,386658.55,,,,1.1,0,0
noaa_right_whale_heads,aerien,<absent>../imgs/whale_58474/w_764.jpg,,,1337.61,750.94,413.02,431.79,1,178337.91,,,,0.9565,0,0
noaa_right_whale_heads,aerien,<absent>../imgs/whale_58474/w_7975.jpg,,,1484.9,847.5,389.52,375.36,1,146210.23,,,,1.0377,0,0
noaa_right_whale_heads,aerien,<absent>../imgs/whale_58474/w_8193.jpg,,,1464.34,666.46,652.38,600.75,1,391917.28,,,,1.0859,0,0
noaa_right_whale_heads,aerien,<absent>../imgs/whale_58747/w_2795.jpg,,,2478.24,1387.34,786.56,928.85,1,730596.26,,,,0.8468,0,0
noaa_right_whale_heads,aerien,<absent>../imgs/whale_58747/w_2811.jpg,,,1394.7,689.03,592.5,432.72,1,256386.6,,,,1.3692,0,0
noaa_right_whale_heads,aerien,<absent>../imgs/whale_58747/w_3428.jpg,,,1599.48,1761.09,412.41,267.51,1,110323.8,,,,1.5417,0,0
noaa_right_whale_heads,aerien,<absent>../imgs/whale_58747/w_4370.jpg,,,1321.47,955.32,316.22,446.04,1,141046.77,,,,0.7089,0,0
noaa_right_whale_heads,aerien,<absent>../imgs/whale_58747/w_5137.jpg,,,1384.55,826.04,445.87,539.74,1,240653.87,,,,0.8261,0,0
noaa_right_whale_heads,aerien,<absent>../imgs/whale_58747/w_5704.jpg,,,1544.12,1117.03,1102.95,1070.09,1,1180255.77,,,,1.0307,0,0
noaa_right_whale_heads,aerien,<absent>../imgs/whale_58747/w_5981.jpg,,,1264.25,658.76,661.56,527.01,1,348648.74,,,,1.2553,0,0
noaa_right_whale_heads,aerien,<absent>../imgs/whale_58747/w_6817.jpg,,,1031.88,858.79,798.87,535.91,1,428122.42,,,,1.4907,0,0
noaa_right_whale_heads,aerien,<absent>../imgs/whale_58747/w_7260.jpg,,,1276.6,605.45,619.53,502.19,1,311121.77,,,,1.2337,0,0
noaa_right_whale_heads,aerien,<absent>../imgs/whale_58972/w_1542.jpg,,,1878.07,2931.05,392.9,298.61,1,117323.87,,,,1.3158,0,0
noaa_right_whale_heads,aerien,<absent>../imgs/whale_58972/w_2150.jpg,,,1831.04,1445.35,457.26,288.27,1,131814.34,,,,1.5862,0,0
noaa_right_whale_heads,aerien,<absent>../imgs/whale_58972/w_4234.jpg,,,1383.39,687.74,525.69,537.55,1,282584.66,,,,0.9779,0,0
noaa_right_whale_heads,aerien,<absent>../imgs/whale_58972/w_454.jpg,,,1292.28,644.74,588.68,510.19,1,300338.65,,,,1.1538,0,0
noaa_right_whale_heads,aerien,<absent>../imgs/whale_58972/w_482.jpg,,,2478.11,1436.18,962.14,704.01,1,677356.18,,,,1.3667,0,0
noaa_right_whale_heads,aerien,<absent>../imgs/whale_58972/w_8209.jpg,,,1558.2,727.47,624.22,539.74,1,336916.5,,,,1.1565,0,0
noaa_right_whale_heads,aerien,<absent>../imgs/whale_58972/w_8634.jpg,,,1387.34,916.99,517.78,430.83,1,223075.16,,,,1.2018,0,0
noaa_right_whale_heads,aerien,<absent>../imgs/whale_58972/w_8847.jpg,,,2196.5,1680.23,750.94,694.62,1,521617.94,,,,1.0811,0,0
noaa_right_whale_heads,aerien,<absent>../imgs/whale_58972/w_9136.jpg,,,1977.21,2180.26,322.88,262.96,1,84904.52,,,,1.2279,0,0
noaa_right_whale_heads,aerien,<absent>../imgs/whale_59173/w_1296.jpg,,,1476.72,726.64,468.8,425.27,1,199366.58,,,,1.1024,0,0
noaa_right_whale_heads,aerien,<absent>../imgs/whale_59173/w_2264.jpg,,,2142.28,1039.52,1079.04,806.32,1,870051.53,,,,1.3382,0,0
noaa_right_whale_heads,aerien,<absent>../imgs/whale_59173/w_2396.jpg,,,1498.01,901.18,699.6,667.98,1,467318.81,,,,1.0473,0,0
noaa_right_whale_heads,aerien,<absent>../imgs/whale_59173/w_2965.jpg,,,1161.91,995.93,824.91,533.17,1,439817.26,,,,1.5472,0,0
noaa_right_whale_heads,aerien,<absent>../imgs/whale_59173/w_3708.jpg,,,1543.92,890.0,387.16,465.07,1,180056.5,,,,0.8325,0,0
noaa_right_whale_heads,aerien,<absent>../imgs/whale_59173/w_3847.jpg,,,875.43,802.2,545.9,352.84,1,192615.36,,,,1.5472,0,0
noaa_right_whale_heads,aerien,<absent>../imgs/whale_59173/w_396.jpg,,,1155.09,749.51,594.44,695.84,1,413635.13,,,,0.8543,0,0
noaa_right_whale_heads,aerien,<absent>../imgs/whale_59173/w_4644.jpg,,,1281.53,1078.48,705.67,662.4,1,467435.81,,,,1.0653,0,0
noaa_right_whale_heads,aerien,<absent>../imgs/whale_59173/w_4750.jpg,,,2234.05,807.26,1220.28,1056.01,1,1288627.88,,,,1.1556,0,0
noaa_right_whale_heads,aerien,<absent>../imgs/whale_59173/w_4985.jpg,,,1430.82,715.41,537.55,715.41,1,384568.65,,,,0.7514,0,0
noaa_right_whale_heads,aerien,<absent>../imgs/whale_59173/w_5118.jpg,,,1487.26,821.54,354.11,415.49,1,147129.16,,,,0.8523,0,0
noaa_right_whale_heads,aerien,<absent>../imgs/whale_59173/w_6061.jpg,,,2268.76,1245.05,1138.33,770.75,1,877367.85,,,,1.4769,0,0
noaa_right_whale_heads,aerien,<absent>../imgs/whale_59173/w_6066.jpg,,,1166.0,841.89,691.69,616.6,1,426496.05,,,,1.1218,0,0
noaa_right_whale_heads,aerien,<absent>../imgs/whale_59173/w_6268.jpg,,,1174.55,885.82,661.56,613.91,1,406138.3,,,,1.0776,0,0
noaa_right_whale_heads,aerien,<absent>../imgs/whale_59173/w_8056.jpg,,,1637.99,591.37,708.7,736.86,1,522212.68,,,,0.9618,0,0
noaa_right_whale_heads,aerien,<absent>../imgs/whale_59173/w_8087.jpg,,,1264.88,406.09,545.9,595.83,1,325263.6,,,,0.9162,0,0
noaa_right_whale_heads,aerien,<absent>../imgs/whale_59173/w_8450.jpg,,,1425.47,936.4,373.76,286.29,1,107003.75,,,,1.3055,0,0
noaa_right_whale_heads,aerien,<absent>../imgs/whale_59173/w_8664.jpg,,,1323.12,891.42,588.68,577.46,1,339939.15,,,,1.0194,0,0
noaa_right_whale_heads,aerien,<absent>../imgs/whale_59173/w_9065.jpg,,,1300.77,731.83,422.57,413.13,1,174576.34,,,,1.0228,0,0
noaa_right_whale_heads,aerien,<absent>../imgs/whale_59255/w_2001.jpg,,,1430.61,885.28,420.21,502.84,1,211298.4,,,,0.8357,0,0
noaa_right_whale_heads,aerien,<absent>../imgs/whale_59255/w_2649.jpg,,,976.28,1027.66,573.12,494.07,1,283161.4,,,,1.16,0,0
noaa_right_whale_heads,aerien,<absent>../imgs/whale_59255/w_2685.jpg,,,1213.56,1014.07,390.67,317.04,1,123858.02,,,,1.2322,0,0
noaa_right_whale_heads,aerien,<absent>../imgs/whale_59255/w_5013.jpg,,,1426.84,1219.4,400.86,316.76,1,126976.41,,,,1.2655,0,0
noaa_right_whale_heads,aerien,<absent>../imgs/whale_59255/w_5641.jpg,,,1873.5,1826.07,861.65,786.56,1,677739.42,,,,1.0955,0,0
noaa_right_whale_heads,aerien,<absent>../imgs/whale_59255/w_5737.jpg,,,1474.3,806.32,569.17,458.49,1,260958.75,,,,1.2414,0,0
noaa_right_whale_heads,aerien,<absent>../imgs/whale_59255/w_5930.jpg,,,1321.47,169.76,392.78,485.98,1,190883.22,,,,0.8082,0,0
noaa_right_whale_heads,aerien,<absent>../imgs/whale_59255/w_6297.jpg,,,1487.1,980.13,504.98,451.3,1,227897.47,,,,1.1189,0,0
noaa_right_whale_heads,aerien,<absent>../imgs/whale_59255/w_7519.jpg,,,928.44,1025.86,528.83,318.1,1,168220.82,,,,1.6625,0,0
noaa_right_whale_heads,aerien,<absent>../imgs/whale_59255/w_7520.jpg,,,2859.16,1400.44,392.67,431.02,1,169248.62,,,,0.911,0,0
noaa_right_whale_heads,aerien,<absent>../imgs/whale_59255/w_7567.jpg,,,1466.39,612.64,371.54,442.68,1,164473.33,,,,0.8393,0,0
noaa_right_whale_heads,aerien,<absent>../imgs/whale_59255/w_7677.jpg,,,1418.8,1045.81,637.4,460.34,1,293420.72,,,,1.3846,0,0
noaa_right_whale_heads,aerien,<absent>../imgs/whale_59255/w_7708.jpg,,,1434.77,790.51,383.4,284.58,1,109107.97,,,,1.3472,0,0
noaa_right_whale_heads,aerien,<absent>../imgs/whale_59255/w_7721.jpg,,,1071.82,842.15,555.88,446.04,1,247944.72,,,,1.2463,0,0
noaa_right_whale_heads,aerien,<absent>../imgs/whale_59255/w_8063.jpg,,,1417.4,722.78,567.9,577.29,1,327842.99,,,,0.9837,0,0
noaa_right_whale_heads,aerien,<absent>../imgs/whale_59255/w_8533.jpg,,,1175.92,1309.67,1142.48,1008.73,1,1152453.85,,,,1.1326,0,0
noaa_right_whale_heads,aerien,<absent>../imgs/whale_59255/w_8836.jpg,,,1274.87,645.76,512.61,352.84,1,180869.31,,,,1.4528,0,0
noaa_right_whale_heads,aerien,<absent>../imgs/whale_59627/w_1876.jpg,,,1666.35,2290.54,936.28,819.24,1,767038.03,,,,1.1429,0,0
noaa_right_whale_heads,aerien,<absent>../imgs/whale_59627/w_4525.jpg,,,1581.1,1551.15,1301.5,1001.92,1,1303998.88,,,,1.299,0,0
noaa_right_whale_heads,aerien,<absent>../imgs/whale_59627/w_6797.jpg,,,1285.99,511.58,675.85,483.42,1,326719.41,,,,1.3981,0,0
noaa_right_whale_heads,aerien,<absent>../imgs/whale_59627/w_7808.jpg,,,996.04,475.16,683.91,550.7,1,376629.24,,,,1.2419,0,0
noaa_right_whale_heads,aerien,<absent>../imgs/whale_59627/w_8099.jpg,,,1130.43,513.83,446.64,359.68,1,160647.48,,,,1.2418,0,0
noaa_right_whale_heads,aerien,<absent>../imgs/whale_60451/w_4658.jpg,,,1484.57,832.16,392.78,382.79,1,150352.26,,,,1.0261,0,0
noaa_right_whale_heads,aerien,<absent>../imgs/whale_60451/w_5978.jpg,,,1284.31,572.57,580.53,628.24,1,364712.17,,,,0.9241,0,0
noaa_right_whale_heads,aerien,<absent>../imgs/whale_60451/w_8660.jpg,,,1396.0,566.25,372.83,462.53,1,172445.06,,,,0.8061,0,0
noaa_right_whale_heads,aerien,<absent>../imgs/whale_60451/w_8887.jpg,,,1214.95,1101.78,412.75,346.18,1,142885.8,,,,1.1923,0,0
noaa_right_whale_heads,aerien,<absent>../imgs/whale_60729/w_1477.jpg,,,1536.95,590.55,503.11,521.52,1,262381.93,,,,0.9647,0,0
noaa_right_whale_heads,aerien,<absent>../imgs/whale_60729/w_358.jpg,,,1444.63,802.2,559.21,382.79,1,214060.0,,,,1.4609,0,0
noaa_right_whale_heads,aerien,<absent>../imgs/whale_60729/w_5475.jpg,,,1146.24,723.32,624.5,584.98,1,365320.01,,,,1.0676,0,0
noaa_right_whale_heads,aerien,<absent>../imgs/whale_60729/w_6138.jpg,,,1256.91,671.93,482.21,415.02,1,200126.79,,,,1.1619,0,0
noaa_right_whale_heads,aerien,<absent>../imgs/whale_60729/w_7284.jpg,,,2069.78,826.04,779.1,750.94,1,585057.35,,,,1.0375,0,0
noaa_right_whale_heads,aerien,<absent>../imgs/whale_60729/w_767.jpg,,,1035.57,719.36,565.21,509.88,1,288189.27,,,,1.1085,0,0
noaa_right_whale_heads,aerien,<absent>../imgs/whale_60729/w_8547.jpg,,,996.04,905.13,620.55,486.16,1,301686.59,,,,1.2764,0,0
noaa_right_whale_heads,aerien,<absent>../imgs/whale_60729/w_9089.jpg,,,2595.44,1351.69,750.94,689.93,1,518096.03,,,,1.0884,0,0
noaa_right_whale_heads,aerien,<absent>../imgs/whale_60729/w_9394.jpg,,,1430.82,667.98,588.93,458.49,1,270018.52,,,,1.2845,0,0
noaa_right_whale_heads,aerien,<absent>../imgs/whale_60921/w_1780.jpg,,,1422.1,760.33,290.99,375.47,1,109258.02,,,,0.775,0,0
noaa_right_whale_heads,aerien,<absent>../imgs/whale_60921/w_1818.jpg,,,1640.3,1276.67,332.01,288.54,1,95798.17,,,,1.1507,0,0
noaa_right_whale_heads,aerien,<absent>../imgs/whale_60921/w_2544.jpg,,,1588.92,976.28,466.4,490.12,1,228591.97,,,,0.9516,0,0
noaa_right_whale_heads,aerien,<absent>../imgs/whale_60921/w_2900.jpg,,,1432.97,802.65,653.92,632.68,1,413722.11,,,,1.0336,0,0
noaa_right_whale_heads,aerien,<absent>../imgs/whale_60921/w_3766.jpg,,,1581.1,898.73,522.6,515.94,1,269630.24,,,,1.0129,0,0
noaa_right_whale_heads,aerien,<absent>../imgs/whale_60921/w_4123.jpg,,,1398.63,1070.09,502.19,525.66,1,263981.2,,,,0.9554,0,0
noaa_right_whale_heads,aerien,<absent>../imgs/whale_60921/w_4802.jpg,,,1395.25,636.36,628.45,588.93,1,370113.06,,,,1.0671,0,0
noaa_right_whale_heads,aerien,<absent>../imgs/whale_60921/w_4891.jpg,,,1188.57,835.36,347.6,426.09,1,148108.88,,,,0.8158,0,0
noaa_right_whale_heads,aerien,<absent>../imgs/whale_60921/w_5296.jpg,,,1467.93,822.17,336.19,366.15,1,123095.97,,,,0.9182,0,0
noaa_right_whale_heads,aerien,<absent>../imgs/whale_60921/w_5631.jpg,,,1499.72,871.8,479.35,400.86,1,192152.24,,,,1.1958,0,0
noaa_right_whale_heads,aerien,<absent>../imgs/whale_60921/w_7193.jpg,,,1347.0,741.55,675.85,591.37,1,399677.41,,,,1.1429,0,0
noaa_right_whale_heads,aerien,<absent>../imgs/whale_60921/w_7963.jpg,,,869.71,1194.9,329.79,388.07,1,127981.61,,,,0.8498,0,0
noaa_right_whale_heads,aerien,<absent>../imgs/whale_60921/w_8009.jpg,,,1312.24,1166.0,561.26,577.07,1,323886.31,,,,0.9726,0,0
noaa_right_whale_heads,aerien,<absent>../imgs/whale_60921/w_8754.jpg,,,1399.2,853.75,652.17,644.26,1,420167.04,,,,1.0123,0,0
noaa_right_whale_heads,aerien,<absent>../imgs/whale_60921/w_8901.jpg,,,1071.82,752.27,572.53,555.88,1,318257.98,,,,1.03,0,0
noaa_right_whale_heads,aerien,<absent>../imgs/whale_60921/w_8930.jpg,,,1422.91,750.98,442.68,434.78,1,192468.41,,,,1.0182,0,0
noaa_right_whale_heads,aerien,<absent>../imgs/whale_60921/w_9205.jpg,,,1148.38,1135.07,542.57,422.74,1,229366.04,,,,1.2835,0,0
noaa_right_whale_heads,aerien,<absent>../imgs/whale_60921/w_9311.jpg,,,1391.37,782.23,342.85,485.98,1,166618.24,,,,0.7055,0,0
noaa_right_whale_heads,aerien,<absent>../imgs/whale_61260/w_1741.jpg,,,1351.69,713.39,530.35,455.26,1,241447.14,,,,1.1649,0,0
noaa_right_whale_heads,aerien,<absent>../imgs/whale_61260/w_2918.jpg,,,1539.2,1152.04,396.6,349.39,1,138568.07,,,,1.1351,0,0
noaa_right_whale_heads,aerien,<absent>../imgs/whale_61260/w_4253.jpg,,,1337.14,1426.84,364.42,297.14,1,108283.76,,,,1.2264,0,0
noaa_right_whale_heads,aerien,<absent>../imgs/whale_61260/w_6276.jpg,,,1204.97,1321.47,476.0,489.31,1,232911.56,,,,0.9728,0,0
noaa_right_whale_heads,aerien,<absent>../imgs/whale_61260/w_6523.jpg,,,2271.6,1483.11,915.21,605.45,1,554113.89,,,,1.5116,0,0
noaa_right_whale_heads,aerien,<absent>../imgs/whale_61260/w_8171.jpg,,,968.37,632.41,565.21,343.87,1,194358.76,,,,1.6437,0,0
noaa_right_whale_heads,aerien,<absent>../imgs/whale_61461/w_1181.jpg,,,1657.24,1175.65,460.34,476.87,1,219522.34,,,,0.9653,0,0
noaa_right_whale_heads,aerien,<absent>../imgs/whale_61461/w_1258.jpg,,,1271.54,908.72,622.46,476.0,1,296290.96,,,,1.3077,0,0
noaa_right_whale_heads,aerien,<absent>../imgs/whale_61461/w_1352.jpg,,,924.89,924.89,608.69,505.93,1,307954.53,,,,1.2031,0,0
noaa_right_whale_heads,aerien,<absent>../imgs/whale_61461/w_1578.jpg,,,1185.76,865.61,517.78,478.26,1,247633.46,,,,1.0826,0,0
noaa_right_whale_heads,aerien,<absent>../imgs/whale_61461/w_1970.jpg,,,844.81,901.13,459.95,459.95,1,211554.0,,,,1.0,0,0
noaa_right_whale_heads,aerien,<absent>../imgs/whale_61461/w_2424.jpg,,,1140.49,1290.68,441.18,398.94,1,176004.35,,,,1.1059,0,0
noaa_right_whale_heads,aerien,<absent>../imgs/whale_61461/w_3322.jpg,,,1436.18,835.42,572.59,464.64,1,266048.22,,,,1.2323,0,0
noaa_right_whale_heads,aerien,<absent>../imgs/whale_61461/w_3583.jpg,,,865.61,652.17,616.6,474.3,1,292453.38,,,,1.3,0,0
noaa_right_whale_heads,aerien,<absent>../imgs/whale_61461/w_3851.jpg,,,1257.48,598.56,487.9,684.07,1,333757.75,,,,0.7132,0,0
noaa_right_whale_heads,aerien,<absent>../imgs/whale_61461/w_3894.jpg,,,1417.4,901.13,586.67,600.75,1,352442.0,,,,0.9766,0,0
noaa_right_whale_heads,aerien,<absent>../imgs/whale_61461/w_4661.jpg,,,1501.88,1816.34,361.39,225.28,1,81413.94,,,,1.6042,0,0
noaa_right_whale_heads,aerien,<absent>../imgs/whale_61461/w_5984.jpg,,,1540.78,559.13,672.98,427.57,1,287746.06,,,,1.574,0,0
noaa_right_whale_heads,aerien,<absent>../imgs/whale_61461/w_6644.jpg,,,1426.84,981.13,400.86,400.86,1,160688.74,,,,1.0,0,0
noaa_right_whale_heads,aerien,<absent>../imgs/whale_61461/w_716.jpg,,,1117.03,605.45,366.08,394.24,1,144323.38,,,,0.9286,0,0
noaa_right_whale_heads,aerien,<absent>../imgs/whale_61461/w_7310.jpg,,,1331.53,1065.22,625.12,636.33,1,397782.61,,,,0.9824,0,0
noaa_right_whale_heads,aerien,<absent>../imgs/whale_61461/w_7589.jpg,,,1357.42,661.01,313.98,306.9,1,96360.46,,,,1.0231,0,0
noaa_right_whale_heads,aerien,<absent>../imgs/whale_61461/w_7600.jpg,,,1408.01,694.62,370.78,361.39,1,133996.18,,,,1.026,0,0
noaa_right_whale_heads,aerien,<absent>../imgs/whale_61461/w_7782.jpg,,,1108.44,299.58,748.94,669.06,1,501085.8,,,,1.1194,0,0
noaa_right_whale_heads,aerien,<absent>../imgs/whale_61461/w_8024.jpg,,,1215.78,439.1,406.05,453.26,1,184046.22,,,,0.8958,0,0
noaa_right_whale_heads,aerien,<absent>../imgs/whale_61461/w_8102.jpg,,,1814.22,545.45,577.07,549.4,1,317042.26,,,,1.0504,0,0
noaa_right_whale_heads,aerien,<absent>../imgs/whale_61461/w_8487.jpg,,,984.11,668.0,481.12,405.57,1,195127.84,,,,1.1863,0,0
noaa_right_whale_heads,aerien,<absent>../imgs/whale_61728/w_1479.jpg,,,1249.0,1130.43,517.78,501.97,1,259910.03,,,,1.0315,0,0
noaa_right_whale_heads,aerien,<absent>../imgs/whale_61728/w_2403.jpg,,,1143.71,681.18,627.92,591.48,1,371402.12,,,,1.0616,0,0
noaa_right_whale_heads,aerien,<absent>../imgs/whale_61728/w_7015.jpg,,,1229.67,671.15,445.87,520.97,1,232284.89,,,,0.8558,0,0
noaa_right_whale_heads,aerien,<absent>../imgs/whale_61924/w_1037.jpg,,,1296.24,1129.24,389.67,405.57,1,158038.46,,,,0.9608,0,0
noaa_right_whale_heads,aerien,<absent>../imgs/whale_61924/w_468.jpg,,,1417.4,948.06,337.92,417.71,1,141152.56,,,,0.809,0,0
noaa_right_whale_heads,aerien,<absent>../imgs/whale_61924/w_5919.jpg,,,1095.44,1336.0,574.56,367.8,1,211323.17,,,,1.5622,0,0
noaa_right_whale_heads,aerien,<absent>../imgs/whale_61924/w_6275.jpg,,,1216.72,894.65,471.18,483.11,1,227631.77,,,,0.9753,0,0
noaa_right_whale_heads,aerien,<absent>../imgs/whale_61924/w_6617.jpg,,,1381.73,1089.48,540.76,377.74,1,204266.68,,,,1.4316,0,0
noaa_right_whale_heads,aerien,<absent>../imgs/whale_61924/w_9301.jpg,,,882.36,821.34,492.81,516.27,1,254423.02,,,,0.9546,0,0
noaa_right_whale_heads,aerien,<absent>../imgs/whale_62655/w_1569.jpg,,,1249.0,810.27,656.12,541.5,1,355288.98,,,,1.2117,0,0
noaa_right_whale_heads,aerien,<absent>../imgs/whale_62655/w_1822.jpg,,,1533.59,865.61,537.55,422.92,1,227340.65,,,,1.271,0,0
noaa_right_whale_heads,aerien,<absent>../imgs/whale_62655/w_209.jpg,,,866.86,485.16,388.84,388.84,1,151196.55,,,,1.0,0,0
noaa_right_whale_heads,aerien,<absent>../imgs/whale_62655/w_281.jpg,,,1648.29,969.91,597.09,507.38,1,302951.52,,,,1.1768,0,0
noaa_right_whale_heads,aerien,<absent>../imgs/whale_62655/w_2835.jpg,,,1374.73,695.69,569.2,502.62,1,286091.3,,,,1.1325,0,0
noaa_right_whale_heads,aerien,<absent>../imgs/whale_62655/w_3459.jpg,,,1038.05,1031.36,411.87,386.76,1,159294.84,,,,1.0649,0,0
noaa_right_whale_heads,aerien,<absent>../imgs/whale_62655/w_3495.jpg,,,974.31,743.07,545.67,397.62,1,216969.31,,,,1.3723,0,0
noaa_right_whale_heads,aerien,<absent>../imgs/whale_62655/w_3818.jpg,,,1163.96,868.28,539.74,544.43,1,293850.65,,,,0.9914,0,0
noaa_right_whale_heads,aerien,<absent>../imgs/whale_62655/w_6153.jpg,,,1797.47,1531.17,519.27,429.39,1,222969.35,,,,1.2093,0,0
noaa_right_whale_heads,aerien,<absent>../imgs/whale_62655/w_6607.jpg,,,806.32,747.03,648.22,474.3,1,307450.75,,,,1.3667,0,0
noaa_right_whale_heads,aerien,<absent>../imgs/whale_62655/w_6973.jpg,,,1914.6,417.68,392.45,353.21,1,138617.26,,,,1.1111,0,0
noaa_right_whale_heads,aerien,<absent>../imgs/whale_62655/w_6997.jpg,,,1513.82,889.32,577.07,387.35,1,223528.06,,,,1.4898,0,0
noaa_right_whale_heads,aerien,<absent>../imgs/whale_62655/w_7201.jpg,,,1548.82,422.4,427.1,497.5,1,212482.25,,,,0.8585,0,0
noaa_right_whale_heads,aerien,<absent>../imgs/whale_62655/w_8373.jpg,,,1110.66,308.3,565.21,498.02,1,281485.88,,,,1.1349,0,0
noaa_right_whale_heads,aerien,<absent>../imgs/whale_62655/w_8623.jpg,,,1381.99,726.03,647.54,496.17,1,321289.92,,,,1.3051,0,0
noaa_right_whale_heads,aerien,<absent>../imgs/whale_62655/w_8667.jpg,,,1300.77,845.14,380.08,486.31,1,184836.7,,,,0.7816,0,0
noaa_right_whale_heads,aerien,<absent>../imgs/whale_62655/w_8818.jpg,,,1059.28,707.5,577.07,486.16,1,280548.35,,,,1.187,0,0
noaa_right_whale_heads,aerien,<absent>../imgs/whale_62939/w_2632.jpg,,,1905.51,1070.09,882.36,638.3,1,563210.39,,,,1.3824,0,0
noaa_right_whale_heads,aerien,<absent>../imgs/whale_62939/w_2724.jpg,,,1031.61,877.46,363.63,308.3,1,112107.13,,,,1.1795,0,0
noaa_right_whale_heads,aerien,<absent>../imgs/whale_62939/w_3168.jpg,,,1112.88,1034.39,484.96,353.21,1,171292.72,,,,1.373,0,0
noaa_right_whale_heads,aerien,<absent>../imgs/whale_62939/w_3968.jpg,,,998.03,795.24,558.66,427.44,1,238793.63,,,,1.307,0,0
noaa_right_whale_heads,aerien,<absent>../imgs/whale_62939/w_5463.jpg,,,2486.43,1355.95,595.15,420.28,1,250129.64,,,,1.4161,0,0
noaa_right_whale_heads,aerien,<absent>../imgs/whale_63541/w_1035.jpg,,,1102.76,660.07,636.36,458.49,1,291764.7,,,,1.3879,0,0
noaa_right_whale_heads,aerien,<absent>../imgs/whale_63541/w_1918.jpg,,,1075.15,499.3,505.95,372.81,1,188623.22,,,,1.3571,0,0
noaa_right_whale_heads,aerien,<absent>../imgs/whale_63541/w_1993.jpg,,,1177.35,975.52,535.42,493.37,1,264160.17,,,,1.0852,0,0
noaa_right_whale_heads,aerien,<absent>../imgs/whale_63541/w_4509.jpg,,,1157.73,1289.48,538.22,367.22,1,197645.15,,,,1.4657,0,0
noaa_right_whale_heads,aerien,<absent>../imgs/whale_63541/w_4554.jpg,,,1201.64,758.93,419.41,316.22,1,132625.83,,,,1.3263,0,0
noaa_right_whale_heads,aerien,<absent>../imgs/whale_63541/w_6120.jpg,,,841.89,865.61,853.75,592.88,1,506171.3,,,,1.44,0,0
noaa_right_whale_heads,aerien,<absent>../imgs/whale_63541/w_6882.jpg,,,1138.11,762.48,560.64,451.32,1,253028.04,,,,1.2422,0,0
noaa_right_whale_heads,aerien,<absent>../imgs/whale_63541/w_7474.jpg,,,1234.36,1051.32,596.06,483.42,1,288147.33,,,,1.233,0,0
noaa_right_whale_heads,aerien,<absent>../imgs/whale_63541/w_809.jpg,,,1754.82,1163.34,605.5,588.68,1,356445.74,,,,1.0286,0,0
noaa_right_whale_heads,aerien,<absent>../imgs/whale_63541/w_9121.jpg,,,1170.35,785.8,574.03,468.14,1,268726.4,,,,1.2262,0,0
noaa_right_whale_heads,aerien,<absent>../imgs/whale_63816/w_1195.jpg,,,1181.67,625.78,422.74,366.15,1,154786.25,,,,1.1546,0,0
noaa_right_whale_heads,aerien,<absent>../imgs/whale_63816/w_1761.jpg,,,1071.59,799.22,435.39,431.42,1,187835.95,,,,1.0092,0,0
noaa_right_whale_heads,aerien,<absent>../imgs/whale_63816/w_1967.jpg,,,782.23,479.32,466.01,392.78,1,183039.41,,,,1.1864,0,0
noaa_right_whale_heads,aerien,<absent>../imgs/whale_63816/w_3134.jpg,,,667.17,599.89,524.2,577.46,1,302704.53,,,,0.9078,0,0
noaa_right_whale_heads,aerien,<absent>../imgs/whale_63816/w_3411.jpg,,,1369.56,760.12,385.08,388.43,1,149576.62,,,,0.9914,0,0
noaa_right_whale_heads,aerien,<absent>../imgs/whale_63816/w_4052.jpg,,,1171.75,602.69,434.5,527.01,1,228985.85,,,,0.8245,0,0
noaa_right_whale_heads,aerien,<absent>../imgs/whale_63816/w_4754.jpg,,,942.01,709.0,529.25,422.74,1,223735.15,,,,1.252,0,0
noaa_right_whale_heads,aerien,<absent>../imgs/whale_63816/w_5340.jpg,,,1564.63,691.86,540.76,459.25,1,248344.03,,,,1.1775,0,0
noaa_right_whale_heads,aerien,<absent>../imgs/whale_63816/w_6143.jpg,,,1288.53,644.26,537.55,517.78,1,278332.64,,,,1.0382,0,0
noaa_right_whale_heads,aerien,<absent>../imgs/whale_63816/w_719.jpg,,,1108.44,289.59,482.65,545.9,1,263478.63,,,,0.8841,0,0
noaa_right_whale_heads,aerien,<absent>../imgs/whale_63816/w_7430.jpg,,,960.82,705.86,524.08,415.49,1,217750.0,,,,1.2614,0,0
noaa_right_whale_heads,aerien,<absent>../imgs/whale_63816/w_8732.jpg,,,1418.43,131.75,605.5,627.92,1,380205.56,,,,0.9643,0,0
noaa_right_whale_heads,aerien,<absent>../imgs/whale_63816/w_8898.jpg,,,998.59,469.79,323.42,339.95,1,109946.63,,,,0.9514,0,0
noaa_right_whale_heads,aerien,<absent>../imgs/whale_63816/w_9309.jpg,,,1471.29,1109.04,629.76,490.43,1,308853.2,,,,1.2841,0,0
noaa_right_whale_heads,aerien,<absent>../imgs/whale_63948/w_1573.jpg,,,850.91,1131.23,669.99,632.22,1,423581.08,,,,1.0597,0,0
noaa_right_whale_heads,aerien,<absent>../imgs/whale_63948/w_5162.jpg,,,1057.61,1284.24,658.65,682.25,1,449363.96,,,,0.9654,0,0
noaa_right_whale_heads,aerien,<absent>../imgs/whale_63948/w_6087.jpg,,,1181.67,1025.22,655.74,569.2,1,373247.21,,,,1.152,0,0
noaa_right_whale_heads,aerien,<absent>../imgs/whale_63948/w_6170.jpg,,,980.23,1166.0,885.37,628.45,1,556410.78,,,,1.4088,0,0
noaa_right_whale_heads,aerien,<absent>../imgs/whale_63948/w_6338.jpg,,,1043.47,1047.42,648.22,549.4,1,356132.07,,,,1.1799,0,0
noaa_right_whale_heads,aerien,<absent>../imgs/whale_63948/w_6680.jpg,,,1379.44,735.17,687.74,841.89,1,579001.43,,,,0.8169,0,0
noaa_right_whale_heads,aerien,<absent>../imgs/whale_63948/w_710.jpg,,,1107.37,1143.16,860.85,668.0,1,575047.8,,,,1.2887,0,0
noaa_right_whale_heads,aerien,<absent>../imgs/whale_63948/w_7455.jpg,,,1052.89,474.51,538.25,495.75,1,266837.44,,,,1.0857,0,0
noaa_right_whale_heads,aerien,<absent>../imgs/whale_63948/w_7683.jpg,,,968.37,794.46,620.55,501.97,1,311497.48,,,,1.2362,0,0
noaa_right_whale_heads,aerien,<absent>../imgs/whale_63948/w_8977.jpg,,,1242.45,791.48,414.15,734.73,1,304288.43,,,,0.5637,0,0
noaa_right_whale_heads,aerien,<absent>../imgs/whale_63948/w_9271.jpg,,,1028.55,1288.18,549.23,605.81,1,332729.03,,,,0.9066,0,0
noaa_right_whale_heads,aerien,<absent>../imgs/whale_63948/w_9291.jpg,,,1774.1,1074.78,614.83,694.62,1,427073.21,,,,0.8851,0,0
noaa_right_whale_heads,aerien,<absent>../imgs/whale_64006/w_1231.jpg,,,1654.1,1023.87,463.23,375.75,1,174058.67,,,,1.2328,0,0
noaa_right_whale_heads,aerien,<absent>../imgs/whale_64006/w_133.jpg,,,1309.45,718.09,497.5,539.74,1,268520.65,,,,0.9217,0,0
noaa_right_whale_heads,aerien,<absent>../imgs/whale_64006/w_1668.jpg,,,1346.55,1053.27,342.63,339.81,1,116429.1,,,,1.0083,0,0
noaa_right_whale_heads,aerien,<absent>../imgs/whale_64006/w_3527.jpg,,,1375.48,774.7,739.13,620.55,1,458667.12,,,,1.1911,0,0
noaa_right_whale_heads,aerien,<absent>../imgs/whale_64006/w_8271.jpg,,,1507.87,1108.44,632.44,592.5,1,374720.7,,,,1.0674,0,0
noaa_right_whale_heads,aerien,<absent>../imgs/whale_64274/w_1606.jpg,,,1975.91,1037.24,610.14,563.21,1,343636.95,,,,1.0833,0,0
noaa_right_whale_heads,aerien,<absent>../imgs/whale_64274/w_1904.jpg,,,1343.26,878.19,613.79,505.2,1,310086.71,,,,1.2149,0,0
noaa_right_whale_heads,aerien,<absent>../imgs/whale_64274/w_1912.jpg,,,1017.91,737.59,435.39,417.5,1,181775.32,,,,1.0429,0,0
noaa_right_whale_heads,aerien,<absent>../imgs/whale_64274/w_3400.jpg,,,709.0,971.96,505.95,525.93,1,266094.28,,,,0.962,0,0
noaa_right_whale_heads,aerien,<absent>../imgs/whale_64274/w_6463.jpg,,,1410.02,888.62,616.71,400.86,1,247214.37,,,,1.5385,0,0
noaa_right_whale_heads,aerien,<absent>../imgs/whale_64274/w_8317.jpg,,,1830.42,919.9,417.71,347.31,1,145074.86,,,,1.2027,0,0
noaa_right_whale_heads,aerien,<absent>../imgs/whale_64274/w_843.jpg,,,1689.62,948.06,525.66,431.79,1,226974.73,,,,1.2174,0,0
noaa_right_whale_heads,aerien,<absent>../imgs/whale_64274/w_9356.jpg,,,978.32,762.48,521.4,577.46,1,301087.64,,,,0.9029,0,0
noaa_right_whale_heads,aerien,<absent>../imgs/whale_64299/w_5416.jpg,,,1311.48,379.47,632.44,619.13,1,391562.58,,,,1.0215,0,0
noaa_right_whale_heads,aerien,<absent>../imgs/whale_64496/w_1000.jpg,,,1378.2,774.61,553.29,679.04,1,375706.04,,,,0.8148,0,0
noaa_right_whale_heads,aerien,<absent>../imgs/whale_64496/w_1450.jpg,,,1255.84,591.48,384.04,381.24,1,146411.41,,,,1.0073,0,0
noaa_right_whale_heads,aerien,<absent>../imgs/whale_64496/w_1466.jpg,,,1274.87,639.1,456.02,459.35,1,209472.79,,,,0.9928,0,0
noaa_right_whale_heads,aerien,<absent>../imgs/whale_64496/w_1727.jpg,,,1102.76,577.07,529.64,470.35,1,249116.17,,,,1.1261,0,0
noaa_right_whale_heads,aerien,<absent>../imgs/whale_64496/w_3050.jpg,,,1229.39,651.98,502.84,545.45,1,274274.08,,,,0.9219,0,0
noaa_right_whale_heads,aerien,<absent>../imgs/whale_64496/w_3212.jpg,,,1224.97,535.05,488.11,455.26,1,222216.96,,,,1.0722,0,0
noaa_right_whale_heads,aerien,<absent>../imgs/whale_64496/w_328.jpg,,,1373.95,592.55,580.74,538.25,1,312583.3,,,,1.0789,0,0
noaa_right_whale_heads,aerien,<absent>../imgs/whale_64496/w_3536.jpg,,,1394.68,808.68,420.24,363.32,1,152681.6,,,,1.1567,0,0
noaa_right_whale_heads,aerien,<absent>../imgs/whale_64496/w_3969.jpg,,,1314.13,872.78,501.0,429.43,1,215144.43,,,,1.1667,0,0
noaa_right_whale_heads,aerien,<absent>../imgs/whale_64496/w_4475.jpg,,,1370.47,689.93,441.18,427.1,1,188427.98,,,,1.033,0,0
noaa_right_whale_heads,aerien,<absent>../imgs/whale_64496/w_5201.jpg,,,1129.24,568.6,578.54,506.97,1,293302.42,,,,1.1412,0,0
noaa_right_whale_heads,aerien,<absent>../imgs/whale_64496/w_5267.jpg,,,1131.37,859.96,521.47,420.83,1,219450.22,,,,1.2391,0,0
noaa_right_whale_heads,aerien,<absent>../imgs/whale_64496/w_693.jpg,,,1268.21,932.02,575.85,362.82,1,208929.9,,,,1.5872,0,0
noaa_right_whale_heads,aerien,<absent>../imgs/whale_64496/w_808.jpg,,,1537.54,1185.76,577.07,470.35,1,271424.87,,,,1.2269,0,0
noaa_right_whale_heads,aerien,<absent>../imgs/whale_64496/w_8262.jpg,,,1250.37,771.83,413.23,422.73,1,174684.72,,,,0.9775,0,0
noaa_right_whale_heads,aerien,<absent>../imgs/whale_64496/w_916.jpg,,,1081.81,466.01,479.32,495.97,1,237728.34,,,,0.9664,0,0
noaa_right_whale_heads,aerien,<absent>../imgs/whale_64496/w_985.jpg,,,1821.03,882.36,581.98,520.97,1,303194.12,,,,1.1171,0,0
noaa_right_whale_heads,aerien,<absent>../imgs/whale_64526/w_1674.jpg,,,1375.48,1015.8,691.69,588.93,1,407356.99,,,,1.1745,0,0
noaa_right_whale_heads,aerien,<absent>../imgs/whale_64526/w_2231.jpg,,,1316.2,624.5,620.55,596.83,1,370362.86,,,,1.0397,0,0
noaa_right_whale_heads,aerien,<absent>../imgs/whale_64526/w_2335.jpg,,,1323.53,929.29,478.73,441.18,1,211206.1,,,,1.0851,0,0
noaa_right_whale_heads,aerien,<absent>../imgs/whale_64526/w_296.jpg,,,1933.67,882.36,469.34,638.3,1,299579.72,,,,0.7353,0,0
noaa_right_whale_heads,aerien,<absent>../imgs/whale_64526/w_3616.jpg,,,1220.28,685.23,581.98,539.74,1,314117.89,,,,1.0783,0,0
noaa_right_whale_heads,aerien,<absent>../imgs/whale_64526/w_5064.jpg,,,302.91,2060.43,282.93,319.55,1,90410.28,,,,0.8854,0,0
noaa_right_whale_heads,aerien,<absent>../imgs/whale_64526/w_5366.jpg,,,1356.39,614.83,577.29,403.63,1,233011.56,,,,1.4302,0,0
noaa_right_whale_heads,aerien,<absent>../imgs/whale_64526/w_7905.jpg,,,1457.94,935.35,519.27,532.58,1,276552.82,,,,0.975,0,0
noaa_right_whale_heads,aerien,<absent>../imgs/whale_64634/w_1938.jpg,,,1108.44,848.8,625.78,642.43,1,402019.85,,,,0.9741,0,0
noaa_right_whale_heads,aerien,<absent>../imgs/whale_64634/w_2157.jpg,,,1245.05,624.5,683.79,731.22,1,500000.92,,,,0.9351,0,0
noaa_right_whale_heads,aerien,<absent>../imgs/whale_64634/w_2859.jpg,,,1581.67,1422.1,535.05,614.83,1,328964.79,,,,0.8702,0,0
noaa_right_whale_heads,aerien,<absent>../imgs/whale_64634/w_3835.jpg,,,1118.99,474.51,552.41,583.1,1,322110.27,,,,0.9474,0,0
noaa_right_whale_heads,aerien,<absent>../imgs/whale_64634/w_4763.jpg,,,1393.93,1009.08,591.37,469.34,1,277553.6,,,,1.26,0,0
noaa_right_whale_heads,aerien,<absent>../imgs/whale_64634/w_4817.jpg,,,1494.12,863.39,431.7,490.56,1,211774.75,,,,0.88,0,0
noaa_right_whale_heads,aerien,<absent>../imgs/whale_64634/w_5007.jpg,,,1628.45,905.13,656.12,569.17,1,373443.82,,,,1.1528,0,0
noaa_right_whale_heads,aerien,<absent>../imgs/whale_64634/w_5117.jpg,,,884.7,817.11,703.79,459.25,1,323215.56,,,,1.5325,0,0
noaa_right_whale_heads,aerien,<absent>../imgs/whale_64634/w_5339.jpg,,,972.18,763.43,785.3,767.41,1,602647.07,,,,1.0233,0,0
noaa_right_whale_heads,aerien,<absent>../imgs/whale_64634/w_5558.jpg,,,1331.46,1181.67,785.56,639.1,1,502051.4,,,,1.2292,0,0
noaa_right_whale_heads,aerien,<absent>../imgs/whale_64634/w_5813.jpg,,,1147.13,624.26,707.76,677.94,1,479818.81,,,,1.044,0,0
noaa_right_whale_heads,aerien,<absent>../imgs/whale_64634/w_6022.jpg,,,1289.48,426.09,703.61,498.97,1,351080.28,,,,1.4101,0,0
noaa_right_whale_heads,aerien,<absent>../imgs/whale_64634/w_6593.jpg,,,620.55,581.02,806.32,561.26,1,452555.16,,,,1.4366,0,0
noaa_right_whale_heads,aerien,<absent>../imgs/whale_64634/w_769.jpg,,,1272.66,569.05,613.91,580.27,1,356233.56,,,,1.058,0,0
noaa_right_whale_heads,aerien,<absent>../imgs/whale_64634/w_7957.jpg,,,980.92,821.34,422.4,398.94,1,168512.26,,,,1.0588,0,0
noaa_right_whale_heads,aerien,<absent>../imgs/whale_64634/w_8208.jpg,,,1328.23,1046.62,929.29,572.59,1,532102.16,,,,1.623,0,0
noaa_right_whale_heads,aerien,<absent>../imgs/whale_64634/w_8494.jpg,,,1356.17,1168.65,735.01,515.68,1,379029.96,,,,1.4253,0,0
noaa_right_whale_heads,aerien,<absent>../imgs/whale_64634/w_8733.jpg,,,1301.5,832.16,748.94,709.0,1,530998.46,,,,1.0563,0,0
noaa_right_whale_heads,aerien,<absent>../imgs/whale_64634/w_9248.jpg,,,723.23,235.47,560.64,465.33,1,260882.61,,,,1.2048,0,0
noaa_right_whale_heads,aerien,<absent>../imgs/whale_64714/w_1444.jpg,,,1098.81,509.88,703.55,581.02,1,408776.62,,,,1.2109,0,0
noaa_right_whale_heads,aerien,<absent>../imgs/whale_64714/w_1673.jpg,,,1418.43,1174.55,602.69,633.53,1,381822.2,,,,0.9513,0,0
noaa_right_whale_heads,aerien,<absent>../imgs/whale_64714/w_3452.jpg,,,1697.61,728.97,446.04,359.49,1,160346.92,,,,1.2408,0,0
noaa_right_whale_heads,aerien,<absent>../imgs/whale_64714/w_4515.jpg,,,967.9,715.3,387.16,297.45,1,115160.74,,,,1.3016,0,0
noaa_right_whale_heads,aerien,<absent>../imgs/whale_64714/w_4526.jpg,,,1098.81,660.07,656.12,739.13,1,484957.98,,,,0.8877,0,0
noaa_right_whale_heads,aerien,<absent>../imgs/whale_64714/w_5091.jpg,,,1211.63,712.33,419.41,406.09,1,170318.21,,,,1.0328,0,0
noaa_right_whale_heads,aerien,<absent>../imgs/whale_64714/w_5096.jpg,,,892.08,985.28,855.46,679.04,1,580891.56,,,,1.2598,0,0
noaa_right_whale_heads,aerien,<absent>../imgs/whale_64714/w_5370.jpg,,,1078.48,419.41,612.47,622.46,1,381238.08,,,,0.984,0,0
noaa_right_whale_heads,aerien,<absent>../imgs/whale_64714/w_6402.jpg,,,1017.48,908.88,363.55,288.01,1,104706.04,,,,1.2623,0,0
noaa_right_whale_heads,aerien,<absent>../imgs/whale_64714/w_659.jpg,,,842.15,609.14,722.31,848.8,1,613096.73,,,,0.851,0,0
noaa_right_whale_heads,aerien,<absent>../imgs/whale_64714/w_6880.jpg,,,1399.2,901.18,782.6,600.79,1,470178.25,,,,1.3026,0,0
noaa_right_whale_heads,aerien,<absent>../imgs/whale_64714/w_7580.jpg,,,1015.8,806.32,549.4,498.02,1,273612.19,,,,1.1032,0,0
noaa_right_whale_heads,aerien,<absent>../imgs/whale_64714/w_8772.jpg,,,1562.9,671.15,422.4,581.98,1,245828.35,,,,0.7258,0,0
noaa_right_whale_heads,aerien,<absent>../imgs/whale_64714/w_8883.jpg,,,1393.93,671.15,431.79,450.56,1,194547.3,,,,0.9583,0,0
noaa_right_whale_heads,aerien,<absent>../imgs/whale_64714/w_8895.jpg,,,1486.16,719.36,434.78,371.54,1,161538.16,,,,1.1702,0,0
noaa_right_whale_heads,aerien,<absent>../imgs/whale_64714/w_9313.jpg,,,1261.45,426.09,869.0,745.66,1,647978.54,,,,1.1654,0,0
noaa_right_whale_heads,aerien,<absent>../imgs/whale_64903/w_4365.jpg,,,1210.89,1037.24,549.13,516.27,1,283499.35,,,,1.0636,0,0
noaa_right_whale_heads,aerien,<absent>../imgs/whale_64903/w_6249.jpg,,,1032.54,1023.16,694.62,492.81,1,342315.68,,,,1.4095,0,0
noaa_right_whale_heads,aerien,<absent>../imgs/whale_64903/w_6685.jpg,,,1224.94,968.63,635.77,525.93,1,334370.52,,,,1.2088,0,0
noaa_right_whale_heads,aerien,<absent>../imgs/whale_64937/w_1527.jpg,,,1159.27,666.46,469.34,497.5,1,233496.65,,,,0.9434,0,0
noaa_right_whale_heads,aerien,<absent>../imgs/whale_64937/w_2408.jpg,,,2419.92,1567.79,702.34,602.48,1,423145.8,,,,1.1657,0,0
noaa_right_whale_heads,aerien,<absent>../imgs/whale_64937/w_3184.jpg,,,2533.1,1125.08,792.22,565.87,1,448293.53,,,,1.4,0,0
noaa_right_whale_heads,aerien,<absent>../imgs/whale_64937/w_343.jpg,,,1149.88,1013.77,577.29,516.27,1,298037.51,,,,1.1182,0,0
noaa_right_whale_heads,aerien,<absent>../imgs/whale_64937/w_3886.jpg,,,1365.17,1076.44,689.59,479.35,1,330554.97,,,,1.4386,0,0
noaa_right_whale_heads,aerien,<absent>../imgs/whale_64937/w_4485.jpg,,,880.56,408.41,686.97,639.76,1,439495.93,,,,1.0738,0,0
noaa_right_whale_heads,aerien,<absent>../imgs/whale_64937/w_4495.jpg,,,1260.86,486.16,774.7,869.56,1,673648.13,,,,0.8909,0,0
noaa_right_whale_heads,aerien,<absent>../imgs/whale_64937/w_473.jpg,,,924.89,1019.76,664.03,577.07,1,383191.79,,,,1.1507,0,0
noaa_right_whale_heads,aerien,<absent>../imgs/whale_64937/w_631.jpg,,,1490.11,1134.38,474.3,490.12,1,232463.92,,,,0.9677,0,0
noaa_right_whale_heads,aerien,<absent>../imgs/whale_64937/w_6310.jpg,,,1196.81,647.69,586.67,511.58,1,300128.64,,,,1.1468,0,0
noaa_right_whale_heads,aerien,<absent>../imgs/whale_64937/w_7518.jpg,,,1252.36,559.21,500.61,612.79,1,306768.8,,,,0.8169,0,0
noaa_right_whale_heads,aerien,<absent>../imgs/whale_64937/w_8307.jpg,,,2098.8,1628.45,545.45,786.56,1,429029.15,,,,0.6935,0,0
noaa_right_whale_heads,aerien,<absent>../imgs/whale_64937/w_8971.jpg,,,944.66,411.06,529.64,411.06,1,217713.82,,,,1.2885,0,0
noaa_right_whale_heads,aerien,<absent>../imgs/whale_64937/w_997.jpg,,,1075.09,517.78,343.87,296.44,1,101936.82,,,,1.16,0,0
noaa_right_whale_heads,aerien,<absent>../imgs/whale_64989/w_2489.jpg,,,2197.61,1573.11,901.18,750.98,1,676768.16,,,,1.2,0,0
noaa_right_whale_heads,aerien,<absent>../imgs/whale_64989/w_2658.jpg,,,1101.41,761.44,445.33,379.73,1,169105.16,,,,1.1728,0,0
noaa_right_whale_heads,aerien,<absent>../imgs/whale_64989/w_2838.jpg,,,266.29,625.78,765.59,592.5,1,453612.08,,,,1.2921,0,0
noaa_right_whale_heads,aerien,<absent>../imgs/whale_64989/w_3082.jpg,,,225.29,952.56,778.65,656.12,1,510887.84,,,,1.1867,0,0
noaa_right_whale_heads,aerien,<absent>../imgs/whale_64989/w_3087.jpg,,,1462.44,968.37,731.22,671.93,1,491328.65,,,,1.0882,0,0
noaa_right_whale_heads,aerien,<absent>../imgs/whale_64989/w_3805.jpg,,,1015.24,1135.07,832.16,709.0,1,590001.44,,,,1.1737,0,0
noaa_right_whale_heads,aerien,<absent>../imgs/whale_64989/w_5047.jpg,,,1865.6,490.12,490.12,490.12,1,240217.61,,,,1.0,0,0
noaa_right_whale_heads,aerien,<absent>../imgs/whale_64989/w_5053.jpg,,,1280.34,825.06,538.78,634.2,1,341694.28,,,,0.8495,0,0
noaa_right_whale_heads,aerien,<absent>../imgs/whale_64989/w_5589.jpg,,,1061.65,882.72,451.3,312.13,1,140864.27,,,,1.4459,0,0
noaa_right_whale_heads,aerien,<absent>../imgs/whale_64989/w_5692.jpg,,,2376.65,1085.14,1061.84,818.85,1,869487.68,,,,1.2967,0,0
noaa_right_whale_heads,aerien,<absent>../imgs/whale_64989/w_6007.jpg,,,1347.93,576.55,501.0,538.78,1,269928.78,,,,0.9299,0,0
noaa_right_whale_heads,aerien,<absent>../imgs/whale_64989/w_6169.jpg,,,1197.62,798.41,596.83,498.02,1,297233.28,,,,1.1984,0,0
noaa_right_whale_heads,aerien,<absent>../imgs/whale_64989/w_6420.jpg,,,1384.55,746.25,535.05,652.38,1,349055.92,,,,0.8202,0,0
noaa_right_whale_heads,aerien,<absent>../imgs/whale_64989/w_8559.jpg,,,1059.28,770.75,735.17,798.41,1,586967.08,,,,0.9208,0,0
noaa_right_whale_heads,aerien,<absent>../imgs/whale_65057/w_18.jpg,,,1211.06,809.73,476.87,450.9,1,215020.68,,,,1.0576,0,0
noaa_right_whale_heads,aerien,<absent>../imgs/whale_65057/w_1915.jpg,,,1217.38,1035.57,664.03,711.46,1,472430.78,,,,0.9333,0,0
noaa_right_whale_heads,aerien,<absent>../imgs/whale_65057/w_2243.jpg,,,1177.93,661.4,263.61,270.73,1,71367.14,,,,0.9737,0,0
noaa_right_whale_heads,aerien,<absent>../imgs/whale_65057/w_3543.jpg,,,3092.94,858.89,868.28,877.66,1,762054.62,,,,0.9893,0,0
noaa_right_whale_heads,aerien,<absent>../imgs/whale_65057/w_3761.jpg,,,1142.28,569.17,853.75,822.13,1,701893.49,,,,1.0385,0,0
noaa_right_whale_heads,aerien,<absent>../imgs/whale_65057/w_4265.jpg,,,1356.39,455.26,436.48,657.07,1,286797.91,,,,0.6643,0,0
noaa_right_whale_heads,aerien,<absent>../imgs/whale_65057/w_4286.jpg,,,1449.27,672.77,468.14,417.68,1,195532.72,,,,1.1208,0,0
noaa_right_whale_heads,aerien,<absent>../imgs/whale_65057/w_4768.jpg,,,1009.08,821.34,516.27,520.97,1,268961.18,,,,0.991,0,0
noaa_right_whale_heads,aerien,<absent>../imgs/whale_65057/w_4803.jpg,,,1278.35,574.56,473.17,522.87,1,247406.4,,,,0.9049,0,0
noaa_right_whale_heads,aerien,<absent>../imgs/whale_65057/w_4955.jpg,,,3115.35,1605.05,713.35,752.37,1,536703.14,,,,0.9481,0,0
noaa_right_whale_heads,aerien,<absent>../imgs/whale_65057/w_5190.jpg,,,1004.38,769.71,722.78,506.89,1,366369.95,,,,1.4259,0,0
noaa_right_whale_heads,aerien,<absent>../imgs/whale_65057/w_5553.jpg,,,1312.24,509.88,592.88,620.55,1,367911.68,,,,0.9554,0,0
noaa_right_whale_heads,aerien,<absent>../imgs/whale_65057/w_851.jpg,,,1389.24,887.05,642.99,591.37,1,380245.0,,,,1.0873,0,0
noaa_right_whale_heads,aerien,<absent>../imgs/whale_65263/w_4426.jpg,,,842.78,422.57,373.0,375.36,1,140009.28,,,,0.9937,0,0
noaa_right_whale_heads,aerien,<absent>../imgs/whale_65263/w_7470.jpg,,,826.26,1088.3,288.01,318.7,1,91788.79,,,,0.9037,0,0
noaa_right_whale_heads,aerien,<absent>../imgs/whale_65586/w_1237.jpg,,,1125.08,645.76,562.54,575.85,1,323938.66,,,,0.9769,0,0
noaa_right_whale_heads,aerien,<absent>../imgs/whale_65586/w_1997.jpg,,,2320.06,1484.57,419.41,585.84,1,245707.15,,,,0.7159,0,0
noaa_right_whale_heads,aerien,<absent>../imgs/whale_65586/w_2162.jpg,,,1163.84,627.96,500.48,323.42,1,161865.24,,,,1.5475,0,0
noaa_right_whale_heads,aerien,<absent>../imgs/whale_65586/w_2211.jpg,,,842.95,300.2,530.82,443.35,1,235339.05,,,,1.1973,0,0
noaa_right_whale_heads,aerien,<absent>../imgs/whale_65586/w_2355.jpg,,,1900.58,1527.76,527.01,675.58,1,356037.42,,,,0.7801,0,0
noaa_right_whale_heads,aerien,<absent>../imgs/whale_65586/w_2797.jpg,,,842.15,462.68,495.97,442.71,1,219570.88,,,,1.1203,0,0
noaa_right_whale_heads,aerien,<absent>../imgs/whale_65586/w_3235.jpg,,,2340.03,1431.32,742.29,595.83,1,442278.65,,,,1.2458,0,0
noaa_right_whale_heads,aerien,<absent>../imgs/whale_65586/w_3309.jpg,,,1152.12,549.43,541.02,406.47,1,219908.4,,,,1.331,0,0
noaa_right_whale_heads,aerien,<absent>../imgs/whale_65586/w_3809.jpg,,,1087.65,1068.03,641.94,512.99,1,329308.8,,,,1.2514,0,0
noaa_right_whale_heads,aerien,<absent>../imgs/whale_65586/w_4284.jpg,,,2229.36,1821.03,769.71,779.1,1,599681.06,,,,0.9879,0,0
noaa_right_whale_heads,aerien,<absent>../imgs/whale_65586/w_438.jpg,,,249.01,430.83,624.5,411.06,1,256706.97,,,,1.5192,0,0
noaa_right_whale_heads,aerien,<absent>../imgs/whale_65586/w_4390.jpg,,,2160.29,1491.23,515.94,485.98,1,250736.52,,,,1.0616,0,0
noaa_right_whale_heads,aerien,<absent>../imgs/whale_65586/w_4507.jpg,,,1019.9,487.08,644.14,584.5,1,376499.83,,,,1.102,0,0
noaa_right_whale_heads,aerien,<absent>../imgs/whale_65586/w_4574.jpg,,,1234.36,750.94,558.51,549.13,1,306694.6,,,,1.0171,0,0
noaa_right_whale_heads,aerien,<absent>../imgs/whale_65586/w_4892.jpg,,,1151.71,1398.03,579.18,525.93,1,304608.14,,,,1.1012,0,0
noaa_right_whale_heads,aerien,<absent>../imgs/whale_65586/w_540.jpg,,,1432.45,630.72,602.69,577.46,1,348029.37,,,,1.0437,0,0
noaa_right_whale_heads,aerien,<absent>../imgs/whale_65586/w_5549.jpg,,,2182.42,1478.42,844.81,657.07,1,555099.31,,,,1.2857,0,0
noaa_right_whale_heads,aerien,<absent>../imgs/whale_65586/w_5937.jpg,,,1584.93,837.36,142.92,144.75,1,20687.67,,,,0.9874,0,0
noaa_right_whale_heads,aerien,<absent>../imgs/whale_65586/w_6186.jpg,,,1150.19,367.59,359.68,399.21,1,143587.85,,,,0.901,0,0
noaa_right_whale_heads,aerien,<absent>../imgs/whale_65586/w_6214.jpg,,,984.58,527.96,595.74,478.02,1,284775.63,,,,1.2463,0,0
noaa_right_whale_heads,aerien,<absent>../imgs/whale_65586/w_7165.jpg,,,1079.04,818.18,652.17,565.21,1,368613.01,,,,1.1539,0,0
noaa_right_whale_heads,aerien,<absent>../imgs/whale_65586/w_7299.jpg,,,938.68,445.87,422.4,361.39,1,152651.14,,,,1.1688,0,0
noaa_right_whale_heads,aerien,<absent>../imgs/whale_65586/w_7382.jpg,,,1395.25,1608.68,1098.81,924.89,1,1016278.38,,,,1.188,0,0
noaa_right_whale_heads,aerien,<absent>../imgs/whale_65586/w_8333.jpg,,,868.28,624.22,488.11,347.31,1,169525.48,,,,1.4054,0,0
noaa_right_whale_heads,aerien,<absent>../imgs/whale_65586/w_8354.jpg,,,1882.05,1581.67,741.55,633.61,1,469853.5,,,,1.1704,0,0
noaa_right_whale_heads,aerien,<absent>../imgs/whale_65586/w_8819.jpg,,,1090.66,219.55,568.94,644.48,1,366670.45,,,,0.8828,0,0
noaa_right_whale_heads,aerien,<absent>../imgs/whale_65586/w_9073.jpg,,,2018.15,1684.92,694.62,685.23,1,475974.46,,,,1.0137,0,0
noaa_right_whale_heads,aerien,<absent>../imgs/whale_65737/w_5284.jpg,,,1344.77,685.7,592.5,509.28,1,301748.4,,,,1.1634,0,0
noaa_right_whale_heads,aerien,<absent>../imgs/whale_65737/w_612.jpg,,,1193.67,750.98,739.13,565.21,1,417763.67,,,,1.3077,0,0
noaa_right_whale_heads,aerien,<absent>../imgs/whale_65737/w_6682.jpg,,,1351.43,1048.52,545.9,532.58,1,290735.42,,,,1.025,0,0
noaa_right_whale_heads,aerien,<absent>../imgs/whale_65737/w_7582.jpg,,,1166.0,940.7,509.88,411.06,1,209591.27,,,,1.2404,0,0
noaa_right_whale_heads,aerien,<absent>../imgs/whale_66205/w_1047.jpg,,,1248.24,942.01,399.44,329.54,1,131631.46,,,,1.2121,0,0
noaa_right_whale_heads,aerien,<absent>../imgs/whale_66205/w_1184.jpg,,,1483.11,1196.81,403.63,488.11,1,197015.84,,,,0.8269,0,0
noaa_right_whale_heads,aerien,<absent>../imgs/whale_66205/w_2609.jpg,,,1388.04,892.08,476.0,419.41,1,199639.16,,,,1.1349,0,0
noaa_right_whale_heads,aerien,<absent>../imgs/whale_66205/w_6442.jpg,,,1442.68,940.7,565.21,529.64,1,299357.82,,,,1.0672,0,0
noaa_right_whale_heads,aerien,<absent>../imgs/whale_66205/w_9145.jpg,,,1152.04,1095.38,509.92,377.72,1,192606.98,,,,1.35,0,0
noaa_right_whale_heads,aerien,<absent>../imgs/whale_66205/w_9468.jpg,,,1388.04,812.19,535.91,489.31,1,262226.12,,,,1.0952,0,0
noaa_right_whale_heads,aerien,<absent>../imgs/whale_66353/w_1388.jpg,,,1069.41,391.88,701.14,779.04,1,546216.11,,,,0.9,0,0
noaa_right_whale_heads,aerien,<absent>../imgs/whale_66353/w_1899.jpg,,,1102.76,723.32,620.55,478.26,1,296784.24,,,,1.2975,0,0
noaa_right_whale_heads,aerien,<absent>../imgs/whale_66353/w_2128.jpg,,,1542.77,642.16,532.81,618.3,1,329436.42,,,,0.8617,0,0
noaa_right_whale_heads,aerien,<absent>../imgs/whale_66353/w_2535.jpg,,,1007.9,616.6,446.64,355.73,1,158883.25,,,,1.2556,0,0
noaa_right_whale_heads,aerien,<absent>../imgs/whale_66353/w_2940.jpg,,,1354.76,838.82,619.13,535.91,1,331797.96,,,,1.1553,0,0
noaa_right_whale_heads,aerien,<absent>../imgs/whale_66353/w_3238.jpg,,,1325.92,812.93,524.2,549.43,1,288011.21,,,,0.9541,0,0
noaa_right_whale_heads,aerien,<absent>../imgs/whale_66353/w_3751.jpg,,,1255.84,866.2,409.27,358.81,1,146850.17,,,,1.1406,0,0
noaa_right_whale_heads,aerien,<absent>../imgs/whale_66353/w_3871.jpg,,,1111.91,939.57,677.53,868.75,1,588604.19,,,,0.7799,0,0
noaa_right_whale_heads,aerien,<absent>../imgs/whale_66353/w_3889.jpg,,,1600.44,1224.97,849.5,840.12,1,713681.94,,,,1.0112,0,0
noaa_right_whale_heads,aerien,<absent>../imgs/whale_66353/w_4423.jpg,,,2675.23,1947.75,952.76,769.71,1,733348.9,,,,1.2378,0,0
noaa_right_whale_heads,aerien,<absent>../imgs/whale_66353/w_4425.jpg,,,1458.49,577.07,1154.14,731.22,1,843930.25,,,,1.5784,0,0
noaa_right_whale_heads,aerien,<absent>../imgs/whale_66353/w_6004.jpg,,,2189.71,1478.25,822.13,794.46,1,653149.4,,,,1.0348,0,0
noaa_right_whale_heads,aerien,<absent>../imgs/whale_66353/w_6263.jpg,,,1189.81,651.56,573.66,460.34,1,264078.64,,,,1.2462,0,0
noaa_right_whale_heads,aerien,<absent>../imgs/whale_66353/w_6293.jpg,,,430.83,1142.28,553.36,470.35,1,260272.88,,,,1.1765,0,0
noaa_right_whale_heads,aerien,<absent>../imgs/whale_66353/w_6493.jpg,,,1081.22,318.7,833.34,601.99,1,501662.35,,,,1.3843,0,0
noaa_right_whale_heads,aerien,<absent>../imgs/whale_66353/w_8092.jpg,,,1715.4,1173.9,1023.71,664.03,1,679774.15,,,,1.5417,0,0
noaa_right_whale_heads,aerien,<absent>../imgs/whale_66353/w_8220.jpg,,,580.74,1111.91,691.7,540.61,1,373939.94,,,,1.2795,0,0
noaa_right_whale_heads,aerien,<absent>../imgs/whale_66353/w_8714.jpg,,,1155.04,1165.02,529.25,482.65,1,255442.51,,,,1.0966,0,0
noaa_right_whale_heads,aerien,<absent>../imgs/whale_66353/w_9217.jpg,,,1169.0,1043.75,459.25,499.01,1,229170.34,,,,0.9203,0,0
noaa_right_whale_heads,aerien,<absent>../imgs/whale_66353/w_9250.jpg,,,1614.52,647.69,1548.82,1178.04,1,1824571.91,,,,1.3147,0,0
noaa_right_whale_heads,aerien,<absent>../imgs/whale_66353/w_9412.jpg,,,525.66,736.86,422.4,403.63,1,170493.31,,,,1.0465,0,0
noaa_right_whale_heads,aerien,<absent>../imgs/whale_66421/w_2439.jpg,,,2623.6,1304.76,797.88,840.12,1,670314.95,,,,0.9497,0,0
noaa_right_whale_heads,aerien,<absent>../imgs/whale_66421/w_476.jpg,,,1647.38,2102.64,985.61,666.46,1,656869.64,,,,1.4789,0,0
noaa_right_whale_heads,aerien,<absent>../imgs/whale_66421/w_6647.jpg,,,1545.44,944.66,367.59,335.97,1,123499.21,,,,1.0941,0,0
noaa_right_whale_heads,aerien,<absent>../imgs/whale_66421/w_7820.jpg,,,1248.24,1301.5,1135.07,1171.68,1,1329938.82,,,,0.9688,0,0
noaa_right_whale_heads,aerien,<absent>../imgs/whale_66421/w_9349.jpg,,,1239.05,1511.27,1295.37,1051.32,1,1361848.39,,,,1.2321,0,0
noaa_right_whale_heads,aerien,<absent>../imgs/whale_66539/w_4732.jpg,,,1229.67,952.76,445.87,375.47,1,167410.81,,,,1.1875,0,0
noaa_right_whale_heads,aerien,<absent>../imgs/whale_66711/w_100.jpg,,,1068.49,206.38,522.6,509.28,1,266149.73,,,,1.0262,0,0
noaa_right_whale_heads,aerien,<absent>../imgs/whale_66711/w_1112.jpg,,,1218.28,559.21,469.34,529.25,1,248398.19,,,,0.8868,0,0
noaa_right_whale_heads,aerien,<absent>../imgs/whale_66711/w_3029.jpg,,,1522.68,805.01,715.3,561.86,1,401898.46,,,,1.2731,0,0
noaa_right_whale_heads,aerien,<absent>../imgs/whale_66711/w_5571.jpg,,,1813.68,784.9,549.43,412.07,1,226403.62,,,,1.3333,0,0
noaa_right_whale_heads,aerien,<absent>../imgs/whale_66711/w_564.jpg,,,1214.95,788.89,585.84,622.46,1,364661.97,,,,0.9412,0,0
noaa_right_whale_heads,aerien,<absent>../imgs/whale_66711/w_7413.jpg,,,870.79,286.29,506.97,463.23,1,234843.71,,,,1.0944,0,0
noaa_right_whale_heads,aerien,<absent>../imgs/whale_66711/w_7765.jpg,,,1177.86,853.75,695.65,545.45,1,379442.29,,,,1.2754,0,0
noaa_right_whale_heads,aerien,<absent>../imgs/whale_66711/w_7890.jpg,,,1539.2,594.91,495.75,526.44,1,260982.63,,,,0.9417,0,0
noaa_right_whale_heads,aerien,<absent>../imgs/whale_66711/w_8892.jpg,,,1169.0,570.58,451.3,407.56,1,183931.83,,,,1.1073,0,0
noaa_right_whale_heads,aerien,<absent>../imgs/whale_66711/w_9080.jpg,,,1330.04,960.25,343.94,324.06,1,111457.2,,,,1.0613,0,0
noaa_right_whale_heads,aerien,<absent>../imgs/whale_66852/w_2817.jpg,,,1168.35,1131.74,649.08,632.44,1,410504.16,,,,1.0263,0,0
noaa_right_whale_heads,aerien,<absent>../imgs/whale_66852/w_3852.jpg,,,1130.43,588.93,616.6,620.55,1,382631.13,,,,0.9936,0,0
noaa_right_whale_heads,aerien,<absent>../imgs/whale_66852/w_3899.jpg,,,2208.14,1629.7,970.78,955.69,1,927764.74,,,,1.0158,0,0
noaa_right_whale_heads,aerien,<absent>../imgs/whale_66852/w_4222.jpg,,,2571.97,1727.16,1196.81,1149.88,1,1376187.88,,,,1.0408,0,0
noaa_right_whale_heads,aerien,<absent>../imgs/whale_66852/w_4992.jpg,,,2909.15,1605.05,1036.59,1175.92,1,1218946.91,,,,0.8815,0,0
noaa_right_whale_heads,aerien,<absent>../imgs/whale_66852/w_5216.jpg,,,2407.57,1822.4,936.28,936.28,1,876620.24,,,,1.0,0,0
noaa_right_whale_heads,aerien,<absent>../imgs/whale_66852/w_5283.jpg,,,2138.33,1391.29,1098.81,1181.81,1,1298584.65,,,,0.9298,0,0
noaa_right_whale_heads,aerien,<absent>../imgs/whale_66852/w_5285.jpg,,,1901.17,818.18,415.02,415.02,1,172241.6,,,,1.0,0,0
noaa_right_whale_heads,aerien,<absent>../imgs/whale_66852/w_5806.jpg,,,2184.65,685.49,1443.43,1337.54,1,1930645.36,,,,1.0792,0,0
noaa_right_whale_heads,aerien,<absent>../imgs/whale_66852/w_6498.jpg,,,1917.14,2095.48,1214.93,1148.06,1,1394812.54,,,,1.0582,0,0
noaa_right_whale_heads,aerien,<absent>../imgs/whale_66852/w_6562.jpg,,,736.86,1112.33,722.78,680.54,1,491880.7,,,,1.0621,0,0
noaa_right_whale_heads,aerien,<absent>../imgs/whale_66852/w_6612.jpg,,,1320.15,565.21,581.02,387.35,1,225058.1,,,,1.5,0,0
noaa_right_whale_heads,aerien,<absent>../imgs/whale_66852/w_7510.jpg,,,1041.86,898.73,602.48,436.05,1,262711.4,,,,1.3817,0,0
noaa_right_whale_heads,aerien,<absent>../imgs/whale_66852/w_7590.jpg,,,2177.73,1445.56,1234.36,1013.77,1,1251357.14,,,,1.2176,0,0
noaa_right_whale_heads,aerien,<absent>../imgs/whale_66852/w_8036.jpg,,,2036.93,1971.22,1046.62,1131.11,1,1183842.35,,,,0.9253,0,0
noaa_right_whale_heads,aerien,<absent>../imgs/whale_66852/w_8181.jpg,,,2121.41,1797.57,1281.29,1548.82,1,1984487.58,,,,0.8273,0,0
noaa_right_whale_heads,aerien,<absent>../imgs/whale_66852/w_8588.jpg,,,1073.21,801.98,580.98,562.56,1,326836.11,,,,1.0327,0,0
noaa_right_whale_heads,aerien,<absent>../imgs/whale_66852/w_8628.jpg,,,2419.92,1567.79,882.09,882.09,1,778082.77,,,,1.0,0,0
noaa_right_whale_heads,aerien,<absent>../imgs/whale_66935/w_1227.jpg,,,1361.08,915.21,375.47,469.34,1,176223.09,,,,0.8,0,0
noaa_right_whale_heads,aerien,<absent>../imgs/whale_66935/w_3036.jpg,,,1566.04,1304.1,312.09,417.98,1,130447.38,,,,0.7467,0,0
noaa_right_whale_heads,aerien,<absent>../imgs/whale_66935/w_5677.jpg,,,1048.52,1108.44,612.47,649.08,1,397542.03,,,,0.9436,0,0
noaa_right_whale_heads,aerien,<absent>../imgs/whale_66935/w_6786.jpg,,,1404.72,860.58,408.52,319.79,1,130640.61,,,,1.2775,0,0
noaa_right_whale_heads,aerien,<absent>../imgs/whale_66935/w_8374.jpg,,,1173.35,938.68,535.05,403.63,1,215962.23,,,,1.3256,0,0
noaa_right_whale_heads,aerien,<absent>../imgs/whale_66935/w_8519.jpg,,,1309.67,1131.34,624.19,479.29,1,299168.03,,,,1.3023,0,0
noaa_right_whale_heads,aerien,<absent>../imgs/whale_66935/w_9238.jpg,,,1142.28,604.74,561.26,592.88,1,332759.83,,,,0.9467,0,0
noaa_right_whale_heads,aerien,<absent>../imgs/whale_67036/w_1075.jpg,,,994.52,964.39,519.03,535.77,1,278080.7,,,,0.9688,0,0
noaa_right_whale_heads,aerien,<absent>../imgs/whale_67036/w_1281.jpg,,,1058.89,607.47,468.14,496.0,1,232197.44,,,,0.9438,0,0
noaa_right_whale_heads,aerien,<absent>../imgs/whale_67036/w_1836.jpg,,,1365.17,1239.02,484.96,658.76,1,319472.25,,,,0.7362,0,0
noaa_right_whale_heads,aerien,<absent>../imgs/whale_67036/w_1880.jpg,,,1300.77,630.32,526.44,514.64,1,270927.08,,,,1.0229,0,0
noaa_right_whale_heads,aerien,<absent>../imgs/whale_67036/w_2187.jpg,,,1351.69,708.7,549.13,417.71,1,229377.09,,,,1.3146,0,0
noaa_right_whale_heads,aerien,<absent>../imgs/whale_67036/w_2390.jpg,,,1056.01,807.26,516.27,581.98,1,300458.81,,,,0.8871,0,0
noaa_right_whale_heads,aerien,<absent>../imgs/whale_67036/w_3674.jpg,,,1118.57,521.74,679.84,545.45,1,370818.73,,,,1.2464,0,0
noaa_right_whale_heads,aerien,<absent>../imgs/whale_67036/w_3939.jpg,,,1378.06,885.42,439.38,352.84,1,155030.84,,,,1.2453,0,0
noaa_right_whale_heads,aerien,<absent>../imgs/whale_67036/w_4074.jpg,,,1106.71,1090.9,743.08,588.93,1,437622.1,,,,1.2617,0,0
noaa_right_whale_heads,aerien,<absent>../imgs/whale_67036/w_4493.jpg,,,1351.43,798.87,476.0,302.91,1,144185.16,,,,1.5714,0,0
noaa_right_whale_heads,aerien,<absent>../imgs/whale_67036/w_6238.jpg,,,1253.94,869.4,685.49,652.05,1,446973.75,,,,1.0513,0,0
noaa_right_whale_heads,aerien,<absent>../imgs/whale_67036/w_6240.jpg,,,1132.5,417.68,650.35,504.58,1,328153.6,,,,1.2889,0,0
noaa_right_whale_heads,aerien,<absent>../imgs/whale_67036/w_699.jpg,,,1296.43,810.27,624.5,561.26,1,350506.87,,,,1.1127,0,0
noaa_right_whale_heads,aerien,<absent>../imgs/whale_67036/w_701.jpg,,,1196.81,854.2,704.01,830.73,1,584842.23,,,,0.8475,0,0
noaa_right_whale_heads,aerien,<absent>../imgs/whale_67036/w_7754.jpg,,,944.66,1177.86,671.93,715.41,1,480705.44,,,,0.9392,0,0
noaa_right_whale_heads,aerien,<absent>../imgs/whale_67036/w_8182.jpg,,,1337.14,569.05,683.99,737.25,1,504271.63,,,,0.9278,0,0
noaa_right_whale_heads,aerien,<absent>../imgs/whale_67036/w_9255.jpg,,,1544.49,862.12,329.54,276.28,1,91045.31,,,,1.1928,0,0
noaa_right_whale_heads,aerien,<absent>../imgs/whale_67036/w_94.jpg,,,1276.6,807.26,750.94,581.98,1,437032.06,,,,1.2903,0,0
noaa_right_whale_heads,aerien,<absent>../imgs/whale_67407/w_2938.jpg,,,868.75,1340.9,554.77,568.94,1,315630.84,,,,0.9751,0,0
noaa_right_whale_heads,aerien,<absent>../imgs/whale_67407/w_3723.jpg,,,1547.38,930.67,344.8,364.42,1,125652.02,,,,0.9462,0,0
noaa_right_whale_heads,aerien,<absent>../imgs/whale_67407/w_4506.jpg,,,1304.83,795.55,575.85,485.98,1,279851.58,,,,1.1849,0,0
noaa_right_whale_heads,aerien,<absent>../imgs/whale_67407/w_5299.jpg,,,964.42,1122.52,592.88,482.21,1,285892.66,,,,1.2295,0,0
noaa_right_whale_heads,aerien,<absent>../imgs/whale_67407/w_6698.jpg,,,711.46,1347.82,675.88,588.93,1,398046.01,,,,1.1476,0,0
noaa_right_whale_heads,aerien,<absent>../imgs/whale_67407/w_8869.jpg,,,1015.24,592.5,709.0,589.17,1,417721.53,,,,1.2034,0,0
noaa_right_whale_heads,aerien,<absent>../imgs/whale_67407/w_9249.jpg,,,968.63,958.65,376.14,376.14,1,141481.3,,,,1.0,0,0
noaa_right_whale_heads,aerien,<absent>../imgs/whale_67611/w_1376.jpg,,,2731.55,1070.09,938.68,722.78,1,678459.13,,,,1.2987,0,0
noaa_right_whale_heads,aerien,<absent>../imgs/whale_67611/w_5297.jpg,,,1995.89,1384.79,790.51,801.72,1,633767.68,,,,0.986,0,0
noaa_right_whale_heads,aerien,<absent>../imgs/whale_67611/w_7300.jpg,,,1629.7,417.48,880.24,845.03,1,743829.21,,,,1.0417,0,0
noaa_right_whale_heads,aerien,<absent>../imgs/whale_67611/w_7764.jpg,,,2581.01,1181.81,739.13,873.51,1,645637.45,,,,0.8462,0,0
noaa_right_whale_heads,aerien,<absent>../imgs/whale_67611/w_8161.jpg,,,2482.8,1314.15,1088.86,826.04,1,899441.91,,,,1.3182,0,0
noaa_right_whale_heads,aerien,<absent>../imgs/whale_67614/w_2288.jpg,,,1043.47,976.28,750.98,719.36,1,540224.97,,,,1.044,0,0
noaa_right_whale_heads,aerien,<absent>../imgs/whale_67614/w_3198.jpg,,,1332.01,667.98,494.07,592.88,1,292924.22,,,,0.8333,0,0
noaa_right_whale_heads,aerien,<absent>../imgs/whale_67614/w_3425.jpg,,,1166.0,1067.19,675.88,711.46,1,480861.58,,,,0.95,0,0
noaa_right_whale_heads,aerien,<absent>../imgs/whale_67614/w_5322.jpg,,,1667.65,778.9,622.46,532.58,1,331509.75,,,,1.1688,0,0
noaa_right_whale_heads,aerien,<absent>../imgs/whale_67614/w_6595.jpg,,,1046.62,436.48,586.67,797.88,1,468092.26,,,,0.7353,0,0
noaa_right_whale_heads,aerien,<absent>../imgs/whale_67614/w_7041.jpg,,,1124.09,658.76,431.7,524.2,1,226297.14,,,,0.8235,0,0
noaa_right_whale_heads,aerien,<absent>../imgs/whale_67614/w_7868.jpg,,,1539.43,1229.67,642.99,727.47,1,467755.94,,,,0.8839,0,0
noaa_right_whale_heads,aerien,<absent>../imgs/whale_67685/w_1753.jpg,,,1090.45,908.24,501.78,557.84,1,279912.96,,,,0.8995,0,0
noaa_right_whale_heads,aerien,<absent>../imgs/whale_67685/w_1776.jpg,,,1173.35,896.44,497.5,502.19,1,249839.52,,,,0.9907,0,0
noaa_right_whale_heads,aerien,<absent>../imgs/whale_67685/w_2079.jpg,,,1304.83,652.41,542.57,442.71,1,240201.16,,,,1.2256,0,0
noaa_right_whale_heads,aerien,<absent>../imgs/whale_67685/w_2242.jpg,,,1102.76,905.13,671.93,577.07,1,387750.65,,,,1.1644,0,0
noaa_right_whale_heads,aerien,<absent>../imgs/whale_67685/w_3272.jpg,,,1135.8,957.45,492.81,539.74,1,265989.27,,,,0.9131,0,0
noaa_right_whale_heads,aerien,<absent>../imgs/whale_67685/w_3773.jpg,,,1073.63,557.84,698.0,616.71,1,430463.58,,,,1.1318,0,0
noaa_right_whale_heads,aerien,<absent>../imgs/whale_67685/w_3979.jpg,,,1243.98,1027.7,467.83,395.74,1,185139.04,,,,1.1822,0,0
noaa_right_whale_heads,aerien,<absent>../imgs/whale_67685/w_4469.jpg,,,1320.1,815.12,590.47,558.66,1,329871.97,,,,1.0569,0,0
noaa_right_whale_heads,aerien,<absent>../imgs/whale_67685/w_4905.jpg,,,1464.34,1018.46,333.23,469.34,1,156398.17,,,,0.71,0,0
noaa_right_whale_heads,aerien,<absent>../imgs/whale_67685/w_5931.jpg,,,1413.54,846.93,552.69,528.83,1,292279.05,,,,1.0451,0,0
noaa_right_whale_heads,aerien,<absent>../imgs/whale_67685/w_6192.jpg,,,1237.22,730.07,685.49,613.04,1,420232.79,,,,1.1182,0,0
noaa_right_whale_heads,aerien,<absent>../imgs/whale_67685/w_9137.jpg,,,1379.44,798.41,636.36,569.17,1,362197.02,,,,1.118,0,0
noaa_right_whale_heads,aerien,<absent>../imgs/whale_67801/w_4958.jpg,,,1997.18,1824.09,619.13,515.94,1,319433.93,,,,1.2,0,0
noaa_right_whale_heads,aerien,<absent>../imgs/whale_67801/w_746.jpg,,,2586.35,1737.55,692.36,575.85,1,398695.51,,,,1.2023,0,0
noaa_right_whale_heads,aerien,<absent>../imgs/whale_68116/w_1081.jpg,,,1379.44,735.17,490.12,462.45,1,226655.99,,,,1.0598,0,0
noaa_right_whale_heads,aerien,<absent>../imgs/whale_68116/w_1340.jpg,,,1225.22,686.97,611.43,613.79,1,375289.62,,,,0.9962,0,0
noaa_right_whale_heads,aerien,<absent>../imgs/whale_68116/w_1641.jpg,,,1907.31,765.59,1088.47,968.63,1,1054324.7,,,,1.1237,0,0
noaa_right_whale_heads,aerien,<absent>../imgs/whale_68116/w_1787.jpg,,,1161.05,739.57,608.36,514.92,1,313256.73,,,,1.1815,0,0
noaa_right_whale_heads,aerien,<absent>../imgs/whale_68116/w_1992.jpg,,,1337.99,763.43,608.36,570.58,1,347118.05,,,,1.0662,0,0
noaa_right_whale_heads,aerien,<absent>../imgs/whale_68116/w_2148.jpg,,,1264.25,885.82,535.42,459.73,1,246148.64,,,,1.1646,0,0
noaa_right_whale_heads,aerien,<absent>../imgs/whale_68116/w_2372.jpg,,,1314.71,784.9,552.23,563.45,1,311153.99,,,,0.9801,0,0
noaa_right_whale_heads,aerien,<absent>../imgs/whale_68116/w_3089.jpg,,,1201.64,892.08,542.57,612.47,1,332307.85,,,,0.8859,0,0
noaa_right_whale_heads,aerien,<absent>../imgs/whale_68116/w_4141.jpg,,,909.08,897.23,664.03,486.16,1,322824.82,,,,1.3659,0,0
noaa_right_whale_heads,aerien,<absent>../imgs/whale_68116/w_4298.jpg,,,2142.28,999.99,1130.43,1015.8,1,1148290.79,,,,1.1128,0,0
noaa_right_whale_heads,aerien,<absent>../imgs/whale_68116/w_4316.jpg,,,1381.73,723.67,602.39,540.76,1,325748.42,,,,1.114,0,0
noaa_right_whale_heads,aerien,<absent>../imgs/whale_68116/w_4367.jpg,,,2686.21,1061.84,725.64,602.48,1,437183.59,,,,1.2044,0,0
noaa_right_whale_heads,aerien,<absent>../imgs/whale_68116/w_446.jpg,,,1135.51,797.93,495.75,479.23,1,237578.27,,,,1.0345,0,0
noaa_right_whale_heads,aerien,<absent>../imgs/whale_68116/w_4799.jpg,,,1031.61,600.79,901.18,533.59,1,480860.64,,,,1.6889,0,0
noaa_right_whale_heads,aerien,<absent>../imgs/whale_68116/w_5461.jpg,,,1234.93,905.39,888.75,768.92,1,683377.65,,,,1.1558,0,0
noaa_right_whale_heads,aerien,<absent>../imgs/whale_68116/w_6657.jpg,,,1501.02,1220.69,558.66,564.62,1,315430.61,,,,0.9894,0,0
noaa_right_whale_heads,aerien,<absent>../imgs/whale_68116/w_6673.jpg,,,2509.86,1098.81,822.13,766.79,1,630401.06,,,,1.0722,0,0
noaa_right_whale_heads,aerien,<absent>../imgs/whale_68116/w_7276.jpg,,,1431.32,662.4,369.48,552.55,1,204156.17,,,,0.6687,0,0
noaa_right_whale_heads,aerien,<absent>../imgs/whale_68116/w_7452.jpg,,,1506.15,540.61,705.86,712.94,1,503235.83,,,,0.9901,0,0
noaa_right_whale_heads,aerien,<absent>../imgs/whale_68116/w_7980.jpg,,,1113.34,719.69,596.43,648.12,1,386558.21,,,,0.9202,0,0
noaa_right_whale_heads,aerien,<absent>../imgs/whale_68116/w_8585.jpg,,,1304.34,1043.47,849.8,782.6,1,665053.48,,,,1.0859,0,0
noaa_right_whale_heads,aerien,<absent>../imgs/whale_68116/w_8685.jpg,,,1234.93,872.1,532.58,505.95,1,269458.85,,,,1.0526,0,0
noaa_right_whale_heads,aerien,<absent>../imgs/whale_68116/w_9262.jpg,,,1347.0,929.29,652.38,671.15,1,437844.84,,,,0.972,0,0
noaa_right_whale_heads,aerien,<absent>../imgs/whale_68338/w_1278.jpg,,,1584.97,1300.39,636.36,833.99,1,530717.88,,,,0.763,0,0
noaa_right_whale_heads,aerien,<absent>../imgs/whale_68338/w_2472.jpg,,,1574.45,702.34,379.47,565.87,1,214730.69,,,,0.6706,0,0
noaa_right_whale_heads,aerien,<absent>../imgs/whale_68338/w_4844.jpg,,,1270.08,838.06,361.19,292.73,1,105731.15,,,,1.2339,0,0
noaa_right_whale_heads,aerien,<absent>../imgs/whale_68338/w_8578.jpg,,,595.83,1065.16,609.14,652.41,1,397409.03,,,,0.9337,0,0
noaa_right_whale_heads,aerien,<absent>../imgs/whale_68338/w_896.jpg,,,2513.82,1391.29,1094.85,1300.39,1,1423731.99,,,,0.8419,0,0
noaa_right_whale_heads,aerien,<absent>../imgs/whale_68774/w_1591.jpg,,,1404.69,392.78,349.51,446.04,1,155895.44,,,,0.7836,0,0
noaa_right_whale_heads,aerien,<absent>../imgs/whale_68774/w_2063.jpg,,,1140.24,1003.31,580.74,439.1,1,255002.93,,,,1.3226,0,0
noaa_right_whale_heads,aerien,<absent>../imgs/whale_68774/w_2065.jpg,,,1364.74,702.34,559.21,466.01,1,260597.45,,,,1.2,0,0
noaa_right_whale_heads,aerien,<absent>../imgs/whale_68774/w_4159.jpg,,,1675.88,106.72,415.02,442.68,1,183721.05,,,,0.9375,0,0
noaa_right_whale_heads,aerien,<absent>../imgs/whale_68774/w_5590.jpg,,,1446.63,422.92,411.06,411.06,1,168970.32,,,,1.0,0,0
noaa_right_whale_heads,aerien,<absent>../imgs/whale_68774/w_6456.jpg,,,1491.31,462.53,459.73,482.15,1,221658.82,,,,0.9535,0,0
noaa_right_whale_heads,aerien,<absent>../imgs/whale_68774/w_7944.jpg,,,969.91,633.53,742.85,549.43,1,408144.08,,,,1.352,0,0
noaa_right_whale_heads,aerien,<absent>../imgs/whale_68789/w_1435.jpg,,,778.9,1278.2,709.0,599.16,1,424804.44,,,,1.1833,0,0
noaa_right_whale_heads,aerien,<absent>../imgs/whale_68789/w_1811.jpg,,,2988.12,490.12,735.17,743.08,1,546290.12,,,,0.9894,0,0
noaa_right_whale_heads,aerien,<absent>../imgs/whale_68789/w_3585.jpg,,,1270.08,868.75,540.61,443.82,1,239933.53,,,,1.2181,0,0
noaa_right_whale_heads,aerien,<absent>../imgs/whale_68789/w_404.jpg,,,2833.97,1430.82,794.46,652.17,1,518122.98,,,,1.2182,0,0
noaa_right_whale_heads,aerien,<absent>../imgs/whale_68789/w_6620.jpg,,,2271.6,1450.26,985.61,624.22,1,615237.47,,,,1.5789,0,0
noaa_right_whale_heads,aerien,<absent>../imgs/whale_68789/w_7893.jpg,,,2586.05,1201.51,943.37,741.55,1,699556.02,,,,1.2722,0,0
noaa_right_whale_heads,aerien,<absent>../imgs/whale_69084/w_1684.jpg,,,1456.63,743.38,438.66,316.44,1,138809.57,,,,1.3862,0,0
noaa_right_whale_heads,aerien,<absent>../imgs/whale_69084/w_2565.jpg,,,1055.33,675.88,612.64,561.26,1,343850.33,,,,1.0915,0,0
noaa_right_whale_heads,aerien,<absent>../imgs/whale_69084/w_4238.jpg,,,1396.0,1101.67,308.35,213.04,1,65690.88,,,,1.4474,0,0
noaa_right_whale_heads,aerien,<absent>../imgs/whale_69084/w_755.jpg,,,1347.0,863.58,398.94,375.47,1,149790.0,,,,1.0625,0,0
noaa_right_whale_heads,aerien,<absent>../imgs/whale_69084/w_8200.jpg,,,1359.67,830.03,501.97,399.21,1,200391.44,,,,1.2574,0,0
noaa_right_whale_heads,aerien,<absent>../imgs/whale_69459/w_2787.jpg,,,1976.27,1353.96,664.36,515.79,1,342670.24,,,,1.288,0,0
noaa_right_whale_heads,aerien,<absent>../imgs/whale_69459/w_2929.jpg,,,1075.61,913.99,412.41,312.09,1,128709.04,,,,1.3214,0,0
noaa_right_whale_heads,aerien,<absent>../imgs/whale_69459/w_3295.jpg,,,1544.12,577.29,455.26,441.18,1,200851.61,,,,1.0319,0,0
noaa_right_whale_heads,aerien,<absent>../imgs/whale_69459/w_3542.jpg,,,1348.69,668.77,718.93,752.37,1,540901.36,,,,0.9556,0,0
noaa_right_whale_heads,aerien,<absent>../imgs/whale_69459/w_3875.jpg,,,1115.09,585.84,542.57,412.75,1,223945.77,,,,1.3145,0,0
noaa_right_whale_heads,aerien,<absent>../imgs/whale_69459/w_4127.jpg,,,1158.09,434.78,490.12,778.65,1,381631.94,,,,0.6294,0,0
noaa_right_whale_heads,aerien,<absent>../imgs/whale_69459/w_6576.jpg,,,1623.06,700.81,594.28,557.84,1,331513.16,,,,1.0653,0,0
noaa_right_whale_heads,aerien,<absent>../imgs/whale_69459/w_6615.jpg,,,1013.77,558.51,530.35,549.13,1,291231.1,,,,0.9658,0,0
noaa_right_whale_heads,aerien,<absent>../imgs/whale_69459/w_6937.jpg,,,1241.75,403.69,540.61,691.7,1,373939.94,,,,0.7816,0,0
noaa_right_whale_heads,aerien,<absent>../imgs/whale_69459/w_8352.jpg,,,2778.48,1417.4,652.38,516.27,1,336804.22,,,,1.2636,0,0
noaa_right_whale_heads,aerien,<absent>../imgs/whale_69459/w_8567.jpg,,,1320.15,830.03,569.17,426.87,1,242961.6,,,,1.3334,0,0
noaa_right_whale_heads,aerien,<absent>../imgs/whale_69459/w_8808.jpg,,,877.66,750.94,314.46,319.15,1,100359.91,,,,0.9853,0,0
noaa_right_whale_heads,aerien,<absent>../imgs/whale_69459/w_9164.jpg,,,1365.82,783.31,516.91,489.07,1,252805.17,,,,1.0569,0,0
noaa_right_whale_heads,aerien,<absent>../imgs/whale_69459/w_9196.jpg,,,995.0,976.22,797.88,718.09,1,572949.65,,,,1.1111,0,0
noaa_right_whale_heads,aerien,<absent>../imgs/whale_69459/w_9274.jpg,,,774.7,1158.09,699.6,573.12,1,400954.75,,,,1.2207,0,0
noaa_right_whale_heads,aerien,<absent>../imgs/whale_69459/w_9385.jpg,,,956.52,885.37,624.5,581.02,1,362846.99,,,,1.0748,0,0
noaa_right_whale_heads,aerien,<absent>../imgs/whale_69619/w_1193.jpg,,,1362.15,1118.99,453.26,365.91,1,165852.37,,,,1.2387,0,0
noaa_right_whale_heads,aerien,<absent>../imgs/whale_69619/w_1302.jpg,,,1436.18,478.73,891.74,680.54,1,606864.74,,,,1.3103,0,0
noaa_right_whale_heads,aerien,<absent>../imgs/whale_69619/w_2217.jpg,,,1193.67,814.22,581.02,584.98,1,339885.08,,,,0.9932,0,0
noaa_right_whale_heads,aerien,<absent>../imgs/whale_69619/w_2287.jpg,,,1456.58,653.92,448.54,347.03,1,155656.84,,,,1.2925,0,0
noaa_right_whale_heads,aerien,<absent>../imgs/whale_69619/w_3053.jpg,,,1320.32,1045.6,650.35,583.07,1,379199.57,,,,1.1154,0,0
noaa_right_whale_heads,aerien,<absent>../imgs/whale_69619/w_3714.jpg,,,1272.44,1279.52,330.5,424.93,1,140439.36,,,,0.7778,0,0
noaa_right_whale_heads,aerien,<absent>../imgs/whale_69619/w_3763.jpg,,,951.99,1384.71,442.71,372.81,1,165046.72,,,,1.1875,0,0
noaa_right_whale_heads,aerien,<absent>../imgs/whale_69619/w_3868.jpg,,,1355.72,1003.95,501.97,545.45,1,273799.54,,,,0.9203,0,0
noaa_right_whale_heads,aerien,<absent>../imgs/whale_69619/w_6694.jpg,,,1361.08,1243.75,563.21,445.87,1,251118.44,,,,1.2632,0,0
noaa_right_whale_heads,aerien,<absent>../imgs/whale_69619/w_7417.jpg,,,1800.79,1138.4,432.72,519.27,1,224698.51,,,,0.8333,0,0
noaa_right_whale_heads,aerien,<absent>../imgs/whale_69619/w_7953.jpg,,,922.03,512.61,672.39,738.96,1,496869.31,,,,0.9099,0,0
noaa_right_whale_heads,aerien,<absent>../imgs/whale_69619/w_7961.jpg,,,1098.25,661.77,553.82,506.89,1,280725.82,,,,1.0926,0,0
noaa_right_whale_heads,aerien,<absent>../imgs/whale_69943/w_5834.jpg,,,454.54,723.32,466.4,375.49,1,175128.54,,,,1.2421,0,0
noaa_right_whale_heads,aerien,<absent>../imgs/whale_69943/w_9470.jpg,,,967.9,797.93,311.62,389.52,1,121382.22,,,,0.8,0,0
noaa_right_whale_heads,aerien,<absent>../imgs/whale_70138/w_1004.jpg,,,3375.47,1359.67,679.84,632.41,1,429937.61,,,,1.075,0,0
noaa_right_whale_heads,aerien,<absent>../imgs/whale_70138/w_1868.jpg,,,2185.76,1249.0,1138.33,1043.47,1,1187813.21,,,,1.0909,0,0
noaa_right_whale_heads,aerien,<absent>../imgs/whale_70138/w_1962.jpg,,,1674.97,2263.47,1207.18,865.15,1,1044391.78,,,,1.3953,0,0
noaa_right_whale_heads,aerien,<absent>../imgs/whale_70138/w_2132.jpg,,,2390.85,1259.52,858.25,863.83,1,741382.1,,,,0.9935,0,0
noaa_right_whale_heads,aerien,<absent>../imgs/whale_70138/w_2358.jpg,,,1711.45,1470.35,1122.52,996.04,1,1118074.82,,,,1.127,0,0
noaa_right_whale_heads,aerien,<absent>../imgs/whale_70138/w_2406.jpg,,,1719.36,1347.82,1264.81,980.23,1,1239804.71,,,,1.2903,0,0
noaa_right_whale_heads,aerien,<absent>../imgs/whale_70138/w_3695.jpg,,,1966.53,1145.19,1431.48,1046.62,1,1498215.6,,,,1.3677,0,0
noaa_right_whale_heads,aerien,<absent>../imgs/whale_70138/w_4481.jpg,,,1707.5,1221.34,1067.19,909.08,1,970161.09,,,,1.1739,0,0
noaa_right_whale_heads,aerien,<absent>../imgs/whale_70138/w_4585.jpg,,,1070.03,835.96,629.76,546.16,1,343949.72,,,,1.1531,0,0
noaa_right_whale_heads,aerien,<absent>../imgs/whale_70138/w_5548.jpg,,,1985.3,1595.75,1365.77,1107.64,1,1512781.48,,,,1.233,0,0
noaa_right_whale_heads,aerien,<absent>../imgs/whale_70138/w_6038.jpg,,,2082.99,1312.24,964.42,648.22,1,625156.33,,,,1.4878,0,0
noaa_right_whale_heads,aerien,<absent>../imgs/whale_70138/w_6573.jpg,,,1414.08,210.11,420.21,472.15,1,198402.15,,,,0.89,0,0
noaa_right_whale_heads,aerien,<absent>../imgs/whale_70138/w_6780.jpg,,,1389.24,591.37,553.82,469.34,1,259929.88,,,,1.18,0,0
noaa_right_whale_heads,aerien,<absent>../imgs/whale_70138/w_6914.jpg,,,1399.92,717.66,389.52,380.08,1,148048.76,,,,1.0248,0,0
noaa_right_whale_heads,aerien,<absent>../imgs/whale_70138/w_7023.jpg,,,2047.42,1086.95,999.99,952.56,1,952550.47,,,,1.0498,0,0
noaa_right_whale_heads,aerien,<absent>../imgs/whale_70138/w_7362.jpg,,,1814.22,1498.01,1110.66,952.56,1,1057970.29,,,,1.166,0,0
noaa_right_whale_heads,aerien,<absent>../imgs/whale_70138/w_7489.jpg,,,1299.7,1176.12,409.09,325.99,1,133359.25,,,,1.2549,0,0
noaa_right_whale_heads,aerien,<absent>../imgs/whale_70138/w_7544.jpg,,,1001.92,1001.92,705.67,615.8,1,434551.59,,,,1.1459,0,0
noaa_right_whale_heads,aerien,<absent>../imgs/whale_70138/w_7664.jpg,,,1794.45,1059.28,1324.1,1233.19,1,1632866.88,,,,1.0737,0,0
noaa_right_whale_heads,aerien,<absent>../imgs/whale_70138/w_7836.jpg,,,1447.13,472.15,533.53,460.34,1,245605.2,,,,1.159,0,0
noaa_right_whale_heads,aerien,<absent>../imgs/whale_70138/w_9026.jpg,,,1269.86,1045.6,515.79,510.19,1,263150.9,,,,1.011,0,0
noaa_right_whale_heads,aerien,<absent>../imgs/whale_70138/w_9241.jpg,,,1130.43,1063.23,537.55,525.69,1,282584.66,,,,1.0226,0,0
noaa_right_whale_heads,aerien,<absent>../imgs/whale_70904/w_1177.jpg,,,1457.67,835.36,378.43,440.11,1,166550.83,,,,0.8599,0,0
noaa_right_whale_heads,aerien,<absent>../imgs/whale_70904/w_2360.jpg,,,1466.39,952.56,335.97,332.01,1,111545.4,,,,1.0119,0,0
noaa_right_whale_heads,aerien,<absent>../imgs/whale_70904/w_3908.jpg,,,1731.21,1003.95,426.87,450.59,1,192343.35,,,,0.9474,0,0
noaa_right_whale_heads,aerien,<absent>../imgs/whale_70904/w_4612.jpg,,,1154.14,1055.33,450.59,454.54,1,204811.18,,,,0.9913,0,0
noaa_right_whale_heads,aerien,<absent>../imgs/whale_70904/w_4706.jpg,,,1269.86,972.72,442.91,423.29,1,187479.37,,,,1.0464,0,0
noaa_right_whale_heads,aerien,<absent>../imgs/whale_70904/w_5501.jpg,,,1470.35,952.56,422.92,462.45,1,195579.35,,,,0.9145,0,0
noaa_right_whale_heads,aerien,<absent>../imgs/whale_70904/w_5928.jpg,,,1156.76,908.88,573.66,684.61,1,392733.37,,,,0.8379,0,0
noaa_right_whale_heads,aerien,<absent>../imgs/whale_70904/w_725.jpg,,,1130.43,1035.57,557.31,415.02,1,231294.8,,,,1.3429,0,0
noaa_right_whale_heads,aerien,<absent>../imgs/whale_71062/w_1756.jpg,,,1086.95,837.94,596.83,533.59,1,318462.52,,,,1.1185,0,0
noaa_right_whale_heads,aerien,<absent>../imgs/whale_71062/w_2265.jpg,,,1288.18,1378.06,539.24,472.67,1,254882.57,,,,1.1408,0,0
noaa_right_whale_heads,aerien,<absent>../imgs/whale_71062/w_4501.jpg,,,1434.77,391.3,703.55,537.55,1,378193.3,,,,1.3088,0,0
noaa_right_whale_heads,aerien,<absent>../imgs/whale_71062/w_4545.jpg,,,1351.69,577.29,553.82,628.91,1,348302.94,,,,0.8806,0,0
noaa_right_whale_heads,aerien,<absent>../imgs/whale_71062/w_5002.jpg,,,1003.95,901.18,612.64,569.17,1,348696.31,,,,1.0764,0,0
noaa_right_whale_heads,aerien,<absent>../imgs/whale_71062/w_5686.jpg,,,1489.63,1003.31,842.78,585.46,1,493413.98,,,,1.4395,0,0
noaa_right_whale_heads,aerien,<absent>../imgs/whale_71062/w_6631.jpg,,,1154.4,594.91,620.87,672.81,1,417727.54,,,,0.9228,0,0
noaa_right_whale_heads,aerien,<absent>../imgs/whale_71062/w_6896.jpg,,,1932.69,1155.01,397.28,320.58,1,127360.02,,,,1.2393,0,0
noaa_right_whale_heads,aerien,<absent>../imgs/whale_71062/w_8489.jpg,,,1323.53,596.06,666.46,563.21,1,375356.94,,,,1.1833,0,0
noaa_right_whale_heads,aerien,<absent>../imgs/whale_71554/w_3488.jpg,,,1328.13,1111.77,542.57,439.38,1,238394.41,,,,1.2349,0,0
noaa_right_whale_heads,aerien,<absent>../imgs/whale_71554/w_3687.jpg,,,1031.61,1126.47,505.93,632.41,1,319955.19,,,,0.8,0,0
noaa_right_whale_heads,aerien,<absent>../imgs/whale_71554/w_799.jpg,,,1459.64,1117.03,356.7,347.31,1,123885.48,,,,1.027,0,0
noaa_right_whale_heads,aerien,<absent>../imgs/whale_71554/w_8111.jpg,,,1302.21,964.23,493.05,411.54,1,202909.8,,,,1.1981,0,0
noaa_right_whale_heads,aerien,<absent>../imgs/whale_71554/w_9006.jpg,,,1298.17,1204.97,552.55,472.67,1,261173.81,,,,1.169,0,0
noaa_right_whale_heads,aerien,<absent>../imgs/whale_72235/w_1024.jpg,,,2036.93,1262.52,948.06,685.23,1,649639.15,,,,1.3836,0,0
noaa_right_whale_heads,aerien,<absent>../imgs/whale_72235/w_1476.jpg,,,1233.19,1059.28,509.88,478.26,1,243855.21,,,,1.0661,0,0
noaa_right_whale_heads,aerien,<absent>../imgs/whale_72235/w_1596.jpg,,,1272.44,927.77,387.16,316.34,1,122474.19,,,,1.2239,0,0
noaa_right_whale_heads,aerien,<absent>../imgs/whale_72235/w_2325.jpg,,,1035.57,438.73,758.89,565.21,1,428932.22,,,,1.3427,0,0
noaa_right_whale_heads,aerien,<absent>../imgs/whale_72235/w_28.jpg,,,1154.4,797.93,436.74,356.47,1,155684.71,,,,1.2252,0,0
noaa_right_whale_heads,aerien,<absent>../imgs/whale_72235/w_3063.jpg,,,1594.42,1135.07,609.14,502.62,1,306165.95,,,,1.2119,0,0
noaa_right_whale_heads,aerien,<absent>../imgs/whale_72235/w_3334.jpg,,,1778.79,1417.4,769.71,783.79,1,603291.0,,,,0.982,0,0
noaa_right_whale_heads,aerien,<absent>../imgs/whale_72235/w_3932.jpg,,,1483.41,977.78,222.68,261.19,1,58161.79,,,,0.8526,0,0
noaa_right_whale_heads,aerien,<absent>../imgs/whale_72235/w_4060.jpg,,,2618.91,1187.43,694.62,783.79,1,544436.21,,,,0.8862,0,0
noaa_right_whale_heads,aerien,<absent>../imgs/whale_72327/w_1631.jpg,,,1564.2,644.74,549.43,574.66,1,315735.44,,,,0.9561,0,0
noaa_right_whale_heads,aerien,<absent>../imgs/whale_72327/w_2039.jpg,,,1549.4,664.03,509.88,415.02,1,211610.4,,,,1.2286,0,0
noaa_right_whale_heads,aerien,<absent>../imgs/whale_72327/w_2492.jpg,,,1364.51,663.37,415.49,486.31,1,202056.94,,,,0.8544,0,0
noaa_right_whale_heads,aerien,<absent>../imgs/whale_72327/w_3744.jpg,,,1551.15,1091.79,459.35,482.65,1,221705.28,,,,0.9517,0,0
noaa_right_whale_heads,aerien,<absent>../imgs/whale_72327/w_4248.jpg,,,2559.72,1461.27,825.5,732.3,1,604513.65,,,,1.1273,0,0
noaa_right_whale_heads,aerien,<absent>../imgs/whale_72327/w_4968.jpg,,,2271.6,1769.41,901.13,1051.32,1,947375.99,,,,0.8571,0,0
noaa_right_whale_heads,aerien,<absent>../imgs/whale_72327/w_5392.jpg,,,1088.86,765.02,516.27,352.0,1,181727.04,,,,1.4667,0,0
noaa_right_whale_heads,aerien,<absent>../imgs/whale_72327/w_5816.jpg,,,1321.47,1201.64,585.84,579.18,1,339306.81,,,,1.0115,0,0
noaa_right_whale_heads,aerien,<absent>../imgs/whale_72327/w_6225.jpg,,,1733.06,1146.1,672.98,731.18,1,492069.52,,,,0.9204,0,0
noaa_right_whale_heads,aerien,<absent>../imgs/whale_72327/w_7598.jpg,,,1492.5,680.54,506.89,455.26,1,230766.74,,,,1.1134,0,0
noaa_right_whale_heads,aerien,<absent>../imgs/whale_72327/w_7904.jpg,,,1033.79,933.15,445.23,588.56,1,262044.57,,,,0.7565,0,0
noaa_right_whale_heads,aerien,<absent>../imgs/whale_72327/w_801.jpg,,,1292.48,691.69,415.02,403.16,1,167319.46,,,,1.0294,0,0
noaa_right_whale_heads,aerien,<absent>../imgs/whale_72327/w_8023.jpg,,,1023.16,802.57,614.83,605.45,1,372248.82,,,,1.0155,0,0
noaa_right_whale_heads,aerien,<absent>../imgs/whale_72327/w_8428.jpg,,,1157.07,604.38,399.61,443.35,1,177167.09,,,,0.9013,0,0
noaa_right_whale_heads,aerien,<absent>../imgs/whale_72327/w_8690.jpg,,,1408.01,1095.12,715.66,495.97,1,354945.89,,,,1.443,0,0
noaa_right_whale_heads,aerien,<absent>../imgs/whale_72327/w_9016.jpg,,,366.08,1575.15,642.99,469.34,1,301780.93,,,,1.37,0,0
noaa_right_whale_heads,aerien,<absent>../imgs/whale_72327/w_9439.jpg,,,1538.79,735.6,479.13,455.27,1,218133.52,,,,1.0524,0,0
noaa_right_whale_heads,aerien,<absent>../imgs/whale_72820/w_1.jpg,,,1236.22,773.69,653.15,479.35,1,313087.45,,,,1.3626,0,0
noaa_right_whale_heads,aerien,<absent>../imgs/whale_72820/w_1303.jpg,,,1736.55,1802.26,1032.54,774.41,1,799609.3,,,,1.3333,0,0
noaa_right_whale_heads,aerien,<absent>../imgs/whale_72820/w_1516.jpg,,,1206.2,957.45,624.22,502.19,1,313477.04,,,,1.243,0,0
noaa_right_whale_heads,aerien,<absent>../imgs/whale_72820/w_1595.jpg,,,1676.33,1037.19,470.94,378.43,1,178217.82,,,,1.2445,0,0
noaa_right_whale_heads,aerien,<absent>../imgs/whale_72820/w_2646.jpg,,,905.13,980.23,972.33,577.07,1,561102.47,,,,1.6849,0,0
noaa_right_whale_heads,aerien,<absent>../imgs/whale_72820/w_2816.jpg,,,1608.68,913.04,581.02,667.98,1,388109.74,,,,0.8698,0,0
noaa_right_whale_heads,aerien,<absent>../imgs/whale_72820/w_2909.jpg,,,1403.15,620.55,561.26,525.69,1,295048.77,,,,1.0677,0,0
noaa_right_whale_heads,aerien,<absent>../imgs/whale_72820/w_3305.jpg,,,1210.89,732.17,516.27,488.11,1,251996.55,,,,1.0577,0,0
noaa_right_whale_heads,aerien,<absent>../imgs/whale_72820/w_398.jpg,,,1254.9,978.62,525.93,459.35,1,241585.95,,,,1.1449,0,0
noaa_right_whale_heads,aerien,<absent>../imgs/whale_72820/w_4278.jpg,,,1191.65,509.28,389.45,376.14,1,146487.72,,,,1.0354,0,0
noaa_right_whale_heads,aerien,<absent>../imgs/whale_72820/w_4782.jpg,,,1182.96,616.71,563.45,423.29,1,238502.75,,,,1.3311,0,0
noaa_right_whale_heads,aerien,<absent>../imgs/whale_72820/w_4872.jpg,,,1578.21,1182.96,313.96,470.94,1,147856.32,,,,0.6667,0,0
noaa_right_whale_heads,aerien,<absent>../imgs/whale_72820/w_5084.jpg,,,1169.0,916.51,465.22,463.23,1,215503.86,,,,1.0043,0,0
noaa_right_whale_heads,aerien,<absent>../imgs/whale_72820/w_5857.jpg,,,1218.14,708.22,509.92,524.08,1,267238.87,,,,0.973,0,0
noaa_right_whale_heads,aerien,<absent>../imgs/whale_72820/w_5916.jpg,,,1379.85,605.45,408.32,492.81,1,201224.18,,,,0.8286,0,0
noaa_right_whale_heads,aerien,<absent>../imgs/whale_72820/w_5960.jpg,,,1004.38,741.55,549.13,516.27,1,283499.35,,,,1.0636,0,0
noaa_right_whale_heads,aerien,<absent>../imgs/whale_72820/w_609.jpg,,,1063.23,581.02,588.93,604.74,1,356149.53,,,,0.9739,0,0
noaa_right_whale_heads,aerien,<absent>../imgs/whale_72820/w_7218.jpg,,,1391.29,118.58,454.54,395.25,1,179656.93,,,,1.15,0,0
noaa_right_whale_heads,aerien,<absent>../imgs/whale_72820/w_871.jpg,,,1238.97,1044.75,425.27,507.31,1,215743.72,,,,0.8383,0,0
noaa_right_whale_heads,aerien,<absent>../imgs/whale_73080/w_3918.jpg,,,1252.96,656.12,577.07,478.26,1,275989.5,,,,1.2066,0,0
noaa_right_whale_heads,aerien,<absent>../imgs/whale_73080/w_6564.jpg,,,2549.39,1146.24,604.74,509.88,1,308344.83,,,,1.186,0,0
noaa_right_whale_heads,aerien,<absent>../imgs/whale_73080/w_671.jpg,,,1209.48,782.6,573.12,379.44,1,217464.65,,,,1.5104,0,0
noaa_right_whale_heads,aerien,<absent>../imgs/whale_73080/w_7093.jpg,,,969.91,793.31,616.71,454.12,1,280060.35,,,,1.358,0,0
noaa_right_whale_heads,aerien,<absent>../imgs/whale_73080/w_8124.jpg,,,1145.05,812.19,419.41,312.89,1,131229.19,,,,1.3404,0,0
noaa_right_whale_heads,aerien,<absent>../imgs/whale_73080/w_819.jpg,,,1300.22,530.82,252.49,379.73,1,95878.03,,,,0.6649,0,0
noaa_right_whale_heads,aerien,<absent>../imgs/whale_73080/w_8264.jpg,,,2303.42,1254.9,575.85,476.0,1,274104.6,,,,1.2098,0,0
noaa_right_whale_heads,aerien,<absent>../imgs/whale_73080/w_8289.jpg,,,2492.19,1295.37,891.74,788.49,1,703128.07,,,,1.1309,0,0
noaa_right_whale_heads,aerien,<absent>../imgs/whale_73080/w_86.jpg,,,2557.89,1356.39,971.53,760.33,1,738683.4,,,,1.2778,0,0
noaa_right_whale_heads,aerien,<absent>../imgs/whale_73080/w_8814.jpg,,,1391.37,888.75,389.45,339.52,1,132226.06,,,,1.1471,0,0
noaa_right_whale_heads,aerien,<absent>../imgs/whale_73080/w_9388.jpg,,,1458.3,810.35,423.59,435.31,1,184392.96,,,,0.9731,0,0
noaa_right_whale_heads,aerien,<absent>../imgs/whale_73136/w_1150.jpg,,,1070.09,840.12,619.53,619.53,1,383817.42,,,,1.0,0,0
noaa_right_whale_heads,aerien,<absent>../imgs/whale_73136/w_2177.jpg,,,1690.95,582.51,362.82,529.25,1,192022.48,,,,0.6855,0,0
noaa_right_whale_heads,aerien,<absent>../imgs/whale_73136/w_2519.jpg,,,1057.61,797.93,689.34,649.2,1,447519.53,,,,1.0618,0,0
noaa_right_whale_heads,aerien,<absent>../imgs/whale_73136/w_2983.jpg,,,1187.43,1314.15,511.58,417.71,1,213692.08,,,,1.2247,0,0
noaa_right_whale_heads,aerien,<absent>../imgs/whale_73136/w_3619.jpg,,,502.19,882.36,671.15,441.18,1,296097.96,,,,1.5213,0,0
noaa_right_whale_heads,aerien,<absent>../imgs/whale_73136/w_4083.jpg,,,837.5,1050.71,328.25,403.41,1,132419.33,,,,0.8137,0,0
noaa_right_whale_heads,aerien,<absent>../imgs/whale_73136/w_4240.jpg,,,1577.06,999.99,403.16,347.82,1,140227.11,,,,1.1591,0,0
noaa_right_whale_heads,aerien,<absent>../imgs/whale_73136/w_4567.jpg,,,1121.72,788.49,516.27,459.95,1,237458.39,,,,1.1224,0,0
noaa_right_whale_heads,aerien,<absent>../imgs/whale_73136/w_4822.jpg,,,1404.69,798.87,469.34,462.68,1,217154.23,,,,1.0144,0,0
noaa_right_whale_heads,aerien,<absent>../imgs/whale_73136/w_5585.jpg,,,1654.33,971.96,379.47,362.82,1,137679.31,,,,1.0459,0,0
noaa_right_whale_heads,aerien,<absent>../imgs/whale_73136/w_5654.jpg,,,1527.85,968.63,429.39,359.49,1,154361.41,,,,1.1944,0,0
noaa_right_whale_heads,aerien,<absent>../imgs/whale_73136/w_6257.jpg,,,950.99,860.58,671.39,448.71,1,301259.41,,,,1.4963,0,0
noaa_right_whale_heads,aerien,<absent>../imgs/whale_73136/w_668.jpg,,,550.05,705.86,724.75,627.96,1,455114.01,,,,1.1541,0,0
noaa_right_whale_heads,aerien,<absent>../imgs/whale_73136/w_7217.jpg,,,1421.33,525.93,392.78,396.11,1,155584.09,,,,0.9916,0,0
noaa_right_whale_heads,aerien,<absent>../imgs/whale_73136/w_7333.jpg,,,1107.27,815.74,602.69,454.12,1,273693.58,,,,1.3272,0,0
noaa_right_whale_heads,aerien,<absent>../imgs/whale_73136/w_8132.jpg,,,1046.62,1102.95,624.22,600.75,1,375000.17,,,,1.0391,0,0
noaa_right_whale_heads,aerien,<absent>../imgs/whale_73136/w_8452.jpg,,,1434.77,940.7,608.69,454.54,1,276673.95,,,,1.3391,0,0
noaa_right_whale_heads,aerien,<absent>../imgs/whale_73136/w_8837.jpg,,,1398.63,760.33,647.69,746.25,1,483338.66,,,,0.8679,0,0
noaa_right_whale_heads,aerien,<absent>../imgs/whale_73167/w_2374.jpg,,,1930.61,1238.25,552.55,542.57,1,299797.05,,,,1.0184,0,0
noaa_right_whale_heads,aerien,<absent>../imgs/whale_73167/w_5625.jpg,,,2391.29,1434.77,766.79,529.64,1,406122.66,,,,1.4478,0,0
noaa_right_whale_heads,aerien,<absent>../imgs/whale_73592/w_1470.jpg,,,1418.43,975.52,773.69,650.35,1,503169.29,,,,1.1897,0,0
noaa_right_whale_heads,aerien,<absent>../imgs/whale_73592/w_2737.jpg,,,1203.98,710.58,443.82,460.34,1,204308.1,,,,0.9641,0,0
noaa_right_whale_heads,aerien,<absent>../imgs/whale_73592/w_3531.jpg,,,1752.01,1401.61,465.33,400.86,1,186532.18,,,,1.1608,0,0
noaa_right_whale_heads,aerien,<absent>../imgs/whale_73592/w_375.jpg,,,1023.18,672.77,641.94,577.46,1,370694.67,,,,1.1117,0,0
noaa_right_whale_heads,aerien,<absent>../imgs/whale_73592/w_6430.jpg,,,1229.67,628.91,361.39,370.78,1,133996.18,,,,0.9747,0,0
noaa_right_whale_heads,aerien,<absent>../imgs/whale_73592/w_7032.jpg,,,1633.3,896.44,436.48,441.18,1,192566.25,,,,0.9893,0,0
noaa_right_whale_heads,aerien,<absent>../imgs/whale_73592/w_7443.jpg,,,1151.71,902.06,439.38,422.74,1,185743.5,,,,1.0394,0,0
noaa_right_whale_heads,aerien,<absent>../imgs/whale_73592/w_7494.jpg,,,1108.44,785.56,652.41,552.55,1,360489.15,,,,1.1807,0,0
noaa_right_whale_heads,aerien,<absent>../imgs/whale_73592/w_8270.jpg,,,1291.51,985.28,525.93,466.01,1,245088.64,,,,1.1286,0,0
noaa_right_whale_heads,aerien,<absent>../imgs/whale_73592/w_8296.jpg,,,1428.25,672.81,488.67,557.13,1,272252.72,,,,0.8771,0,0
noaa_right_whale_heads,aerien,<absent>../imgs/whale_73592/w_8663.jpg,,,1051.32,952.76,647.69,628.91,1,407338.72,,,,1.0299,0,0
noaa_right_whale_heads,aerien,<absent>../imgs/whale_73592/w_8954.jpg,,,1075.15,456.02,672.39,502.62,1,337956.66,,,,1.3378,0,0
noaa_right_whale_heads,aerien,<absent>../imgs/whale_73592/w_8962.jpg,,,1375.48,671.93,667.98,505.93,1,337951.12,,,,1.3203,0,0
noaa_right_whale_heads,aerien,<absent>../imgs/whale_73666/w_1122.jpg,,,1143.71,619.51,392.45,356.01,1,139716.12,,,,1.1024,0,0
noaa_right_whale_heads,aerien,<absent>../imgs/whale_73666/w_1815.jpg,,,1387.59,905.44,384.04,361.62,1,138876.54,,,,1.062,0,0
noaa_right_whale_heads,aerien,<absent>../imgs/whale_73666/w_2137.jpg,,,1291.51,822.17,469.34,432.72,1,203092.8,,,,1.0846,0,0
noaa_right_whale_heads,aerien,<absent>../imgs/whale_73666/w_2602.jpg,,,1416.23,863.29,702.76,463.75,1,325904.95,,,,1.5154,0,0
noaa_right_whale_heads,aerien,<absent>../imgs/whale_73666/w_2893.jpg,,,1280.34,842.95,495.04,475.16,1,235223.21,,,,1.0418,0,0
noaa_right_whale_heads,aerien,<absent>../imgs/whale_73666/w_3245.jpg,,,1114.62,727.27,486.16,411.06,1,199840.93,,,,1.1827,0,0
noaa_right_whale_heads,aerien,<absent>../imgs/whale_73666/w_3343.jpg,,,1332.01,683.79,517.78,486.16,1,251723.92,,,,1.065,0,0
noaa_right_whale_heads,aerien,<absent>../imgs/whale_73666/w_4018.jpg,,,1451.29,945.33,509.28,462.68,1,235633.67,,,,1.1007,0,0
noaa_right_whale_heads,aerien,<absent>../imgs/whale_73666/w_4407.jpg,,,1236.6,902.6,381.72,270.38,1,103209.45,,,,1.4118,0,0
noaa_right_whale_heads,aerien,<absent>../imgs/whale_73666/w_4449.jpg,,,1700.94,802.2,392.78,329.54,1,129436.72,,,,1.1919,0,0
noaa_right_whale_heads,aerien,<absent>../imgs/whale_73666/w_5104.jpg,,,1240.8,768.45,320.07,379.29,1,121399.35,,,,0.8439,0,0
noaa_right_whale_heads,aerien,<absent>../imgs/whale_73666/w_6405.jpg,,,1215.59,1271.91,535.05,422.4,1,226005.12,,,,1.2667,0,0
noaa_right_whale_heads,aerien,<absent>../imgs/whale_73666/w_6703.jpg,,,752.27,725.64,629.11,502.62,1,316203.27,,,,1.2517,0,0
noaa_right_whale_heads,aerien,<absent>../imgs/whale_73666/w_6803.jpg,,,1684.92,657.07,272.22,422.4,1,114985.73,,,,0.6445,0,0
noaa_right_whale_heads,aerien,<absent>../imgs/whale_73666/w_7344.jpg,,,2675.23,1210.89,1027.85,844.81,1,868337.96,,,,1.2167,0,0
noaa_right_whale_heads,aerien,<absent>../imgs/whale_73666/w_8297.jpg,,,934.85,616.15,519.36,479.23,1,248892.89,,,,1.0837,0,0
noaa_right_whale_heads,aerien,<absent>../imgs/whale_73666/w_8453.jpg,,,2496.48,1457.94,1005.25,808.86,1,813106.52,,,,1.2428,0,0
noaa_right_whale_heads,aerien,<absent>../imgs/whale_73666/w_8783.jpg,,,1292.28,832.56,664.36,431.7,1,286804.21,,,,1.5389,0,0
noaa_right_whale_heads,aerien,<absent>../imgs/whale_73666/w_8891.jpg,,,1491.99,953.74,533.53,455.62,1,243086.94,,,,1.171,0,0
noaa_right_whale_heads,aerien,<absent>../imgs/whale_73666/w_9114.jpg,,,453.93,722.7,782.42,561.43,1,439274.06,,,,1.3936,0,0
noaa_right_whale_heads,aerien,<absent>../imgs/whale_73666/w_9167.jpg,,,1154.93,1202.58,527.01,627.92,1,330920.12,,,,0.8393,0,0
noaa_right_whale_heads,aerien,<absent>../imgs/whale_73666/w_9216.jpg,,,1217.38,1075.09,616.6,466.4,1,287582.24,,,,1.322,0,0
noaa_right_whale_heads,aerien,<absent>../imgs/whale_73666/w_992.jpg,,,1555.73,727.11,276.21,323.42,1,89331.84,,,,0.854,0,0
noaa_right_whale_heads,aerien,<absent>../imgs/whale_73684/w_1211.jpg,,,1345.62,271.48,701.14,491.03,1,344280.77,,,,1.4279,0,0
noaa_right_whale_heads,aerien,<absent>../imgs/whale_73684/w_1766.jpg,,,1214.95,822.17,585.84,426.07,1,249608.85,,,,1.375,0,0
noaa_right_whale_heads,aerien,<absent>../imgs/whale_73684/w_2160.jpg,,,2173.9,1968.37,956.52,695.65,1,665403.14,,,,1.375,0,0
noaa_right_whale_heads,aerien,<absent>../imgs/whale_73684/w_4358.jpg,,,1238.59,946.34,419.49,276.35,1,115926.06,,,,1.518,0,0
noaa_right_whale_heads,aerien,<absent>../imgs/whale_73684/w_5375.jpg,,,1326.73,724.75,432.02,373.0,1,161143.46,,,,1.1582,0,0
noaa_right_whale_heads,aerien,<absent>../imgs/whale_73684/w_7088.jpg,,,1066.34,603.59,502.99,437.6,1,220108.42,,,,1.1494,0,0
noaa_right_whale_heads,aerien,<absent>../imgs/whale_73684/w_7242.jpg,,,1111.35,1023.87,375.75,268.39,1,100847.54,,,,1.4,0,0
noaa_right_whale_heads,aerien,<absent>../imgs/whale_73684/w_7326.jpg,,,1560.46,769.09,417.98,351.1,1,146752.78,,,,1.1905,0,0
noaa_right_whale_heads,aerien,<absent>../imgs/whale_73684/w_7889.jpg,,,2355.71,1960.46,711.46,553.36,1,393693.51,,,,1.2857,0,0
noaa_right_whale_heads,aerien,<absent>../imgs/whale_73684/w_9074.jpg,,,1090.66,814.45,380.08,375.36,1,142666.83,,,,1.0126,0,0
noaa_right_whale_heads,aerien,<absent>../imgs/whale_74062/w_1567.jpg,,,2069.78,1614.52,877.66,887.05,1,778528.3,,,,0.9894,0,0
noaa_right_whale_heads,aerien,<absent>../imgs/whale_74062/w_1810.jpg,,,1288.53,924.89,371.54,359.68,1,133635.51,,,,1.033,0,0
noaa_right_whale_heads,aerien,<absent>../imgs/whale_74062/w_3973.jpg,,,2342.0,816.65,1065.4,891.74,1,950059.8,,,,1.1947,0,0
noaa_right_whale_heads,aerien,<absent>../imgs/whale_74062/w_4131.jpg,,,1355.88,1065.62,473.17,544.74,1,257754.63,,,,0.8686,0,0
noaa_right_whale_heads,aerien,<absent>../imgs/whale_74162/w_2387.jpg,,,1209.48,656.12,375.49,351.78,1,132089.87,,,,1.0674,0,0
noaa_right_whale_heads,aerien,<absent>../imgs/whale_74162/w_3101.jpg,,,1324.1,857.7,430.83,359.68,1,154960.93,,,,1.1978,0,0
noaa_right_whale_heads,aerien,<absent>../imgs/whale_74162/w_4185.jpg,,,633.61,525.66,671.15,502.19,1,337044.82,,,,1.3364,0,0
noaa_right_whale_heads,aerien,<absent>../imgs/whale_74162/w_709.jpg,,,1105.11,828.83,286.26,229.68,1,65748.2,,,,1.2463,0,0
noaa_right_whale_heads,aerien,<absent>../imgs/whale_74162/w_7647.jpg,,,639.1,912.05,562.54,495.97,1,279002.96,,,,1.1342,0,0
noaa_right_whale_heads,aerien,<absent>../imgs/whale_74162/w_7659.jpg,,,1381.39,679.04,492.64,446.04,1,219737.15,,,,1.1045,0,0
noaa_right_whale_heads,aerien,<absent>../imgs/whale_74162/w_8159.jpg,,,872.97,849.5,455.26,361.39,1,164526.41,,,,1.2597,0,0
noaa_right_whale_heads,aerien,<absent>../imgs/whale_74162/w_8734.jpg,,,1496.71,984.43,337.59,356.47,1,120340.71,,,,0.947,0,0
noaa_right_whale_heads,aerien,<absent>../imgs/whale_74162/w_9134.jpg,,,1547.38,658.76,400.86,327.98,1,131474.06,,,,1.2222,0,0
noaa_right_whale_heads,aerien,<absent>../imgs/whale_74232/w_1511.jpg,,,1463.32,512.33,524.05,634.55,1,332535.93,,,,0.8259,0,0
noaa_right_whale_heads,aerien,<absent>../imgs/whale_74232/w_1613.jpg,,,1322.01,668.09,540.61,450.9,1,243761.05,,,,1.199,0,0
noaa_right_whale_heads,aerien,<absent>../imgs/whale_74232/w_1814.jpg,,,1388.04,1291.51,462.68,539.24,1,249495.56,,,,0.858,0,0
noaa_right_whale_heads,aerien,<absent>../imgs/whale_74232/w_1883.jpg,,,1283.88,801.72,504.58,431.7,1,217827.19,,,,1.1688,0,0
noaa_right_whale_heads,aerien,<absent>../imgs/whale_74232/w_2080.jpg,,,778.65,505.93,478.26,395.25,1,189032.26,,,,1.21,0,0
noaa_right_whale_heads,aerien,<absent>../imgs/whale_74232/w_2982.jpg,,,718.99,971.96,615.8,479.32,1,295165.26,,,,1.2847,0,0
noaa_right_whale_heads,aerien,<absent>../imgs/whale_74232/w_3786.jpg,,,1234.36,713.39,478.73,380.16,1,181994.0,,,,1.2593,0,0
noaa_right_whale_heads,aerien,<absent>../imgs/whale_74232/w_5467.jpg,,,1058.51,1188.32,462.68,479.32,1,221771.78,,,,0.9653,0,0
noaa_right_whale_heads,aerien,<absent>../imgs/whale_74232/w_5626.jpg,,,1067.05,620.87,493.39,448.54,1,221305.15,,,,1.1,0,0
noaa_right_whale_heads,aerien,<absent>../imgs/whale_74232/w_5863.jpg,,,1190.87,1167.01,504.98,375.75,1,189746.24,,,,1.3439,0,0
noaa_right_whale_heads,aerien,<absent>../imgs/whale_74232/w_6191.jpg,,,1466.39,1367.58,596.83,636.36,1,379798.74,,,,0.9379,0,0
noaa_right_whale_heads,aerien,<absent>../imgs/whale_74232/w_6194.jpg,,,1192.12,699.31,680.54,605.45,1,412032.94,,,,1.124,0,0
noaa_right_whale_heads,aerien,<absent>../imgs/whale_74232/w_6784.jpg,,,1217.38,826.08,501.97,446.64,1,224199.88,,,,1.1239,0,0
noaa_right_whale_heads,aerien,<absent>../imgs/whale_74232/w_7062.jpg,,,1067.19,652.17,529.64,541.5,1,286800.06,,,,0.9781,0,0
noaa_right_whale_heads,aerien,<absent>../imgs/whale_74232/w_7127.jpg,,,1284.86,788.89,442.71,402.77,1,178310.31,,,,1.0992,0,0
noaa_right_whale_heads,aerien,<absent>../imgs/whale_74232/w_7270.jpg,,,1397.56,944.3,545.33,512.28,1,279361.65,,,,1.0645,0,0
noaa_right_whale_heads,aerien,<absent>../imgs/whale_74232/w_8078.jpg,,,1506.15,979.71,408.41,467.43,1,190903.09,,,,0.8737,0,0
noaa_right_whale_heads,aerien,<absent>../imgs/whale_74232/w_8531.jpg,,,1174.55,897.03,639.13,647.54,1,413862.24,,,,0.987,0,0
noaa_right_whale_heads,aerien,<absent>../imgs/whale_74232/w_8731.jpg,,,882.72,467.2,431.42,347.92,1,150099.65,,,,1.24,0,0
noaa_right_whale_heads,aerien,<absent>../imgs/whale_74232/w_8840.jpg,,,1445.56,483.42,708.7,586.67,1,415773.03,,,,1.208,0,0
noaa_right_whale_heads,aerien,<absent>../imgs/whale_74232/w_986.jpg,,,1586.36,1037.24,455.26,347.31,1,158116.35,,,,1.3108,0,0
noaa_right_whale_heads,aerien,<absent>../imgs/whale_74439/w_1486.jpg,,,953.1,874.6,372.83,313.96,1,117053.71,,,,1.1875,0,0
noaa_right_whale_heads,aerien,<absent>../imgs/whale_74439/w_2786.jpg,,,882.72,838.98,532.81,455.27,1,242572.41,,,,1.1703,0,0
noaa_right_whale_heads,aerien,<absent>../imgs/whale_74439/w_2943.jpg,,,1374.73,912.05,575.85,579.18,1,333520.8,,,,0.9943,0,0
noaa_right_whale_heads,aerien,<absent>../imgs/whale_74439/w_393.jpg,,,1074.89,910.81,468.8,406.85,1,190731.28,,,,1.1523,0,0
noaa_right_whale_heads,aerien,<absent>../imgs/whale_74439/w_456.jpg,,,1737.55,1008.58,535.91,376.14,1,201577.19,,,,1.4248,0,0
noaa_right_whale_heads,aerien,<absent>../imgs/whale_74439/w_4815.jpg,,,1131.11,520.97,417.71,398.94,1,166641.23,,,,1.047,0,0
noaa_right_whale_heads,aerien,<absent>../imgs/whale_74439/w_495.jpg,,,1101.67,1135.3,655.95,619.51,1,406367.58,,,,1.0588,0,0
noaa_right_whale_heads,aerien,<absent>../imgs/whale_74439/w_5434.jpg,,,650.35,955.9,608.3,384.04,1,233611.53,,,,1.5839,0,0
noaa_right_whale_heads,aerien,<absent>../imgs/whale_74439/w_5771.jpg,,,1493.59,891.69,462.57,445.85,1,206236.83,,,,1.0375,0,0
noaa_right_whale_heads,aerien,<absent>../imgs/whale_74439/w_6034.jpg,,,659.07,522.6,892.08,755.6,1,674055.65,,,,1.1806,0,0
noaa_right_whale_heads,aerien,<absent>../imgs/whale_74439/w_7634.jpg,,,1248.44,802.57,586.67,450.56,1,264330.04,,,,1.3021,0,0
noaa_right_whale_heads,aerien,<absent>../imgs/whale_74439/w_770.jpg,,,1300.39,928.85,608.69,509.88,1,310358.86,,,,1.1938,0,0
noaa_right_whale_heads,aerien,<absent>../imgs/whale_74439/w_8475.jpg,,,703.61,1073.63,546.63,370.03,1,202269.5,,,,1.4773,0,0
noaa_right_whale_heads,aerien,<absent>../imgs/whale_74439/w_8571.jpg,,,509.28,1597.75,495.97,382.79,1,189852.36,,,,1.2957,0,0
noaa_right_whale_heads,aerien,<absent>../imgs/whale_74439/w_9079.jpg,,,683.79,1731.21,549.4,276.68,1,152007.99,,,,1.9857,0,0
noaa_right_whale_heads,aerien,<absent>../imgs/whale_74625/w_1107.jpg,,,2412.4,1492.5,1084.17,933.98,1,1012593.1,,,,1.1608,0,0
noaa_right_whale_heads,aerien,<absent>../imgs/whale_74625/w_3320.jpg,,,2558.05,1409.99,1086.75,813.67,1,884255.87,,,,1.3356,0,0
noaa_right_whale_heads,aerien,<absent>../imgs/whale_74625/w_4104.jpg,,,2335.95,909.08,980.23,960.47,1,941481.51,,,,1.0206,0,0
noaa_right_whale_heads,aerien,<absent>../imgs/whale_74625/w_4402.jpg,,,1304.34,960.47,557.31,466.4,1,259929.38,,,,1.1949,0,0
noaa_right_whale_heads,aerien,<absent>../imgs/whale_74625/w_5358.jpg,,,1841.72,1177.35,456.93,414.88,1,189571.12,,,,1.1014,0,0
noaa_right_whale_heads,aerien,<absent>../imgs/whale_74625/w_6501.jpg,,,1009.08,858.89,558.51,469.34,1,262131.08,,,,1.19,0,0
noaa_right_whale_heads,aerien,<absent>../imgs/whale_74625/w_6660.jpg,,,2290.37,887.05,868.28,919.9,1,798730.77,,,,0.9439,0,0
noaa_right_whale_heads,aerien,<absent>../imgs/whale_74625/w_8396.jpg,,,1384.55,530.35,624.22,577.29,1,360355.96,,,,1.0813,0,0
noaa_right_whale_heads,aerien,<absent>../imgs/whale_74625/w_8630.jpg,,,2266.9,1173.35,1027.85,887.05,1,911754.34,,,,1.1587,0,0
noaa_right_whale_heads,aerien,<absent>../imgs/whale_74683/w_1299.jpg,,,2592.87,1632.4,664.03,541.5,1,359572.24,,,,1.2263,0,0
noaa_right_whale_heads,aerien,<absent>../imgs/whale_74683/w_1310.jpg,,,1252.96,719.36,557.31,533.59,1,297375.04,,,,1.0445,0,0
noaa_right_whale_heads,aerien,<absent>../imgs/whale_74683/w_3444.jpg,,,1211.63,1654.33,872.1,818.85,1,714119.09,,,,1.065,0,0
noaa_right_whale_heads,aerien,<absent>../imgs/whale_74683/w_7964.jpg,,,1135.8,591.37,483.42,633.61,1,306299.75,,,,0.763,0,0
noaa_right_whale_heads,aerien,<absent>../imgs/whale_74828/w_4005.jpg,,,1173.9,1217.38,853.75,897.23,1,766010.11,,,,0.9515,0,0
noaa_right_whale_heads,aerien,<absent>../imgs/whale_74828/w_6666.jpg,,,1338.11,1501.22,1091.79,745.62,1,814060.46,,,,1.4643,0,0
noaa_right_whale_heads,aerien,<absent>../imgs/whale_74828/w_7377.jpg,,,2039.75,997.58,986.44,886.12,1,874104.21,,,,1.1132,0,0
noaa_right_whale_heads,aerien,<absent>../imgs/whale_74828/w_8348.jpg,,,1768.83,1065.22,692.4,616.71,1,427010.0,,,,1.1227,0,0
noaa_right_whale_heads,aerien,<absent>../imgs/whale_74935/w_2543.jpg,,,1534.74,957.45,516.27,459.95,1,237458.39,,,,1.1224,0,0
noaa_right_whale_heads,aerien,<absent>../imgs/whale_74935/w_3375.jpg,,,1019.76,873.51,478.26,430.83,1,206048.76,,,,1.1101,0,0
noaa_right_whale_heads,aerien,<absent>../imgs/whale_74935/w_461.jpg,,,1664.32,971.96,755.6,562.54,1,425055.22,,,,1.3432,0,0
noaa_right_whale_heads,aerien,<absent>../imgs/whale_74935/w_4714.jpg,,,1262.41,828.77,401.83,418.57,1,168193.98,,,,0.96,0,0
noaa_right_whale_heads,aerien,<absent>../imgs/whale_74935/w_6446.jpg,,,1281.29,1290.68,384.86,427.1,1,164373.71,,,,0.9011,0,0
noaa_right_whale_heads,aerien,<absent>../imgs/whale_74935/w_7605.jpg,,,1384.55,980.92,558.51,450.56,1,251642.27,,,,1.2396,0,0
noaa_right_whale_heads,aerien,<absent>../imgs/whale_75215/w_3846.jpg,,,1376.38,765.28,462.53,375.63,1,173740.14,,,,1.2313,0,0
noaa_right_whale_heads,aerien,<absent>../imgs/whale_75215/w_3999.jpg,,,1262.51,538.2,543.23,568.38,1,308761.07,,,,0.9558,0,0
noaa_right_whale_heads,aerien,<absent>../imgs/whale_75215/w_4696.jpg,,,878.76,1021.89,492.64,386.12,1,190218.16,,,,1.2759,0,0
noaa_right_whale_heads,aerien,<absent>../imgs/whale_75215/w_5360.jpg,,,1075.09,837.94,379.44,320.16,1,121481.51,,,,1.1852,0,0
noaa_right_whale_heads,aerien,<absent>../imgs/whale_75215/w_5750.jpg,,,1966.53,305.07,450.56,530.35,1,238954.5,,,,0.8496,0,0
noaa_right_whale_heads,aerien,<absent>../imgs/whale_75215/w_8661.jpg,,,1260.86,996.04,533.59,403.16,1,215122.14,,,,1.3235,0,0
noaa_right_whale_heads,aerien,<absent>../imgs/whale_75215/w_8677.jpg,,,962.14,835.42,596.06,638.3,1,380465.1,,,,0.9338,0,0
noaa_right_whale_heads,aerien,<absent>../imgs/whale_75413/w_1191.jpg,,,1950.58,1411.34,718.99,699.01,1,502581.2,,,,1.0286,0,0
noaa_right_whale_heads,aerien,<absent>../imgs/whale_75413/w_2689.jpg,,,2273.82,585.17,1265.09,1242.8,1,1572253.85,,,,1.0179,0,0
noaa_right_whale_heads,aerien,<absent>../imgs/whale_75413/w_3539.jpg,,,1667.65,1118.42,1068.49,1001.92,1,1070541.5,,,,1.0664,0,0
noaa_right_whale_heads,aerien,<absent>../imgs/whale_75413/w_3919.jpg,,,1126.79,812.03,463.78,331.51,1,153747.71,,,,1.399,0,0
noaa_right_whale_heads,aerien,<absent>../imgs/whale_75413/w_5881.jpg,,,2468.88,2513.46,752.37,886.12,1,666690.1,,,,0.8491,0,0
noaa_right_whale_heads,aerien,<absent>../imgs/whale_75413/w_6467.jpg,,,2035.14,1381.99,936.28,655.95,1,614152.87,,,,1.4274,0,0
noaa_right_whale_heads,aerien,<absent>../imgs/whale_75413/w_7613.jpg,,,1651.01,978.62,359.49,326.21,1,117269.23,,,,1.102,0,0
noaa_right_whale_heads,aerien,<absent>../imgs/whale_75455/w_1017.jpg,,,727.11,934.85,653.92,552.41,1,361231.95,,,,1.1838,0,0
noaa_right_whale_heads,aerien,<absent>../imgs/whale_75455/w_2072.jpg,,,1527.85,652.41,738.96,825.5,1,610011.48,,,,0.8952,0,0
noaa_right_whale_heads,aerien,<absent>../imgs/whale_75455/w_2407.jpg,,,1355.72,920.94,422.92,391.3,1,165488.6,,,,1.0808,0,0
noaa_right_whale_heads,aerien,<absent>../imgs/whale_75455/w_472.jpg,,,1666.68,736.55,684.61,606.71,1,415359.73,,,,1.1284,0,0
noaa_right_whale_heads,aerien,<absent>../imgs/whale_75455/w_4751.jpg,,,1408.01,792.22,635.77,605.81,1,385155.82,,,,1.0495,0,0
noaa_right_whale_heads,aerien,<absent>../imgs/whale_75455/w_9147.jpg,,,1149.88,910.52,704.01,685.23,1,482408.77,,,,1.0274,0,0
noaa_right_whale_heads,aerien,<absent>../imgs/whale_75455/w_99.jpg,,,1318.84,1084.17,380.16,352.0,1,133816.32,,,,1.08,0,0
noaa_right_whale_heads,aerien,<absent>../imgs/whale_75682/w_4130.jpg,,,1621.05,828.83,459.35,432.72,1,198769.93,,,,1.0615,0,0
noaa_right_whale_heads,aerien,<absent>../imgs/whale_75682/w_5081.jpg,,,892.08,882.09,599.16,575.85,1,345026.29,,,,1.0405,0,0
noaa_right_whale_heads,aerien,<absent>../imgs/whale_75682/w_6901.jpg,,,1275.8,1004.57,552.51,584.32,1,322842.64,,,,0.9456,0,0
noaa_right_whale_heads,aerien,<absent>../imgs/whale_75767/w_239.jpg,,,1158.09,837.94,509.88,462.45,1,235794.01,,,,1.1026,0,0
noaa_right_whale_heads,aerien,<absent>../imgs/whale_75767/w_3769.jpg,,,2226.86,1301.5,1088.47,888.75,1,967377.71,,,,1.2247,0,0
noaa_right_whale_heads,aerien,<absent>../imgs/whale_75767/w_9224.jpg,,,2134.37,2209.47,916.99,802.37,1,735765.27,,,,1.1429,0,0
noaa_right_whale_heads,aerien,<absent>../imgs/whale_75932/w_1291.jpg,,,1690.95,1081.81,485.98,339.52,1,164999.93,,,,1.4314,0,0
noaa_right_whale_heads,aerien,<absent>../imgs/whale_75932/w_1659.jpg,,,910.52,642.99,319.15,333.23,1,106350.35,,,,0.9577,0,0
noaa_right_whale_heads,aerien,<absent>../imgs/whale_75932/w_2021.jpg,,,1690.95,699.01,579.18,495.97,1,287255.9,,,,1.1678,0,0
noaa_right_whale_heads,aerien,<absent>../imgs/whale_75932/w_232.jpg,,,1115.07,889.04,586.0,425.27,1,249208.22,,,,1.3779,0,0
noaa_right_whale_heads,aerien,<absent>../imgs/whale_75932/w_2342.jpg,,,1609.05,835.36,448.52,414.88,1,186081.98,,,,1.0811,0,0
noaa_right_whale_heads,aerien,<absent>../imgs/whale_75932/w_3752.jpg,,,845.84,1130.43,703.55,533.59,1,375407.24,,,,1.3185,0,0
noaa_right_whale_heads,aerien,<absent>../imgs/whale_75932/w_3904.jpg,,,920.49,805.18,723.67,556.67,1,402845.38,,,,1.3,0,0
noaa_right_whale_heads,aerien,<absent>../imgs/whale_75932/w_3950.jpg,,,1514.53,965.31,426.07,366.15,1,156005.53,,,,1.1636,0,0
noaa_right_whale_heads,aerien,<absent>../imgs/whale_75932/w_4332.jpg,,,1071.78,1034.0,566.58,361.19,1,204643.03,,,,1.5686,0,0
noaa_right_whale_heads,aerien,<absent>../imgs/whale_75932/w_4809.jpg,,,1763.47,1251.19,951.38,611.43,1,581702.27,,,,1.556,0,0
noaa_right_whale_heads,aerien,<absent>../imgs/whale_75932/w_4932.jpg,,,1351.77,972.33,584.98,498.02,1,291331.74,,,,1.1746,0,0
noaa_right_whale_heads,aerien,<absent>../imgs/whale_75932/w_5021.jpg,,,1352.82,904.11,420.24,388.43,1,163233.82,,,,1.0819,0,0
noaa_right_whale_heads,aerien,<absent>../imgs/whale_75932/w_5524.jpg,,,1284.58,426.87,648.22,375.49,1,243400.13,,,,1.7263,0,0
noaa_right_whale_heads,aerien,<absent>../imgs/whale_75932/w_5607.jpg,,,1469.03,896.44,389.55,286.3,1,111528.17,,,,1.3606,0,0
noaa_right_whale_heads,aerien,<absent>../imgs/whale_75932/w_6525.jpg,,,1101.78,1061.84,752.27,675.71,1,508316.36,,,,1.1133,0,0
noaa_right_whale_heads,aerien,<absent>../imgs/whale_75932/w_7540.jpg,,,1850.72,1135.07,482.65,356.16,1,171900.62,,,,1.3551,0,0
noaa_right_whale_heads,aerien,<absent>../imgs/whale_75932/w_9035.jpg,,,1178.94,735.6,540.76,463.23,1,250496.25,,,,1.1674,0,0
noaa_right_whale_heads,aerien,<absent>../imgs/whale_75932/w_9410.jpg,,,846.93,618.3,646.13,532.81,1,344264.53,,,,1.2127,0,0
noaa_right_whale_heads,aerien,<absent>../imgs/whale_76398/w_2379.jpg,,,1434.77,656.12,450.59,636.36,1,286737.45,,,,0.7081,0,0
noaa_right_whale_heads,aerien,<absent>../imgs/whale_76398/w_8150.jpg,,,1286.6,415.49,465.07,519.36,1,241538.76,,,,0.8955,0,0
noaa_right_whale_heads,aerien,<absent>../imgs/whale_76398/w_8540.jpg,,,1308.16,782.23,545.9,452.7,1,247128.93,,,,1.2059,0,0
noaa_right_whale_heads,aerien,<absent>../imgs/whale_76398/w_8739.jpg,,,1569.16,332.01,466.4,600.79,1,280208.46,,,,0.7763,0,0
noaa_right_whale_heads,aerien,<absent>../imgs/whale_76782/w_1206.jpg,,,1404.69,639.1,585.84,605.81,1,354907.73,,,,0.967,0,0
noaa_right_whale_heads,aerien,<absent>../imgs/whale_76782/w_1461.jpg,,,1556.68,1017.91,322.07,264.42,1,85161.75,,,,1.218,0,0
noaa_right_whale_heads,aerien,<absent>../imgs/whale_76782/w_3284.jpg,,,1253.55,1194.53,561.86,486.31,1,273238.14,,,,1.1554,0,0
noaa_right_whale_heads,aerien,<absent>../imgs/whale_76782/w_3709.jpg,,,1215.59,1088.86,539.74,506.89,1,273588.81,,,,1.0648,0,0
noaa_right_whale_heads,aerien,<absent>../imgs/whale_76782/w_5653.jpg,,,1255.84,703.61,723.23,532.61,1,385199.53,,,,1.3579,0,0
noaa_right_whale_heads,aerien,<absent>../imgs/whale_76782/w_5989.jpg,,,1271.91,492.81,661.77,488.11,1,323016.55,,,,1.3558,0,0
noaa_right_whale_heads,aerien,<absent>../imgs/whale_76782/w_7700.jpg,,,1312.15,745.54,612.33,520.88,1,318950.45,,,,1.1756,0,0
noaa_right_whale_heads,aerien,<absent>../imgs/whale_76782/w_8554.jpg,,,1208.7,932.49,432.02,432.02,1,186641.28,,,,1.0,0,0
noaa_right_whale_heads,aerien,<absent>../imgs/whale_76782/w_8582.jpg,,,1041.86,1008.58,492.64,472.67,1,232856.15,,,,1.0422,0,0
noaa_right_whale_heads,aerien,<absent>../imgs/whale_76782/w_962.jpg,,,1418.02,933.15,594.66,378.14,1,224864.73,,,,1.5726,0,0
noaa_right_whale_heads,aerien,<absent>../imgs/whale_77693/w_2044.jpg,,,1354.76,592.5,446.04,452.7,1,201922.31,,,,0.9853,0,0
noaa_right_whale_heads,aerien,<absent>../imgs/whale_77693/w_205.jpg,,,1577.06,881.42,434.78,359.68,1,156381.67,,,,1.2088,0,0
noaa_right_whale_heads,aerien,<absent>../imgs/whale_77693/w_2241.jpg,,,1234.36,727.47,581.98,361.39,1,210321.75,,,,1.6104,0,0
noaa_right_whale_heads,aerien,<absent>../imgs/whale_77693/w_2537.jpg,,,1129.24,1151.11,465.22,335.99,1,156309.27,,,,1.3846,0,0
noaa_right_whale_heads,aerien,<absent>../imgs/whale_77693/w_2574.jpg,,,1036.36,897.08,542.97,495.75,1,269177.38,,,,1.0952,0,0
noaa_right_whale_heads,aerien,<absent>../imgs/whale_77693/w_2963.jpg,,,1760.02,1783.49,943.37,1093.56,1,1031631.7,,,,0.8627,0,0
noaa_right_whale_heads,aerien,<absent>../imgs/whale_77693/w_2997.jpg,,,1210.89,872.97,413.02,422.4,1,174459.65,,,,0.9778,0,0
noaa_right_whale_heads,aerien,<absent>../imgs/whale_77693/w_3049.jpg,,,1434.64,562.54,798.87,389.45,1,311119.92,,,,2.0513,0,0
noaa_right_whale_heads,aerien,<absent>../imgs/whale_77693/w_3105.jpg,,,2073.19,1995.16,1131.34,1175.92,1,1330365.33,,,,0.9621,0,0
noaa_right_whale_heads,aerien,<absent>../imgs/whale_77693/w_3403.jpg,,,1937.27,785.56,525.93,499.3,1,262596.85,,,,1.0533,0,0
noaa_right_whale_heads,aerien,<absent>../imgs/whale_77693/w_3474.jpg,,,1695.85,669.99,485.1,417.5,1,202529.25,,,,1.1619,0,0
noaa_right_whale_heads,aerien,<absent>../imgs/whale_77693/w_4824.jpg,,,1642.68,1041.93,901.13,746.25,1,672468.26,,,,1.2075,0,0
noaa_right_whale_heads,aerien,<absent>../imgs/whale_77693/w_5298.jpg,,,1021.89,878.76,499.3,436.05,1,217719.77,,,,1.1451,0,0
noaa_right_whale_heads,aerien,<absent>../imgs/whale_77693/w_6209.jpg,,,2004.3,1101.67,330.78,412.07,1,136304.51,,,,0.8027,0,0
noaa_right_whale_heads,aerien,<absent>../imgs/whale_77693/w_7903.jpg,,,1471.26,1627.71,1121.75,835.49,1,937210.91,,,,1.3426,0,0
noaa_right_whale_heads,aerien,<absent>../imgs/whale_77693/w_8240.jpg,,,1403.15,881.42,533.59,505.93,1,269959.19,,,,1.0547,0,0
noaa_right_whale_heads,aerien,<absent>../imgs/whale_77693/w_9181.jpg,,,1174.55,641.94,619.51,470.94,1,291752.04,,,,1.3155,0,0
noaa_right_whale_heads,aerien,<absent>../imgs/whale_77693/w_9330.jpg,,,2079.04,1640.3,992.09,1031.61,1,1023449.96,,,,0.9617,0,0
noaa_right_whale_heads,aerien,<absent>../imgs/whale_77693/w_940.jpg,,,1545.44,517.78,624.5,596.83,1,372720.34,,,,1.0464,0,0
noaa_right_whale_heads,aerien,<absent>../imgs/whale_77984/w_836.jpg,,,1280.62,553.36,407.11,446.64,1,181831.61,,,,0.9115,0,0
noaa_right_whale_heads,aerien,<absent>../imgs/whale_78280/w_1556.jpg,,,1323.53,408.32,614.83,633.61,1,389562.44,,,,0.9704,0,0
noaa_right_whale_heads,aerien,<absent>../imgs/whale_78280/w_2883.jpg,,,1135.07,742.29,499.3,426.07,1,212736.75,,,,1.1719,0,0
noaa_right_whale_heads,aerien,<absent>../imgs/whale_78280/w_2980.jpg,,,2498.01,521.74,770.75,893.27,1,688487.85,,,,0.8628,0,0
noaa_right_whale_heads,aerien,<absent>../imgs/whale_78280/w_3777.jpg,,,1704.36,770.89,412.07,308.35,1,127061.78,,,,1.3364,0,0
noaa_right_whale_heads,aerien,<absent>../imgs/whale_78280/w_4722.jpg,,,2287.43,1306.3,672.77,804.52,1,541256.92,,,,0.8362,0,0
noaa_right_whale_heads,aerien,<absent>../imgs/whale_78280/w_4825.jpg,,,1398.81,698.0,392.45,375.63,1,147415.99,,,,1.0448,0,0
noaa_right_whale_heads,aerien,<absent>../imgs/whale_78280/w_4884.jpg,,,1841.88,1798.41,924.89,699.6,1,647053.04,,,,1.322,0,0
noaa_right_whale_heads,aerien,<absent>../imgs/whale_78280/w_5551.jpg,,,2146.23,1154.14,743.08,806.32,1,599160.27,,,,0.9216,0,0
noaa_right_whale_heads,aerien,<absent>../imgs/whale_78280/w_5836.jpg,,,1192.12,1041.93,511.58,427.1,1,218495.82,,,,1.1978,0,0
noaa_right_whale_heads,aerien,<absent>../imgs/whale_78280/w_6045.jpg,,,1553.35,1308.29,762.84,691.69,1,527648.8,,,,1.1029,0,0
noaa_right_whale_heads,aerien,<absent>../imgs/whale_78280/w_6199.jpg,,,1382.03,1079.85,242.35,386.54,1,93677.97,,,,0.627,0,0
noaa_right_whale_heads,aerien,<absent>../imgs/whale_78280/w_664.jpg,,,1084.41,864.14,567.62,398.18,1,226014.93,,,,1.4255,0,0
noaa_right_whale_heads,aerien,<absent>../imgs/whale_78280/w_6664.jpg,,,2426.86,1399.2,581.02,584.98,1,339885.08,,,,0.9932,0,0
noaa_right_whale_heads,aerien,<absent>../imgs/whale_78280/w_6735.jpg,,,1424.04,633.53,479.35,535.42,1,256653.58,,,,0.8953,0,0
noaa_right_whale_heads,aerien,<absent>../imgs/whale_78280/w_6868.jpg,,,1159.27,671.15,567.9,436.48,1,247876.99,,,,1.3011,0,0
noaa_right_whale_heads,aerien,<absent>../imgs/whale_78280/w_7245.jpg,,,1314.15,840.12,380.16,384.86,1,146308.38,,,,0.9878,0,0
noaa_right_whale_heads,aerien,<absent>../imgs/whale_78280/w_7297.jpg,,,1470.35,584.98,482.21,450.59,1,217279.0,,,,1.0702,0,0
noaa_right_whale_heads,aerien,<absent>../imgs/whale_78280/w_8299.jpg,,,1600.44,868.28,1422.1,1304.76,1,1855499.2,,,,1.0899,0,0
noaa_right_whale_heads,aerien,<absent>../imgs/whale_78280/w_8339.jpg,,,1316.12,1033.81,298.22,224.66,1,66998.11,,,,1.3274,0,0
noaa_right_whale_heads,aerien,<absent>../imgs/whale_78280/w_8451.jpg,,,1675.54,699.31,619.53,596.06,1,369277.05,,,,1.0394,0,0
noaa_right_whale_heads,aerien,<absent>../imgs/whale_78280/w_8851.jpg,,,1375.16,1562.9,924.6,872.97,1,807148.06,,,,1.0591,0,0
noaa_right_whale_heads,aerien,<absent>../imgs/whale_78280/w_9146.jpg,,,2050.44,1564.46,1081.81,998.59,1,1080284.65,,,,1.0833,0,0
noaa_right_whale_heads,aerien,<absent>../imgs/whale_78280/w_929.jpg,,,1290.68,1032.54,572.59,450.56,1,257986.15,,,,1.2708,0,0
noaa_right_whale_heads,aerien,<absent>../imgs/whale_78280/w_971.jpg,,,964.42,426.87,577.07,525.69,1,303359.93,,,,1.0977,0,0
noaa_right_whale_heads,aerien,<absent>../imgs/whale_78372/w_1069.jpg,,,1373.58,869.0,569.05,563.45,1,320631.22,,,,1.0099,0,0
noaa_right_whale_heads,aerien,<absent>../imgs/whale_78372/w_1913.jpg,,,2351.76,2086.94,695.65,849.8,1,591163.37,,,,0.8186,0,0
noaa_right_whale_heads,aerien,<absent>../imgs/whale_78372/w_2460.jpg,,,1561.13,722.31,649.08,472.67,1,306800.64,,,,1.3732,0,0
noaa_right_whale_heads,aerien,<absent>../imgs/whale_78372/w_2579.jpg,,,2320.14,1513.82,549.4,525.69,1,288814.09,,,,1.0451,0,0
noaa_right_whale_heads,aerien,<absent>../imgs/whale_78372/w_3461.jpg,,,1324.1,1260.86,379.44,383.4,1,145477.3,,,,0.9897,0,0
noaa_right_whale_heads,aerien,<absent>../imgs/whale_78372/w_3994.jpg,,,1311.91,1202.58,462.53,448.52,1,207453.96,,,,1.0312,0,0
noaa_right_whale_heads,aerien,<absent>../imgs/whale_78372/w_5320.jpg,,,1604.4,1687.62,545.9,612.47,1,334347.37,,,,0.8913,0,0
noaa_right_whale_heads,aerien,<absent>../imgs/whale_78372/w_6500.jpg,,,2225.76,1143.71,602.69,644.74,1,388578.35,,,,0.9348,0,0
noaa_right_whale_heads,aerien,<absent>../imgs/whale_78372/w_7529.jpg,,,2226.86,948.66,805.53,642.43,1,517496.64,,,,1.2539,0,0
noaa_right_whale_heads,aerien,<absent>../imgs/whale_78372/w_8230.jpg,,,2257.52,1839.81,844.81,811.96,1,685951.93,,,,1.0405,0,0
noaa_right_whale_heads,aerien,<absent>../imgs/whale_78372/w_8327.jpg,,,3039.5,1339.91,525.69,557.31,1,292972.29,,,,0.9433,0,0
noaa_right_whale_heads,aerien,<absent>../imgs/whale_78372/w_8693.jpg,,,2208.94,1569.8,602.69,636.33,1,383509.73,,,,0.9471,0,0
noaa_right_whale_heads,aerien,<absent>../imgs/whale_78372/w_884.jpg,,,1196.98,370.03,678.38,487.76,1,330886.63,,,,1.3908,0,0
noaa_right_whale_heads,aerien,<absent>../imgs/whale_78372/w_894.jpg,,,815.74,669.97,571.86,462.53,1,264502.41,,,,1.2364,0,0
noaa_right_whale_heads,aerien,<absent>../imgs/whale_78395/w_1392.jpg,,,1620.3,550.7,306.17,236.58,1,72433.7,,,,1.2941,0,0
noaa_right_whale_heads,aerien,<absent>../imgs/whale_78395/w_3524.jpg,,,1801.24,1116.63,498.12,512.28,1,255176.91,,,,0.9724,0,0
noaa_right_whale_heads,aerien,<absent>../imgs/whale_78395/w_5442.jpg,,,1308.16,1145.05,572.53,479.32,1,274425.08,,,,1.1945,0,0
noaa_right_whale_heads,aerien,<absent>../imgs/whale_78395/w_6063.jpg,,,1318.14,1108.44,476.0,479.32,1,228156.32,,,,0.9931,0,0
noaa_right_whale_heads,aerien,<absent>../imgs/whale_78395/w_7121.jpg,,,1247.85,903.81,282.0,203.04,1,57257.28,,,,1.3889,0,0
noaa_right_whale_heads,aerien,<absent>../imgs/whale_78395/w_7877.jpg,,,912.05,732.3,632.44,509.28,1,322089.04,,,,1.2418,0,0
noaa_right_whale_heads,aerien,<absent>../imgs/whale_78395/w_8471.jpg,,,1316.12,1009.95,252.49,258.45,1,65256.04,,,,0.9769,0,0
noaa_right_whale_heads,aerien,<absent>../imgs/whale_78395/w_8750.jpg,,,1145.19,1041.93,539.74,422.4,1,227986.18,,,,1.2778,0,0
noaa_right_whale_heads,aerien,<absent>../imgs/whale_78395/w_9000.jpg,,,1171.68,336.19,422.74,555.88,1,234992.71,,,,0.7605,0,0
noaa_right_whale_heads,aerien,<absent>../imgs/whale_78565/w_1452.jpg,,,1458.49,1122.52,529.64,509.88,1,270052.84,,,,1.0388,0,0
noaa_right_whale_heads,aerien,<absent>../imgs/whale_78565/w_2660.jpg,,,1532.12,731.83,332.86,391.88,1,130441.18,,,,0.8494,0,0
noaa_right_whale_heads,aerien,<absent>../imgs/whale_78565/w_3618.jpg,,,1483.11,755.63,671.15,563.21,1,377998.39,,,,1.1917,0,0
noaa_right_whale_heads,aerien,<absent>../imgs/whale_78565/w_4129.jpg,,,1806.95,502.19,497.5,610.14,1,303544.65,,,,0.8154,0,0
noaa_right_whale_heads,aerien,<absent>../imgs/whale_78565/w_5838.jpg,,,1398.03,912.05,309.56,252.98,1,78312.49,,,,1.2237,0,0
noaa_right_whale_heads,aerien,<absent>../imgs/whale_78565/w_6095.jpg,,,1314.81,908.72,502.62,329.54,1,165633.39,,,,1.5252,0,0
noaa_right_whale_heads,aerien,<absent>../imgs/whale_78565/w_6866.jpg,,,1296.43,533.59,577.07,581.02,1,335289.21,,,,0.9932,0,0
noaa_right_whale_heads,aerien,<absent>../imgs/whale_78565/w_7537.jpg,,,1347.0,863.58,713.39,628.91,1,448658.1,,,,1.1343,0,0
noaa_right_whale_heads,aerien,<absent>../imgs/whale_78565/w_8394.jpg,,,1379.18,678.38,395.25,451.32,1,178384.23,,,,0.8758,0,0
noaa_right_whale_heads,aerien,<absent>../imgs/whale_78565/w_8878.jpg,,,1175.65,651.56,424.93,436.74,1,185583.93,,,,0.973,0,0
noaa_right_whale_heads,aerien,<absent>../imgs/whale_78565/w_9086.jpg,,,2215.28,1262.52,708.7,544.43,1,385837.54,,,,1.3017,0,0
noaa_right_whale_heads,aerien,<absent>../imgs/whale_78565/w_9152.jpg,,,1505.92,1035.57,418.97,343.87,1,144071.21,,,,1.2184,0,0
noaa_right_whale_heads,aerien,<absent>../imgs/whale_78628/w_4085.jpg,,,1551.15,918.7,632.44,585.84,1,370508.65,,,,1.0795,0,0
noaa_right_whale_heads,aerien,<absent>../imgs/whale_78628/w_508.jpg,,,1232.62,733.61,532.81,473.17,1,252109.71,,,,1.126,0,0
noaa_right_whale_heads,aerien,<absent>../imgs/whale_78628/w_705.jpg,,,1516.54,801.72,535.42,504.58,1,270162.22,,,,1.0611,0,0
noaa_right_whale_heads,aerien,<absent>../imgs/whale_78628/w_7253.jpg,,,797.93,840.42,814.45,620.87,1,505667.57,,,,1.3118,0,0
noaa_right_whale_heads,aerien,<absent>../imgs/whale_78628/w_8500.jpg,,,1189.72,964.42,774.7,541.5,1,419500.05,,,,1.4307,0,0
noaa_right_whale_heads,aerien,<absent>../imgs/whale_78628/w_8787.jpg,,,1098.81,411.06,766.79,466.4,1,357630.86,,,,1.6441,0,0
noaa_right_whale_heads,aerien,<absent>../imgs/whale_78785/w_1250.jpg,,,1638.19,882.72,606.37,423.47,1,256779.5,,,,1.4319,0,0
noaa_right_whale_heads,aerien,<absent>../imgs/whale_78785/w_1681.jpg,,,1484.57,822.17,485.98,542.57,1,263678.17,,,,0.8957,0,0
noaa_right_whale_heads,aerien,<absent>../imgs/whale_78785/w_251.jpg,,,875.83,1126.07,540.61,450.9,1,243761.05,,,,1.199,0,0
noaa_right_whale_heads,aerien,<absent>../imgs/whale_78785/w_2596.jpg,,,1033.81,1083.51,556.67,578.54,1,322055.86,,,,0.9622,0,0
noaa_right_whale_heads,aerien,<absent>../imgs/whale_78785/w_3001.jpg,,,1221.61,1025.22,489.31,412.75,1,201962.7,,,,1.1855,0,0
noaa_right_whale_heads,aerien,<absent>../imgs/whale_78785/w_5729.jpg,,,1640.71,826.26,651.56,455.62,1,296863.77,,,,1.4301,0,0
noaa_right_whale_heads,aerien,<absent>../imgs/whale_78785/w_6962.jpg,,,835.7,670.45,599.63,453.26,1,271788.29,,,,1.3229,0,0
noaa_right_whale_heads,aerien,<absent>../imgs/whale_78785/w_7927.jpg,,,1689.62,943.37,445.87,450.56,1,200891.19,,,,0.9896,0,0
noaa_right_whale_heads,aerien,<absent>../imgs/whale_78785/w_8303.jpg,,,1224.94,509.28,542.57,446.04,1,242007.92,,,,1.2164,0,0
noaa_right_whale_heads,aerien,<absent>../imgs/whale_78785/w_8392.jpg,,,1421.33,842.15,462.68,356.16,1,164788.11,,,,1.2991,0,0
noaa_right_whale_heads,aerien,<absent>../imgs/whale_78785/w_8762.jpg,,,1288.29,1069.6,411.54,318.1,1,130910.87,,,,1.2937,0,0
noaa_right_whale_heads,aerien,<absent>../imgs/whale_78785/w_9221.jpg,,,1252.96,735.17,537.55,403.16,1,216718.66,,,,1.3333,0,0
noaa_right_whale_heads,aerien,<absent>../imgs/whale_79166/w_1384.jpg,,,1777.24,1342.74,521.4,412.07,1,214853.3,,,,1.2653,0,0
noaa_right_whale_heads,aerien,<absent>../imgs/whale_79166/w_200.jpg,,,1201.64,535.91,778.9,532.58,1,414826.56,,,,1.4625,0,0
noaa_right_whale_heads,aerien,<absent>../imgs/whale_79166/w_2895.jpg,,,1214.95,932.02,748.94,655.74,1,491109.92,,,,1.1421,0,0
noaa_right_whale_heads,aerien,<absent>../imgs/whale_79166/w_3396.jpg,,,1508.51,1128.43,561.86,460.34,1,258646.63,,,,1.2205,0,0
noaa_right_whale_heads,aerien,<absent>../imgs/whale_79166/w_3667.jpg,,,922.03,822.17,629.11,525.93,1,330867.82,,,,1.1962,0,0
noaa_right_whale_heads,aerien,<absent>../imgs/whale_79166/w_416.jpg,,,1824.09,1278.2,642.43,402.77,1,258751.53,,,,1.595,0,0
noaa_right_whale_heads,aerien,<absent>../imgs/whale_79166/w_560.jpg,,,2070.37,620.87,519.36,422.57,1,219465.96,,,,1.2291,0,0
noaa_right_whale_heads,aerien,<absent>../imgs/whale_79166/w_5991.jpg,,,1229.24,940.7,403.16,596.83,1,240617.98,,,,0.6755,0,0
noaa_right_whale_heads,aerien,<absent>../imgs/whale_79166/w_6278.jpg,,,1591.14,753.08,526.44,439.1,1,231159.8,,,,1.1989,0,0
noaa_right_whale_heads,aerien,<absent>../imgs/whale_79166/w_8454.jpg,,,1086.95,920.94,438.73,411.06,1,180344.35,,,,1.0673,0,0
noaa_right_whale_heads,aerien,<absent>../imgs/whale_79166/w_9017.jpg,,,1192.17,946.66,384.8,295.09,1,113550.63,,,,1.304,0,0
noaa_right_whale_heads,aerien,<absent>../imgs/whale_79166/w_9143.jpg,,,1074.78,736.86,511.58,577.29,1,295330.02,,,,0.8862,0,0
noaa_right_whale_heads,aerien,<absent>../imgs/whale_79193/w_2154.jpg,,,1142.48,1092.32,596.32,479.29,1,285810.21,,,,1.2442,0,0
noaa_right_whale_heads,aerien,<absent>../imgs/whale_79193/w_3024.jpg,,,1091.79,1155.04,728.97,492.64,1,359119.78,,,,1.4797,0,0
noaa_right_whale_heads,aerien,<absent>../imgs/whale_79193/w_4998.jpg,,,1209.48,648.22,889.32,778.65,1,692469.02,,,,1.1421,0,0
noaa_right_whale_heads,aerien,<absent>../imgs/whale_79193/w_7919.jpg,,,1521.92,1046.43,328.16,269.56,1,88458.81,,,,1.2174,0,0
noaa_right_whale_heads,aerien,<absent>../imgs/whale_79193/w_8263.jpg,,,1647.68,1258.23,625.78,479.32,1,299948.87,,,,1.3056,0,0
noaa_right_whale_heads,aerien,<absent>../imgs/whale_79193/w_8815.jpg,,,1334.33,484.96,375.63,482.15,1,181110.0,,,,0.7791,0,0
noaa_right_whale_heads,aerien,<absent>../imgs/whale_79193/w_9075.jpg,,,853.75,671.93,577.07,498.02,1,287392.4,,,,1.1587,0,0
noaa_right_whale_heads,aerien,<absent>../imgs/whale_79199/w_2032.jpg,,,1551.15,1268.21,565.87,742.29,1,420039.64,,,,0.7623,0,0
noaa_right_whale_heads,aerien,<absent>../imgs/whale_79199/w_2642.jpg,,,1264.25,1042.8,398.06,650.35,1,258878.32,,,,0.6121,0,0
noaa_right_whale_heads,aerien,<absent>../imgs/whale_79199/w_2803.jpg,,,1451.29,968.63,532.58,359.49,1,191457.18,,,,1.4815,0,0
noaa_right_whale_heads,aerien,<absent>../imgs/whale_79199/w_3090.jpg,,,1337.61,1027.85,642.99,689.93,1,443618.09,,,,0.932,0,0
noaa_right_whale_heads,aerien,<absent>../imgs/whale_79199/w_4544.jpg,,,1205.53,422.92,735.17,584.98,1,430059.75,,,,1.2567,0,0
noaa_right_whale_heads,aerien,<absent>../imgs/whale_79199/w_4748.jpg,,,1741.25,675.85,704.01,633.61,1,446067.78,,,,1.1111,0,0
noaa_right_whale_heads,aerien,<absent>../imgs/whale_79199/w_4918.jpg,,,1487.8,680.54,704.01,525.66,1,370069.9,,,,1.3393,0,0
noaa_right_whale_heads,aerien,<absent>../imgs/whale_79199/w_5885.jpg,,,1375.16,549.13,610.14,516.27,1,314996.98,,,,1.1818,0,0
noaa_right_whale_heads,aerien,<absent>../imgs/whale_79199/w_6838.jpg,,,1393.93,807.26,628.91,671.15,1,422092.95,,,,0.9371,0,0
noaa_right_whale_heads,aerien,<absent>../imgs/whale_79199/w_7497.jpg,,,1257.83,816.65,610.14,619.53,1,378000.03,,,,0.9848,0,0
noaa_right_whale_heads,aerien,<absent>../imgs/whale_79199/w_7503.jpg,,,1168.35,495.97,645.76,818.85,1,528780.58,,,,0.7886,0,0
noaa_right_whale_heads,aerien,<absent>../imgs/whale_79199/w_7945.jpg,,,1237.15,549.4,711.46,573.12,1,407751.96,,,,1.2414,0,0
noaa_right_whale_heads,aerien,<absent>../imgs/whale_79199/w_8103.jpg,,,1404.69,725.64,718.99,542.57,1,390102.4,,,,1.3252,0,0
noaa_right_whale_heads,aerien,<absent>../imgs/whale_79199/w_8548.jpg,,,1564.2,546.63,759.67,641.94,1,487662.56,,,,1.1834,0,0
noaa_right_whale_heads,aerien,<absent>../imgs/whale_79199/w_8987.jpg,,,1325.92,734.44,681.18,560.64,1,381896.76,,,,1.215,0,0
noaa_right_whale_heads,aerien,<absent>../imgs/whale_79199/w_915.jpg,,,1054.01,417.68,557.84,386.84,1,215794.83,,,,1.442,0,0
noaa_right_whale_heads,aerien,<absent>../imgs/whale_79199/w_9160.jpg,,,1211.63,456.02,798.87,665.73,1,531831.73,,,,1.2,0,0
noaa_right_whale_heads,aerien,<absent>../imgs/whale_79199/w_974.jpg,,,1399.2,1043.47,786.56,845.84,1,665303.91,,,,0.9299,0,0
noaa_right_whale_heads,aerien,<absent>../imgs/whale_79439/w_3010.jpg,,,2801.95,1727.16,962.14,844.81,1,812825.49,,,,1.1389,0,0
noaa_right_whale_heads,aerien,<absent>../imgs/whale_79439/w_3094.jpg,,,1869.55,363.63,695.65,1067.19,1,742390.72,,,,0.6519,0,0
noaa_right_whale_heads,aerien,<absent>../imgs/whale_79439/w_3314.jpg,,,1498.01,1063.23,521.74,498.02,1,259836.95,,,,1.0476,0,0
noaa_right_whale_heads,aerien,<absent>../imgs/whale_79439/w_3877.jpg,,,1421.47,741.71,353.27,336.53,1,118885.95,,,,1.0497,0,0
noaa_right_whale_heads,aerien,<absent>../imgs/whale_79439/w_5177.jpg,,,1658.08,695.84,433.41,409.55,1,177503.07,,,,1.0583,0,0
noaa_right_whale_heads,aerien,<absent>../imgs/whale_79439/w_5587.jpg,,,1444.63,1021.89,366.15,306.23,1,112126.11,,,,1.1957,0,0
noaa_right_whale_heads,aerien,<absent>../imgs/whale_79439/w_7723.jpg,,,1234.93,795.55,392.78,292.92,1,115053.12,,,,1.3409,0,0
noaa_right_whale_heads,aerien,<absent>../imgs/whale_79439/w_9333.jpg,,,940.7,667.98,553.36,288.54,1,159666.49,,,,1.9178,0,0
noaa_right_whale_heads,aerien,<absent>../imgs/whale_79648/w_4758.jpg,,,1525.35,952.76,488.11,535.05,1,261163.26,,,,0.9123,0,0
noaa_right_whale_heads,aerien,<absent>../imgs/whale_79648/w_5635.jpg,,,2510.96,1126.41,915.21,741.55,1,678673.98,,,,1.2342,0,0
noaa_right_whale_heads,aerien,<absent>../imgs/whale_79648/w_6030.jpg,,,2595.44,1023.16,760.33,858.89,1,653039.83,,,,0.8852,0,0
noaa_right_whale_heads,aerien,<absent>../imgs/whale_79648/w_7287.jpg,,,928.69,738.96,609.14,695.69,1,423772.61,,,,0.8756,0,0
noaa_right_whale_heads,aerien,<absent>../imgs/whale_79648/w_8008.jpg,,,2418.96,1727.26,814.22,1023.71,1,833525.16,,,,0.7954,0,0
noaa_right_whale_heads,aerien,<absent>../imgs/whale_79648/w_9424.jpg,,,1427.99,842.15,356.16,419.41,1,149377.07,,,,0.8492,0,0
noaa_right_whale_heads,aerien,<absent>../imgs/whale_79823/w_1711.jpg,,,1162.05,976.28,743.08,573.12,1,425874.01,,,,1.2966,0,0
noaa_right_whale_heads,aerien,<absent>../imgs/whale_79823/w_216.jpg,,,1331.46,698.78,365.91,365.91,1,133890.13,,,,1.0,0,0
noaa_right_whale_heads,aerien,<absent>../imgs/whale_79823/w_2283.jpg,,,1128.32,609.9,616.0,506.22,1,311831.52,,,,1.2169,0,0
noaa_right_whale_heads,aerien,<absent>../imgs/whale_79823/w_2307.jpg,,,1171.68,622.46,828.83,828.83,1,686959.17,,,,1.0,0,0
noaa_right_whale_heads,aerien,<absent>../imgs/whale_79823/w_2717.jpg,,,757.8,812.09,691.7,547.69,1,378837.17,,,,1.2629,0,0
noaa_right_whale_heads,aerien,<absent>../imgs/whale_79823/w_3287.jpg,,,1302.21,805.18,435.39,324.06,1,141092.48,,,,1.3435,0,0
noaa_right_whale_heads,aerien,<absent>../imgs/whale_79823/w_3415.jpg,,,935.35,432.72,718.99,436.05,1,313515.59,,,,1.6489,0,0
noaa_right_whale_heads,aerien,<absent>../imgs/whale_79823/w_3563.jpg,,,1534.74,685.23,558.51,455.26,1,254267.26,,,,1.2268,0,0
noaa_right_whale_heads,aerien,<absent>../imgs/whale_79823/w_376.jpg,,,1201.57,1051.38,652.17,782.6,1,510388.24,,,,0.8333,0,0
noaa_right_whale_heads,aerien,<absent>../imgs/whale_79823/w_4134.jpg,,,1404.72,741.71,361.64,438.66,1,158637.0,,,,0.8244,0,0
noaa_right_whale_heads,aerien,<absent>../imgs/whale_79823/w_4154.jpg,,,868.78,785.56,625.78,449.37,1,281206.76,,,,1.3926,0,0
noaa_right_whale_heads,aerien,<absent>../imgs/whale_79823/w_5005.jpg,,,370.78,497.5,666.46,567.9,1,378482.63,,,,1.1736,0,0
noaa_right_whale_heads,aerien,<absent>../imgs/whale_79823/w_5221.jpg,,,845.47,905.39,609.14,605.81,1,369023.1,,,,1.0055,0,0
noaa_right_whale_heads,aerien,<absent>../imgs/whale_79823/w_5582.jpg,,,1047.74,696.64,674.34,535.02,1,360785.39,,,,1.2604,0,0
noaa_right_whale_heads,aerien,<absent>../imgs/whale_79823/w_5790.jpg,,,1051.85,582.51,605.81,522.6,1,316596.31,,,,1.1592,0,0
noaa_right_whale_heads,aerien,<absent>../imgs/whale_79823/w_6288.jpg,,,1191.65,778.9,489.31,419.41,1,205221.51,,,,1.1667,0,0
noaa_right_whale_heads,aerien,<absent>../imgs/whale_79823/w_6320.jpg,,,1373.58,933.47,580.27,527.01,1,305808.09,,,,1.1011,0,0
noaa_right_whale_heads,aerien,<absent>../imgs/whale_79823/w_651.jpg,,,1086.95,798.41,557.31,604.74,1,337027.65,,,,0.9216,0,0
noaa_right_whale_heads,aerien,<absent>../imgs/whale_79823/w_6520.jpg,,,1466.67,1004.57,627.86,490.56,1,308003.0,,,,1.2799,0,0
noaa_right_whale_heads,aerien,<absent>../imgs/whale_79823/w_8429.jpg,,,1391.29,928.85,525.69,415.02,1,218171.86,,,,1.2667,0,0
noaa_right_whale_heads,aerien,<absent>../imgs/whale_79823/w_9054.jpg,,,1062.42,445.71,641.94,602.69,1,386890.82,,,,1.0651,0,0
noaa_right_whale_heads,aerien,<absent>../imgs/whale_79823/w_9125.jpg,,,1516.54,1023.18,375.63,361.62,1,135835.32,,,,1.0387,0,0
noaa_right_whale_heads,aerien,<absent>../imgs/whale_79823/w_9267.jpg,,,1403.32,685.23,577.29,511.58,1,295330.02,,,,1.1284,0,0
noaa_right_whale_heads,aerien,<absent>../imgs/whale_79948/w_6459.jpg,,,1314.15,760.33,736.86,502.19,1,370043.72,,,,1.4673,0,0
noaa_right_whale_heads,aerien,<absent>../imgs/whale_79948/w_670.jpg,,,1477.3,566.25,361.62,476.55,1,172330.01,,,,0.7588,0,0
noaa_right_whale_heads,aerien,<absent>../imgs/whale_79948/w_9456.jpg,,,1148.38,599.16,392.78,565.87,1,222262.42,,,,0.6941,0,0
noaa_right_whale_heads,aerien,<absent>../imgs/whale_80124/w_3382.jpg,,,2388.34,1508.13,588.68,622.32,1,366347.34,,,,0.9459,0,0
noaa_right_whale_heads,aerien,<absent>../imgs/whale_80124/w_9298.jpg,,,1943.06,1408.01,807.26,802.57,1,647882.66,,,,1.0058,0,0
noaa_right_whale_heads,aerien,<absent>../imgs/whale_80247/w_1210.jpg,,,1288.18,818.85,535.91,452.7,1,242606.46,,,,1.1838,0,0
noaa_right_whale_heads,aerien,<absent>../imgs/whale_80247/w_1603.jpg,,,1031.59,925.06,510.19,395.25,1,201652.6,,,,1.2908,0,0
noaa_right_whale_heads,aerien,<absent>../imgs/whale_80247/w_288.jpg,,,1300.39,1173.9,608.69,545.45,1,332009.96,,,,1.1159,0,0
noaa_right_whale_heads,aerien,<absent>../imgs/whale_80247/w_3398.jpg,,,1182.73,689.93,732.17,638.3,1,467344.11,,,,1.1471,0,0
noaa_right_whale_heads,aerien,<absent>../imgs/whale_80247/w_3779.jpg,,,1393.93,1750.63,1065.4,1060.7,1,1130069.78,,,,1.0044,0,0
noaa_right_whale_heads,aerien,<absent>../imgs/whale_80247/w_4868.jpg,,,854.88,618.3,530.82,421.48,1,223730.01,,,,1.2594,0,0
noaa_right_whale_heads,aerien,<absent>../imgs/whale_80247/w_5302.jpg,,,2669.57,1011.91,802.2,722.31,1,579437.08,,,,1.1106,0,0
noaa_right_whale_heads,aerien,<absent>../imgs/whale_80247/w_5526.jpg,,,1162.05,996.04,565.21,640.31,1,361909.62,,,,0.8827,0,0
noaa_right_whale_heads,aerien,<absent>../imgs/whale_80247/w_5895.jpg,,,1752.01,983.93,787.71,650.35,1,512287.2,,,,1.2112,0,0
noaa_right_whale_heads,aerien,<absent>../imgs/whale_80247/w_7501.jpg,,,1388.04,699.01,482.65,522.6,1,252232.89,,,,0.9236,0,0
noaa_right_whale_heads,aerien,<absent>../imgs/whale_80247/w_7715.jpg,,,2402.21,1833.09,668.38,582.35,1,389231.09,,,,1.1477,0,0
noaa_right_whale_heads,aerien,<absent>../imgs/whale_80247/w_7918.jpg,,,956.52,1747.02,1086.95,980.23,1,1065461.0,,,,1.1089,0,0
noaa_right_whale_heads,aerien,<absent>../imgs/whale_80247/w_8281.jpg,,,938.68,314.46,896.44,858.89,1,769943.35,,,,1.0437,0,0
noaa_right_whale_heads,aerien,<absent>../imgs/whale_80247/w_8403.jpg,,,1595.86,869.31,626.41,626.41,1,392389.49,,,,1.0,0,0
noaa_right_whale_heads,aerien,<absent>../imgs/whale_80247/w_8897.jpg,,,1342.99,895.33,402.39,402.39,1,161917.71,,,,1.0,0,0
noaa_right_whale_heads,aerien,<absent>../imgs/whale_80247/w_9011.jpg,,,1028.55,682.37,515.94,515.94,1,266194.08,,,,1.0,0,0
noaa_right_whale_heads,aerien,<absent>../imgs/whale_80247/w_952.jpg,,,1064.69,670.45,457.98,439.1,1,201099.02,,,,1.043,0,0
noaa_right_whale_heads,aerien,<absent>../imgs/whale_80405/w_1308.jpg,,,1320.15,731.22,537.55,446.64,1,240091.33,,,,1.2035,0,0
noaa_right_whale_heads,aerien,<absent>../imgs/whale_80405/w_2002.jpg,,,980.92,854.2,704.01,506.89,1,356855.63,,,,1.3889,0,0
noaa_right_whale_heads,aerien,<absent>../imgs/whale_80405/w_2278.jpg,,,1501.22,1151.71,429.39,309.56,1,132921.97,,,,1.3871,0,0
noaa_right_whale_heads,aerien,<absent>../imgs/whale_80405/w_2699.jpg,,,1173.67,1145.21,430.29,329.83,1,141922.55,,,,1.3046,0,0
noaa_right_whale_heads,aerien,<absent>../imgs/whale_80405/w_3421.jpg,,,979.71,715.3,469.79,290.37,1,136412.92,,,,1.6179,0,0
noaa_right_whale_heads,aerien,<absent>../imgs/whale_80405/w_3869.jpg,,,1083.0,794.46,640.31,438.73,1,280923.21,,,,1.4595,0,0
noaa_right_whale_heads,aerien,<absent>../imgs/whale_80405/w_4183.jpg,,,992.34,720.43,398.06,386.84,1,153985.53,,,,1.029,0,0
noaa_right_whale_heads,aerien,<absent>../imgs/whale_80405/w_584.jpg,,,1434.64,835.49,422.74,312.89,1,132271.12,,,,1.3511,0,0
noaa_right_whale_heads,aerien,<absent>../imgs/whale_80405/w_6266.jpg,,,1033.84,688.71,277.63,282.23,1,78355.51,,,,0.9837,0,0
noaa_right_whale_heads,aerien,<absent>../imgs/whale_80405/w_7415.jpg,,,1647.38,1173.35,408.32,413.02,1,168644.33,,,,0.9886,0,0
noaa_right_whale_heads,aerien,<absent>../imgs/whale_80405/w_9184.jpg,,,1442.41,951.38,578.38,550.05,1,318137.92,,,,1.0515,0,0
noaa_right_whale_heads,aerien,<absent>../imgs/whale_80947/w_3629.jpg,,,1335.96,841.89,592.88,446.64,1,264803.92,,,,1.3274,0,0
noaa_right_whale_heads,aerien,<absent>../imgs/whale_80947/w_3690.jpg,,,2059.27,920.94,1142.28,1162.05,1,1327386.47,,,,0.983,0,0
noaa_right_whale_heads,aerien,<absent>../imgs/whale_80947/w_4281.jpg,,,1667.65,582.35,860.3,906.62,1,779965.19,,,,0.9489,0,0
noaa_right_whale_heads,aerien,<absent>../imgs/whale_80947/w_4615.jpg,,,2040.46,1051.85,888.75,895.4,1,795786.75,,,,0.9926,0,0
noaa_right_whale_heads,aerien,<absent>../imgs/whale_80947/w_5682.jpg,,,1619.22,821.34,535.05,436.48,1,233538.62,,,,1.2258,0,0
noaa_right_whale_heads,aerien,<absent>../imgs/whale_80947/w_5715.jpg,,,1401.36,912.05,495.97,416.08,1,206363.2,,,,1.192,0,0
noaa_right_whale_heads,aerien,<absent>../imgs/whale_80947/w_6331.jpg,,,1342.74,613.91,395.25,571.86,1,226027.67,,,,0.6912,0,0
noaa_right_whale_heads,aerien,<absent>../imgs/whale_80947/w_6348.jpg,,,1790.5,1671.93,798.41,849.8,1,678488.82,,,,0.9395,0,0
noaa_right_whale_heads,aerien,<absent>../imgs/whale_80947/w_6486.jpg,,,956.52,1292.48,525.69,426.87,1,224401.29,,,,1.2315,0,0
noaa_right_whale_heads,aerien,<absent>../imgs/whale_80947/w_7097.jpg,,,1516.46,920.6,319.37,203.62,1,65030.12,,,,1.5685,0,0
noaa_right_whale_heads,aerien,<absent>../imgs/whale_80947/w_7108.jpg,,,1241.1,1237.15,359.68,276.68,1,99516.26,,,,1.3,0,0
noaa_right_whale_heads,aerien,<absent>../imgs/whale_80947/w_7271.jpg,,,1353.96,748.46,549.43,577.46,1,317273.85,,,,0.9515,0,0
noaa_right_whale_heads,aerien,<absent>../imgs/whale_81136/w_2813.jpg,,,1450.26,1239.05,483.42,380.16,1,183776.95,,,,1.2716,0,0
noaa_right_whale_heads,aerien,<absent>../imgs/whale_81136/w_3054.jpg,,,2219.97,1553.51,591.37,699.31,1,413550.95,,,,0.8456,0,0
noaa_right_whale_heads,aerien,<absent>../imgs/whale_81136/w_3448.jpg,,,1980.61,1224.97,868.28,783.79,1,680549.18,,,,1.1078,0,0
noaa_right_whale_heads,aerien,<absent>../imgs/whale_81136/w_4542.jpg,,,868.78,579.18,462.68,466.01,1,215613.51,,,,0.9929,0,0
noaa_right_whale_heads,aerien,<absent>../imgs/whale_81136/w_5255.jpg,,,1189.81,601.99,481.59,441.46,1,212602.72,,,,1.0909,0,0
noaa_right_whale_heads,aerien,<absent>../imgs/whale_81136/w_6279.jpg,,,1268.41,906.57,332.01,409.55,1,135974.7,,,,0.8107,0,0
noaa_right_whale_heads,aerien,<absent>../imgs/whale_81136/w_6939.jpg,,,1011.91,575.85,612.47,389.45,1,238526.44,,,,1.5727,0,0
noaa_right_whale_heads,aerien,<absent>../imgs/whale_81136/w_7891.jpg,,,1398.03,542.57,469.34,342.85,1,160913.22,,,,1.3689,0,0
noaa_right_whale_heads,aerien,<absent>../imgs/whale_81136/w_8028.jpg,,,985.28,599.16,655.74,495.97,1,325227.37,,,,1.3221,0,0
noaa_right_whale_heads,aerien,<absent>../imgs/whale_81136/w_8039.jpg,,,1131.74,392.78,672.39,645.76,1,434202.57,,,,1.0412,0,0
noaa_right_whale_heads,aerien,<absent>../imgs/whale_81136/w_876.jpg,,,2205.52,1830.03,1027.66,841.89,1,865176.68,,,,1.2207,0,0
noaa_right_whale_heads,aerien,<absent>../imgs/whale_81136/w_9038.jpg,,,1000.75,748.46,479.35,448.52,1,214998.06,,,,1.0687,0,0
noaa_right_whale_heads,aerien,<absent>../imgs/whale_81136/w_9064.jpg,,,1277.6,865.15,583.47,452.69,1,264131.03,,,,1.2889,0,0
noaa_right_whale_heads,aerien,<absent>../imgs/whale_81768/w_1029.jpg,,,1675.88,1193.67,853.75,786.56,1,671525.6,,,,1.0854,0,0
noaa_right_whale_heads,aerien,<absent>../imgs/whale_81768/w_2139.jpg,,,2312.24,592.88,754.94,1003.95,1,757922.01,,,,0.752,0,0
noaa_right_whale_heads,aerien,<absent>../imgs/whale_81768/w_3232.jpg,,,1614.39,935.35,469.34,505.95,1,237462.57,,,,0.9276,0,0
noaa_right_whale_heads,aerien,<absent>../imgs/whale_81768/w_3512.jpg,,,1159.27,591.37,586.67,577.29,1,338678.72,,,,1.0162,0,0
noaa_right_whale_heads,aerien,<absent>../imgs/whale_81768/w_3941.jpg,,,312.89,1145.05,579.18,459.35,1,266046.33,,,,1.2609,0,0
noaa_right_whale_heads,aerien,<absent>../imgs/whale_81768/w_4324.jpg,,,865.45,932.02,902.06,669.06,1,603532.26,,,,1.3482,0,0
noaa_right_whale_heads,aerien,<absent>../imgs/whale_81768/w_4776.jpg,,,1537.54,557.31,509.88,509.88,1,259977.61,,,,1.0,0,0
noaa_right_whale_heads,aerien,<absent>../imgs/whale_81768/w_570.jpg,,,909.08,873.51,612.64,664.03,1,406811.34,,,,0.9226,0,0
noaa_right_whale_heads,aerien,<absent>../imgs/whale_81768/w_5782.jpg,,,3070.77,1075.61,624.19,785.8,1,490488.5,,,,0.7943,0,0
noaa_right_whale_heads,aerien,<absent>../imgs/whale_81768/w_5860.jpg,,,1237.15,940.7,573.12,640.31,1,366974.47,,,,0.8951,0,0
noaa_right_whale_heads,aerien,<absent>../imgs/whale_81768/w_6137.jpg,,,1471.69,667.17,549.43,532.61,1,292631.91,,,,1.0316,0,0
noaa_right_whale_heads,aerien,<absent>../imgs/whale_81768/w_653.jpg,,,2140.32,1058.51,812.19,718.99,1,583956.49,,,,1.1296,0,0
noaa_right_whale_heads,aerien,<absent>../imgs/whale_81768/w_6622.jpg,,,1258.65,983.93,546.63,546.63,1,298804.36,,,,1.0,0,0
noaa_right_whale_heads,aerien,<absent>../imgs/whale_81768/w_6751.jpg,,,1639.88,1090.45,759.67,599.89,1,455718.44,,,,1.2663,0,0
noaa_right_whale_heads,aerien,<absent>../imgs/whale_81768/w_7521.jpg,,,1291.32,797.93,679.89,502.84,1,341875.89,,,,1.3521,0,0
noaa_right_whale_heads,aerien,<absent>../imgs/whale_81818/w_1050.jpg,,,1231.6,456.02,542.57,695.69,1,377460.52,,,,0.7799,0,0
noaa_right_whale_heads,aerien,<absent>../imgs/whale_81818/w_2627.jpg,,,1248.83,776.68,611.43,590.18,1,360853.76,,,,1.036,0,0
noaa_right_whale_heads,aerien,<absent>../imgs/whale_81818/w_2935.jpg,,,861.65,992.09,537.55,371.54,1,199721.33,,,,1.4468,0,0
noaa_right_whale_heads,aerien,<absent>../imgs/whale_81818/w_3420.jpg,,,1004.38,811.96,530.35,577.29,1,306165.75,,,,0.9187,0,0
noaa_right_whale_heads,aerien,<absent>../imgs/whale_81818/w_4837.jpg,,,1365.77,976.22,384.86,389.55,1,149922.21,,,,0.988,0,0
noaa_right_whale_heads,aerien,<absent>../imgs/whale_81818/w_5369.jpg,,,1055.33,695.65,600.79,683.79,1,410814.19,,,,0.8786,0,0
noaa_right_whale_heads,aerien,<absent>../imgs/whale_81875/w_1136.jpg,,,2163.65,1403.32,1210.89,995.0,1,1204835.55,,,,1.217,0,0
noaa_right_whale_heads,aerien,<absent>../imgs/whale_81875/w_1529.jpg,,,1722.94,523.71,490.82,516.12,1,253322.02,,,,0.951,0,0
noaa_right_whale_heads,aerien,<absent>../imgs/whale_81875/w_323.jpg,,,1373.78,648.12,658.06,489.07,1,321837.4,,,,1.3455,0,0
noaa_right_whale_heads,aerien,<absent>../imgs/whale_81875/w_407.jpg,,,2006.31,992.01,735.65,819.24,1,602673.91,,,,0.898,0,0
noaa_right_whale_heads,aerien,<absent>../imgs/whale_81875/w_4363.jpg,,,1320.82,518.3,624.19,479.29,1,299168.03,,,,1.3023,0,0
noaa_right_whale_heads,aerien,<absent>../imgs/whale_81875/w_5051.jpg,,,1211.06,748.35,512.28,361.19,1,185030.41,,,,1.4183,0,0
noaa_right_whale_heads,aerien,<absent>../imgs/whale_81875/w_5780.jpg,,,1083.0,588.93,762.84,557.31,1,425138.36,,,,1.3688,0,0
noaa_right_whale_heads,aerien,<absent>../imgs/whale_81875/w_6118.jpg,,,1220.28,849.5,642.99,469.34,1,301780.93,,,,1.37,0,0
noaa_right_whale_heads,aerien,<absent>../imgs/whale_81875/w_6217.jpg,,,1568.8,818.72,547.49,442.01,1,241996.05,,,,1.2386,0,0
noaa_right_whale_heads,aerien,<absent>../imgs/whale_81875/w_68.jpg,,,2407.1,1260.86,1003.95,667.98,1,670618.52,,,,1.503,0,0
noaa_right_whale_heads,aerien,<absent>../imgs/whale_81875/w_7392.jpg,,,1187.07,869.4,367.82,384.54,1,141441.5,,,,0.9565,0,0
noaa_right_whale_heads,aerien,<absent>../imgs/whale_81875/w_7962.jpg,,,1035.57,869.56,664.03,474.3,1,314949.43,,,,1.4,0,0
noaa_right_whale_heads,aerien,<absent>../imgs/whale_81875/w_8086.jpg,,,1110.66,193.67,596.83,553.36,1,330261.85,,,,1.0786,0,0
noaa_right_whale_heads,aerien,<absent>../imgs/whale_81875/w_8198.jpg,,,1210.89,901.13,671.15,478.73,1,321299.64,,,,1.4019,0,0
noaa_right_whale_heads,aerien,<absent>../imgs/whale_81875/w_869.jpg,,,2580.34,1114.62,1081.18,880.55,1,952033.05,,,,1.2278,0,0
noaa_right_whale_heads,aerien,<absent>../imgs/whale_81915/w_5471.jpg,,,2094.01,1160.53,720.43,751.26,1,541230.24,,,,0.959,0,0
noaa_right_whale_heads,aerien,<absent>../imgs/whale_81960/w_1234.jpg,,,738.91,335.22,587.82,488.67,1,287250.0,,,,1.2029,0,0
noaa_right_whale_heads,aerien,<absent>../imgs/whale_81960/w_3192.jpg,,,1426.79,704.01,361.39,384.86,1,139084.56,,,,0.939,0,0
noaa_right_whale_heads,aerien,<absent>../imgs/whale_81960/w_5275.jpg,,,1359.79,873.47,630.32,472.15,1,297605.59,,,,1.335,0,0
noaa_right_whale_heads,aerien,<absent>../imgs/whale_81960/w_5327.jpg,,,1192.12,736.86,596.06,586.67,1,349690.52,,,,1.016,0,0
noaa_right_whale_heads,aerien,<absent>../imgs/whale_81960/w_5430.jpg,,,1553.37,743.63,498.12,361.19,1,179915.96,,,,1.3791,0,0
noaa_right_whale_heads,aerien,<absent>../imgs/whale_81960/w_5448.jpg,,,1953.91,1035.21,452.7,509.28,1,230551.06,,,,0.8889,0,0
noaa_right_whale_heads,aerien,<absent>../imgs/whale_81960/w_7103.jpg,,,1363.63,770.75,501.97,403.16,1,202374.23,,,,1.2451,0,0
noaa_right_whale_heads,aerien,<absent>../imgs/whale_81960/w_7513.jpg,,,1648.21,952.56,407.11,403.16,1,164130.47,,,,1.0098,0,0
noaa_right_whale_heads,aerien,<absent>../imgs/whale_81960/w_8496.jpg,,,1914.6,1059.62,445.71,510.19,1,227396.78,,,,0.8736,0,0
noaa_right_whale_heads,aerien,<absent>../imgs/whale_82064/w_1054.jpg,,,602.48,1354.76,758.93,565.87,1,429455.72,,,,1.3412,0,0
noaa_right_whale_heads,aerien,<absent>../imgs/whale_82064/w_3810.jpg,,,1140.49,919.9,694.62,474.03,1,329270.72,,,,1.4654,0,0
noaa_right_whale_heads,aerien,<absent>../imgs/whale_82064/w_4087.jpg,,,1415.01,703.55,498.02,446.64,1,222435.65,,,,1.115,0,0
noaa_right_whale_heads,aerien,<absent>../imgs/whale_82064/w_4277.jpg,,,1196.84,926.45,367.8,343.94,1,126501.13,,,,1.0694,0,0
noaa_right_whale_heads,aerien,<absent>../imgs/whale_82064/w_5536.jpg,,,1102.76,592.88,525.69,616.6,1,324140.45,,,,0.8526,0,0
noaa_right_whale_heads,aerien,<absent>../imgs/whale_82064/w_6053.jpg,,,685.7,948.66,489.31,376.14,1,184049.06,,,,1.3009,0,0
noaa_right_whale_heads,aerien,<absent>../imgs/whale_82064/w_7502.jpg,,,1246.54,642.16,499.01,409.55,1,204369.55,,,,1.2184,0,0
noaa_right_whale_heads,aerien,<absent>../imgs/whale_82064/w_888.jpg,,,1418.0,765.59,675.71,552.55,1,373363.56,,,,1.2229,0,0
noaa_right_whale_heads,aerien,<absent>../imgs/whale_82064/w_8947.jpg,,,1330.09,986.98,449.01,393.94,1,176883.0,,,,1.1398,0,0
noaa_right_whale_heads,aerien,<absent>../imgs/whale_82089/w_1040.jpg,,,1117.03,1201.51,389.55,323.84,1,126151.87,,,,1.2029,0,0
noaa_right_whale_heads,aerien,<absent>../imgs/whale_82089/w_1491.jpg,,,1630.22,828.15,488.13,362.97,1,177176.55,,,,1.3448,0,0
noaa_right_whale_heads,aerien,<absent>../imgs/whale_82089/w_1713.jpg,,,1204.97,1018.56,436.05,402.77,1,175627.86,,,,1.0826,0,0
noaa_right_whale_heads,aerien,<absent>../imgs/whale_82089/w_2223.jpg,,,1796.52,783.76,580.74,587.82,1,341370.59,,,,0.988,0,0
noaa_right_whale_heads,aerien,<absent>../imgs/whale_82089/w_3216.jpg,,,1110.08,891.42,476.55,361.62,1,172330.01,,,,1.3178,0,0
noaa_right_whale_heads,aerien,<absent>../imgs/whale_82089/w_3434.jpg,,,1393.93,1098.25,464.64,375.47,1,174458.38,,,,1.2375,0,0
noaa_right_whale_heads,aerien,<absent>../imgs/whale_82089/w_3455.jpg,,,1624.49,691.69,501.97,351.78,1,176583.01,,,,1.4269,0,0
noaa_right_whale_heads,aerien,<absent>../imgs/whale_82089/w_3679.jpg,,,1637.99,638.3,506.89,478.73,1,242663.45,,,,1.0588,0,0
noaa_right_whale_heads,aerien,<absent>../imgs/whale_82089/w_5196.jpg,,,1166.14,532.61,378.43,574.66,1,217468.58,,,,0.6585,0,0
noaa_right_whale_heads,aerien,<absent>../imgs/whale_82089/w_5748.jpg,,,1407.57,1153.1,335.99,210.74,1,70806.53,,,,1.5943,0,0
noaa_right_whale_heads,aerien,<absent>../imgs/whale_82089/w_5805.jpg,,,1234.36,957.45,408.32,450.56,1,183972.66,,,,0.9062,0,0
noaa_right_whale_heads,aerien,<absent>../imgs/whale_82089/w_5918.jpg,,,1464.34,905.82,563.21,469.34,1,264336.98,,,,1.2,0,0
noaa_right_whale_heads,aerien,<absent>../imgs/whale_82089/w_674.jpg,,,521.74,67.19,426.87,391.3,1,167034.23,,,,1.0909,0,0
noaa_right_whale_heads,aerien,<absent>../imgs/whale_82089/w_6802.jpg,,,1267.72,1059.97,460.34,424.93,1,195612.28,,,,1.0833,0,0
noaa_right_whale_heads,aerien,<absent>../imgs/whale_82089/w_6806.jpg,,,1477.16,890.67,351.89,328.04,1,115434.0,,,,1.0727,0,0
noaa_right_whale_heads,aerien,<absent>../imgs/whale_82089/w_8080.jpg,,,1362.37,1098.86,344.8,327.98,1,113087.5,,,,1.0513,0,0
noaa_right_whale_heads,aerien,<absent>../imgs/whale_82387/w_1026.jpg,,,1268.77,869.56,462.45,509.88,1,235794.01,,,,0.907,0,0
noaa_right_whale_heads,aerien,<absent>../imgs/whale_82387/w_1033.jpg,,,882.36,403.63,638.3,506.89,1,323547.89,,,,1.2592,0,0
noaa_right_whale_heads,aerien,<absent>../imgs/whale_82387/w_1242.jpg,,,1205.76,977.45,759.84,560.07,1,425563.59,,,,1.3567,0,0
noaa_right_whale_heads,aerien,<absent>../imgs/whale_82387/w_1853.jpg,,,1800.11,1226.08,1220.51,902.84,1,1101925.25,,,,1.3519,0,0
noaa_right_whale_heads,aerien,<absent>../imgs/whale_82387/w_1887.jpg,,,714.82,1028.78,625.12,501.78,1,313672.71,,,,1.2458,0,0
noaa_right_whale_heads,aerien,<absent>../imgs/whale_82387/w_2296.jpg,,,976.28,1090.9,426.87,486.16,1,207527.12,,,,0.878,0,0
noaa_right_whale_heads,aerien,<absent>../imgs/whale_82387/w_2706.jpg,,,2441.01,1805.68,886.12,724.5,1,641993.94,,,,1.2231,0,0
noaa_right_whale_heads,aerien,<absent>../imgs/whale_82387/w_32.jpg,,,1269.86,428.89,487.76,322.37,1,157239.19,,,,1.513,0,0
noaa_right_whale_heads,aerien,<absent>../imgs/whale_82387/w_3294.jpg,,,1204.79,731.62,552.69,437.38,1,241735.55,,,,1.2636,0,0
noaa_right_whale_heads,aerien,<absent>../imgs/whale_82387/w_3713.jpg,,,1312.15,944.35,556.67,552.69,1,307665.94,,,,1.0072,0,0
noaa_right_whale_heads,aerien,<absent>../imgs/whale_82387/w_606.jpg,,,1047.42,881.42,660.07,525.69,1,346992.2,,,,1.2556,0,0
noaa_right_whale_heads,aerien,<absent>../imgs/whale_82387/w_7873.jpg,,,1154.57,821.34,417.71,567.9,1,237217.51,,,,0.7355,0,0
noaa_right_whale_heads,aerien,<absent>../imgs/whale_82387/w_854.jpg,,,1145.19,657.07,638.3,497.5,1,317554.25,,,,1.283,0,0
noaa_right_whale_heads,aerien,<absent>../imgs/whale_82387/w_9414.jpg,,,1747.02,1272.72,956.52,762.84,1,729671.72,,,,1.2539,0,0
noaa_right_whale_heads,aerien,<absent>../imgs/whale_82548/w_1934.jpg,,,1837.93,1537.54,774.7,881.42,1,682836.07,,,,0.8789,0,0
noaa_right_whale_heads,aerien,<absent>../imgs/whale_82548/w_230.jpg,,,1399.62,827.05,322.07,320.08,1,103088.17,,,,1.0062,0,0
noaa_right_whale_heads,aerien,<absent>../imgs/whale_82548/w_2671.jpg,,,1051.32,971.53,619.53,455.26,1,282047.23,,,,1.3608,0,0
noaa_right_whale_heads,aerien,<absent>../imgs/whale_82548/w_3098.jpg,,,805.53,386.12,665.73,519.27,1,345693.62,,,,1.282,0,0
noaa_right_whale_heads,aerien,<absent>../imgs/whale_82548/w_369.jpg,,,874.6,1213.79,566.25,490.56,1,277779.6,,,,1.1543,0,0
noaa_right_whale_heads,aerien,<absent>../imgs/whale_82548/w_4058.jpg,,,1687.74,1233.19,727.27,711.46,1,517423.51,,,,1.0222,0,0
noaa_right_whale_heads,aerien,<absent>../imgs/whale_82548/w_4604.jpg,,,1055.33,387.35,620.55,636.36,1,394893.2,,,,0.9752,0,0
noaa_right_whale_heads,aerien,<absent>../imgs/whale_82548/w_5075.jpg,,,1284.58,1750.98,762.84,881.42,1,672382.43,,,,0.8655,0,0
noaa_right_whale_heads,aerien,<absent>../imgs/whale_82548/w_5100.jpg,,,1711.45,794.46,470.35,525.69,1,247258.29,,,,0.8947,0,0
noaa_right_whale_heads,aerien,<absent>../imgs/whale_82548/w_5487.jpg,,,982.74,923.44,792.13,571.86,1,452987.46,,,,1.3852,0,0
noaa_right_whale_heads,aerien,<absent>../imgs/whale_82548/w_6052.jpg,,,562.54,1401.36,602.48,515.94,1,310843.53,,,,1.1677,0,0
noaa_right_whale_heads,aerien,<absent>../imgs/whale_82548/w_6228.jpg,,,1351.77,841.89,509.88,403.16,1,205563.22,,,,1.2647,0,0
noaa_right_whale_heads,aerien,<absent>../imgs/whale_82548/w_7117.jpg,,,1292.96,780.23,501.58,384.54,1,192877.57,,,,1.3044,0,0
noaa_right_whale_heads,aerien,<absent>../imgs/whale_82548/w_7711.jpg,,,1562.9,1623.91,1032.54,1018.46,1,1051600.69,,,,1.0138,0,0
noaa_right_whale_heads,aerien,<absent>../imgs/whale_82548/w_790.jpg,,,1068.03,888.62,703.61,571.86,1,402366.41,,,,1.2304,0,0
noaa_right_whale_heads,aerien,<absent>../imgs/whale_82548/w_8248.jpg,,,1750.98,897.23,588.93,723.32,1,425984.85,,,,0.8142,0,0
noaa_right_whale_heads,aerien,<absent>../imgs/whale_82548/w_8344.jpg,,,1359.52,719.94,304.72,326.49,1,99488.03,,,,0.9333,0,0
noaa_right_whale_heads,aerien,<absent>../imgs/whale_82548/w_8668.jpg,,,2223.66,2641.64,813.67,780.23,1,634849.74,,,,1.0429,0,0
noaa_right_whale_heads,aerien,<absent>../imgs/whale_82548/w_902.jpg,,,2130.89,2183.83,1098.53,1098.53,1,1206768.16,,,,1.0,0,0
noaa_right_whale_heads,aerien,<absent>../imgs/whale_82554/w_130.jpg,,,1344.77,725.64,712.33,515.94,1,367519.54,,,,1.3806,0,0
noaa_right_whale_heads,aerien,<absent>../imgs/whale_82554/w_132.jpg,,,2290.37,1041.93,549.13,661.77,1,363397.76,,,,0.8298,0,0
noaa_right_whale_heads,aerien,<absent>../imgs/whale_82554/w_2882.jpg,,,1667.65,932.02,565.87,429.39,1,242978.92,,,,1.3178,0,0
noaa_right_whale_heads,aerien,<absent>../imgs/whale_82554/w_3351.jpg,,,1014.77,1177.35,563.45,557.84,1,314314.95,,,,1.0101,0,0
noaa_right_whale_heads,aerien,<absent>../imgs/whale_82554/w_3579.jpg,,,1703.55,1031.61,474.3,403.16,1,191218.79,,,,1.1765,0,0
noaa_right_whale_heads,aerien,<absent>../imgs/whale_82554/w_4004.jpg,,,928.85,1288.53,407.11,426.87,1,173783.05,,,,0.9537,0,0
noaa_right_whale_heads,aerien,<absent>../imgs/whale_82554/w_4256.jpg,,,2609.65,955.32,762.26,712.33,1,542980.67,,,,1.0701,0,0
noaa_right_whale_heads,aerien,<absent>../imgs/whale_82554/w_5119.jpg,,,1703.55,1608.68,1280.62,1138.33,1,1457768.16,,,,1.125,0,0
noaa_right_whale_heads,aerien,<absent>../imgs/whale_82554/w_5592.jpg,,,1196.98,683.99,308.35,361.62,1,111505.53,,,,0.8527,0,0
noaa_right_whale_heads,aerien,<absent>../imgs/whale_82554/w_6342.jpg,,,1920.94,1592.87,1272.72,1015.8,1,1292828.98,,,,1.2529,0,0
noaa_right_whale_heads,aerien,<absent>../imgs/whale_82554/w_6588.jpg,,,2201.37,2741.96,1081.18,679.92,1,735115.91,,,,1.5902,0,0
noaa_right_whale_heads,aerien,<absent>../imgs/whale_82554/w_7012.jpg,,,1288.46,1029.24,338.99,375.8,1,127392.44,,,,0.902,0,0
noaa_right_whale_heads,aerien,<absent>../imgs/whale_82554/w_7846.jpg,,,1797.57,1736.55,919.9,704.01,1,647618.8,,,,1.3067,0,0
noaa_right_whale_heads,aerien,<absent>../imgs/whale_82554/w_8066.jpg,,,1267.21,1051.32,384.86,356.7,1,137279.56,,,,1.0789,0,0
noaa_right_whale_heads,aerien,<absent>../imgs/whale_82554/w_853.jpg,,,1588.92,1007.9,581.02,529.64,1,307731.43,,,,1.097,0,0
noaa_right_whale_heads,aerien,<absent>../imgs/whale_82602/w_2109.jpg,,,1239.02,846.57,549.43,431.7,1,237188.93,,,,1.2727,0,0
noaa_right_whale_heads,aerien,<absent>../imgs/whale_82602/w_2557.jpg,,,1494.0,865.11,346.66,444.83,1,154204.77,,,,0.7793,0,0
noaa_right_whale_heads,aerien,<absent>../imgs/whale_82602/w_3406.jpg,,,1508.51,398.96,316.34,328.14,1,103803.81,,,,0.964,0,0
noaa_right_whale_heads,aerien,<absent>../imgs/whale_82602/w_4562.jpg,,,1079.04,810.27,490.12,699.6,1,342887.95,,,,0.7006,0,0
noaa_right_whale_heads,aerien,<absent>../imgs/whale_82602/w_4864.jpg,,,1440.87,413.02,572.59,732.17,1,419233.22,,,,0.782,0,0
noaa_right_whale_heads,aerien,<absent>../imgs/whale_82602/w_5757.jpg,,,1292.48,739.13,648.22,644.26,1,417622.22,,,,1.0061,0,0
noaa_right_whale_heads,aerien,<absent>../imgs/whale_82602/w_5970.jpg,,,1355.72,762.84,517.78,367.59,1,190330.75,,,,1.4086,0,0
noaa_right_whale_heads,aerien,<absent>../imgs/whale_82602/w_6412.jpg,,,1426.87,885.37,458.49,403.16,1,184844.83,,,,1.1372,0,0
noaa_right_whale_heads,aerien,<absent>../imgs/whale_82602/w_717.jpg,,,1513.23,852.23,457.98,517.0,1,236775.66,,,,0.8858,0,0
noaa_right_whale_heads,aerien,<absent>../imgs/whale_82602/w_7438.jpg,,,1106.71,1126.47,968.37,640.31,1,620056.99,,,,1.5123,0,0
noaa_right_whale_heads,aerien,<absent>../imgs/whale_82602/w_7752.jpg,,,1478.42,811.96,605.45,572.59,1,346674.62,,,,1.0574,0,0
noaa_right_whale_heads,aerien,<absent>../imgs/whale_82602/w_9377.jpg,,,1153.1,570.58,584.5,576.55,1,336993.47,,,,1.0138,0,0
noaa_right_whale_heads,aerien,<absent>../imgs/whale_83157/w_6131.jpg,,,1997.18,1557.8,715.66,768.92,1,550285.29,,,,0.9307,0,0
noaa_right_whale_heads,aerien,<absent>../imgs/whale_83157/w_7804.jpg,,,2172.5,1272.66,712.02,622.32,1,443104.29,,,,1.1441,0,0
noaa_right_whale_heads,aerien,<absent>../imgs/whale_83791/w_1245.jpg,,,1294.25,846.93,469.19,379.73,1,178165.52,,,,1.2356,0,0
noaa_right_whale_heads,aerien,<absent>../imgs/whale_83791/w_5189.jpg,,,620.55,723.32,703.55,596.83,1,419899.75,,,,1.1788,0,0
noaa_right_whale_heads,aerien,<absent>../imgs/whale_83791/w_6303.jpg,,,961.98,932.02,585.84,625.78,1,366606.96,,,,0.9362,0,0
noaa_right_whale_heads,aerien,<absent>../imgs/whale_83791/w_7550.jpg,,,1510.96,1053.69,369.79,298.22,1,110278.77,,,,1.24,0,0
noaa_right_whale_heads,aerien,<absent>../imgs/whale_83791/w_7777.jpg,,,1220.28,553.82,713.39,638.3,1,455356.84,,,,1.1176,0,0
noaa_right_whale_heads,aerien,<absent>../imgs/whale_83791/w_7930.jpg,,,1278.2,572.53,592.5,715.66,1,424028.55,,,,0.8279,0,0
noaa_right_whale_heads,aerien,<absent>../imgs/whale_83791/w_8613.jpg,,,945.35,826.42,664.79,643.45,1,427759.13,,,,1.0332,0,0
noaa_right_whale_heads,aerien,<absent>../imgs/whale_83791/w_8624.jpg,,,918.7,276.28,532.58,569.2,1,303144.54,,,,0.9357,0,0
noaa_right_whale_heads,aerien,<absent>../imgs/whale_83892/w_1124.jpg,,,943.37,647.69,577.29,403.63,1,233011.56,,,,1.4302,0,0
noaa_right_whale_heads,aerien,<absent>../imgs/whale_83892/w_1263.jpg,,,1140.19,738.36,440.34,272.91,1,120173.19,,,,1.6135,0,0
noaa_right_whale_heads,aerien,<absent>../imgs/whale_83892/w_1825.jpg,,,1487.26,668.09,368.28,488.67,1,179967.39,,,,0.7536,0,0
noaa_right_whale_heads,aerien,<absent>../imgs/whale_83892/w_2067.jpg,,,838.82,442.71,772.24,662.4,1,511531.78,,,,1.1658,0,0
noaa_right_whale_heads,aerien,<absent>../imgs/whale_83892/w_2212.jpg,,,1241.1,1379.44,426.87,482.21,1,205840.98,,,,0.8852,0,0
noaa_right_whale_heads,aerien,<absent>../imgs/whale_83892/w_2573.jpg,,,978.62,476.0,589.17,625.78,1,368690.8,,,,0.9415,0,0
noaa_right_whale_heads,aerien,<absent>../imgs/whale_83892/w_2606.jpg,,,1369.86,377.21,622.06,622.06,1,386958.64,,,,1.0,0,0
noaa_right_whale_heads,aerien,<absent>../imgs/whale_83892/w_2905.jpg,,,1300.07,642.99,506.89,511.58,1,259314.79,,,,0.9908,0,0
noaa_right_whale_heads,aerien,<absent>../imgs/whale_83892/w_3885.jpg,,,1561.13,1318.14,539.24,459.35,1,247699.89,,,,1.1739,0,0
noaa_right_whale_heads,aerien,<absent>../imgs/whale_83892/w_5308.jpg,,,1504.55,452.7,542.57,505.95,1,274513.29,,,,1.0724,0,0
noaa_right_whale_heads,aerien,<absent>../imgs/whale_83892/w_5903.jpg,,,1194.85,1157.07,660.05,642.16,1,423857.71,,,,1.0279,0,0
noaa_right_whale_heads,aerien,<absent>../imgs/whale_83892/w_7042.jpg,,,1431.32,988.61,456.02,389.45,1,177596.99,,,,1.1709,0,0
noaa_right_whale_heads,aerien,<absent>../imgs/whale_83892/w_7466.jpg,,,984.18,573.12,588.93,584.98,1,344512.27,,,,1.0068,0,0
noaa_right_whale_heads,aerien,<absent>../imgs/whale_83892/w_783.jpg,,,1173.35,708.7,558.51,516.27,1,288341.96,,,,1.0818,0,0
noaa_right_whale_heads,aerien,<absent>../imgs/whale_83892/w_7875.jpg,,,948.06,1234.36,586.67,506.89,1,297377.16,,,,1.1574,0,0
noaa_right_whale_heads,aerien,<absent>../imgs/whale_83892/w_8436.jpg,,,1446.46,1143.71,431.7,400.86,1,173051.26,,,,1.0769,0,0
noaa_right_whale_heads,aerien,<absent>../imgs/whale_83892/w_9053.jpg,,,1117.03,1309.45,577.29,488.11,1,281781.02,,,,1.1827,0,0
noaa_right_whale_heads,aerien,<absent>../imgs/whale_83892/w_9151.jpg,,,1541.49,1031.61,458.49,490.12,1,224715.12,,,,0.9355,0,0
noaa_right_whale_heads,aerien,<absent>../imgs/whale_84178/w_1983.jpg,,,1467.22,469.19,614.32,632.22,1,388385.39,,,,0.9717,0,0
noaa_right_whale_heads,aerien,<absent>../imgs/whale_84178/w_3126.jpg,,,1202.58,440.11,482.15,493.37,1,237878.35,,,,0.9773,0,0
noaa_right_whale_heads,aerien,<absent>../imgs/whale_84178/w_4354.jpg,,,1408.01,600.75,614.83,563.21,1,346278.4,,,,1.0917,0,0
noaa_right_whale_heads,aerien,<absent>../imgs/whale_84178/w_536.jpg,,,1314.71,470.94,639.13,529.81,1,338617.47,,,,1.2063,0,0
noaa_right_whale_heads,aerien,<absent>../imgs/whale_84178/w_6013.jpg,,,1363.47,947.52,469.53,423.0,1,198611.19,,,,1.11,0,0
noaa_right_whale_heads,aerien,<absent>../imgs/whale_84178/w_6414.jpg,,,539.24,1108.44,622.46,485.98,1,302503.11,,,,1.2808,0,0
noaa_right_whale_heads,aerien,<absent>../imgs/whale_84178/w_6449.jpg,,,1182.73,872.97,506.89,333.23,1,168910.95,,,,1.5211,0,0
noaa_right_whale_heads,aerien,<absent>../imgs/whale_84178/w_6881.jpg,,,1281.88,738.91,528.81,564.22,1,298365.18,,,,0.9372,0,0
noaa_right_whale_heads,aerien,<absent>../imgs/whale_84178/w_7339.jpg,,,1314.93,821.54,609.07,410.77,1,250187.68,,,,1.4828,0,0
noaa_right_whale_heads,aerien,<absent>../imgs/whale_84178/w_7982.jpg,,,1339.91,727.27,490.12,422.92,1,207281.55,,,,1.1589,0,0
noaa_right_whale_heads,aerien,<absent>../imgs/whale_84178/w_8042.jpg,,,1365.17,843.77,636.33,549.43,1,349618.79,,,,1.1582,0,0
noaa_right_whale_heads,aerien,<absent>../imgs/whale_84178/w_8224.jpg,,,1412.82,838.16,347.6,400.86,1,139338.94,,,,0.8671,0,0
noaa_right_whale_heads,aerien,<absent>../imgs/whale_84178/w_9047.jpg,,,1045.19,379.47,659.07,639.1,1,421211.64,,,,1.0312,0,0
noaa_right_whale_heads,aerien,<absent>../imgs/whale_84178/w_9227.jpg,,,1373.95,309.26,625.6,557.13,1,348540.53,,,,1.1229,0,0
noaa_right_whale_heads,aerien,<absent>../imgs/whale_84264/w_1520.jpg,,,1272.72,1221.34,537.55,450.59,1,242214.65,,,,1.193,0,0
noaa_right_whale_heads,aerien,<absent>../imgs/whale_84264/w_1730.jpg,,,1334.78,622.46,432.72,432.72,1,187246.6,,,,1.0,0,0
noaa_right_whale_heads,aerien,<absent>../imgs/whale_84264/w_1964.jpg,,,1494.56,502.62,399.44,439.38,1,175505.95,,,,0.9091,0,0
noaa_right_whale_heads,aerien,<absent>../imgs/whale_84264/w_3183.jpg,,,1230.61,456.93,367.22,431.7,1,158528.87,,,,0.8506,0,0
noaa_right_whale_heads,aerien,<absent>../imgs/whale_84264/w_3833.jpg,,,1294.84,456.02,682.37,522.6,1,356606.56,,,,1.3057,0,0
noaa_right_whale_heads,aerien,<absent>../imgs/whale_84264/w_5888.jpg,,,1731.86,896.44,666.46,525.66,1,350331.36,,,,1.2679,0,0
noaa_right_whale_heads,aerien,<absent>../imgs/whale_84264/w_6572.jpg,,,1254.9,659.07,798.87,715.66,1,571719.3,,,,1.1163,0,0
noaa_right_whale_heads,aerien,<absent>../imgs/whale_84264/w_683.jpg,,,1320.32,316.76,569.05,493.37,1,280752.2,,,,1.1534,0,0
noaa_right_whale_heads,aerien,<absent>../imgs/whale_84264/w_7511.jpg,,,2186.92,1524.52,565.87,459.35,1,259932.38,,,,1.2319,0,0
noaa_right_whale_heads,aerien,<absent>../imgs/whale_84264/w_8495.jpg,,,1150.19,818.18,450.59,379.44,1,170971.87,,,,1.1875,0,0
noaa_right_whale_heads,aerien,<absent>../imgs/whale_84963/w_1620.jpg,,,1401.36,805.53,379.47,329.54,1,125050.54,,,,1.1515,0,0
noaa_right_whale_heads,aerien,<absent>../imgs/whale_84963/w_22.jpg,,,1296.24,944.35,353.88,322.07,1,113974.13,,,,1.0988,0,0
noaa_right_whale_heads,aerien,<absent>../imgs/whale_84963/w_3176.jpg,,,1536.84,1123.71,394.24,377.72,1,148912.33,,,,1.0437,0,0
noaa_right_whale_heads,aerien,<absent>../imgs/whale_84963/w_3441.jpg,,,1334.78,1045.19,645.76,545.9,1,352520.38,,,,1.1829,0,0
noaa_right_whale_heads,aerien,<absent>../imgs/whale_84963/w_4463.jpg,,,1394.7,968.63,728.97,659.07,1,480442.26,,,,1.1061,0,0
noaa_right_whale_heads,aerien,<absent>../imgs/whale_84963/w_5212.jpg,,,1159.27,929.29,610.14,600.75,1,366541.6,,,,1.0156,0,0
noaa_right_whale_heads,aerien,<absent>../imgs/whale_84963/w_5499.jpg,,,1361.08,1065.4,380.16,361.39,1,137386.02,,,,1.0519,0,0
noaa_right_whale_heads,aerien,<absent>../imgs/whale_84963/w_6554.jpg,,,1408.01,591.37,516.27,403.63,1,208382.06,,,,1.2791,0,0
noaa_right_whale_heads,aerien,<absent>../imgs/whale_84963/w_7498.jpg,,,1043.47,687.74,513.83,466.4,1,239650.31,,,,1.1017,0,0
noaa_right_whale_heads,aerien,<absent>../imgs/whale_84963/w_7860.jpg,,,1425.89,1064.69,311.62,290.37,1,90485.1,,,,1.0732,0,0
noaa_right_whale_heads,aerien,<absent>../imgs/whale_84963/w_7914.jpg,,,1328.23,868.28,417.71,455.26,1,190166.65,,,,0.9175,0,0
noaa_right_whale_heads,aerien,<absent>../imgs/whale_84963/w_8406.jpg,,,1337.75,1089.96,530.75,455.4,1,241703.55,,,,1.1655,0,0
noaa_right_whale_heads,aerien,<absent>../imgs/whale_84963/w_8845.jpg,,,1458.49,715.41,430.83,430.83,1,185614.49,,,,1.0,0,0
noaa_right_whale_heads,aerien,<absent>../imgs/whale_85464/w_124.jpg,,,1474.3,976.28,521.74,501.97,1,261897.83,,,,1.0394,0,0
noaa_right_whale_heads,aerien,<absent>../imgs/whale_85464/w_1249.jpg,,,1614.39,782.23,509.28,442.71,1,225463.35,,,,1.1504,0,0
noaa_right_whale_heads,aerien,<absent>../imgs/whale_85464/w_1619.jpg,,,1198.31,585.84,489.31,592.5,1,289916.17,,,,0.8258,0,0
noaa_right_whale_heads,aerien,<absent>../imgs/whale_85464/w_2322.jpg,,,1541.77,692.4,325.17,266.31,1,86596.02,,,,1.221,0,0
noaa_right_whale_heads,aerien,<absent>../imgs/whale_85464/w_2621.jpg,,,1612.35,872.78,425.45,447.32,1,190312.29,,,,0.9511,0,0
noaa_right_whale_heads,aerien,<absent>../imgs/whale_85464/w_2877.jpg,,,1389.24,769.71,553.82,586.67,1,324909.58,,,,0.944,0,0
noaa_right_whale_heads,aerien,<absent>../imgs/whale_85464/w_2894.jpg,,,1447.96,918.7,349.51,382.79,1,133788.93,,,,0.9131,0,0
noaa_right_whale_heads,aerien,<absent>../imgs/whale_85464/w_3034.jpg,,,1390.47,927.77,288.01,236.07,1,67990.52,,,,1.22,0,0
noaa_right_whale_heads,aerien,<absent>../imgs/whale_85464/w_3333.jpg,,,1367.58,790.51,379.44,391.3,1,148474.87,,,,0.9697,0,0
noaa_right_whale_heads,aerien,<absent>../imgs/whale_85464/w_3546.jpg,,,1805.68,206.2,585.17,417.98,1,244589.36,,,,1.4,0,0
noaa_right_whale_heads,aerien,<absent>../imgs/whale_85464/w_38.jpg,,,1408.01,1291.51,329.54,406.09,1,133822.9,,,,0.8115,0,0
noaa_right_whale_heads,aerien,<absent>../imgs/whale_85464/w_384.jpg,,,1421.23,44.85,737.25,426.09,1,314134.85,,,,1.7303,0,0
noaa_right_whale_heads,aerien,<absent>../imgs/whale_85464/w_402.jpg,,,1720.91,1041.86,299.58,336.19,1,100715.8,,,,0.8911,0,0
noaa_right_whale_heads,aerien,<absent>../imgs/whale_85464/w_4057.jpg,,,1820.77,882.09,519.27,466.01,1,241985.01,,,,1.1143,0,0
noaa_right_whale_heads,aerien,<absent>../imgs/whale_85464/w_4294.jpg,,,915.97,1050.53,564.22,387.16,1,218443.42,,,,1.4573,0,0
noaa_right_whale_heads,aerien,<absent>../imgs/whale_85464/w_5773.jpg,,,1239.05,572.59,366.08,300.38,1,109963.11,,,,1.2187,0,0
noaa_right_whale_heads,aerien,<absent>../imgs/whale_85464/w_60.jpg,,,933.47,353.21,459.73,521.4,1,239703.22,,,,0.8817,0,0
noaa_right_whale_heads,aerien,<absent>../imgs/whale_85464/w_6296.jpg,,,1253.13,1248.44,455.26,417.71,1,190166.65,,,,1.0899,0,0
noaa_right_whale_heads,aerien,<absent>../imgs/whale_85464/w_6440.jpg,,,1421.33,49.93,728.97,605.81,1,441617.32,,,,1.2033,0,0
noaa_right_whale_heads,aerien,<absent>../imgs/whale_85464/w_6865.jpg,,,1451.85,1180.37,512.28,465.07,1,238246.06,,,,1.1015,0,0
noaa_right_whale_heads,aerien,<absent>../imgs/whale_85464/w_7238.jpg,,,1154.14,1403.15,577.07,494.07,1,285112.97,,,,1.168,0,0
noaa_right_whale_heads,aerien,<absent>../imgs/whale_85464/w_7699.jpg,,,1151.71,765.59,525.93,525.93,1,276602.36,,,,1.0,0,0
noaa_right_whale_heads,aerien,<absent>../imgs/whale_85464/w_8151.jpg,,,1107.19,972.62,587.82,576.02,1,338596.08,,,,1.0205,0,0
noaa_right_whale_heads,aerien,<absent>../imgs/whale_85464/w_8721.jpg,,,1155.04,755.6,619.13,466.01,1,288520.77,,,,1.3286,0,0
noaa_right_whale_heads,aerien,<absent>../imgs/whale_85464/w_874.jpg,,,1582.76,780.23,507.15,479.29,1,243071.92,,,,1.0581,0,0
noaa_right_whale_heads,aerien,<absent>../imgs/whale_85464/w_9304.jpg,,,1039.52,525.69,845.84,758.89,1,641899.52,,,,1.1146,0,0
noaa_right_whale_heads,aerien,<absent>../imgs/whale_85464/w_9342.jpg,,,1584.06,361.19,413.13,472.15,1,195059.33,,,,0.875,0,0
noaa_right_whale_heads,aerien,<absent>../imgs/whale_85464/w_9401.jpg,,,859.31,1211.06,679.89,557.13,1,378787.12,,,,1.2203,0,0
noaa_right_whale_heads,aerien,<absent>../imgs/whale_85670/w_1129.jpg,,,1478.42,966.84,572.59,581.98,1,333235.93,,,,0.9839,0,0
noaa_right_whale_heads,aerien,<absent>../imgs/whale_85670/w_1705.jpg,,,1298.17,1231.6,502.62,466.01,1,234225.95,,,,1.0786,0,0
noaa_right_whale_heads,aerien,<absent>../imgs/whale_85670/w_1908.jpg,,,1339.91,806.32,426.87,486.16,1,207527.12,,,,0.878,0,0
noaa_right_whale_heads,aerien,<absent>../imgs/whale_85670/w_2499.jpg,,,1051.85,412.75,372.81,409.42,1,152635.87,,,,0.9106,0,0
noaa_right_whale_heads,aerien,<absent>../imgs/whale_85670/w_2875.jpg,,,1549.4,913.04,308.3,343.87,1,106015.12,,,,0.8966,0,0
noaa_right_whale_heads,aerien,<absent>../imgs/whale_85670/w_4261.jpg,,,650.35,585.87,709.21,655.95,1,465206.3,,,,1.0812,0,0
noaa_right_whale_heads,aerien,<absent>../imgs/whale_85670/w_5630.jpg,,,1354.76,795.55,635.77,619.13,1,393624.28,,,,1.0269,0,0
noaa_right_whale_heads,aerien,<absent>../imgs/whale_85670/w_6072.jpg,,,844.81,905.82,638.3,502.19,1,320547.88,,,,1.271,0,0
noaa_right_whale_heads,aerien,<absent>../imgs/whale_85670/w_7355.jpg,,,455.62,420.21,382.44,377.72,1,144455.24,,,,1.0125,0,0
noaa_right_whale_heads,aerien,<absent>../imgs/whale_85670/w_8140.jpg,,,1291.32,637.4,625.6,639.76,1,400233.86,,,,0.9779,0,0
noaa_right_whale_heads,aerien,<absent>../imgs/whale_86041/w_1348.jpg,,,1213.42,944.3,580.74,384.8,1,223468.75,,,,1.5092,0,0
noaa_right_whale_heads,aerien,<absent>../imgs/whale_86041/w_2948.jpg,,,1827.7,1101.67,689.59,524.2,1,361483.08,,,,1.3155,0,0
noaa_right_whale_heads,aerien,<absent>../imgs/whale_86041/w_3385.jpg,,,1378.67,845.14,311.62,443.82,1,138303.19,,,,0.7021,0,0
noaa_right_whale_heads,aerien,<absent>../imgs/whale_86041/w_3840.jpg,,,1264.81,83.0,648.22,509.88,1,330514.41,,,,1.2713,0,0
noaa_right_whale_heads,aerien,<absent>../imgs/whale_86041/w_4243.jpg,,,1391.37,725.64,782.23,629.11,1,492108.72,,,,1.2434,0,0
noaa_right_whale_heads,aerien,<absent>../imgs/whale_86041/w_6511.jpg,,,936.28,607.47,518.3,518.3,1,268634.89,,,,1.0,0,0
noaa_right_whale_heads,aerien,<absent>../imgs/whale_86041/w_6624.jpg,,,1260.86,628.45,537.55,438.73,1,235839.31,,,,1.2252,0,0
noaa_right_whale_heads,aerien,<absent>../imgs/whale_86041/w_7548.jpg,,,1151.11,757.47,664.03,477.14,1,316835.27,,,,1.3917,0,0
noaa_right_whale_heads,aerien,<absent>../imgs/whale_86041/w_7612.jpg,,,1726.78,1076.44,395.25,498.97,1,197217.89,,,,0.7921,0,0
noaa_right_whale_heads,aerien,<absent>../imgs/whale_86041/w_8712.jpg,,,1234.93,852.13,555.88,489.31,1,271997.64,,,,1.136,0,0
noaa_right_whale_heads,aerien,<absent>../imgs/whale_86041/w_8948.jpg,,,1501.97,940.7,612.64,505.93,1,309952.96,,,,1.2109,0,0
noaa_right_whale_heads,aerien,<absent>../imgs/whale_86081/w_7464.jpg,,,1037.24,821.34,722.78,553.82,1,400290.02,,,,1.3051,0,0
noaa_right_whale_heads,aerien,<absent>../imgs/whale_86158/w_2984.jpg,,,1403.15,1019.76,418.97,339.92,1,142416.28,,,,1.2326,0,0
noaa_right_whale_heads,aerien,<absent>../imgs/whale_86158/w_3676.jpg,,,1425.89,538.25,550.05,453.26,1,249315.66,,,,1.2135,0,0
noaa_right_whale_heads,aerien,<absent>../imgs/whale_86158/w_3874.jpg,,,1687.93,762.52,436.74,410.77,1,179399.69,,,,1.0632,0,0
noaa_right_whale_heads,aerien,<absent>../imgs/whale_86158/w_498.jpg,,,956.1,1532.12,460.34,306.9,1,141278.35,,,,1.5,0,0
noaa_right_whale_heads,aerien,<absent>../imgs/whale_86158/w_5457.jpg,,,2490.1,1197.62,679.84,798.41,1,542791.05,,,,0.8515,0,0
noaa_right_whale_heads,aerien,<absent>../imgs/whale_86158/w_6614.jpg,,,2130.42,2031.61,893.27,952.56,1,850893.27,,,,0.9378,0,0
noaa_right_whale_heads,aerien,<absent>../imgs/whale_86158/w_6669.jpg,,,1126.47,885.37,478.26,482.21,1,230621.75,,,,0.9918,0,0
noaa_right_whale_heads,aerien,<absent>../imgs/whale_86158/w_6736.jpg,,,1413.54,644.14,395.63,286.29,1,113264.91,,,,1.3819,0,0
noaa_right_whale_heads,aerien,<absent>../imgs/whale_86158/w_7029.jpg,,,1370.78,913.85,462.53,381.24,1,176334.94,,,,1.2132,0,0
noaa_right_whale_heads,aerien,<absent>../imgs/whale_86158/w_9133.jpg,,,1272.38,918.5,459.25,361.83,1,166170.43,,,,1.2692,0,0
noaa_right_whale_heads,aerien,<absent>../imgs/whale_86206/w_1612.jpg,,,978.62,815.52,316.22,242.99,1,76838.3,,,,1.3014,0,0
noaa_right_whale_heads,aerien,<absent>../imgs/whale_86206/w_2799.jpg,,,1520.66,826.04,596.06,492.81,1,293744.33,,,,1.2095,0,0
noaa_right_whale_heads,aerien,<absent>../imgs/whale_86206/w_3479.jpg,,,1820.77,1214.95,1028.55,1248.24,1,1283877.25,,,,0.824,0,0
noaa_right_whale_heads,aerien,<absent>../imgs/whale_86206/w_5129.jpg,,,1417.4,933.98,525.66,328.54,1,172700.34,,,,1.6,0,0
noaa_right_whale_heads,aerien,<absent>../imgs/whale_86206/w_5498.jpg,,,1644.26,1999.99,849.8,758.89,1,644904.72,,,,1.1198,0,0
noaa_right_whale_heads,aerien,<absent>../imgs/whale_86206/w_688.jpg,,,1169.95,818.18,845.84,533.59,1,451331.77,,,,1.5852,0,0
noaa_right_whale_heads,aerien,<absent>../imgs/whale_86206/w_690.jpg,,,1144.96,738.91,493.39,420.21,1,207327.41,,,,1.1742,0,0
noaa_right_whale_heads,aerien,<absent>../imgs/whale_86206/w_7790.jpg,,,1477.16,896.63,662.04,493.05,1,326418.82,,,,1.3427,0,0
noaa_right_whale_heads,aerien,<absent>../imgs/whale_86206/w_936.jpg,,,2716.17,1071.82,895.4,882.09,1,789823.39,,,,1.0151,0,0
noaa_right_whale_heads,aerien,<absent>../imgs/whale_86377/w_116.jpg,,,2252.95,1691.69,806.32,964.42,1,777631.13,,,,0.8361,0,0
noaa_right_whale_heads,aerien,<absent>../imgs/whale_86377/w_1390.jpg,,,2220.2,1218.28,812.19,565.87,1,459593.96,,,,1.4353,0,0
noaa_right_whale_heads,aerien,<absent>../imgs/whale_86377/w_284.jpg,,,1919.59,1384.55,999.69,1027.85,1,1027531.37,,,,0.9726,0,0
noaa_right_whale_heads,aerien,<absent>../imgs/whale_86377/w_3516.jpg,,,1973.88,922.03,542.57,569.2,1,308830.84,,,,0.9532,0,0
noaa_right_whale_heads,aerien,<absent>../imgs/whale_86377/w_3533.jpg,,,1567.79,299.58,466.01,532.58,1,248187.61,,,,0.875,0,0
noaa_right_whale_heads,aerien,<absent>../imgs/whale_86377/w_3630.jpg,,,1096.06,515.79,706.41,619.51,1,437628.06,,,,1.1403,0,0
noaa_right_whale_heads,aerien,<absent>../imgs/whale_86377/w_4309.jpg,,,1747.02,1288.53,1142.28,1138.33,1,1300291.59,,,,1.0035,0,0
noaa_right_whale_heads,aerien,<absent>../imgs/whale_86377/w_5263.jpg,,,1246.47,668.09,514.64,373.0,1,191960.72,,,,1.3797,0,0
noaa_right_whale_heads,aerien,<absent>../imgs/whale_86377/w_5425.jpg,,,1170.32,1228.92,356.62,266.21,1,94935.81,,,,1.3396,0,0
noaa_right_whale_heads,aerien,<absent>../imgs/whale_86377/w_5775.jpg,,,1896.13,811.96,910.52,1088.86,1,991428.81,,,,0.8362,0,0
noaa_right_whale_heads,aerien,<absent>../imgs/whale_86377/w_6311.jpg,,,1343.26,913.61,486.31,474.51,1,230758.96,,,,1.0249,0,0
noaa_right_whale_heads,aerien,<absent>../imgs/whale_86377/w_8105.jpg,,,2000.51,1035.21,555.88,512.61,1,284949.65,,,,1.0844,0,0
noaa_right_whale_heads,aerien,<absent>../imgs/whale_86377/w_8306.jpg,,,1231.6,752.27,615.8,515.94,1,317715.85,,,,1.1935,0,0
noaa_right_whale_heads,aerien,<absent>../imgs/whale_86377/w_8572.jpg,,,1551.15,446.04,569.2,605.81,1,344827.05,,,,0.9396,0,0
noaa_right_whale_heads,aerien,<absent>../imgs/whale_86527/w_1016.jpg,,,1218.28,785.56,659.07,639.1,1,421211.64,,,,1.0312,0,0
noaa_right_whale_heads,aerien,<absent>../imgs/whale_86527/w_1737.jpg,,,1620.71,924.2,669.71,657.99,1,440662.48,,,,1.0178,0,0
noaa_right_whale_heads,aerien,<absent>../imgs/whale_86527/w_2199.jpg,,,952.56,849.8,853.75,577.07,1,492673.51,,,,1.4795,0,0
noaa_right_whale_heads,aerien,<absent>../imgs/whale_86527/w_2944.jpg,,,1234.67,1034.0,552.41,467.43,1,258213.01,,,,1.1818,0,0
noaa_right_whale_heads,aerien,<absent>../imgs/whale_86527/w_3487.jpg,,,1510.94,835.36,664.36,535.42,1,355711.63,,,,1.2408,0,0
noaa_right_whale_heads,aerien,<absent>../imgs/whale_86527/w_4883.jpg,,,1536.8,1093.46,506.97,586.49,1,297332.84,,,,0.8644,0,0
noaa_right_whale_heads,aerien,<absent>../imgs/whale_86527/w_5879.jpg,,,1314.93,977.35,675.17,635.04,1,428759.96,,,,1.0632,0,0
noaa_right_whale_heads,aerien,<absent>../imgs/whale_86527/w_6834.jpg,,,1304.34,865.61,581.02,474.3,1,275577.79,,,,1.225,0,0
noaa_right_whale_heads,aerien,<absent>../imgs/whale_86527/w_6926.jpg,,,1186.9,459.25,679.93,733.61,1,498803.45,,,,0.9268,0,0
noaa_right_whale_heads,aerien,<absent>../imgs/whale_86527/w_9049.jpg,,,1038.54,1148.38,612.47,662.4,1,405700.13,,,,0.9246,0,0
noaa_right_whale_heads,aerien,<absent>../imgs/whale_86527/w_9281.jpg,,,1654.88,788.49,398.96,349.39,1,139392.63,,,,1.1419,0,0
noaa_right_whale_heads,aerien,<absent>../imgs/whale_86585/w_1842.jpg,,,1059.62,605.5,473.74,532.61,1,252318.66,,,,0.8895,0,0
noaa_right_whale_heads,aerien,<absent>../imgs/whale_86585/w_2524.jpg,,,2320.06,1304.83,955.32,689.03,1,658244.14,,,,1.3865,0,0
noaa_right_whale_heads,aerien,<absent>../imgs/whale_86585/w_2538.jpg,,,933.98,1178.04,403.63,375.47,1,151550.96,,,,1.075,0,0
noaa_right_whale_heads,aerien,<absent>../imgs/whale_86585/w_2668.jpg,,,1505.92,430.83,667.98,584.98,1,390754.94,,,,1.1419,0,0
noaa_right_whale_heads,aerien,<absent>../imgs/whale_86585/w_394.jpg,,,1281.53,845.47,549.23,579.18,1,318103.03,,,,0.9483,0,0
noaa_right_whale_heads,aerien,<absent>../imgs/whale_86585/w_3940.jpg,,,1070.09,1088.86,713.39,549.13,1,391743.85,,,,1.2991,0,0
noaa_right_whale_heads,aerien,<absent>../imgs/whale_86585/w_4444.jpg,,,478.73,455.26,722.78,525.66,1,379936.53,,,,1.375,0,0
noaa_right_whale_heads,aerien,<absent>../imgs/whale_86585/w_5188.jpg,,,833.34,705.86,557.13,524.08,1,291980.69,,,,1.0631,0,0
noaa_right_whale_heads,aerien,<absent>../imgs/whale_86585/w_579.jpg,,,1412.82,737.25,403.66,417.68,1,168600.71,,,,0.9664,0,0
noaa_right_whale_heads,aerien,<absent>../imgs/whale_86585/w_6340.jpg,,,1440.86,897.03,501.78,426.09,1,213803.44,,,,1.1776,0,0
noaa_right_whale_heads,aerien,<absent>../imgs/whale_86585/w_6598.jpg,,,1975.91,1501.88,858.89,1027.85,1,882810.09,,,,0.8356,0,0
noaa_right_whale_heads,aerien,<absent>../imgs/whale_86585/w_7222.jpg,,,2163.65,1379.85,1187.43,835.42,1,992002.77,,,,1.4214,0,0
noaa_right_whale_heads,aerien,<absent>../imgs/whale_86585/w_7404.jpg,,,2889.31,288.54,1051.38,988.14,1,1038910.63,,,,1.064,0,0
noaa_right_whale_heads,aerien,<absent>../imgs/whale_86585/w_9044.jpg,,,1938.37,1149.88,1056.01,990.3,1,1045766.7,,,,1.0664,0,0
noaa_right_whale_heads,aerien,<absent>../imgs/whale_87155/w_1105.jpg,,,1105.11,838.82,545.9,539.24,1,294371.12,,,,1.0124,0,0
noaa_right_whale_heads,aerien,<absent>../imgs/whale_87155/w_2120.jpg,,,1288.18,725.64,585.84,535.91,1,313957.51,,,,1.0932,0,0
noaa_right_whale_heads,aerien,<absent>../imgs/whale_87155/w_2131.jpg,,,1415.53,932.42,316.11,260.44,1,82327.69,,,,1.2138,0,0
noaa_right_whale_heads,aerien,<absent>../imgs/whale_87155/w_2405.jpg,,,1361.08,868.28,366.08,450.56,1,164941.0,,,,0.8125,0,0
noaa_right_whale_heads,aerien,<absent>../imgs/whale_87155/w_3807.jpg,,,1237.22,2262.67,869.4,668.77,1,581428.64,,,,1.3,0,0
noaa_right_whale_heads,aerien,<absent>../imgs/whale_87155/w_399.jpg,,,2047.42,1727.26,565.21,632.41,1,357444.46,,,,0.8937,0,0
noaa_right_whale_heads,aerien,<absent>../imgs/whale_87155/w_4065.jpg,,,664.36,897.03,644.74,521.4,1,336167.44,,,,1.2366,0,0
noaa_right_whale_heads,aerien,<absent>../imgs/whale_87155/w_5535.jpg,,,1121.72,872.97,624.22,459.95,1,287109.99,,,,1.3571,0,0
noaa_right_whale_heads,aerien,<absent>../imgs/whale_87155/w_63.jpg,,,958.7,1303.5,613.91,465.33,1,285670.74,,,,1.3193,0,0
noaa_right_whale_heads,aerien,<absent>../imgs/whale_87155/w_6302.jpg,,,1753.23,618.16,300.64,490.84,1,147566.14,,,,0.6125,0,0
noaa_right_whale_heads,aerien,<absent>../imgs/whale_87155/w_6748.jpg,,,1351.43,1065.16,452.7,306.23,1,138630.32,,,,1.4783,0,0
noaa_right_whale_heads,aerien,<absent>../imgs/whale_87155/w_6864.jpg,,,1338.54,805.01,365.91,309.26,1,113161.33,,,,1.1832,0,0
noaa_right_whale_heads,aerien,<absent>../imgs/whale_87155/w_8355.jpg,,,1403.32,896.44,441.18,450.56,1,198778.06,,,,0.9792,0,0
noaa_right_whale_heads,aerien,<absent>../imgs/whale_87155/w_8440.jpg,,,1296.43,774.7,604.74,537.55,1,325077.99,,,,1.125,0,0
noaa_right_whale_heads,aerien,<absent>../imgs/whale_87155/w_861.jpg,,,901.8,694.06,472.15,420.21,1,198402.15,,,,1.1236,0,0
noaa_right_whale_heads,aerien,<absent>../imgs/whale_87155/w_8970.jpg,,,1764.71,417.71,572.59,516.27,1,295611.04,,,,1.1091,0,0
noaa_right_whale_heads,aerien,<absent>../imgs/whale_87291/w_1232.jpg,,,1220.5,691.7,677.53,462.7,1,313493.13,,,,1.4643,0,0
noaa_right_whale_heads,aerien,<absent>../imgs/whale_87291/w_165.jpg,,,1126.47,964.42,521.74,391.3,1,204156.86,,,,1.3334,0,0
noaa_right_whale_heads,aerien,<absent>../imgs/whale_87291/w_1953.jpg,,,1253.94,830.39,312.09,345.53,1,107836.46,,,,0.9032,0,0
noaa_right_whale_heads,aerien,<absent>../imgs/whale_87291/w_2133.jpg,,,1268.41,475.16,558.66,578.54,1,323207.16,,,,0.9656,0,0
noaa_right_whale_heads,aerien,<absent>../imgs/whale_87291/w_2527.jpg,,,1075.09,885.37,699.6,581.02,1,406481.59,,,,1.2041,0,0
noaa_right_whale_heads,aerien,<absent>../imgs/whale_87291/w_2718.jpg,,,1231.65,451.42,668.77,590.75,1,395075.88,,,,1.1321,0,0
noaa_right_whale_heads,aerien,<absent>../imgs/whale_87291/w_3030.jpg,,,1257.83,797.88,793.18,699.31,1,554678.71,,,,1.1342,0,0
noaa_right_whale_heads,aerien,<absent>../imgs/whale_87291/w_3878.jpg,,,1128.41,902.06,499.3,406.09,1,202760.74,,,,1.2295,0,0
noaa_right_whale_heads,aerien,<absent>../imgs/whale_87291/w_3884.jpg,,,1015.24,895.4,582.51,392.78,1,228798.28,,,,1.483,0,0
noaa_right_whale_heads,aerien,<absent>../imgs/whale_87291/w_4270.jpg,,,1770.74,1355.72,1102.76,671.93,1,740977.53,,,,1.6412,0,0
noaa_right_whale_heads,aerien,<absent>../imgs/whale_87291/w_4389.jpg,,,1206.34,441.46,559.49,594.91,1,332846.2,,,,0.9405,0,0
noaa_right_whale_heads,aerien,<absent>../imgs/whale_87291/w_4702.jpg,,,1047.42,715.41,596.83,525.69,1,313747.56,,,,1.1353,0,0
noaa_right_whale_heads,aerien,<absent>../imgs/whale_87291/w_5624.jpg,,,1228.43,834.48,626.92,618.45,1,387718.67,,,,1.0137,0,0
noaa_right_whale_heads,aerien,<absent>../imgs/whale_87291/w_6394.jpg,,,1674.31,912.05,502.62,436.05,1,219167.45,,,,1.1527,0,0
noaa_right_whale_heads,aerien,<absent>../imgs/whale_87291/w_6551.jpg,,,1221.34,565.21,517.78,521.74,1,270146.54,,,,0.9924,0,0
noaa_right_whale_heads,aerien,<absent>../imgs/whale_87291/w_7018.jpg,,,1644.35,832.16,339.52,376.14,1,127707.05,,,,0.9026,0,0
noaa_right_whale_heads,aerien,<absent>../imgs/whale_87291/w_7446.jpg,,,1021.89,639.1,682.37,602.48,1,411114.28,,,,1.1326,0,0
noaa_right_whale_heads,aerien,<absent>../imgs/whale_87291/w_7551.jpg,,,1303.13,469.79,651.56,779.04,1,507591.3,,,,0.8364,0,0
noaa_right_whale_heads,aerien,<absent>../imgs/whale_87291/w_7674.jpg,,,1495.13,863.93,520.7,368.34,1,191794.64,,,,1.4136,0,0
noaa_right_whale_heads,aerien,<absent>../imgs/whale_87291/w_8835.jpg,,,1214.95,735.63,662.4,529.25,1,350575.2,,,,1.2516,0,0
noaa_right_whale_heads,aerien,<absent>../imgs/whale_87291/w_9001.jpg,,,1228.27,552.55,728.97,509.28,1,371249.84,,,,1.4314,0,0
noaa_right_whale_heads,aerien,<absent>../imgs/whale_87291/w_9008.jpg,,,1193.67,877.46,624.5,383.4,1,239433.3,,,,1.6288,0,0
noaa_right_whale_heads,aerien,<absent>../imgs/whale_87420/w_3112.jpg,,,1233.19,664.03,679.84,446.64,1,303643.74,,,,1.5221,0,0
noaa_right_whale_heads,aerien,<absent>../imgs/whale_87420/w_762.jpg,,,1362.37,616.71,591.48,476.55,1,281869.79,,,,1.2412,0,0
noaa_right_whale_heads,aerien,<absent>../imgs/whale_87604/w_1945.jpg,,,1111.91,828.62,382.44,330.5,1,126396.42,,,,1.1572,0,0
noaa_right_whale_heads,aerien,<absent>../imgs/whale_87604/w_2344.jpg,,,2187.12,1342.31,591.37,765.02,1,452409.88,,,,0.773,0,0
noaa_right_whale_heads,aerien,<absent>../imgs/whale_87604/w_2431.jpg,,,1873.5,1296.43,833.99,905.13,1,754869.37,,,,0.9214,0,0
noaa_right_whale_heads,aerien,<absent>../imgs/whale_87604/w_2441.jpg,,,1381.03,651.56,337.59,443.82,1,149829.19,,,,0.7606,0,0
noaa_right_whale_heads,aerien,<absent>../imgs/whale_87604/w_2571.jpg,,,1055.33,1166.0,466.4,486.16,1,226745.02,,,,0.9594,0,0
noaa_right_whale_heads,aerien,<absent>../imgs/whale_87604/w_3106.jpg,,,2096.81,569.05,801.72,726.03,1,582072.77,,,,1.1043,0,0
noaa_right_whale_heads,aerien,<absent>../imgs/whale_87604/w_3140.jpg,,,1359.79,849.87,642.12,514.64,1,330460.64,,,,1.2477,0,0
noaa_right_whale_heads,aerien,<absent>../imgs/whale_87604/w_3193.jpg,,,1065.22,773.69,454.12,375.63,1,170581.1,,,,1.209,0,0
noaa_right_whale_heads,aerien,<absent>../imgs/whale_87604/w_3511.jpg,,,1404.69,1038.54,492.64,442.71,1,218096.65,,,,1.1128,0,0
noaa_right_whale_heads,aerien,<absent>../imgs/whale_87604/w_3521.jpg,,,1881.41,1201.57,869.56,774.7,1,673648.13,,,,1.1224,0,0
noaa_right_whale_heads,aerien,<absent>../imgs/whale_87604/w_3664.jpg,,,1561.13,1371.4,925.36,692.36,1,640682.25,,,,1.3365,0,0
noaa_right_whale_heads,aerien,<absent>../imgs/whale_87604/w_5008.jpg,,,1210.89,610.14,671.15,549.13,1,368548.6,,,,1.2222,0,0
noaa_right_whale_heads,aerien,<absent>../imgs/whale_87604/w_5731.jpg,,,1314.15,1609.83,431.79,380.16,1,164149.29,,,,1.1358,0,0
noaa_right_whale_heads,aerien,<absent>../imgs/whale_87604/w_6717.jpg,,,1036.17,990.9,467.78,362.15,1,169406.53,,,,1.2917,0,0
noaa_right_whale_heads,aerien,<absent>../imgs/whale_87604/w_6733.jpg,,,1368.07,865.45,519.27,469.34,1,243714.18,,,,1.1064,0,0
noaa_right_whale_heads,aerien,<absent>../imgs/whale_87604/w_6818.jpg,,,2602.63,1109.04,596.32,696.64,1,415420.36,,,,0.856,0,0
noaa_right_whale_heads,aerien,<absent>../imgs/whale_87604/w_6947.jpg,,,2122.51,1146.24,845.84,822.13,1,695390.44,,,,1.0288,0,0
noaa_right_whale_heads,aerien,<absent>../imgs/whale_87604/w_7202.jpg,,,1642.68,1633.3,1285.99,821.34,1,1056235.03,,,,1.5657,0,0
noaa_right_whale_heads,aerien,<absent>../imgs/whale_87604/w_7652.jpg,,,802.2,1208.3,599.16,579.18,1,347021.49,,,,1.0345,0,0
noaa_right_whale_heads,aerien,<absent>../imgs/whale_87604/w_7885.jpg,,,794.46,770.75,395.25,296.44,1,117167.91,,,,1.3333,0,0
noaa_right_whale_heads,aerien,<absent>../imgs/whale_87604/w_8556.jpg,,,2015.8,1513.82,940.7,699.6,1,658113.72,,,,1.3446,0,0
noaa_right_whale_heads,aerien,<absent>../imgs/whale_87622/w_2531.jpg,,,2138.33,1924.89,1094.85,1007.9,1,1103499.31,,,,1.0863,0,0
noaa_right_whale_heads,aerien,<absent>../imgs/whale_87622/w_2903.jpg,,,1136.91,969.72,523.87,339.96,1,178094.85,,,,1.541,0,0
noaa_right_whale_heads,aerien,<absent>../imgs/whale_87622/w_4435.jpg,,,1514.53,1378.06,1181.67,898.73,1,1062002.28,,,,1.3148,0,0
noaa_right_whale_heads,aerien,<absent>../imgs/whale_87622/w_5915.jpg,,,1596.83,1169.95,869.56,656.12,1,570535.71,,,,1.3253,0,0
noaa_right_whale_heads,aerien,<absent>../imgs/whale_87622/w_599.jpg,,,1444.63,948.66,599.16,446.04,1,267249.33,,,,1.3433,0,0
noaa_right_whale_heads,aerien,<absent>../imgs/whale_87622/w_8315.jpg,,,1883.7,1421.14,964.14,1070.03,1,1031658.72,,,,0.901,0,0
noaa_right_whale_heads,aerien,<absent>../imgs/whale_87622/w_8321.jpg,,,1788.18,769.71,417.71,492.81,1,205851.67,,,,0.8476,0,0
noaa_right_whale_heads,aerien,<absent>../imgs/whale_87622/w_8719.jpg,,,1656.11,1316.2,1146.24,944.66,1,1082807.08,,,,1.2134,0,0
noaa_right_whale_heads,aerien,<absent>../imgs/whale_88085/w_73.jpg,,,1919.59,1149.88,666.46,995.0,1,663127.7,,,,0.6698,0,0
noaa_right_whale_heads,aerien,<absent>../imgs/whale_88147/w_2251.jpg,,,1276.67,604.74,359.68,494.07,1,177707.1,,,,0.728,0,0
noaa_right_whale_heads,aerien,<absent>../imgs/whale_88147/w_2788.jpg,,,750.94,1684.92,1149.88,769.71,1,885074.13,,,,1.4939,0,0
noaa_right_whale_heads,aerien,<absent>../imgs/whale_88147/w_3451.jpg,,,2869.55,1430.82,893.27,889.32,1,794402.88,,,,1.0044,0,0
noaa_right_whale_heads,aerien,<absent>../imgs/whale_88147/w_3974.jpg,,,1644.26,984.18,644.26,703.55,1,453269.12,,,,0.9157,0,0
noaa_right_whale_heads,aerien,<absent>../imgs/whale_88147/w_4517.jpg,,,2165.99,671.93,1233.19,1075.09,1,1325790.24,,,,1.1471,0,0
noaa_right_whale_heads,aerien,<absent>../imgs/whale_88147/w_5770.jpg,,,2142.28,794.46,1122.52,960.47,1,1078146.78,,,,1.1687,0,0
noaa_right_whale_heads,aerien,<absent>../imgs/whale_88147/w_5786.jpg,,,2680.65,1242.8,897.27,813.67,1,730081.68,,,,1.1027,0,0
noaa_right_whale_heads,aerien,<absent>../imgs/whale_88147/w_6250.jpg,,,1079.48,474.03,474.03,333.23,1,157961.02,,,,1.4225,0,0
noaa_right_whale_heads,aerien,<absent>../imgs/whale_88147/w_6571.jpg,,,1631.47,911.05,504.58,412.07,1,207922.28,,,,1.2245,0,0
noaa_right_whale_heads,aerien,<absent>../imgs/whale_88147/w_8347.jpg,,,863.58,779.1,666.46,821.34,1,547390.26,,,,0.8114,0,0
noaa_right_whale_heads,aerien,<absent>../imgs/whale_88226/w_7758.jpg,,,1056.47,755.1,423.59,425.27,1,180140.12,,,,0.996,0,0
noaa_right_whale_heads,aerien,<absent>../imgs/whale_88432/w_5445.jpg,,,2881.4,1826.07,723.32,727.27,1,526048.94,,,,0.9946,0,0
noaa_right_whale_heads,aerien,<absent>../imgs/whale_88478/w_150.jpg,,,1894.0,1451.29,1128.41,818.85,1,923998.53,,,,1.378,0,0
noaa_right_whale_heads,aerien,<absent>../imgs/whale_88478/w_1562.jpg,,,2351.38,985.61,1567.59,985.61,1,1545032.38,,,,1.5905,0,0
noaa_right_whale_heads,aerien,<absent>../imgs/whale_88478/w_2155.jpg,,,1545.44,1252.96,486.16,328.06,1,159489.65,,,,1.4819,0,0
noaa_right_whale_heads,aerien,<absent>../imgs/whale_88478/w_3678.jpg,,,1501.22,625.78,615.8,595.83,1,366912.11,,,,1.0335,0,0
noaa_right_whale_heads,aerien,<absent>../imgs/whale_88478/w_7232.jpg,,,715.66,615.8,622.46,602.48,1,375019.7,,,,1.0332,0,0
noaa_right_whale_heads,aerien,<absent>../imgs/whale_88478/w_8775.jpg,,,1964.41,913.04,1371.53,1019.76,1,1398631.43,,,,1.345,0,0
noaa_right_whale_heads,aerien,<absent>../imgs/whale_88547/w_1409.jpg,,,1128.47,800.31,592.7,589.35,1,349307.75,,,,1.0057,0,0
noaa_right_whale_heads,aerien,<absent>../imgs/whale_88547/w_2433.jpg,,,1011.85,747.03,411.06,335.97,1,138103.83,,,,1.2235,0,0
noaa_right_whale_heads,aerien,<absent>../imgs/whale_88547/w_2455.jpg,,,1065.22,538.22,468.14,563.45,1,263773.48,,,,0.8308,0,0
noaa_right_whale_heads,aerien,<absent>../imgs/whale_88547/w_3790.jpg,,,1398.03,649.08,402.77,456.02,1,183671.18,,,,0.8832,0,0
noaa_right_whale_heads,aerien,<absent>../imgs/whale_88547/w_4743.jpg,,,766.79,177.86,830.03,557.31,1,462584.02,,,,1.4894,0,0
noaa_right_whale_heads,aerien,<absent>../imgs/whale_88547/w_4771.jpg,,,1318.11,842.95,290.26,208.75,1,60591.78,,,,1.3905,0,0
noaa_right_whale_heads,aerien,<absent>../imgs/whale_88547/w_4859.jpg,,,1689.62,610.14,567.9,685.23,1,389142.12,,,,0.8288,0,0
noaa_right_whale_heads,aerien,<absent>../imgs/whale_88547/w_5276.jpg,,,1153.58,758.45,547.49,497.26,1,272244.88,,,,1.101,0,0
noaa_right_whale_heads,aerien,<absent>../imgs/whale_88547/w_559.jpg,,,719.28,412.45,804.79,568.38,1,457426.54,,,,1.4159,0,0
noaa_right_whale_heads,aerien,<absent>../imgs/whale_88547/w_6533.jpg,,,1729.65,1206.78,353.88,347.92,1,123121.93,,,,1.0171,0,0
noaa_right_whale_heads,aerien,<absent>../imgs/whale_88547/w_8130.jpg,,,1203.98,974.98,498.12,434.38,1,216373.37,,,,1.1467,0,0
noaa_right_whale_heads,aerien,<absent>../imgs/whale_88547/w_8421.jpg,,,1418.96,656.12,486.16,458.49,1,222899.5,,,,1.0604,0,0
noaa_right_whale_heads,aerien,<absent>../imgs/whale_88547/w_8703.jpg,,,1163.96,680.54,530.35,525.66,1,278783.78,,,,1.0089,0,0
noaa_right_whale_heads,aerien,<absent>../imgs/whale_88547/w_9024.jpg,,,1470.35,1075.09,604.74,545.45,1,329855.43,,,,1.1087,0,0
noaa_right_whale_heads,aerien,<absent>../imgs/whale_88746/w_1807.jpg,,,1430.61,786.13,495.75,373.0,1,184914.75,,,,1.3291,0,0
noaa_right_whale_heads,aerien,<absent>../imgs/whale_88746/w_321.jpg,,,1727.86,800.31,380.06,286.3,1,108811.18,,,,1.3275,0,0
noaa_right_whale_heads,aerien,<absent>../imgs/whale_88746/w_49.jpg,,,1274.8,908.88,703.5,535.89,1,376998.61,,,,1.3128,0,0
noaa_right_whale_heads,aerien,<absent>../imgs/whale_88746/w_7646.jpg,,,1154.57,858.89,544.43,502.19,1,273407.3,,,,1.0841,0,0
noaa_right_whale_heads,aerien,<absent>../imgs/whale_88746/w_7843.jpg,,,1364.74,1358.09,1055.18,822.17,1,867537.34,,,,1.2834,0,0
noaa_right_whale_heads,aerien,<absent>../imgs/whale_88756/w_1175.jpg,,,786.56,367.59,628.45,462.45,1,290626.7,,,,1.359,0,0
noaa_right_whale_heads,aerien,<absent>../imgs/whale_88756/w_4237.jpg,,,2474.29,1367.58,715.41,648.22,1,463743.07,,,,1.1037,0,0
noaa_right_whale_heads,aerien,<absent>../imgs/whale_88756/w_5432.jpg,,,1432.45,863.39,512.99,504.58,1,258844.49,,,,1.0167,0,0
noaa_right_whale_heads,aerien,<absent>../imgs/whale_88756/w_763.jpg,,,1434.64,476.0,812.19,738.96,1,600175.92,,,,1.0991,0,0
noaa_right_whale_heads,aerien,<absent>../imgs/whale_89211/w_1932.jpg,,,1756.32,840.49,256.17,200.91,1,51467.11,,,,1.275,0,0
noaa_right_whale_heads,aerien,<absent>../imgs/whale_89211/w_2732.jpg,,,1237.15,873.51,600.79,541.5,1,325327.78,,,,1.1095,0,0
noaa_right_whale_heads,aerien,<absent>../imgs/whale_89211/w_3655.jpg,,,1466.08,700.81,639.13,476.55,1,304577.4,,,,1.3412,0,0
noaa_right_whale_heads,aerien,<absent>../imgs/whale_89211/w_4945.jpg,,,1336.18,724.75,564.22,509.92,1,287707.06,,,,1.1065,0,0
noaa_right_whale_heads,aerien,<absent>../imgs/whale_89211/w_6480.jpg,,,1127.49,644.58,492.3,313.94,1,154552.66,,,,1.5681,0,0
noaa_right_whale_heads,aerien,<absent>../imgs/whale_89211/w_6715.jpg,,,1025.22,639.1,476.0,406.09,1,193298.84,,,,1.1722,0,0
noaa_right_whale_heads,aerien,<absent>../imgs/whale_89211/w_7065.jpg,,,1128.43,750.71,653.92,616.15,1,402912.81,,,,1.0613,0,0
noaa_right_whale_heads,aerien,<absent>../imgs/whale_89211/w_7516.jpg,,,1188.32,705.67,422.74,409.42,1,173078.21,,,,1.0325,0,0
noaa_right_whale_heads,aerien,<absent>../imgs/whale_89211/w_7745.jpg,,,1198.31,685.7,685.7,682.37,1,467901.11,,,,1.0049,0,0
noaa_right_whale_heads,aerien,<absent>../imgs/whale_89211/w_9435.jpg,,,1121.75,815.52,539.24,555.88,1,299752.73,,,,0.9701,0,0
noaa_right_whale_heads,aerien,<absent>../imgs/whale_89271/w_2755.jpg,,,1463.24,1127.25,445.33,328.04,1,146086.05,,,,1.3575,0,0
noaa_right_whale_heads,aerien,<absent>../imgs/whale_89456/w_1518.jpg,,,1492.5,783.79,605.45,511.58,1,309736.11,,,,1.1835,0,0
noaa_right_whale_heads,aerien,<absent>../imgs/whale_89456/w_1584.jpg,,,1891.43,1154.57,459.95,361.39,1,166221.33,,,,1.2727,0,0
noaa_right_whale_heads,aerien,<absent>../imgs/whale_89456/w_2595.jpg,,,2163.65,1285.99,1159.27,849.5,1,984799.86,,,,1.3646,0,0
noaa_right_whale_heads,aerien,<absent>../imgs/whale_89456/w_2955.jpg,,,1389.24,844.81,469.34,563.21,1,264336.98,,,,0.8333,0,0
noaa_right_whale_heads,aerien,<absent>../imgs/whale_89456/w_2960.jpg,,,748.94,682.37,605.81,422.74,1,256100.12,,,,1.4331,0,0
noaa_right_whale_heads,aerien,<absent>../imgs/whale_89456/w_3115.jpg,,,1237.15,561.26,446.64,347.82,1,155350.32,,,,1.2841,0,0
noaa_right_whale_heads,aerien,<absent>../imgs/whale_89456/w_3843.jpg,,,1295.89,624.51,555.86,361.64,1,201021.21,,,,1.5371,0,0
noaa_right_whale_heads,aerien,<absent>../imgs/whale_89456/w_4528.jpg,,,1217.38,675.88,584.98,513.83,1,300580.27,,,,1.1385,0,0
noaa_right_whale_heads,aerien,<absent>../imgs/whale_89456/w_5831.jpg,,,1292.48,517.78,664.03,691.69,1,459302.91,,,,0.96,0,0
noaa_right_whale_heads,aerien,<absent>../imgs/whale_89456/w_7390.jpg,,,2395.24,826.08,1134.38,798.41,1,905700.34,,,,1.4208,0,0
noaa_right_whale_heads,aerien,<absent>../imgs/whale_89456/w_8267.jpg,,,2386.64,772.24,882.09,852.13,1,751655.35,,,,1.0352,0,0
noaa_right_whale_heads,aerien,<absent>../imgs/whale_89456/w_8298.jpg,,,632.41,861.65,683.79,632.41,1,432435.63,,,,1.0812,0,0
noaa_right_whale_heads,aerien,<absent>../imgs/whale_89541/w_1338.jpg,,,1209.48,924.89,727.27,541.5,1,393816.71,,,,1.3431,0,0
noaa_right_whale_heads,aerien,<absent>../imgs/whale_89541/w_162.jpg,,,1276.67,1035.57,446.64,474.3,1,211841.35,,,,0.9417,0,0
noaa_right_whale_heads,aerien,<absent>../imgs/whale_89541/w_3078.jpg,,,1366.21,1183.72,463.78,475.5,1,220527.39,,,,0.9754,0,0
noaa_right_whale_heads,aerien,<absent>../imgs/whale_89541/w_5102.jpg,,,1417.4,788.49,614.83,492.81,1,302994.37,,,,1.2476,0,0
noaa_right_whale_heads,aerien,<absent>../imgs/whale_89541/w_5977.jpg,,,1112.33,633.61,356.7,413.02,1,147324.23,,,,0.8636,0,0
noaa_right_whale_heads,aerien,<absent>../imgs/whale_89541/w_6483.jpg,,,1401.61,978.32,406.47,384.04,1,156100.74,,,,1.0584,0,0
noaa_right_whale_heads,aerien,<absent>../imgs/whale_89541/w_8175.jpg,,,1513.74,787.71,776.49,669.97,1,520225.01,,,,1.159,0,0
noaa_right_whale_heads,aerien,<absent>../imgs/whale_89541/w_8724.jpg,,,1258.23,915.38,476.0,509.28,1,242417.28,,,,0.9347,0,0
noaa_right_whale_heads,aerien,<absent>../imgs/whale_89615/w_1118.jpg,,,1185.76,996.04,604.74,454.54,1,274878.52,,,,1.3304,0,0
noaa_right_whale_heads,aerien,<absent>../imgs/whale_89615/w_1225.jpg,,,1217.38,584.98,521.74,486.16,1,253649.12,,,,1.0732,0,0
noaa_right_whale_heads,aerien,<absent>../imgs/whale_89615/w_1522.jpg,,,1391.37,489.31,695.69,682.37,1,474717.99,,,,1.0195,0,0
noaa_right_whale_heads,aerien,<absent>../imgs/whale_89615/w_1587.jpg,,,672.39,113.17,669.06,605.81,1,405323.24,,,,1.1044,0,0
noaa_right_whale_heads,aerien,<absent>../imgs/whale_89615/w_2862.jpg,,,1324.8,575.85,559.21,649.08,1,362972.03,,,,0.8615,0,0
noaa_right_whale_heads,aerien,<absent>../imgs/whale_89615/w_3671.jpg,,,1011.91,838.82,562.54,565.87,1,318324.51,,,,0.9941,0,0
noaa_right_whale_heads,aerien,<absent>../imgs/whale_89615/w_3853.jpg,,,2497.55,1222.86,734.93,890.46,1,654425.77,,,,0.8253,0,0
noaa_right_whale_heads,aerien,<absent>../imgs/whale_89615/w_3938.jpg,,,1331.46,918.7,549.23,529.25,1,290679.98,,,,1.0378,0,0
noaa_right_whale_heads,aerien,<absent>../imgs/whale_89615/w_3942.jpg,,,981.95,752.27,748.94,645.76,1,483635.49,,,,1.1598,0,0
noaa_right_whale_heads,aerien,<absent>../imgs/whale_89615/w_4470.jpg,,,1334.78,1298.17,416.08,482.65,1,200821.01,,,,0.8621,0,0
noaa_right_whale_heads,aerien,<absent>../imgs/whale_89615/w_4672.jpg,,,2676.23,805.53,652.41,718.99,1,469076.27,,,,0.9074,0,0
noaa_right_whale_heads,aerien,<absent>../imgs/whale_89615/w_5337.jpg,,,1830.5,1188.57,597.09,459.73,1,274500.19,,,,1.2988,0,0
noaa_right_whale_heads,aerien,<absent>../imgs/whale_89615/w_6246.jpg,,,1361.85,823.07,469.19,413.52,1,194019.45,,,,1.1346,0,0
noaa_right_whale_heads,aerien,<absent>../imgs/whale_89615/w_6964.jpg,,,1234.36,985.61,422.4,511.58,1,216091.39,,,,0.8257,0,0
noaa_right_whale_heads,aerien,<absent>../imgs/whale_89615/w_712.jpg,,,925.41,814.45,757.8,722.39,1,547427.14,,,,1.049,0,0
noaa_right_whale_heads,aerien,<absent>../imgs/whale_89615/w_735.jpg,,,1351.43,1135.07,366.15,259.63,1,95063.52,,,,1.4103,0,0
noaa_right_whale_heads,aerien,<absent>../imgs/whale_89615/w_7542.jpg,,,1391.29,711.46,640.31,588.93,1,377097.77,,,,1.0872,0,0
noaa_right_whale_heads,aerien,<absent>../imgs/whale_89615/w_7749.jpg,,,1272.72,675.88,494.07,403.16,1,199189.26,,,,1.2255,0,0
noaa_right_whale_heads,aerien,<absent>../imgs/whale_89615/w_852.jpg,,,1562.9,1858.58,1149.88,1004.38,1,1154916.47,,,,1.1449,0,0
noaa_right_whale_heads,aerien,<absent>../imgs/whale_89615/w_8563.jpg,,,933.98,1229.67,915.21,774.41,1,708747.78,,,,1.1818,0,0
noaa_right_whale_heads,aerien,<absent>../imgs/whale_89615/w_8859.jpg,,,1520.71,487.14,563.38,436.3,1,245802.69,,,,1.2913,0,0
noaa_right_whale_heads,aerien,<absent>../imgs/whale_89615/w_8877.jpg,,,1466.02,651.56,613.79,460.34,1,282552.09,,,,1.3333,0,0
noaa_right_whale_heads,aerien,<absent>../imgs/whale_89615/w_9465.jpg,,,951.99,725.64,479.32,436.05,1,209007.49,,,,1.0992,0,0
noaa_right_whale_heads,aerien,<absent>../imgs/whale_89615/w_9471.jpg,,,1454.54,889.32,671.93,731.22,1,491328.65,,,,0.9189,0,0
noaa_right_whale_heads,aerien,<absent>../imgs/whale_90141/w_4458.jpg,,,2723.3,1754.93,620.55,612.64,1,380173.75,,,,1.0129,0,0
noaa_right_whale_heads,aerien,<absent>../imgs/whale_90141/w_617.jpg,,,2106.7,1304.34,940.7,889.32,1,836583.32,,,,1.0578,0,0
noaa_right_whale_heads,aerien,<absent>../imgs/whale_90244/w_1068.jpg,,,1961.73,1331.97,1014.3,880.55,1,893141.86,,,,1.1519,0,0
noaa_right_whale_heads,aerien,<absent>../imgs/whale_90244/w_1095.jpg,,,1125.76,763.51,529.44,417.98,1,221295.33,,,,1.2667,0,0
noaa_right_whale_heads,aerien,<absent>../imgs/whale_90244/w_1294.jpg,,,1454.62,802.2,472.67,372.81,1,176216.1,,,,1.2679,0,0
noaa_right_whale_heads,aerien,<absent>../imgs/whale_90244/w_1615.jpg,,,1990.53,1414.67,945.33,988.61,1,934562.69,,,,0.9562,0,0
noaa_right_whale_heads,aerien,<absent>../imgs/whale_90244/w_1799.jpg,,,2501.96,1320.15,992.09,881.42,1,874447.97,,,,1.1256,0,0
noaa_right_whale_heads,aerien,<absent>../imgs/whale_90244/w_2686.jpg,,,1374.73,808.86,549.23,432.72,1,237662.81,,,,1.2693,0,0
noaa_right_whale_heads,aerien,<absent>../imgs/whale_90244/w_2855.jpg,,,1910.64,1587.76,825.5,822.17,1,678701.33,,,,1.0041,0,0
noaa_right_whale_heads,aerien,<absent>../imgs/whale_90244/w_3045.jpg,,,1310.21,779.04,446.18,337.59,1,150625.91,,,,1.3217,0,0
noaa_right_whale_heads,aerien,<absent>../imgs/whale_90244/w_3550.jpg,,,1093.26,927.87,611.1,515.79,1,315199.27,,,,1.1848,0,0
noaa_right_whale_heads,aerien,<absent>../imgs/whale_90244/w_3992.jpg,,,3031.93,1309.45,1178.04,1013.77,1,1194261.61,,,,1.162,0,0
noaa_right_whale_heads,aerien,<absent>../imgs/whale_90244/w_4217.jpg,,,1154.57,858.89,516.27,398.94,1,205960.75,,,,1.2941,0,0
noaa_right_whale_heads,aerien,<absent>../imgs/whale_90244/w_5127.jpg,,,868.28,492.81,647.69,511.58,1,331345.25,,,,1.2661,0,0
noaa_right_whale_heads,aerien,<absent>../imgs/whale_90244/w_7825.jpg,,,1505.92,1019.76,999.99,948.61,1,948600.51,,,,1.0542,0,0
noaa_right_whale_heads,aerien,<absent>../imgs/whale_90271/w_1530.jpg,,,2370.16,1079.48,685.23,891.74,1,611047.0,,,,0.7684,0,0
noaa_right_whale_heads,aerien,<absent>../imgs/whale_90271/w_3093.jpg,,,964.14,841.54,557.31,401.26,1,223626.21,,,,1.3889,0,0
noaa_right_whale_heads,aerien,<absent>../imgs/whale_90271/w_3209.jpg,,,1007.9,877.46,466.4,403.16,1,188033.82,,,,1.1569,0,0
noaa_right_whale_heads,aerien,<absent>../imgs/whale_90271/w_3422.jpg,,,1233.19,837.94,466.4,391.3,1,182502.32,,,,1.1919,0,0
noaa_right_whale_heads,aerien,<absent>../imgs/whale_90271/w_3506.jpg,,,1283.88,877.41,412.07,456.93,1,188287.15,,,,0.9018,0,0
noaa_right_whale_heads,aerien,<absent>../imgs/whale_90271/w_4788.jpg,,,1341.44,798.87,662.4,479.32,1,317501.57,,,,1.382,0,0
noaa_right_whale_heads,aerien,<absent>../imgs/whale_90271/w_5318.jpg,,,1028.78,137.36,619.51,681.18,1,421997.82,,,,0.9095,0,0
noaa_right_whale_heads,aerien,<absent>../imgs/whale_90271/w_5739.jpg,,,1194.53,635.04,365.91,552.41,1,202132.34,,,,0.6624,0,0
noaa_right_whale_heads,aerien,<absent>../imgs/whale_90271/w_5781.jpg,,,2190.25,778.9,848.8,918.7,1,779792.56,,,,0.9239,0,0
noaa_right_whale_heads,aerien,<absent>../imgs/whale_90271/w_644.jpg,,,1482.2,644.26,486.16,490.12,1,238276.74,,,,0.9919,0,0
noaa_right_whale_heads,aerien,<absent>../imgs/whale_90271/w_6991.jpg,,,1229.67,765.02,506.89,431.79,1,218870.03,,,,1.1739,0,0
noaa_right_whale_heads,aerien,<absent>../imgs/whale_90271/w_8048.jpg,,,1078.48,745.62,525.93,326.21,1,171563.63,,,,1.6122,0,0
noaa_right_whale_heads,aerien,<absent>../imgs/whale_90271/w_8717.jpg,,,2509.79,955.32,855.46,842.15,1,720425.64,,,,1.0158,0,0
noaa_right_whale_heads,aerien,<absent>../imgs/whale_90271/w_919.jpg,,,1527.85,735.63,429.39,389.45,1,167225.94,,,,1.1026,0,0
noaa_right_whale_heads,aerien,<absent>../imgs/whale_90377/w_1145.jpg,,,982.77,803.7,410.31,411.72,1,168932.83,,,,0.9966,0,0
noaa_right_whale_heads,aerien,<absent>../imgs/whale_90377/w_2070.jpg,,,1347.0,948.06,398.94,380.16,1,151661.03,,,,1.0494,0,0
noaa_right_whale_heads,aerien,<absent>../imgs/whale_90377/w_4176.jpg,,,1043.47,798.41,557.31,545.45,1,303984.74,,,,1.0217,0,0
noaa_right_whale_heads,aerien,<absent>../imgs/whale_90377/w_5452.jpg,,,1422.1,1074.78,492.81,328.54,1,161907.8,,,,1.5,0,0
noaa_right_whale_heads,aerien,<absent>../imgs/whale_90377/w_5789.jpg,,,1623.91,586.67,474.03,530.35,1,251401.81,,,,0.8938,0,0
noaa_right_whale_heads,aerien,<absent>../imgs/whale_90377/w_6090.jpg,,,1417.4,694.62,464.64,375.47,1,174458.38,,,,1.2375,0,0
noaa_right_whale_heads,aerien,<absent>../imgs/whale_90377/w_6476.jpg,,,1975.65,798.63,313.09,209.29,1,65526.61,,,,1.496,0,0
noaa_right_whale_heads,aerien,<absent>../imgs/whale_90446/w_5427.jpg,,,2033.8,988.61,755.6,572.53,1,432603.67,,,,1.3198,0,0
noaa_right_whale_heads,aerien,<absent>../imgs/whale_90446/w_7533.jpg,,,2051.37,948.61,1047.42,667.98,1,699655.61,,,,1.568,0,0
noaa_right_whale_heads,aerien,<absent>../imgs/whale_90446/w_7879.jpg,,,2229.23,1387.34,837.94,1102.76,1,924046.71,,,,0.7599,0,0
noaa_right_whale_heads,aerien,<absent>../imgs/whale_90446/w_9344.jpg,,,1766.79,1086.95,1252.96,1102.76,1,1381714.17,,,,1.1362,0,0
noaa_right_whale_heads,aerien,<absent>../imgs/whale_90820/w_1115.jpg,,,1166.97,602.74,470.47,373.36,1,175654.68,,,,1.2601,0,0
noaa_right_whale_heads,aerien,<absent>../imgs/whale_90820/w_121.jpg,,,1215.59,0.0,718.09,455.26,1,326917.65,,,,1.5773,0,0
noaa_right_whale_heads,aerien,<absent>../imgs/whale_90820/w_1377.jpg,,,1527.76,955.9,818.54,734.44,1,601168.52,,,,1.1145,0,0
noaa_right_whale_heads,aerien,<absent>../imgs/whale_90820/w_1683.jpg,,,938.68,183.04,577.29,765.02,1,441638.4,,,,0.7546,0,0
noaa_right_whale_heads,aerien,<absent>../imgs/whale_90820/w_1834.jpg,,,683.99,877.41,782.1,524.2,1,409976.82,,,,1.492,0,0
noaa_right_whale_heads,aerien,<absent>../imgs/whale_90820/w_2011.jpg,,,1347.0,685.23,492.81,413.02,1,203540.39,,,,1.1932,0,0
noaa_right_whale_heads,aerien,<absent>../imgs/whale_90820/w_3156.jpg,,,1213.79,636.33,650.35,434.5,1,282577.08,,,,1.4968,0,0
noaa_right_whale_heads,aerien,<absent>../imgs/whale_90820/w_3631.jpg,,,1331.53,709.21,414.88,420.48,1,174448.74,,,,0.9867,0,0
noaa_right_whale_heads,aerien,<absent>../imgs/whale_90820/w_386.jpg,,,1814.11,925.36,599.16,489.31,1,293174.98,,,,1.2245,0,0
noaa_right_whale_heads,aerien,<absent>../imgs/whale_90820/w_6210.jpg,,,1383.39,1150.19,1098.81,833.99,1,916396.55,,,,1.3175,0,0
noaa_right_whale_heads,aerien,<absent>../imgs/whale_90820/w_7379.jpg,,,1013.77,938.68,642.99,403.63,1,259530.05,,,,1.593,0,0
noaa_right_whale_heads,aerien,<absent>../imgs/whale_90820/w_75.jpg,,,1276.67,849.8,379.44,292.49,1,110982.41,,,,1.2973,0,0
noaa_right_whale_heads,aerien,<absent>../imgs/whale_90820/w_8991.jpg,,,1118.57,490.12,667.98,509.88,1,340589.64,,,,1.3101,0,0
noaa_right_whale_heads,aerien,<absent>../imgs/whale_90911/w_1236.jpg,,,1303.13,1336.18,335.22,316.34,1,106043.49,,,,1.0597,0,0
noaa_right_whale_heads,aerien,<absent>../imgs/whale_90911/w_1941.jpg,,,1525.35,1318.84,544.43,492.81,1,268300.55,,,,1.1047,0,0
noaa_right_whale_heads,aerien,<absent>../imgs/whale_90911/w_2376.jpg,,,1125.08,865.45,436.05,379.47,1,165467.89,,,,1.1491,0,0
noaa_right_whale_heads,aerien,<absent>../imgs/whale_90911/w_2701.jpg,,,1178.01,1010.4,491.03,429.65,1,210971.04,,,,1.1429,0,0
noaa_right_whale_heads,aerien,<absent>../imgs/whale_90911/w_3086.jpg,,,2370.16,1032.54,755.63,638.3,1,482318.63,,,,1.1838,0,0
noaa_right_whale_heads,aerien,<absent>../imgs/whale_90911/w_327.jpg,,,1410.02,1037.19,305.55,246.68,1,75373.07,,,,1.2386,0,0
noaa_right_whale_heads,aerien,<absent>../imgs/whale_90911/w_3494.jpg,,,1256.91,1083.0,308.3,252.96,1,77987.57,,,,1.2188,0,0
noaa_right_whale_heads,aerien,<absent>../imgs/whale_90911/w_3780.jpg,,,1359.67,636.36,478.26,517.78,1,247633.46,,,,0.9237,0,0
noaa_right_whale_heads,aerien,<absent>../imgs/whale_90911/w_4070.jpg,,,1361.08,948.06,671.15,614.83,1,412643.15,,,,1.0916,0,0
noaa_right_whale_heads,aerien,<absent>../imgs/whale_90911/w_411.jpg,,,1747.54,1454.62,1058.51,792.22,1,838572.79,,,,1.3361,0,0
noaa_right_whale_heads,aerien,<absent>../imgs/whale_90911/w_4342.jpg,,,1304.83,699.01,515.94,522.6,1,269630.24,,,,0.9873,0,0
noaa_right_whale_heads,aerien,<absent>../imgs/whale_90911/w_5144.jpg,,,1293.68,561.86,448.54,580.74,1,260485.12,,,,0.7724,0,0
noaa_right_whale_heads,aerien,<absent>../imgs/whale_90911/w_5348.jpg,,,1264.81,790.51,446.64,474.3,1,211841.35,,,,0.9417,0,0
noaa_right_whale_heads,aerien,<absent>../imgs/whale_90911/w_5997.jpg,,,692.4,770.89,468.14,370.03,1,173225.84,,,,1.2651,0,0
noaa_right_whale_heads,aerien,<absent>../imgs/whale_90911/w_6002.jpg,,,1036.36,854.59,436.74,370.64,1,161873.31,,,,1.1783,0,0
noaa_right_whale_heads,aerien,<absent>../imgs/whale_90911/w_6044.jpg,,,1243.75,872.97,516.27,384.86,1,198691.67,,,,1.3414,0,0
noaa_right_whale_heads,aerien,<absent>../imgs/whale_90911/w_6156.jpg,,,1319.33,760.12,264.54,261.19,1,69095.2,,,,1.0128,0,0
noaa_right_whale_heads,aerien,<absent>../imgs/whale_90911/w_6224.jpg,,,1395.25,861.65,628.45,490.12,1,308015.91,,,,1.2822,0,0
noaa_right_whale_heads,aerien,<absent>../imgs/whale_90911/w_7855.jpg,,,1052.89,632.68,509.92,398.96,1,203437.68,,,,1.2781,0,0
noaa_right_whale_heads,aerien,<absent>../imgs/whale_90929/w_3239.jpg,,,1162.05,612.64,501.97,541.5,1,271816.76,,,,0.927,0,0
noaa_right_whale_heads,aerien,<absent>../imgs/whale_90929/w_8953.jpg,,,1510.2,771.84,413.55,341.55,1,141248.0,,,,1.2108,0,0
noaa_right_whale_heads,aerien,<absent>../imgs/whale_90957/w_1196.jpg,,,1405.59,697.82,475.16,481.12,1,228608.98,,,,0.9876,0,0
noaa_right_whale_heads,aerien,<absent>../imgs/whale_90957/w_1636.jpg,,,1521.19,555.88,429.39,519.27,1,222969.35,,,,0.8269,0,0
noaa_right_whale_heads,aerien,<absent>../imgs/whale_90957/w_1832.jpg,,,1364.51,611.43,446.18,361.19,1,161155.75,,,,1.2353,0,0
noaa_right_whale_heads,aerien,<absent>../imgs/whale_90957/w_2247.jpg,,,1027.66,363.63,675.88,687.74,1,464829.71,,,,0.9828,0,0
noaa_right_whale_heads,aerien,<absent>../imgs/whale_90957/w_2419.jpg,,,1388.04,1071.82,559.21,476.0,1,266183.96,,,,1.1748,0,0
noaa_right_whale_heads,aerien,<absent>../imgs/whale_90957/w_249.jpg,,,1778.64,988.14,774.7,675.88,1,523604.24,,,,1.1462,0,0
noaa_right_whale_heads,aerien,<absent>../imgs/whale_90957/w_3204.jpg,,,1088.86,704.01,910.52,783.79,1,713656.47,,,,1.1617,0,0
noaa_right_whale_heads,aerien,<absent>../imgs/whale_90957/w_3296.jpg,,,1331.46,832.16,585.84,559.21,1,327607.59,,,,1.0476,0,0
noaa_right_whale_heads,aerien,<absent>../imgs/whale_90957/w_3364.jpg,,,1035.57,1102.76,565.21,466.4,1,263613.94,,,,1.2119,0,0
noaa_right_whale_heads,aerien,<absent>../imgs/whale_90957/w_3389.jpg,,,2355.71,1043.47,517.78,592.88,1,306981.41,,,,0.8733,0,0
noaa_right_whale_heads,aerien,<absent>../imgs/whale_90957/w_3718.jpg,,,802.37,893.27,731.22,616.6,1,450870.25,,,,1.1859,0,0
noaa_right_whale_heads,aerien,<absent>../imgs/whale_90957/w_3768.jpg,,,1134.38,940.7,845.84,739.13,1,625185.72,,,,1.1444,0,0
noaa_right_whale_heads,aerien,<absent>../imgs/whale_90957/w_403.jpg,,,1290.68,826.04,718.09,591.37,1,424656.88,,,,1.2143,0,0
noaa_right_whale_heads,aerien,<absent>../imgs/whale_90957/w_4452.jpg,,,1154.14,375.49,837.94,837.94,1,702143.44,,,,1.0,0,0
noaa_right_whale_heads,aerien,<absent>../imgs/whale_90957/w_4592.jpg,,,2417.09,1084.17,760.33,774.41,1,588807.16,,,,0.9818,0,0
noaa_right_whale_heads,aerien,<absent>../imgs/whale_90957/w_5202.jpg,,,1341.44,778.9,602.48,575.85,1,346938.11,,,,1.0462,0,0
noaa_right_whale_heads,aerien,<absent>../imgs/whale_90957/w_6189.jpg,,,1426.84,829.75,563.45,420.48,1,236919.46,,,,1.34,0,0
noaa_right_whale_heads,aerien,<absent>../imgs/whale_90957/w_636.jpg,,,1217.2,828.77,515.68,391.78,1,202033.11,,,,1.3162,0,0
noaa_right_whale_heads,aerien,<absent>../imgs/whale_90957/w_6383.jpg,,,1141.72,788.89,685.7,615.8,1,422254.06,,,,1.1135,0,0
noaa_right_whale_heads,aerien,<absent>../imgs/whale_90957/w_6431.jpg,,,2069.78,910.52,1126.41,694.62,1,782426.91,,,,1.6216,0,0
noaa_right_whale_heads,aerien,<absent>../imgs/whale_90957/w_6552.jpg,,,1187.43,919.9,811.96,727.47,1,590676.54,,,,1.1161,0,0
noaa_right_whale_heads,aerien,<absent>../imgs/whale_90957/w_6702.jpg,,,1036.59,674.34,613.04,858.25,1,526141.58,,,,0.7143,0,0
noaa_right_whale_heads,aerien,<absent>../imgs/whale_90957/w_7090.jpg,,,1547.82,775.57,589.17,429.39,1,252983.71,,,,1.3721,0,0
noaa_right_whale_heads,aerien,<absent>../imgs/whale_90957/w_7389.jpg,,,1297.89,897.03,583.07,751.26,1,438037.17,,,,0.7761,0,0
noaa_right_whale_heads,aerien,<absent>../imgs/whale_90957/w_7558.jpg,,,1628.91,1371.59,306.9,290.37,1,89114.55,,,,1.0569,0,0
noaa_right_whale_heads,aerien,<absent>../imgs/whale_90957/w_8118.jpg,,,1690.34,409.27,641.94,569.05,1,365295.96,,,,1.1281,0,0
noaa_right_whale_heads,aerien,<absent>../imgs/whale_90957/w_9058.jpg,,,2549.39,972.33,1110.66,735.17,1,816523.91,,,,1.5108,0,0
noaa_right_whale_heads,aerien,<absent>../imgs/whale_90957/w_9339.jpg,,,1042.05,1109.82,783.65,758.24,1,594194.78,,,,1.0335,0,0
noaa_right_whale_heads,aerien,<absent>../imgs/whale_90957/w_9343.jpg,,,2446.62,1154.14,905.13,1158.09,1,1048222.0,,,,0.7816,0,0
noaa_right_whale_heads,aerien,<absent>../imgs/whale_90957/w_9402.jpg,,,2123.67,1321.47,912.05,669.06,1,610216.17,,,,1.3632,0,0
noaa_right_whale_heads,aerien,<absent>../imgs/whale_90966/w_5493.jpg,,,2482.27,927.68,694.7,999.69,1,694484.64,,,,0.6949,0,0
noaa_right_whale_heads,aerien,<absent>../imgs/whale_91826/w_2225.jpg,,,1130.43,786.56,581.02,541.5,1,314622.33,,,,1.073,0,0
noaa_right_whale_heads,aerien,<absent>../imgs/whale_91826/w_2255.jpg,,,1168.35,679.04,572.53,505.95,1,289671.55,,,,1.1316,0,0
noaa_right_whale_heads,aerien,<absent>../imgs/whale_91826/w_2664.jpg,,,1517.78,790.51,442.68,545.45,1,241459.81,,,,0.8116,0,0
noaa_right_whale_heads,aerien,<absent>../imgs/whale_91826/w_3627.jpg,,,1043.45,949.02,724.75,514.64,1,372985.34,,,,1.4083,0,0
noaa_right_whale_heads,aerien,<absent>../imgs/whale_91826/w_4468.jpg,,,1291.51,895.4,552.55,512.61,1,283242.66,,,,1.0779,0,0
noaa_right_whale_heads,aerien,<absent>../imgs/whale_91826/w_6655.jpg,,,1558.09,1293.68,661.01,542.97,1,358908.6,,,,1.2174,0,0
noaa_right_whale_heads,aerien,<absent>../imgs/whale_91826/w_6855.jpg,,,1206.34,696.42,455.62,389.52,1,177473.1,,,,1.1697,0,0
noaa_right_whale_heads,aerien,<absent>../imgs/whale_91826/w_8292.jpg,,,1281.53,1158.37,532.58,426.07,1,226916.36,,,,1.25,0,0
noaa_right_whale_heads,aerien,<absent>../imgs/whale_91826/w_8758.jpg,,,1312.24,762.84,391.3,268.77,1,105169.7,,,,1.4559,0,0
noaa_right_whale_heads,aerien,<absent>../imgs/whale_92153/w_1266.jpg,,,1372.91,837.14,431.96,415.22,1,179358.43,,,,1.0403,0,0
noaa_right_whale_heads,aerien,<absent>../imgs/whale_92153/w_1268.jpg,,,1239.02,933.47,574.66,577.46,1,331843.16,,,,0.9952,0,0
noaa_right_whale_heads,aerien,<absent>../imgs/whale_92153/w_2952.jpg,,,869.4,997.58,551.74,585.17,1,322861.7,,,,0.9429,0,0
noaa_right_whale_heads,aerien,<absent>../imgs/whale_92153/w_3208.jpg,,,802.2,882.09,758.93,592.5,1,449666.02,,,,1.2809,0,0
noaa_right_whale_heads,aerien,<absent>../imgs/whale_92153/w_3246.jpg,,,1551.79,684.93,388.84,431.65,1,167842.79,,,,0.9008,0,0
noaa_right_whale_heads,aerien,<absent>../imgs/whale_92153/w_4079.jpg,,,968.37,806.32,754.94,577.07,1,435653.23,,,,1.3082,0,0
noaa_right_whale_heads,aerien,<absent>../imgs/whale_92153/w_4175.jpg,,,1963.9,942.01,432.72,359.49,1,155558.51,,,,1.2037,0,0
noaa_right_whale_heads,aerien,<absent>../imgs/whale_92153/w_4327.jpg,,,1292.48,509.88,893.27,573.12,1,511950.9,,,,1.5586,0,0
noaa_right_whale_heads,aerien,<absent>../imgs/whale_92153/w_4427.jpg,,,2140.06,1560.46,735.65,1058.89,1,778972.43,,,,0.6947,0,0
noaa_right_whale_heads,aerien,<absent>../imgs/whale_92153/w_4566.jpg,,,1180.37,991.51,665.73,594.91,1,396049.43,,,,1.119,0,0
noaa_right_whale_heads,aerien,<absent>../imgs/whale_92153/w_5435.jpg,,,1067.19,1122.52,660.07,490.12,1,323513.51,,,,1.3468,0,0
noaa_right_whale_heads,aerien,<absent>../imgs/whale_92153/w_5722.jpg,,,757.74,397.28,403.41,434.09,1,175116.25,,,,0.9293,0,0
noaa_right_whale_heads,aerien,<absent>../imgs/whale_92153/w_7313.jpg,,,1094.85,743.08,509.88,509.88,1,259977.61,,,,1.0,0,0
noaa_right_whale_heads,aerien,<absent>../imgs/whale_92153/w_7638.jpg,,,1493.59,1644.06,1187.07,1131.34,1,1342979.77,,,,1.0493,0,0
noaa_right_whale_heads,aerien,<absent>../imgs/whale_92153/w_7704.jpg,,,781.32,675.95,679.93,650.11,1,442029.29,,,,1.0459,0,0
noaa_right_whale_heads,aerien,<absent>../imgs/whale_92153/w_8502.jpg,,,1391.29,525.69,557.31,450.59,1,251118.31,,,,1.2368,0,0
noaa_right_whale_heads,aerien,<absent>../imgs/whale_92153/w_8562.jpg,,,572.59,872.97,638.3,464.64,1,296579.71,,,,1.3738,0,0
noaa_right_whale_heads,aerien,<absent>../imgs/whale_92153/w_9446.jpg,,,1368.07,768.92,519.27,595.83,1,309396.64,,,,0.8715,0,0
noaa_right_whale_heads,aerien,<absent>../imgs/whale_92465/w_4889.jpg,,,1722.47,1196.81,1257.83,1102.95,1,1387323.6,,,,1.1404,0,0
noaa_right_whale_heads,aerien,<absent>../imgs/whale_92465/w_5259.jpg,,,1869.7,559.49,491.03,533.53,1,261979.24,,,,0.9203,0,0
noaa_right_whale_heads,aerien,<absent>../imgs/whale_92465/w_5793.jpg,,,1600.78,1023.71,1051.38,790.51,1,831126.4,,,,1.33,0,0
noaa_right_whale_heads,aerien,<absent>../imgs/whale_92465/w_823.jpg,,,1271.54,1005.25,402.77,339.52,1,136748.47,,,,1.1863,0,0
noaa_right_whale_heads,aerien,<absent>../imgs/whale_92515/w_311.jpg,,,3346.38,1379.85,830.73,610.14,1,506861.6,,,,1.3615,0,0
noaa_right_whale_heads,aerien,<absent>../imgs/whale_92515/w_3670.jpg,,,1948.6,1553.35,936.75,810.27,1,759020.42,,,,1.1561,0,0
noaa_right_whale_heads,aerien,<absent>../imgs/whale_92515/w_4450.jpg,,,2327.92,1811.65,1027.85,732.17,1,752560.93,,,,1.4038,0,0
noaa_right_whale_heads,aerien,<absent>../imgs/whale_92515/w_8477.jpg,,,2423.25,1274.87,645.76,559.21,1,361115.45,,,,1.1548,0,0
noaa_right_whale_heads,aerien,<absent>../imgs/whale_92686/w_3913.jpg,,,712.02,1112.88,770.89,555.04,1,427874.79,,,,1.3889,0,0
noaa_right_whale_heads,aerien,<absent>../imgs/whale_92686/w_4587.jpg,,,1492.5,1248.44,558.51,422.4,1,235914.62,,,,1.3222,0,0
noaa_right_whale_heads,aerien,<absent>../imgs/whale_92686/w_7237.jpg,,,1055.33,988.14,612.64,573.12,1,351116.24,,,,1.069,0,0
noaa_right_whale_heads,aerien,<absent>../imgs/whale_92686/w_7349.jpg,,,1440.86,726.03,678.38,563.45,1,382233.21,,,,1.204,0,0
noaa_right_whale_heads,aerien,<absent>../imgs/whale_92686/w_8481.jpg,,,1454.54,849.8,707.5,513.83,1,363534.73,,,,1.3769,0,0
noaa_right_whale_heads,aerien,<absent>../imgs/whale_92686/w_9142.jpg,,,1215.78,1253.55,441.46,339.95,1,150074.33,,,,1.2986,0,0
noaa_right_whale_heads,aerien,<absent>../imgs/whale_94176/w_1760.jpg,,,1245.05,869.56,407.11,454.54,1,185047.78,,,,0.8957,0,0
noaa_right_whale_heads,aerien,<absent>../imgs/whale_94176/w_2277.jpg,,,1524.87,677.94,373.76,270.38,1,101057.23,,,,1.3824,0,0
noaa_right_whale_heads,aerien,<absent>../imgs/whale_94176/w_4053.jpg,,,1863.48,721.62,467.12,391.78,1,183008.27,,,,1.1923,0,0
noaa_right_whale_heads,aerien,<absent>../imgs/whale_94176/w_4727.jpg,,,882.92,835.7,576.02,439.1,1,252930.38,,,,1.3118,0,0
noaa_right_whale_heads,aerien,<absent>../imgs/whale_94176/w_6563.jpg,,,2140.06,2056.47,819.24,674.34,1,552446.3,,,,1.2149,0,0
noaa_right_whale_heads,aerien,<absent>../imgs/whale_94176/w_8236.jpg,,,1574.45,1551.15,459.35,416.08,1,191126.35,,,,1.104,0,0
noaa_right_whale_heads,aerien,<absent>../imgs/whale_94546/w_1951.jpg,,,1311.48,822.17,449.37,379.47,1,170522.43,,,,1.1842,0,0
noaa_right_whale_heads,aerien,<absent>../imgs/whale_94546/w_2702.jpg,,,1347.82,830.03,490.12,584.98,1,286710.4,,,,0.8378,0,0
noaa_right_whale_heads,aerien,<absent>../imgs/whale_94546/w_2705.jpg,,,1584.52,922.48,729.63,469.19,1,342335.1,,,,1.5551,0,0
noaa_right_whale_heads,aerien,<absent>../imgs/whale_94546/w_2760.jpg,,,1336.0,681.92,451.3,487.08,1,219819.2,,,,0.9265,0,0
noaa_right_whale_heads,aerien,<absent>../imgs/whale_94546/w_2818.jpg,,,1249.0,857.7,644.26,482.21,1,310668.61,,,,1.3361,0,0
noaa_right_whale_heads,aerien,<absent>../imgs/whale_94546/w_3472.jpg,,,1260.63,852.23,627.96,552.41,1,346891.38,,,,1.1368,0,0
noaa_right_whale_heads,aerien,<absent>../imgs/whale_94546/w_3617.jpg,,,565.87,619.13,535.91,612.47,1,328228.8,,,,0.875,0,0
noaa_right_whale_heads,aerien,<absent>../imgs/whale_94546/w_4177.jpg,,,1573.55,960.6,448.28,512.32,1,229662.81,,,,0.875,0,0
noaa_right_whale_heads,aerien,<absent>../imgs/whale_94546/w_6158.jpg,,,1715.73,554.68,447.32,666.01,1,297919.59,,,,0.6716,0,0
noaa_right_whale_heads,aerien,<absent>../imgs/whale_94546/w_6490.jpg,,,1924.29,1178.04,868.28,713.39,1,619422.27,,,,1.2171,0,0
noaa_right_whale_heads,aerien,<absent>../imgs/whale_94546/w_6601.jpg,,,1255.84,417.68,442.91,630.72,1,279352.2,,,,0.7022,0,0
noaa_right_whale_heads,aerien,<absent>../imgs/whale_94546/w_7883.jpg,,,2140.18,1469.03,633.61,666.46,1,422275.72,,,,0.9507,0,0
noaa_right_whale_heads,aerien,<absent>../imgs/whale_94546/w_8143.jpg,,,1296.43,857.7,521.74,446.64,1,233029.95,,,,1.1681,0,0
noaa_right_whale_heads,aerien,<absent>../imgs/whale_94546/w_8314.jpg,,,1567.79,1707.59,559.21,662.4,1,370420.7,,,,0.8442,0,0
noaa_right_whale_heads,aerien,<absent>../imgs/whale_94546/w_8909.jpg,,,1081.53,825.06,449.31,373.76,1,167934.11,,,,1.2021,0,0
noaa_right_whale_heads,aerien,<absent>../imgs/whale_94546/w_9292.jpg,,,1290.68,628.91,535.05,483.42,1,258653.87,,,,1.1068,0,0
noaa_right_whale_heads,aerien,<absent>../imgs/whale_95091/w_1323.jpg,,,872.1,143.13,649.08,489.31,1,317601.33,,,,1.3265,0,0
noaa_right_whale_heads,aerien,<absent>../imgs/whale_95091/w_1517.jpg,,,1544.12,704.01,361.39,413.02,1,149261.3,,,,0.875,0,0
noaa_right_whale_heads,aerien,<absent>../imgs/whale_95091/w_2481.jpg,,,1764.71,126.72,520.97,666.46,1,347205.67,,,,0.7817,0,0
noaa_right_whale_heads,aerien,<absent>../imgs/whale_95091/w_2630.jpg,,,1584.97,620.55,743.08,644.26,1,478736.72,,,,1.1534,0,0
noaa_right_whale_heads,aerien,<absent>../imgs/whale_95091/w_2637.jpg,,,1286.68,723.23,510.19,395.25,1,201652.6,,,,1.2908,0,0
noaa_right_whale_heads,aerien,<absent>../imgs/whale_95091/w_2643.jpg,,,2727.25,1920.94,786.56,719.36,1,565819.8,,,,1.0934,0,0
noaa_right_whale_heads,aerien,<absent>../imgs/whale_95091/w_2758.jpg,,,1551.15,702.34,449.37,419.41,1,188470.27,,,,1.0714,0,0
noaa_right_whale_heads,aerien,<absent>../imgs/whale_95091/w_3038.jpg,,,1222.2,714.82,619.51,661.56,1,409843.04,,,,0.9364,0,0
noaa_right_whale_heads,aerien,<absent>../imgs/whale_95091/w_4429.jpg,,,1558.59,843.77,518.6,515.79,1,267488.69,,,,1.0054,0,0
noaa_right_whale_heads,aerien,<absent>../imgs/whale_95091/w_4983.jpg,,,1242.56,783.31,608.36,363.82,1,221333.54,,,,1.6721,0,0
noaa_right_whale_heads,aerien,<absent>../imgs/whale_95091/w_5130.jpg,,,1824.09,199.72,509.28,529.25,1,269536.44,,,,0.9623,0,0
noaa_right_whale_heads,aerien,<absent>../imgs/whale_95091/w_614.jpg,,,2782.59,2035.56,849.8,656.12,1,557570.78,,,,1.2952,0,0
noaa_right_whale_heads,aerien,<absent>../imgs/whale_95091/w_6355.jpg,,,2088.56,2144.88,596.06,591.37,1,352492.0,,,,1.0079,0,0
noaa_right_whale_heads,aerien,<absent>../imgs/whale_95091/w_6395.jpg,,,2149.57,1051.32,1201.51,1046.62,1,1257524.4,,,,1.148,0,0
noaa_right_whale_heads,aerien,<absent>../imgs/whale_95091/w_7045.jpg,,,2543.81,1027.85,1117.03,1079.48,1,1205811.54,,,,1.0348,0,0
noaa_right_whale_heads,aerien,<absent>../imgs/whale_95091/w_7257.jpg,,,1122.52,1055.33,509.88,395.25,1,201530.07,,,,1.29,0,0
noaa_right_whale_heads,aerien,<absent>../imgs/whale_95091/w_7263.jpg,,,694.85,986.29,366.6,342.06,1,125399.2,,,,1.0717,0,0
noaa_right_whale_heads,aerien,<absent>../imgs/whale_95091/w_7394.jpg,,,2539.12,2083.86,774.41,666.46,1,516113.29,,,,1.162,0,0
noaa_right_whale_heads,aerien,<absent>../imgs/whale_95091/w_751.jpg,,,1794.06,1407.22,563.45,524.2,1,295360.49,,,,1.0749,0,0
noaa_right_whale_heads,aerien,<absent>../imgs/whale_95091/w_8627.jpg,,,984.18,790.51,624.5,430.83,1,269053.33,,,,1.4495,0,0
noaa_right_whale_heads,aerien,<absent>../imgs/whale_95091/w_8886.jpg,,,877.46,620.55,403.16,399.21,1,160945.5,,,,1.0099,0,0
noaa_right_whale_heads,aerien,<absent>../imgs/whale_95091/w_9010.jpg,,,1008.04,793.21,351.75,384.8,1,135353.4,,,,0.9141,0,0
noaa_right_whale_heads,aerien,<absent>../imgs/whale_95091/w_920.jpg,,,3007.88,1403.15,656.12,747.03,1,490141.32,,,,0.8783,0,0
noaa_right_whale_heads,aerien,<absent>../imgs/whale_95370/w_1275.jpg,,,1351.69,1065.4,488.11,483.42,1,235962.14,,,,1.0097,0,0
noaa_right_whale_heads,aerien,<absent>../imgs/whale_95370/w_1357.jpg,,,1114.62,450.59,418.97,335.97,1,140761.35,,,,1.247,0,0
noaa_right_whale_heads,aerien,<absent>../imgs/whale_95370/w_1546.jpg,,,1188.57,619.51,375.63,313.96,1,117932.79,,,,1.1964,0,0
noaa_right_whale_heads,aerien,<absent>../imgs/whale_95370/w_1563.jpg,,,1371.4,459.35,768.92,619.13,1,476061.44,,,,1.2419,0,0
noaa_right_whale_heads,aerien,<absent>../imgs/whale_95370/w_1568.jpg,,,1492.5,1023.16,572.59,502.19,1,287548.97,,,,1.1402,0,0
noaa_right_whale_heads,aerien,<absent>../imgs/whale_95370/w_1972.jpg,,,1111.91,585.46,642.12,779.04,1,500237.16,,,,0.8242,0,0
noaa_right_whale_heads,aerien,<absent>../imgs/whale_95370/w_1991.jpg,,,1050.31,222.16,320.2,393.21,1,125905.84,,,,0.8143,0,0
noaa_right_whale_heads,aerien,<absent>../imgs/whale_95370/w_2036.jpg,,,1492.5,821.34,600.75,591.37,1,355265.53,,,,1.0159,0,0
noaa_right_whale_heads,aerien,<absent>../imgs/whale_95370/w_2090.jpg,,,814.85,155.93,457.72,477.84,1,218716.92,,,,0.9579,0,0
noaa_right_whale_heads,aerien,<absent>../imgs/whale_95370/w_2197.jpg,,,2320.0,2600.0,1290.0,810.0,1,1044900.0,,,,1.5926,0,0
noaa_right_whale_heads,aerien,<absent>../imgs/whale_95370/w_2494.jpg,,,2455.16,1091.92,1369.86,1065.44,1,1459503.64,,,,1.2857,0,0
noaa_right_whale_heads,aerien,<absent>../imgs/whale_95370/w_2844.jpg,,,831.03,759.45,483.11,514.92,1,248763.0,,,,0.9382,0,0
noaa_right_whale_heads,aerien,<absent>../imgs/whale_95370/w_3051.jpg,,,1023.71,699.6,573.12,529.64,1,303547.28,,,,1.0821,0,0
noaa_right_whale_heads,aerien,<absent>../imgs/whale_95370/w_3076.jpg,,,1379.85,727.47,488.11,525.66,1,256579.9,,,,0.9286,0,0
noaa_right_whale_heads,aerien,<absent>../imgs/whale_95370/w_3085.jpg,,,962.14,178.35,459.95,436.48,1,200758.98,,,,1.0538,0,0
noaa_right_whale_heads,aerien,<absent>../imgs/whale_95370/w_3187.jpg,,,1023.16,948.06,441.18,652.38,1,287817.01,,,,0.6763,0,0
noaa_right_whale_heads,aerien,<absent>../imgs/whale_95370/w_3243.jpg,,,1115.68,406.47,479.35,476.55,1,228434.24,,,,1.0059,0,0
noaa_right_whale_heads,aerien,<absent>../imgs/whale_95370/w_3355.jpg,,,1194.98,1471.26,1361.41,868.78,1,1182765.78,,,,1.567,0,0
noaa_right_whale_heads,aerien,<absent>../imgs/whale_95370/w_3837.jpg,,,983.93,762.48,543.82,403.66,1,219518.38,,,,1.3472,0,0
noaa_right_whale_heads,aerien,<absent>../imgs/whale_95370/w_3964.jpg,,,1098.25,248.75,445.87,474.03,1,211355.76,,,,0.9406,0,0
noaa_right_whale_heads,aerien,<absent>../imgs/whale_95370/w_4301.jpg,,,1003.31,144.01,519.36,481.59,1,250118.58,,,,1.0784,0,0
noaa_right_whale_heads,aerien,<absent>../imgs/whale_95370/w_4575.jpg,,,999.69,168.96,511.58,558.51,1,285722.55,,,,0.916,0,0
noaa_right_whale_heads,aerien,<absent>../imgs/whale_95370/w_4779.jpg,,,1198.31,369.48,296.25,512.61,1,151860.71,,,,0.5779,0,0
noaa_right_whale_heads,aerien,<absent>../imgs/whale_95370/w_4866.jpg,,,1210.75,101.39,508.95,546.73,1,278258.23,,,,0.9309,0,0
noaa_right_whale_heads,aerien,<absent>../imgs/whale_95370/w_4895.jpg,,,1065.4,830.73,445.87,427.1,1,190431.08,,,,1.0439,0,0
noaa_right_whale_heads,aerien,<absent>../imgs/whale_95370/w_4997.jpg,,,1261.55,878.76,495.97,409.42,1,203060.04,,,,1.2114,0,0
noaa_right_whale_heads,aerien,<absent>../imgs/whale_95370/w_5350.jpg,,,1612.64,1071.14,1335.96,1130.43,1,1510209.26,,,,1.1818,0,0
noaa_right_whale_heads,aerien,<absent>../imgs/whale_95370/w_5489.jpg,,,1286.68,1289.48,426.09,381.24,1,162442.55,,,,1.1176,0,0
noaa_right_whale_heads,aerien,<absent>../imgs/whale_95370/w_581.jpg,,,826.08,245.06,395.25,418.97,1,165597.89,,,,0.9434,0,0
noaa_right_whale_heads,aerien,<absent>../imgs/whale_95370/w_5839.jpg,,,1454.62,775.57,472.67,472.67,1,223416.93,,,,1.0,0,0
noaa_right_whale_heads,aerien,<absent>../imgs/whale_95370/w_5942.jpg,,,1248.37,730.07,540.59,529.44,1,286209.97,,,,1.0211,0,0
noaa_right_whale_heads,aerien,<absent>../imgs/whale_95370/w_6009.jpg,,,1185.0,495.97,575.85,519.27,1,299021.63,,,,1.109,0,0
noaa_right_whale_heads,aerien,<absent>../imgs/whale_95370/w_643.jpg,,,1989.99,1605.14,1046.62,971.53,1,1016822.73,,,,1.0773,0,0
noaa_right_whale_heads,aerien,<absent>../imgs/whale_95370/w_6924.jpg,,,1175.65,373.0,476.87,436.74,1,208268.2,,,,1.0919,0,0
noaa_right_whale_heads,aerien,<absent>../imgs/whale_95370/w_7067.jpg,,,1799.21,966.7,692.24,884.36,1,612189.37,,,,0.7828,0,0
noaa_right_whale_heads,aerien,<absent>../imgs/whale_95370/w_7112.jpg,,,1600.61,699.85,401.83,359.97,1,144646.75,,,,1.1163,0,0
noaa_right_whale_heads,aerien,<absent>../imgs/whale_95370/w_7188.jpg,,,734.44,131.75,403.66,482.15,1,194624.67,,,,0.8372,0,0
noaa_right_whale_heads,aerien,<absent>../imgs/whale_95370/w_7317.jpg,,,1047.42,426.87,557.31,664.03,1,370070.56,,,,0.8393,0,0
noaa_right_whale_heads,aerien,<absent>../imgs/whale_95370/w_7525.jpg,,,2237.14,1588.92,675.88,790.51,1,534289.9,,,,0.855,0,0
noaa_right_whale_heads,aerien,<absent>../imgs/whale_95370/w_7833.jpg,,,1140.49,1065.4,596.06,596.06,1,355287.52,,,,1.0,0,0
noaa_right_whale_heads,aerien,<absent>../imgs/whale_95370/w_7910.jpg,,,1181.67,542.57,442.71,399.44,1,176836.08,,,,1.1083,0,0
noaa_right_whale_heads,aerien,<absent>../imgs/whale_95370/w_8788.jpg,,,1497.19,816.65,647.69,760.33,1,492458.14,,,,0.8519,0,0
noaa_right_whale_heads,aerien,<absent>../imgs/whale_95370/w_8856.jpg,,,754.94,980.23,719.36,513.83,1,369628.75,,,,1.4,0,0
noaa_right_whale_heads,aerien,<absent>../imgs/whale_95370/w_8983.jpg,,,1055.68,771.38,566.61,495.04,1,280494.61,,,,1.1446,0,0
noaa_right_whale_heads,aerien,<absent>../imgs/whale_95370/w_8996.jpg,,,1260.86,407.11,482.21,490.12,1,236340.77,,,,0.9839,0,0
noaa_right_whale_heads,aerien,<absent>../imgs/whale_95370/w_918.jpg,,,1180.37,492.24,413.55,508.98,1,210488.68,,,,0.8125,0,0
noaa_right_whale_heads,aerien,<absent>../imgs/whale_95370/w_9295.jpg,,,1581.1,718.99,529.25,525.93,1,278348.45,,,,1.0063,0,0
noaa_right_whale_heads,aerien,<absent>../imgs/whale_95831/w_2505.jpg,,,1619.03,500.61,733.34,663.02,1,486219.09,,,,1.1061,0,0
noaa_right_whale_heads,aerien,<absent>../imgs/whale_95831/w_3675.jpg,,,1914.9,51.63,553.82,520.97,1,288523.61,,,,1.0631,0,0
noaa_right_whale_heads,aerien,<absent>../imgs/whale_95831/w_3910.jpg,,,858.89,769.71,661.77,478.73,1,316809.15,,,,1.3823,0,0
noaa_right_whale_heads,aerien,<absent>../imgs/whale_95831/w_5410.jpg,,,2328.05,1154.14,782.6,822.13,1,643398.94,,,,0.9519,0,0
noaa_right_whale_heads,aerien,<absent>../imgs/whale_95831/w_5509.jpg,,,1587.22,607.76,286.3,308.07,1,88200.44,,,,0.9293,0,0
noaa_right_whale_heads,aerien,<absent>../imgs/whale_95831/w_6019.jpg,,,905.39,223.02,695.69,845.47,1,588185.02,,,,0.8228,0,0
noaa_right_whale_heads,aerien,<absent>../imgs/whale_95831/w_69.jpg,,,1278.2,552.55,482.65,522.6,1,252232.89,,,,0.9236,0,0
noaa_right_whale_heads,aerien,<absent>../imgs/whale_95831/w_9050.jpg,,,1877.35,1098.25,1163.96,849.5,1,988784.02,,,,1.3702,0,0
noaa_right_whale_heads,aerien,<absent>../imgs/whale_96240/w_1716.jpg,,,1361.08,769.71,619.53,431.79,1,267506.86,,,,1.4348,0,0
noaa_right_whale_heads,aerien,<absent>../imgs/whale_96240/w_1812.jpg,,,2069.78,1145.19,858.89,1037.24,1,890875.06,,,,0.8281,0,0
noaa_right_whale_heads,aerien,<absent>../imgs/whale_96240/w_4856.jpg,,,1507.87,842.15,559.21,519.27,1,290380.98,,,,1.0769,0,0
noaa_right_whale_heads,aerien,<absent>../imgs/whale_96240/w_4919.jpg,,,980.92,1098.25,567.9,436.48,1,247876.99,,,,1.3011,0,0
noaa_right_whale_heads,aerien,<absent>../imgs/whale_96240/w_6159.jpg,,,1136.76,829.94,487.9,442.63,1,215959.18,,,,1.1023,0,0
noaa_right_whale_heads,aerien,<absent>../imgs/whale_96385/w_2240.jpg,,,1582.2,877.32,393.46,343.23,1,135047.28,,,,1.1463,0,0
noaa_right_whale_heads,aerien,<absent>../imgs/whale_96385/w_3025.jpg,,,1110.66,901.18,1185.76,1075.09,1,1274798.72,,,,1.1029,0,0
noaa_right_whale_heads,aerien,<absent>../imgs/whale_96385/w_4483.jpg,,,1343.86,818.18,762.84,588.93,1,449259.36,,,,1.2953,0,0
noaa_right_whale_heads,aerien,<absent>../imgs/whale_96385/w_5324.jpg,,,1142.28,916.99,845.84,802.37,1,678676.64,,,,1.0542,0,0
noaa_right_whale_heads,aerien,<absent>../imgs/whale_96385/w_655.jpg,,,1656.11,794.46,1636.35,1754.93,1,2871679.71,,,,0.9324,0,0
noaa_right_whale_heads,aerien,<absent>../imgs/whale_96385/w_6988.jpg,,,1397.56,649.2,670.45,786.13,1,527060.86,,,,0.8528,0,0
noaa_right_whale_heads,aerien,<absent>../imgs/whale_96385/w_7828.jpg,,,1574.45,1045.19,565.87,669.06,1,378600.98,,,,0.8458,0,0
noaa_right_whale_heads,aerien,<absent>../imgs/whale_96385/w_8259.jpg,,,1138.11,835.36,762.48,793.31,1,604883.01,,,,0.9611,0,0
noaa_right_whale_heads,aerien,<absent>../imgs/whale_96385/w_8646.jpg,,,1320.32,622.32,456.93,381.24,1,174199.99,,,,1.1985,0,0
noaa_right_whale_heads,aerien,<absent>../imgs/whale_97440/w_5882.jpg,,,1076.5,771.96,507.56,424.93,1,215677.47,,,,1.1945,0,0
noaa_right_whale_heads,aerien,<absent>../imgs/whale_97440/w_8600.jpg,,,1553.51,788.49,337.92,281.6,1,95158.27,,,,1.2,0,0
noaa_right_whale_heads,aerien,<absent>../imgs/whale_97542/w_1273.jpg,,,1988.13,1007.9,478.26,351.78,1,168242.3,,,,1.3595,0,0
noaa_right_whale_heads,aerien,<absent>../imgs/whale_97542/w_1816.jpg,,,1731.86,713.39,413.02,333.23,1,137630.65,,,,1.2394,0,0
noaa_right_whale_heads,aerien,<absent>../imgs/whale_97542/w_3141.jpg,,,2333.89,789.7,1031.14,1227.3,1,1265518.12,,,,0.8402,0,0
noaa_right_whale_heads,aerien,<absent>../imgs/whale_97542/w_3365.jpg,,,2143.64,998.59,722.31,642.43,1,464033.61,,,,1.1243,0,0
noaa_right_whale_heads,aerien,<absent>../imgs/whale_97542/w_4845.jpg,,,2283.45,991.93,679.04,709.0,1,481439.36,,,,0.9577,0,0
noaa_right_whale_heads,aerien,<absent>../imgs/whale_97542/w_8201.jpg,,,1433.19,689.8,398.48,356.62,1,142105.94,,,,1.1174,0,0
noaa_right_whale_heads,aerien,<absent>../imgs/whale_97688/w_1330.jpg,,,2379.98,1135.07,1051.85,1051.85,1,1106388.42,,,,1.0,0,0
noaa_right_whale_heads,aerien,<absent>../imgs/whale_97688/w_2220.jpg,,,1194.17,1174.55,585.87,521.4,1,305472.62,,,,1.1236,0,0
noaa_right_whale_heads,aerien,<absent>../imgs/whale_97688/w_2545.jpg,,,1182.73,488.11,478.73,478.73,1,229182.41,,,,1.0,0,0
noaa_right_whale_heads,aerien,<absent>../imgs/whale_97688/w_3032.jpg,,,1159.2,1226.08,585.17,557.31,1,326121.09,,,,1.05,0,0
noaa_right_whale_heads,aerien,<absent>../imgs/whale_97688/w_3271.jpg,,,2162.04,897.23,869.56,1011.85,1,879864.29,,,,0.8594,0,0
noaa_right_whale_heads,aerien,<absent>../imgs/whale_97688/w_3544.jpg,,,1027.66,1600.78,1055.33,818.18,1,863449.9,,,,1.2899,0,0
noaa_right_whale_heads,aerien,<absent>../imgs/whale_97688/w_3697.jpg,,,1461.27,459.35,699.01,639.1,1,446737.29,,,,1.0937,0,0
noaa_right_whale_heads,aerien,<absent>../imgs/whale_97688/w_4757.jpg,,,971.53,769.71,511.58,474.03,1,242504.27,,,,1.0792,0,0
noaa_right_whale_heads,aerien,<absent>../imgs/whale_97688/w_496.jpg,,,1271.54,1214.95,466.01,392.78,1,183039.41,,,,1.1864,0,0
noaa_right_whale_heads,aerien,<absent>../imgs/whale_97688/w_4987.jpg,,,1411.72,835.7,439.1,347.03,1,152380.87,,,,1.2653,0,0
noaa_right_whale_heads,aerien,<absent>../imgs/whale_97688/w_5195.jpg,,,1488.16,1430.22,1006.34,774.58,1,779490.84,,,,1.2992,0,0
noaa_right_whale_heads,aerien,<absent>../imgs/whale_97688/w_647.jpg,,,1468.89,843.77,325.17,350.4,1,113939.57,,,,0.928,0,0
noaa_right_whale_heads,aerien,<absent>../imgs/whale_97688/w_740.jpg,,,1206.2,1126.41,488.11,394.24,1,192432.49,,,,1.2381,0,0
noaa_right_whale_heads,aerien,<absent>../imgs/whale_97688/w_8485.jpg,,,1218.71,771.38,646.13,499.01,1,322425.33,,,,1.2948,0,0
noaa_right_whale_heads,aerien,<absent>../imgs/whale_97688/w_9093.jpg,,,1623.91,704.01,502.19,520.97,1,261625.92,,,,0.964,0,0
noaa_right_whale_heads,aerien,<absent>../imgs/whale_97882/w_2020.jpg,,,1648.21,739.13,494.07,335.97,1,165992.7,,,,1.4706,0,0
noaa_right_whale_heads,aerien,<absent>../imgs/whale_97882/w_2404.jpg,,,2070.37,630.32,266.76,344.67,1,91944.17,,,,0.774,0,0
noaa_right_whale_heads,aerien,<absent>../imgs/whale_97882/w_7462.jpg,,,1374.73,932.02,426.07,525.93,1,224083.0,,,,0.8101,0,0
noaa_right_whale_heads,aerien,<absent>../imgs/whale_97882/w_8380.jpg,,,1163.34,633.53,686.79,462.53,1,317660.98,,,,1.4849,0,0
noaa_right_whale_heads,aerien,<absent>../imgs/whale_97924/w_2842.jpg,,,1625.87,1384.79,695.2,602.69,1,418990.09,,,,1.1535,0,0
noaa_right_whale_heads,aerien,<absent>../imgs/whale_97924/w_6450.jpg,,,1807.45,1584.43,709.0,565.87,1,401201.83,,,,1.2529,0,0
noaa_right_whale_heads,aerien,<absent>../imgs/whale_97924/w_984.jpg,,,1304.83,1947.25,695.69,629.11,1,437665.54,,,,1.1058,0,0
noaa_right_whale_heads,aerien,<absent>../imgs/whale_98151/w_1079.jpg,,,2135.49,1210.89,915.21,933.98,1,854787.84,,,,0.9799,0,0
noaa_right_whale_heads,aerien,<absent>../imgs/whale_98151/w_2742.jpg,,,1525.68,897.23,1039.52,747.03,1,776552.63,,,,1.3915,0,0
noaa_right_whale_heads,aerien,<absent>../imgs/whale_98151/w_3454.jpg,,,1474.3,960.47,1217.38,1177.86,1,1433903.21,,,,1.0336,0,0
noaa_right_whale_heads,aerien,<absent>../imgs/whale_98151/w_3473.jpg,,,2205.89,1408.01,826.04,887.05,1,732738.78,,,,0.9312,0,0
noaa_right_whale_heads,aerien,<absent>../imgs/whale_98151/w_3683.jpg,,,835.42,877.66,1257.83,797.88,1,1003597.4,,,,1.5765,0,0
noaa_right_whale_heads,aerien,<absent>../imgs/whale_98151/w_3719.jpg,,,2327.92,1633.3,858.89,915.21,1,786064.72,,,,0.9385,0,0
noaa_right_whale_heads,aerien,<absent>../imgs/whale_98151/w_4126.jpg,,,1514.53,1228.27,622.46,579.18,1,360516.38,,,,1.0747,0,0
noaa_right_whale_heads,aerien,<absent>../imgs/whale_98151/w_4160.jpg,,,2253.79,939.08,796.11,602.69,1,479807.54,,,,1.3209,0,0
noaa_right_whale_heads,aerien,<absent>../imgs/whale_98151/w_4811.jpg,,,2144.46,1488.51,1225.01,770.89,1,944347.96,,,,1.5891,0,0
noaa_right_whale_heads,aerien,<absent>../imgs/whale_98151/w_5829.jpg,,,1112.33,1408.01,1084.17,933.98,1,1012593.1,,,,1.1608,0,0
noaa_right_whale_heads,aerien,<absent>../imgs/whale_98151/w_6154.jpg,,,968.37,782.6,1177.86,1047.42,1,1233714.12,,,,1.1245,0,0
noaa_right_whale_heads,aerien,<absent>../imgs/whale_98151/w_6891.jpg,,,2332.61,1206.2,835.42,924.6,1,772429.33,,,,0.9035,0,0
noaa_right_whale_heads,aerien,<absent>../imgs/whale_98151/w_7556.jpg,,,2430.81,948.61,944.66,1118.57,1,1056668.34,,,,0.8445,0,0
noaa_right_whale_heads,aerien,<absent>../imgs/whale_98151/w_7779.jpg,,,971.53,727.47,520.97,586.67,1,305637.47,,,,0.888,0,0
noaa_right_whale_heads,aerien,<absent>../imgs/whale_98507/w_1373.jpg,,,952.56,1664.02,695.65,778.65,1,541667.87,,,,0.8934,0,0
noaa_right_whale_heads,aerien,<absent>../imgs/whale_98507/w_2881.jpg,,,1450.26,628.91,464.64,657.07,1,305301.0,,,,0.7071,0,0
noaa_right_whale_heads,aerien,<absent>../imgs/whale_98507/w_4399.jpg,,,984.18,577.07,656.12,584.98,1,383817.08,,,,1.1216,0,0
noaa_right_whale_heads,aerien,<absent>../imgs/whale_98507/w_5599.jpg,,,1689.62,1595.75,581.98,642.99,1,374207.32,,,,0.9051,0,0
noaa_right_whale_heads,aerien,<absent>../imgs/whale_98507/w_629.jpg,,,1341.44,1098.45,332.86,242.99,1,80881.65,,,,1.3699,0,0
noaa_right_whale_heads,aerien,<absent>../imgs/whale_98507/w_7561.jpg,,,1451.29,1461.27,842.15,705.67,1,594279.99,,,,1.1934,0,0
noaa_right_whale_heads,aerien,<absent>../imgs/whale_98618/w_1719.jpg,,,1291.32,904.16,521.72,533.53,1,278353.27,,,,0.9779,0,0
noaa_right_whale_heads,aerien,<absent>../imgs/whale_98618/w_1998.jpg,,,1342.31,849.5,469.34,380.16,1,178424.29,,,,1.2346,0,0
noaa_right_whale_heads,aerien,<absent>../imgs/whale_98618/w_208.jpg,,,1224.97,877.66,483.42,469.34,1,226888.34,,,,1.03,0,0
noaa_right_whale_heads,aerien,<absent>../imgs/whale_98618/w_40.jpg,,,1125.08,868.78,432.72,316.22,1,136834.72,,,,1.3684,0,0
noaa_right_whale_heads,aerien,<absent>../imgs/whale_98618/w_47.jpg,,,1361.41,955.32,432.72,406.09,1,175723.26,,,,1.0656,0,0
noaa_right_whale_heads,aerien,<absent>../imgs/whale_98618/w_5288.jpg,,,1284.58,956.52,284.58,276.68,1,78737.59,,,,1.0286,0,0
noaa_right_whale_heads,aerien,<absent>../imgs/whale_98618/w_6343.jpg,,,1320.15,735.17,533.59,442.68,1,236209.62,,,,1.2054,0,0
noaa_right_whale_heads,aerien,<absent>../imgs/whale_98618/w_7002.jpg,,,1177.86,897.23,288.54,233.2,1,67287.53,,,,1.2373,0,0
noaa_right_whale_heads,aerien,<absent>../imgs/whale_98618/w_8472.jpg,,,1109.55,1078.86,512.28,323.42,1,165681.6,,,,1.5839,0,0
noaa_right_whale_heads,aerien,<absent>../imgs/whale_98633/w_1621.jpg,,,944.66,857.7,735.17,557.31,1,409717.59,,,,1.3191,0,0
noaa_right_whale_heads,aerien,<absent>../imgs/whale_98633/w_2743.jpg,,,1390.47,875.83,457.98,358.83,1,164336.96,,,,1.2763,0,0
noaa_right_whale_heads,aerien,<absent>../imgs/whale_98633/w_4708.jpg,,,792.22,945.33,456.02,369.48,1,168490.27,,,,1.2342,0,0
noaa_right_whale_heads,aerien,<absent>../imgs/whale_98633/w_5169.jpg,,,936.75,644.26,415.02,446.64,1,185364.53,,,,0.9292,0,0
noaa_right_whale_heads,aerien,<absent>../imgs/whale_98633/w_698.jpg,,,1220.28,1037.24,586.67,478.73,1,280856.53,,,,1.2255,0,0
noaa_right_whale_heads,aerien,<absent>../imgs/whale_98633/w_7085.jpg,,,1795.25,1015.92,544.74,407.56,1,222014.23,,,,1.3366,0,0
noaa_right_whale_heads,aerien,<absent>../imgs/whale_98633/w_8003.jpg,,,939.08,941.88,700.81,765.28,1,536315.88,,,,0.9158,0,0
noaa_right_whale_heads,aerien,<absent>../imgs/whale_98633/w_8894.jpg,,,1076.44,857.79,633.53,543.82,1,344526.28,,,,1.165,0,0
noaa_right_whale_heads,aerien,<absent>../imgs/whale_98633/w_908.jpg,,,1102.76,565.21,450.59,573.12,1,258242.14,,,,0.7862,0,0
noaa_right_whale_heads,aerien,<absent>../imgs/whale_98645/w_1888.jpg,,,1110.66,573.12,735.17,683.79,1,502701.89,,,,1.0751,0,0
noaa_right_whale_heads,aerien,<absent>../imgs/whale_98645/w_1890.jpg,,,1788.45,1494.12,894.23,490.56,1,438673.47,,,,1.8229,0,0
noaa_right_whale_heads,aerien,<absent>../imgs/whale_98645/w_2069.jpg,,,2225.28,1640.3,616.6,747.03,1,460618.7,,,,0.8254,0,0
noaa_right_whale_heads,aerien,<absent>../imgs/whale_98645/w_2089.jpg,,,2539.72,1311.91,529.81,470.94,1,249508.72,,,,1.125,0,0
noaa_right_whale_heads,aerien,<absent>../imgs/whale_98645/w_2469.jpg,,,1145.19,863.58,488.11,389.55,1,190143.25,,,,1.253,0,0
noaa_right_whale_heads,aerien,<absent>../imgs/whale_98645/w_3725.jpg,,,1070.09,844.81,769.71,567.9,1,437118.31,,,,1.3554,0,0
noaa_right_whale_heads,aerien,<absent>../imgs/whale_98645/w_4677.jpg,,,1045.19,755.6,768.92,649.08,1,499090.59,,,,1.1846,0,0
noaa_right_whale_heads,aerien,<absent>../imgs/whale_98645/w_6852.jpg,,,1788.18,1764.71,1070.09,1112.33,1,1190293.21,,,,0.962,0,0
noaa_right_whale_heads,aerien,<absent>../imgs/whale_98645/w_7224.jpg,,,1351.69,868.28,450.56,356.7,1,160714.75,,,,1.2631,0,0
noaa_right_whale_heads,aerien,<absent>../imgs/whale_98645/w_7356.jpg,,,1295.09,650.35,515.79,647.54,1,333994.66,,,,0.7965,0,0
noaa_right_whale_heads,aerien,<absent>../imgs/whale_98645/w_7372.jpg,,,966.84,614.83,779.1,708.7,1,552148.17,,,,1.0993,0,0
noaa_right_whale_heads,aerien,<absent>../imgs/whale_98645/w_7450.jpg,,,1980.54,1188.32,1121.75,951.99,1,1067894.78,,,,1.1783,0,0
noaa_right_whale_heads,aerien,<absent>../imgs/whale_98645/w_8177.jpg,,,2812.7,1920.63,562.54,392.78,1,220954.46,,,,1.4322,0,0
noaa_right_whale_heads,aerien,<absent>../imgs/whale_98645/w_8353.jpg,,,2454.64,1253.13,830.73,628.91,1,522454.4,,,,1.3209,0,0
noaa_right_whale_heads,aerien,<absent>../imgs/whale_98645/w_9057.jpg,,,718.99,932.02,649.08,689.03,1,447235.59,,,,0.942,0,0
noaa_right_whale_heads,aerien,<absent>../imgs/whale_98746/w_1754.jpg,,,1817.44,1108.44,689.03,525.93,1,362381.55,,,,1.3101,0,0
noaa_right_whale_heads,aerien,<absent>../imgs/whale_98746/w_2715.jpg,,,1085.14,709.0,389.45,296.25,1,115374.56,,,,1.3146,0,0
noaa_right_whale_heads,aerien,<absent>../imgs/whale_98746/w_287.jpg,,,768.92,386.12,376.14,239.66,1,90145.71,,,,1.5695,0,0
noaa_right_whale_heads,aerien,<absent>../imgs/whale_98746/w_3518.jpg,,,1466.39,739.13,391.3,391.3,1,153115.69,,,,1.0,0,0
noaa_right_whale_heads,aerien,<absent>../imgs/whale_98746/w_3850.jpg,,,1218.28,642.43,858.79,685.7,1,588872.3,,,,1.2524,0,0
noaa_right_whale_heads,aerien,<absent>../imgs/whale_98746/w_3880.jpg,,,1006.36,128.95,190.62,145.77,1,27786.68,,,,1.3077,0,0
noaa_right_whale_heads,aerien,<absent>../imgs/whale_98746/w_417.jpg,,,956.52,667.98,328.06,237.15,1,77799.43,,,,1.3833,0,0
noaa_right_whale_heads,aerien,<absent>../imgs/whale_98746/w_4797.jpg,,,995.0,704.01,239.36,220.59,1,52800.42,,,,1.0851,0,0
noaa_right_whale_heads,aerien,<absent>../imgs/whale_98746/w_5040.jpg,,,1758.88,1205.53,399.21,367.59,1,146745.6,,,,1.086,0,0
noaa_right_whale_heads,aerien,<absent>../imgs/whale_98746/w_5495.jpg,,,1214.95,995.26,449.37,502.62,1,225862.35,,,,0.8941,0,0
noaa_right_whale_heads,aerien,<absent>../imgs/whale_98746/w_5822.jpg,,,1592.23,824.15,748.46,574.66,1,430110.02,,,,1.3024,0,0
noaa_right_whale_heads,aerien,<absent>../imgs/whale_98746/w_6636.jpg,,,1017.48,297.45,181.78,155.81,1,28323.14,,,,1.1667,0,0
noaa_right_whale_heads,aerien,<absent>../imgs/whale_98746/w_8420.jpg,,,989.54,894.23,255.09,213.04,1,54344.37,,,,1.1974,0,0
noaa_right_whale_heads,aerien,<absent>../imgs/whale_98746/w_8425.jpg,,,792.22,1487.9,559.21,369.48,1,206616.91,,,,1.5135,0,0
noaa_right_whale_heads,aerien,<absent>../imgs/whale_98746/w_8484.jpg,,,1511.27,957.45,342.62,305.07,1,104523.08,,,,1.1231,0,0
noaa_right_whale_heads,aerien,<absent>../imgs/whale_98746/w_8601.jpg,,,1300.39,1205.53,446.64,430.83,1,192425.91,,,,1.0367,0,0
noaa_right_whale_heads,aerien,<absent>../imgs/whale_98746/w_9191.jpg,,,956.52,470.35,252.96,201.58,1,50991.68,,,,1.2549,0,0
noaa_right_whale_heads,aerien,<absent>../imgs/whale_98939/w_1777.jpg,,,1248.24,1001.92,625.78,665.73,1,416600.52,,,,0.94,0,0
noaa_right_whale_heads,aerien,<absent>../imgs/whale_98939/w_2995.jpg,,,910.52,769.71,732.17,619.53,1,453601.28,,,,1.1818,0,0
noaa_right_whale_heads,aerien,<absent>../imgs/whale_98939/w_6704.jpg,,,2434.77,1525.68,537.55,426.87,1,229463.97,,,,1.2593,0,0
noaa_right_whale_heads,aerien,<absent>../imgs/whale_98939/w_6707.jpg,,,1008.58,825.5,689.03,505.95,1,348614.73,,,,1.3619,0,0
noaa_right_whale_heads,aerien,<absent>../imgs/whale_98939/w_8051.jpg,,,2264.81,1695.64,636.36,541.5,1,344588.94,,,,1.1752,0,0
noaa_right_whale_heads,aerien,<absent>../imgs/whale_98939/w_8060.jpg,,,2239.77,1210.99,585.87,560.64,1,328462.16,,,,1.045,0,0
noaa_right_whale_heads,aerien,<absent>../imgs/whale_98939/w_9132.jpg,,,687.74,644.26,581.02,584.98,1,339885.08,,,,0.9932,0,0
noaa_right_whale_heads,aerien,<absent>../imgs/whale_98996/w_1654.jpg,,,1297.89,838.16,428.89,423.29,1,181544.85,,,,1.0132,0,0
noaa_right_whale_heads,aerien,<absent>../imgs/whale_98996/w_3368.jpg,,,1432.97,885.28,349.39,408.41,1,142694.37,,,,0.8555,0,0
noaa_right_whale_heads,aerien,<absent>../imgs/whale_98996/w_437.jpg,,,1272.44,668.09,347.03,347.03,1,120429.82,,,,1.0,0,0
noaa_right_whale_heads,aerien,<absent>../imgs/whale_98996/w_5093.jpg,,,913.61,325.78,389.52,434.38,1,169199.7,,,,0.8967,0,0
noaa_right_whale_heads,aerien,<absent>../imgs/whale_98996/w_5660.jpg,,,719.36,498.02,778.65,588.93,1,458570.34,,,,1.3221,0,0
noaa_right_whale_heads,aerien,<absent>../imgs/whale_98996/w_6232.jpg,,,1337.14,854.98,406.47,319.57,1,129895.62,,,,1.2719,0,0
noaa_right_whale_heads,aerien,<absent>../imgs/whale_98996/w_9434.jpg,,,1278.27,1011.96,297.14,370.03,1,109950.71,,,,0.803,0,0
noaa_right_whale_heads,aerien,<absent>../imgs/whale_99243/w_1667.jpg,,,622.46,406.09,639.1,599.16,1,382923.16,,,,1.0667,0,0
noaa_right_whale_heads,aerien,<absent>../imgs/whale_99243/w_3483.jpg,,,1442.68,671.93,466.4,367.59,1,171443.98,,,,1.2688,0,0
noaa_right_whale_heads,aerien,<absent>../imgs/whale_99243/w_3624.jpg,,,1367.89,818.72,508.98,391.78,1,199408.18,,,,1.2991,0,0
noaa_right_whale_heads,aerien,<absent>../imgs/whale_99243/w_4476.jpg,,,1201.64,402.77,679.04,665.73,1,452057.3,,,,1.02,0,0
noaa_right_whale_heads,aerien,<absent>../imgs/whale_99243/w_6794.jpg,,,961.98,456.02,525.93,426.07,1,224083.0,,,,1.2344,0,0
noaa_right_whale_heads,aerien,<absent>../imgs/whale_99243/w_797.jpg,,,1178.34,535.91,555.88,655.74,1,364512.75,,,,0.8477,0,0
noaa_right_whale_heads,aerien,<absent>../imgs/whale_99243/w_9418.jpg,,,1262.52,1102.95,375.47,441.18,1,165649.85,,,,0.8511,0,0
noaa_right_whale_heads,aerien,<absent>../imgs/whale_99326/w_2096.jpg,,,2355.71,1090.9,940.7,988.14,1,929543.3,,,,0.952,0,0
noaa_right_whale_heads,aerien,<absent>../imgs/whale_99326/w_3793.jpg,,,1924.29,2215.28,811.96,746.25,1,605925.15,,,,1.0881,0,0
noaa_right_whale_heads,aerien,<absent>../imgs/whale_99326/w_4810.jpg,,,1373.95,368.28,535.89,519.36,1,278319.83,,,,1.0318,0,0
noaa_right_whale_heads,aerien,<absent>../imgs/whale_99326/w_5178.jpg,,,1150.19,375.49,683.79,691.69,1,472970.71,,,,0.9886,0,0
noaa_right_whale_heads,aerien,<absent>../imgs/whale_99326/w_5200.jpg,,,1458.49,664.03,478.26,513.83,1,245744.34,,,,0.9308,0,0
noaa_right_whale_heads,aerien,<absent>../imgs/whale_99326/w_7154.jpg,,,1471.26,961.98,382.79,316.22,1,121045.85,,,,1.2105,0,0
noaa_right_whale_heads,aerien,<absent>../imgs/whale_99558/w_1300.jpg,,,640.31,1300.39,403.16,320.16,1,129075.71,,,,1.2592,0,0
noaa_right_whale_heads,aerien,<absent>../imgs/whale_99558/w_1300.jpg,,,1533.59,869.56,332.01,324.11,1,107607.76,,,,1.0244,0,0
noaa_right_whale_heads,aerien,<absent>../imgs/whale_99558/w_2809.jpg,,,1003.55,347.6,395.25,470.94,1,186139.04,,,,0.8393,0,0
noaa_right_whale_heads,aerien,<absent>../imgs/whale_99558/w_2868.jpg,,,545.45,1098.81,498.02,387.35,1,192908.05,,,,1.2857,0,0
noaa_right_whale_heads,aerien,<absent>../imgs/whale_99558/w_3177.jpg,,,1494.06,434.78,600.79,509.88,1,306330.81,,,,1.1783,0,0
noaa_right_whale_heads,aerien,<absent>../imgs/whale_99558/w_3251.jpg,,,1407.0,644.48,439.1,538.25,1,236345.58,,,,0.8158,0,0
noaa_right_whale_heads,aerien,<absent>../imgs/whale_99558/w_3263.jpg,,,1048.1,435.31,371.69,354.95,1,131931.37,,,,1.0472,0,0
noaa_right_whale_heads,aerien,<absent>../imgs/whale_99558/w_3587.jpg,,,1320.15,687.74,347.82,332.01,1,115479.72,,,,1.0476,0,0
noaa_right_whale_heads,aerien,<absent>../imgs/whale_99558/w_3742.jpg,,,1295.09,356.01,768.08,583.07,1,447844.41,,,,1.3173,0,0
noaa_right_whale_heads,aerien,<absent>../imgs/whale_99558/w_4682.jpg,,,992.34,16.82,437.3,364.42,1,159360.87,,,,1.2,0,0
noaa_right_whale_heads,aerien,<absent>../imgs/whale_99558/w_4849.jpg,,,1180.93,765.42,475.16,504.98,1,239946.3,,,,0.9409,0,0
noaa_right_whale_heads,aerien,<absent>../imgs/whale_99558/w_5491.jpg,,,1211.06,11.8,337.59,276.21,1,93245.73,,,,1.2222,0,0
noaa_right_whale_heads,aerien,<absent>../imgs/whale_99558/w_5874.jpg,,,971.96,259.63,469.34,396.11,1,185910.27,,,,1.1849,0,0
noaa_right_whale_heads,aerien,<absent>../imgs/whale_99558/w_6135.jpg,,,1169.0,397.62,306.17,351.89,1,107738.16,,,,0.8701,0,0
noaa_right_whale_heads,aerien,<absent>../imgs/whale_99558/w_6251.jpg,,,1065.16,495.97,509.28,406.09,1,206813.52,,,,1.2541,0,0
noaa_right_whale_heads,aerien,<absent>../imgs/whale_99558/w_7444.jpg,,,844.81,915.21,333.23,300.38,1,100095.63,,,,1.1094,0,0
noaa_right_whale_heads,aerien,<absent>../imgs/whale_99573/w_2234.jpg,,,1361.41,649.08,645.76,672.39,1,434202.57,,,,0.9604,0,0
noaa_right_whale_heads,aerien,<absent>../imgs/whale_99573/w_3996.jpg,,,1154.57,887.05,647.69,413.02,1,267508.92,,,,1.5682,0,0
noaa_right_whale_heads,aerien,<absent>../imgs/whale_99573/w_4530.jpg,,,1344.77,938.68,466.01,522.6,1,243536.83,,,,0.8917,0,0
noaa_right_whale_heads,aerien,<absent>../imgs/whale_99573/w_4664.jpg,,,971.96,1191.65,825.5,562.54,1,464376.77,,,,1.4675,0,0
noaa_right_whale_heads,aerien,<absent>../imgs/whale_99573/w_4947.jpg,,,1821.03,1408.01,436.48,553.82,1,241731.35,,,,0.7881,0,0
noaa_right_whale_heads,aerien,<absent>../imgs/whale_99573/w_646.jpg,,,1421.14,964.14,423.55,445.85,1,188839.77,,,,0.95,0,0
noaa_right_whale_heads,aerien,<absent>../imgs/whale_99573/w_7123.jpg,,,1075.56,558.66,576.55,574.56,1,331262.57,,,,1.0035,0,0
noaa_right_whale_heads,aerien,<absent>../imgs/whale_99573/w_7425.jpg,,,1224.97,811.96,642.99,708.7,1,455687.01,,,,0.9073,0,0
noaa_right_whale_heads,aerien,<absent>../imgs/whale_99573/w_8956.jpg,,,1175.65,479.23,351.75,332.86,1,117083.51,,,,1.0568,0,0
noaa_right_whale_heads,aerien,<absent>../imgs/whale_99573/w_9393.jpg,,,1644.26,1225.29,628.45,719.36,1,452081.79,,,,0.8736,0,0
