dataset,domain,image,img_w,img_h,x,y,w,h,cls,area_px,rel_area_pct,rel_w,rel_h,aspect_w_over_h,degenerate,out_of_frame
uas_waterfowl_crowd,aerien_non_marin,BDA_12C_20181127_1_01_05.png,684,521,553.55,232.23,63.0,131.0,1,8253.0,2.31589,0.09211,0.25144,0.4809,0,0
uas_waterfowl_crowd,aerien_non_marin,BDA_12C_20181127_1_04_06.png,684,521,304.41,213.44,70.97,67.89,1,4818.15,1.35203,0.10376,0.13031,1.0454,0,0
uas_waterfowl_crowd,aerien_non_marin,BDA_12C_20181127_1_04_06.png,684,521,207.2,318.0,81.6,41.0,1,3345.6,0.93882,0.1193,0.07869,1.9902,0,0
uas_waterfowl_crowd,aerien_non_marin,BDA_12C_20181127_1_04_06.png,684,521,182.22,356.73,42.8,76.33,1,3266.92,0.91674,0.06257,0.14651,0.5607,0,0
uas_waterfowl_crowd,aerien_non_marin,BDA_12C_20181127_1_04_06.png,684,521,256.6,366.47,60.8,76.0,1,4620.8,1.29665,0.08889,0.14587,0.8,0,0
uas_waterfowl_crowd,aerien_non_marin,BDA_12C_20181127_1_04_07.png,684,521,495.64,64.22,122.0,68.77,1,8389.94,2.35432,0.17836,0.132,1.774,0,0
uas_waterfowl_crowd,aerien_non_marin,BDA_12C_20181127_1_04_07.png,684,521,272.05,192.03,122.0,84.0,1,10248.0,2.87571,0.17836,0.16123,1.4524,0,0
uas_waterfowl_crowd,aerien_non_marin,BDA_12C_20181127_1_04_08.png,684,521,291.49,49.0,118.0,65.82,1,7766.76,2.17945,0.17251,0.12633,1.7928,0,0
uas_waterfowl_crowd,aerien_non_marin,BDA_12C_20181127_1_04_08.png,684,521,2.92,103.73,117.05,57.0,1,6671.85,1.8722,0.17113,0.1094,2.0535,0,0
uas_waterfowl_crowd,aerien_non_marin,BDA_12C_20181127_1_05_05.png,684,521,377.64,127.73,89.11,70.48,1,6280.47,1.76238,0.13028,0.13528,1.2643,0,0
uas_waterfowl_crowd,aerien_non_marin,BDA_12C_20181127_1_05_05.png,684,521,420.9,275.82,40.95,81.0,1,3316.95,0.93078,0.05987,0.15547,0.5056,0,0
uas_waterfowl_crowd,aerien_non_marin,BDA_12C_20181127_1_05_05.png,684,521,386.81,-5.0,79.0,34.0,1,2686.0,0.75372,0.1155,0.06526,2.3235,0,1
uas_waterfowl_crowd,aerien_non_marin,BDA_12C_20181127_1_05_05.png,684,521,625.26,160.66,67.11,54.6,1,3664.21,1.02822,0.09811,0.1048,1.2291,0,1
uas_waterfowl_crowd,aerien_non_marin,BDA_12C_20181127_1_05_06.png,684,521,15.31,409.91,85.5,47.95,1,4099.73,1.15043,0.125,0.09203,1.7831,0,0
uas_waterfowl_crowd,aerien_non_marin,BDA_12C_20181127_1_05_06.png,684,521,392.41,432.4,62.07,54.73,1,3397.09,0.95326,0.09075,0.10505,1.1341,0,0
uas_waterfowl_crowd,aerien_non_marin,BDA_12C_20181127_1_05_06.png,684,521,565.5,279.0,41.0,50.26,1,2060.66,0.57825,0.05994,0.09647,0.8158,0,0
uas_waterfowl_crowd,aerien_non_marin,BDA_12C_20181127_1_05_06.png,684,521,432.91,325.0,74.0,80.8,1,5979.2,1.67784,0.10819,0.15509,0.9158,0,0
uas_waterfowl_crowd,aerien_non_marin,BDA_12C_20181127_1_05_06.png,684,521,457.45,226.4,67.2,77.6,1,5214.72,1.46331,0.09825,0.14894,0.866,0,0
uas_waterfowl_crowd,aerien_non_marin,BDA_12C_20181127_1_05_06.png,684,521,336.75,239.4,88.0,54.4,1,4787.2,1.34335,0.12865,0.10441,1.6176,0,0
uas_waterfowl_crowd,aerien_non_marin,BDA_12C_20181127_1_05_06.png,684,521,510.51,124.0,78.4,69.0,1,5409.6,1.518,0.11462,0.13244,1.1362,0,0
uas_waterfowl_crowd,aerien_non_marin,BDA_12C_20181127_1_05_06.png,684,521,331.71,20.73,76.33,60.54,1,4621.02,1.29671,0.11159,0.1162,1.2608,0,0
uas_waterfowl_crowd,aerien_non_marin,BDA_12C_20181127_1_05_07.png,684,521,36.81,347.0,72.0,72.0,1,5184.0,1.45469,0.10526,0.1382,1.0,0,0
uas_waterfowl_crowd,aerien_non_marin,BDA_12C_20181127_1_05_07.png,684,521,518.28,451.5,74.5,81.57,1,6076.96,1.70527,0.10892,0.15656,0.9133,0,1
uas_waterfowl_crowd,aerien_non_marin,BDA_12C_20181127_1_06_04.png,684,521,611.84,439.41,47.37,54.52,1,2582.61,0.72471,0.06925,0.10464,0.8689,0,0
uas_waterfowl_crowd,aerien_non_marin,BDA_12C_20181127_1_06_04.png,684,521,561.7,474.87,33.58,49.78,1,1671.61,0.46907,0.04909,0.09555,0.6746,0,1
uas_waterfowl_crowd,aerien_non_marin,BDA_12C_20181127_1_06_05.png,684,521,458.28,75.72,52.67,33.5,1,1764.45,0.49512,0.077,0.0643,1.5722,0,0
uas_waterfowl_crowd,aerien_non_marin,BDA_12C_20181127_1_06_05.png,684,521,275.81,130.8,56.0,44.0,1,2464.0,0.69143,0.08187,0.08445,1.2727,0,0
uas_waterfowl_crowd,aerien_non_marin,BDA_12C_20181127_1_06_05.png,684,521,372.75,147.02,48.0,38.0,1,1824.0,0.51184,0.07018,0.07294,1.2632,0,0
uas_waterfowl_crowd,aerien_non_marin,BDA_12C_20181127_1_06_05.png,684,521,572.3,276.54,50.0,43.33,1,2166.5,0.60795,0.0731,0.08317,1.1539,0,0
uas_waterfowl_crowd,aerien_non_marin,BDA_12C_20181127_1_06_05.png,684,521,650.56,264.06,40.2,57.27,1,2302.25,0.64604,0.05877,0.10992,0.7019,0,1
uas_waterfowl_crowd,aerien_non_marin,BDA_12C_20181127_1_06_05.png,684,521,107.82,396.0,64.09,44.0,1,2819.96,0.79131,0.0937,0.08445,1.4566,0,0
uas_waterfowl_crowd,aerien_non_marin,BDA_12C_20181127_1_06_05.png,684,521,518.31,23.2,47.12,39.82,1,1876.32,0.52652,0.06889,0.07643,1.1833,0,0
uas_waterfowl_crowd,aerien_non_marin,BDA_12C_20181127_1_06_05.png,684,521,217.82,325.47,48.0,39.0,1,1872.0,0.52531,0.07018,0.07486,1.2308,0,0
uas_waterfowl_crowd,aerien_non_marin,BDA_12C_20181127_1_06_05.png,684,521,83.75,335.0,43.45,47.95,1,2083.43,0.58463,0.06352,0.09203,0.9062,0,0
uas_waterfowl_crowd,aerien_non_marin,BDA_12C_20181127_1_06_06.png,684,521,583.82,180.5,80.76,70.86,1,5722.65,1.60585,0.11807,0.13601,1.1397,0,0
uas_waterfowl_crowd,aerien_non_marin,BDA_12C_20181127_1_06_06.png,684,521,323.06,-2.5,89.97,44.5,1,4003.66,1.12348,0.13154,0.08541,2.0218,0,1
uas_waterfowl_crowd,aerien_non_marin,BDA_12C_20181127_1_06_06.png,684,521,188.31,318.67,73.0,42.52,1,3103.96,0.87101,0.10673,0.08161,1.7168,0,0
uas_waterfowl_crowd,aerien_non_marin,BDA_12C_20181127_1_06_06.png,684,521,95.31,326.0,71.5,63.0,1,4504.5,1.26402,0.10453,0.12092,1.1349,0,0
uas_waterfowl_crowd,aerien_non_marin,BDA_12C_20181127_1_06_06.png,684,521,235.31,401.15,70.0,73.0,1,5110.0,1.43393,0.10234,0.14012,0.9589,0,0
uas_waterfowl_crowd,aerien_non_marin,BDA_12C_20181127_1_06_07.png,684,521,204.81,134.5,96.14,51.24,1,4926.21,1.38235,0.14056,0.09835,1.8763,0,0
uas_waterfowl_crowd,aerien_non_marin,BDA_12C_20181127_1_06_07.png,684,521,36.03,184.26,88.76,53.47,1,4746.0,1.33178,0.12977,0.10263,1.66,0,0
uas_waterfowl_crowd,aerien_non_marin,BDA_12C_20181127_1_06_07.png,684,521,113.4,335.82,79.0,67.0,1,5293.0,1.48528,0.1155,0.1286,1.1791,0,0
uas_waterfowl_crowd,aerien_non_marin,BDA_12C_20181127_1_06_07.png,684,521,337.71,116.1,98.5,79.0,1,7781.5,2.18358,0.14401,0.15163,1.2468,0,0
uas_waterfowl_crowd,aerien_non_marin,BDA_12C_20181127_1_06_07.png,684,521,-11.03,386.58,50.84,97.33,1,4948.26,1.38854,0.07433,0.18681,0.5223,0,1
uas_waterfowl_crowd,aerien_non_marin,BDA_12C_20181127_1_06_08.png,684,521,25.21,120.0,75.36,116.0,1,8741.76,2.45304,0.11018,0.22265,0.6497,0,0
uas_waterfowl_crowd,aerien_non_marin,BDA_12C_20181127_1_06_08.png,684,521,525.31,16.1,56.84,91.17,1,5182.1,1.45416,0.0831,0.17499,0.6235,0,0
uas_waterfowl_crowd,aerien_non_marin,BDA_12C_20181127_1_06_08.png,684,521,606.53,-8.0,46.75,56.4,1,2636.7,0.73989,0.06835,0.10825,0.8289,0,1
uas_waterfowl_crowd,aerien_non_marin,BDA_12C_20181127_1_07_04.png,684,521,607.99,112.6,51.0,42.5,1,2167.5,0.60823,0.07456,0.08157,1.2,0,0
uas_waterfowl_crowd,aerien_non_marin,BDA_12C_20181127_1_07_04.png,684,521,575.39,155.89,36.83,56.3,1,2073.53,0.58186,0.05385,0.10806,0.6542,0,0
uas_waterfowl_crowd,aerien_non_marin,BDA_12C_20181127_1_07_04.png,684,521,538.97,206.74,48.68,55.7,1,2711.48,0.76087,0.07117,0.10691,0.874,0,0
uas_waterfowl_crowd,aerien_non_marin,BDA_12C_20181127_1_07_04.png,684,521,459.28,314.7,34.56,58.31,1,2015.19,0.56549,0.05053,0.11192,0.5927,0,0
uas_waterfowl_crowd,aerien_non_marin,BDA_12C_20181127_1_07_04.png,684,521,400.33,440.67,39.0,71.21,1,2777.19,0.77931,0.05702,0.13668,0.5477,0,0
uas_waterfowl_crowd,aerien_non_marin,BDA_12C_20181127_1_07_04.png,684,521,462.0,462.07,39.0,60.0,1,2340.0,0.65663,0.05702,0.11516,0.65,0,1
uas_waterfowl_crowd,aerien_non_marin,BDA_12C_20181127_1_07_04.png,684,521,618.25,0.47,38.0,56.36,1,2141.68,0.60098,0.05556,0.10818,0.6742,0,0
uas_waterfowl_crowd,aerien_non_marin,BDA_12C_20181127_1_07_05.png,684,521,187.31,45.25,40.0,70.4,1,2816.0,0.7902,0.05848,0.13512,0.5682,0,0
uas_waterfowl_crowd,aerien_non_marin,BDA_12C_20181127_1_07_05.png,684,521,95.81,0.61,52.0,38.0,1,1976.0,0.55449,0.07602,0.07294,1.3684,0,0
uas_waterfowl_crowd,aerien_non_marin,BDA_12C_20181127_1_07_05.png,684,521,13.25,6.0,52.0,52.0,1,2704.0,0.75877,0.07602,0.09981,1.0,0,0
uas_waterfowl_crowd,aerien_non_marin,BDA_12C_20181127_1_07_05.png,684,521,73.25,482.47,132.0,42.0,1,5544.0,1.55571,0.19298,0.08061,3.1429,0,1
uas_waterfowl_crowd,aerien_non_marin,BDA_12C_20181127_1_07_05.png,684,521,40.06,201.0,56.9,34.0,1,1934.6,0.54287,0.08319,0.06526,1.6735,0,0
uas_waterfowl_crowd,aerien_non_marin,BDA_12C_20181127_1_07_05.png,684,521,33.11,242.89,51.6,36.0,1,1857.6,0.52126,0.07544,0.0691,1.4333,0,0
uas_waterfowl_crowd,aerien_non_marin,BDA_12C_20181127_1_07_05.png,684,521,0.42,203.67,32.08,52.0,1,1668.16,0.46811,0.0469,0.09981,0.6169,0,0
uas_waterfowl_crowd,aerien_non_marin,BDA_12C_20181127_1_07_05.png,684,521,254.31,489.72,54.0,32.0,1,1728.0,0.4849,0.07895,0.06142,1.6875,0,1
uas_waterfowl_crowd,aerien_non_marin,BDA_12C_20181127_1_07_05.png,684,521,453.71,359.61,40.0,56.0,1,2240.0,0.62857,0.05848,0.10749,0.7143,0,0
uas_waterfowl_crowd,aerien_non_marin,BDA_12C_20181127_1_07_05.png,684,521,429.19,66.61,32.0,56.0,1,1792.0,0.50286,0.04678,0.10749,0.5714,0,0
uas_waterfowl_crowd,aerien_non_marin,BDA_12C_20181127_1_07_06.png,684,521,643.75,186.47,45.1,82.39,1,3715.79,1.04269,0.06594,0.15814,0.5474,0,1
uas_waterfowl_crowd,aerien_non_marin,BDA_12C_20181127_1_07_07.png,684,521,418.81,293.9,73.41,76.0,1,5579.16,1.56558,0.10732,0.14587,0.9659,0,0
uas_waterfowl_crowd,aerien_non_marin,BDA_12C_20181127_1_07_07.png,684,521,583.95,241.47,71.0,76.21,1,5410.91,1.51837,0.1038,0.14628,0.9316,0,0
uas_waterfowl_crowd,aerien_non_marin,BDA_12C_20181127_1_07_07.png,684,521,374.68,97.95,63.74,78.73,1,5018.25,1.40818,0.09319,0.15111,0.8096,0,0
uas_waterfowl_crowd,aerien_non_marin,BDA_12C_20181127_1_07_07.png,684,521,249.28,286.64,62.59,78.96,1,4942.11,1.38681,0.09151,0.15155,0.7927,0,0
uas_waterfowl_crowd,aerien_non_marin,BDA_12C_20181127_1_07_07.png,684,521,68.08,345.26,54.47,84.48,1,4601.63,1.29127,0.07963,0.16215,0.6448,0,0
uas_waterfowl_crowd,aerien_non_marin,BDA_12C_20181127_1_07_07.png,684,521,112.01,103.65,56.15,94.4,1,5300.56,1.4874,0.08209,0.18119,0.5948,0,0
uas_waterfowl_crowd,aerien_non_marin,BDA_12C_20181127_1_07_07.png,684,521,606.63,476.93,62.5,58.5,1,3656.25,1.02599,0.09137,0.11228,1.0684,0,1
uas_waterfowl_crowd,aerien_non_marin,BDA_12C_20181127_1_07_08.png,684,521,591.09,363.0,83.0,65.0,1,5395.0,1.5139,0.12135,0.12476,1.2769,0,0
uas_waterfowl_crowd,aerien_non_marin,BDA_12C_20181127_1_07_08.png,684,521,0.03,223.26,54.0,83.0,1,4482.0,1.2577,0.07895,0.15931,0.6506,0,0
uas_waterfowl_crowd,aerien_non_marin,BDA_12C_20181127_1_07_08.png,684,521,147.76,262.49,87.4,65.0,1,5681.0,1.59416,0.12778,0.12476,1.3446,0,0
uas_waterfowl_crowd,aerien_non_marin,BDA_12C_20181127_1_07_08.png,684,521,298.43,251.74,75.3,50.8,1,3825.24,1.07341,0.11009,0.0975,1.4823,0,0
uas_waterfowl_crowd,aerien_non_marin,BDA_12C_20181127_1_07_08.png,684,521,99.68,45.69,91.0,51.14,1,4653.74,1.3059,0.13304,0.09816,1.7794,0,0
uas_waterfowl_crowd,aerien_non_marin,BDA_12C_20181127_2_01_04.png,684,521,490.13,315.26,55.45,62.0,1,3437.9,0.96472,0.08107,0.119,0.8944,0,0
uas_waterfowl_crowd,aerien_non_marin,BDA_12C_20181127_2_01_04.png,684,521,485.46,140.35,36.54,49.7,1,1816.04,0.5096,0.05342,0.09539,0.7352,0,0
uas_waterfowl_crowd,aerien_non_marin,BDA_12C_20181127_2_01_05.png,684,521,486.11,62.9,54.1,53.2,1,2878.12,0.80763,0.07909,0.10211,1.0169,0,0
uas_waterfowl_crowd,aerien_non_marin,BDA_12C_20181127_2_01_05.png,684,521,108.81,101.69,56.0,58.0,1,3248.0,0.91143,0.08187,0.11132,0.9655,0,0
uas_waterfowl_crowd,aerien_non_marin,BDA_12C_20181127_2_01_05.png,684,521,86.51,292.0,45.6,64.0,1,2918.4,0.81894,0.06667,0.12284,0.7125,0,0
uas_waterfowl_crowd,aerien_non_marin,BDA_12C_20181127_2_01_05.png,684,521,460.3,0.08,53.27,33.18,1,1767.5,0.49598,0.07788,0.06369,1.6055,0,0
uas_waterfowl_crowd,aerien_non_marin,BDA_12C_20181127_2_01_05.png,684,521,532.97,0.31,40.17,37.74,1,1516.02,0.42541,0.05873,0.07244,1.0644,0,0
uas_waterfowl_crowd,aerien_non_marin,BDA_12C_20181127_2_01_05.png,684,521,582.74,2.68,39.18,59.69,1,2338.65,0.65625,0.05728,0.11457,0.6564,0,0
uas_waterfowl_crowd,aerien_non_marin,BDA_12C_20181127_2_01_05.png,684,521,184.38,-1.17,36.45,33.3,1,1213.79,0.3406,0.05329,0.06392,1.0946,0,1
uas_waterfowl_crowd,aerien_non_marin,BDA_12C_20181127_2_01_05.png,684,521,298.51,-2.42,46.4,39.35,1,1825.84,0.51235,0.06784,0.07553,1.1792,0,1
uas_waterfowl_crowd,aerien_non_marin,BDA_12C_20181127_2_01_05.png,684,521,246.65,-5.23,39.3,36.12,1,1419.52,0.39833,0.05746,0.06933,1.088,0,1
uas_waterfowl_crowd,aerien_non_marin,BDA_12C_20181127_2_01_06.png,684,521,271.74,38.95,37.9,45.04,1,1707.02,0.47901,0.05541,0.08645,0.8415,0,0
uas_waterfowl_crowd,aerien_non_marin,BDA_12C_20181127_2_01_06.png,684,521,322.88,52.23,29.63,44.88,1,1329.79,0.37316,0.04332,0.08614,0.6602,0,0
uas_waterfowl_crowd,aerien_non_marin,BDA_12C_20181127_2_01_06.png,684,521,355.49,67.12,30.5,52.5,1,1601.25,0.44933,0.04459,0.10077,0.581,0,0
uas_waterfowl_crowd,aerien_non_marin,BDA_12C_20181127_2_01_06.png,684,521,382.14,31.99,28.82,43.9,1,1265.2,0.35503,0.04213,0.08426,0.6565,0,0
uas_waterfowl_crowd,aerien_non_marin,BDA_12C_20181127_2_01_06.png,684,521,545.81,170.0,65.97,39.0,1,2572.83,0.72197,0.09645,0.07486,1.6915,0,0
uas_waterfowl_crowd,aerien_non_marin,BDA_12C_20181127_2_01_06.png,684,521,645.76,221.05,37.0,48.91,1,1809.67,0.50782,0.05409,0.09388,0.7565,0,0
uas_waterfowl_crowd,aerien_non_marin,BDA_12C_20181127_2_01_06.png,684,521,563.28,253.2,31.89,49.04,1,1563.89,0.43885,0.04662,0.09413,0.6503,0,0
uas_waterfowl_crowd,aerien_non_marin,BDA_12C_20181127_2_01_06.png,684,521,494.38,280.01,46.0,51.62,1,2374.52,0.66632,0.06725,0.09908,0.8911,0,0
uas_waterfowl_crowd,aerien_non_marin,BDA_12C_20181127_2_01_06.png,684,521,633.32,312.74,32.05,51.0,1,1634.55,0.45867,0.04686,0.09789,0.6284,0,0
uas_waterfowl_crowd,aerien_non_marin,BDA_12C_20181127_2_01_06.png,684,521,431.0,482.0,40.3,45.0,1,1813.5,0.50889,0.05892,0.08637,0.8956,0,1
uas_waterfowl_crowd,aerien_non_marin,BDA_12C_20181127_2_01_06.png,684,521,610.9,389.63,49.88,54.0,1,2693.52,0.75583,0.07292,0.10365,0.9237,0,0
uas_waterfowl_crowd,aerien_non_marin,BDA_12C_20181127_2_01_06.png,684,521,278.56,186.0,40.9,54.66,1,2235.59,0.62733,0.0598,0.10491,0.7483,0,0
uas_waterfowl_crowd,aerien_non_marin,BDA_12C_20181127_2_01_07.png,684,521,146.12,21.0,45.91,63.42,1,2911.61,0.81703,0.06712,0.12173,0.7239,0,0
uas_waterfowl_crowd,aerien_non_marin,BDA_12C_20181127_2_01_07.png,684,521,3.15,154.0,50.4,57.7,1,2908.08,0.81604,0.07368,0.11075,0.8735,0,0
uas_waterfowl_crowd,aerien_non_marin,BDA_12C_20181127_2_01_07.png,684,521,229.5,194.9,54.72,50.5,1,2763.36,0.77543,0.08,0.09693,1.0836,0,0
uas_waterfowl_crowd,aerien_non_marin,BDA_12C_20181127_2_01_07.png,684,521,81.81,268.47,46.55,59.0,1,2746.45,0.77069,0.06806,0.11324,0.789,0,0
uas_waterfowl_crowd,aerien_non_marin,BDA_12C_20181127_2_01_07.png,684,521,110.66,334.57,48.24,58.31,1,2812.87,0.78933,0.07053,0.11192,0.8273,0,0
uas_waterfowl_crowd,aerien_non_marin,BDA_12C_20181127_2_01_07.png,684,521,63.5,452.96,34.4,57.54,1,1979.38,0.55544,0.05029,0.11044,0.5978,0,0
uas_waterfowl_crowd,aerien_non_marin,BDA_12C_20181127_2_01_07.png,684,521,413.87,321.15,48.0,57.5,1,2760.0,0.77449,0.07018,0.11036,0.8348,0,0
uas_waterfowl_crowd,aerien_non_marin,BDA_12C_20181127_2_01_07.png,684,521,434.75,388.0,45.0,53.0,1,2385.0,0.66926,0.06579,0.10173,0.8491,0,0
uas_waterfowl_crowd,aerien_non_marin,BDA_12C_20181127_2_01_07.png,684,521,605.06,334.97,59.2,57.17,1,3384.46,0.94972,0.08655,0.10973,1.0355,0,0
uas_waterfowl_crowd,aerien_non_marin,BDA_12C_20181127_2_01_07.png,684,521,584.75,275.47,44.05,49.72,1,2190.17,0.61459,0.0644,0.09543,0.886,0,0
uas_waterfowl_crowd,aerien_non_marin,BDA_12C_20181127_2_01_07.png,684,521,641.86,231.66,48.4,69.7,1,3373.48,0.94664,0.07076,0.13378,0.6944,0,1
uas_waterfowl_crowd,aerien_non_marin,BDA_12C_20181127_2_01_07.png,684,521,623.53,41.7,46.4,63.0,1,2923.2,0.82028,0.06784,0.12092,0.7365,0,0
uas_waterfowl_crowd,aerien_non_marin,BDA_12C_20181127_2_01_07.png,684,521,634.25,138.75,47.19,50.91,1,2402.44,0.67415,0.06899,0.09772,0.9269,0,0
uas_waterfowl_crowd,aerien_non_marin,BDA_12C_20181127_2_01_07.png,684,521,554.75,480.12,50.27,47.0,1,2362.69,0.663,0.07349,0.09021,1.0696,0,1
uas_waterfowl_crowd,aerien_non_marin,BDA_12C_20181127_2_01_07.png,684,521,213.75,244.49,58.64,55.0,1,3225.2,0.90503,0.08573,0.10557,1.0662,0,0
uas_waterfowl_crowd,aerien_non_marin,BDA_12C_20181127_2_01_08.png,684,521,151.03,-1.27,38.6,28.5,1,1100.1,0.3087,0.05643,0.0547,1.3544,0,1
uas_waterfowl_crowd,aerien_non_marin,BDA_12C_20181127_2_01_08.png,684,521,263.75,330.0,50.0,46.4,1,2320.0,0.65102,0.0731,0.08906,1.0776,0,0
uas_waterfowl_crowd,aerien_non_marin,BDA_12C_20181127_2_01_08.png,684,521,416.91,458.83,53.0,47.2,1,2501.6,0.70198,0.07749,0.0906,1.1229,0,0
uas_waterfowl_crowd,aerien_non_marin,BDA_12C_20181127_2_01_08.png,684,521,430.32,359.5,33.34,51.6,1,1720.34,0.48275,0.04874,0.09904,0.6461,0,0
uas_waterfowl_crowd,aerien_non_marin,BDA_12C_20181127_2_01_08.png,684,521,371.75,356.6,38.0,56.0,1,2128.0,0.59714,0.05556,0.10749,0.6786,0,0
uas_waterfowl_crowd,aerien_non_marin,BDA_12C_20181127_2_01_08.png,684,521,421.71,300.16,37.0,50.4,1,1864.8,0.52329,0.05409,0.09674,0.7341,0,0
uas_waterfowl_crowd,aerien_non_marin,BDA_12C_20181127_2_01_08.png,684,521,443.91,261.65,36.9,43.8,1,1616.22,0.45353,0.05395,0.08407,0.8425,0,0
uas_waterfowl_crowd,aerien_non_marin,BDA_12C_20181127_2_01_08.png,684,521,438.81,211.0,42.0,48.0,1,2016.0,0.56571,0.0614,0.09213,0.875,0,0
uas_waterfowl_crowd,aerien_non_marin,BDA_12C_20181127_2_01_08.png,684,521,501.1,182.2,47.2,53.8,1,2539.36,0.71257,0.06901,0.10326,0.8773,0,0
uas_waterfowl_crowd,aerien_non_marin,BDA_12C_20181127_2_01_08.png,684,521,531.31,341.35,48.8,49.47,1,2414.14,0.67744,0.07135,0.09495,0.9865,0,0
uas_waterfowl_crowd,aerien_non_marin,BDA_12C_20181127_2_01_08.png,684,521,605.13,352.23,35.8,47.4,1,1696.92,0.47618,0.05234,0.09098,0.7553,0,0
uas_waterfowl_crowd,aerien_non_marin,BDA_12C_20181127_2_01_08.png,684,521,629.96,373.31,47.4,43.5,1,2061.9,0.57859,0.0693,0.08349,1.0897,0,0
uas_waterfowl_crowd,aerien_non_marin,BDA_12C_20181127_2_01_08.png,684,521,621.81,302.16,52.0,49.0,1,2548.0,0.715,0.07602,0.09405,1.0612,0,0
uas_waterfowl_crowd,aerien_non_marin,BDA_12C_20181127_2_01_08.png,684,521,517.81,105.36,54.0,46.8,1,2527.2,0.70916,0.07895,0.08983,1.1538,0,0
uas_waterfowl_crowd,aerien_non_marin,BDA_12C_20181127_2_01_08.png,684,521,461.71,111.0,41.4,45.8,1,1896.12,0.53207,0.06053,0.08791,0.9039,0,0
uas_waterfowl_crowd,aerien_non_marin,BDA_12C_20181127_2_01_08.png,684,521,444.81,33.0,38.0,48.0,1,1824.0,0.51184,0.05556,0.09213,0.7917,0,0
uas_waterfowl_crowd,aerien_non_marin,BDA_12C_20181127_2_01_08.png,684,521,403.31,44.0,36.0,58.0,1,2088.0,0.58592,0.05263,0.11132,0.6207,0,0
uas_waterfowl_crowd,aerien_non_marin,BDA_12C_20181127_2_01_08.png,684,521,348.43,46.47,43.37,51.6,1,2237.89,0.62798,0.06341,0.09904,0.8405,0,0
uas_waterfowl_crowd,aerien_non_marin,BDA_12C_20181127_2_01_08.png,684,521,5.78,141.11,34.99,49.0,1,1714.51,0.48111,0.05115,0.09405,0.7141,0,0
uas_waterfowl_crowd,aerien_non_marin,BDA_12C_20181127_2_01_08.png,684,521,59.99,144.0,50.85,42.0,1,2135.7,0.5993,0.07434,0.08061,1.2107,0,0
uas_waterfowl_crowd,aerien_non_marin,BDA_12C_20181127_2_01_08.png,684,521,593.71,166.47,52.0,40.0,1,2080.0,0.58367,0.07602,0.07678,1.3,0,0
uas_waterfowl_crowd,aerien_non_marin,BDA_12C_20181127_2_02_03.png,684,521,637.92,95.66,45.27,43.42,1,1965.62,0.55158,0.06618,0.08334,1.0426,0,0
uas_waterfowl_crowd,aerien_non_marin,BDA_12C_20181127_2_02_03.png,684,521,581.31,205.02,31.85,49.13,1,1564.79,0.4391,0.04656,0.0943,0.6483,0,0
uas_waterfowl_crowd,aerien_non_marin,BDA_12C_20181127_2_02_04.png,684,521,378.02,367.39,71.5,83.24,1,5951.66,1.67011,0.10453,0.15977,0.859,0,0
uas_waterfowl_crowd,aerien_non_marin,BDA_12C_20181127_2_02_04.png,684,521,140.7,207.61,56.44,43.6,1,2460.78,0.69053,0.08251,0.08369,1.2945,0,0
uas_waterfowl_crowd,aerien_non_marin,BDA_12C_20181127_2_02_04.png,684,521,88.27,234.46,41.81,53.5,1,2236.84,0.62768,0.06113,0.10269,0.7815,0,0
uas_waterfowl_crowd,aerien_non_marin,BDA_12C_20181127_2_02_04.png,684,521,70.3,301.18,41.17,56.29,1,2317.46,0.65031,0.06019,0.10804,0.7314,0,0
uas_waterfowl_crowd,aerien_non_marin,BDA_12C_20181127_2_02_04.png,684,521,131.78,446.61,41.0,69.0,1,2829.0,0.79385,0.05994,0.13244,0.5942,0,0
uas_waterfowl_crowd,aerien_non_marin,BDA_12C_20181127_2_02_04.png,684,521,223.81,245.61,54.53,37.05,1,2020.34,0.56693,0.07972,0.07111,1.4718,0,0
uas_waterfowl_crowd,aerien_non_marin,BDA_12C_20181127_2_02_04.png,684,521,159.34,261.7,39.22,53.0,1,2078.66,0.5833,0.05734,0.10173,0.74,0,0
uas_waterfowl_crowd,aerien_non_marin,BDA_12C_20181127_2_02_05.png,684,521,27.39,487.67,35.1,32.71,1,1148.12,0.32218,0.05132,0.06278,1.0731,0,0
uas_waterfowl_crowd,aerien_non_marin,BDA_12C_20181127_2_02_05.png,684,521,12.3,271.0,62.0,44.36,1,2750.32,0.77177,0.09064,0.08514,1.3977,0,0
uas_waterfowl_crowd,aerien_non_marin,BDA_12C_20181127_2_02_05.png,684,521,116.81,135.17,52.29,48.91,1,2557.5,0.71767,0.07645,0.09388,1.0691,0,0
uas_waterfowl_crowd,aerien_non_marin,BDA_12C_20181127_2_02_05.png,684,521,56.65,82.09,45.81,42.45,1,1944.63,0.54569,0.06697,0.08148,1.0792,0,0
uas_waterfowl_crowd,aerien_non_marin,BDA_12C_20181127_2_02_05.png,684,521,137.67,39.0,37.17,56.43,1,2097.5,0.58858,0.05434,0.10831,0.6587,0,0
uas_waterfowl_crowd,aerien_non_marin,BDA_12C_20181127_2_02_05.png,684,521,266.36,28.23,51.33,47.42,1,2434.07,0.68303,0.07504,0.09102,1.0825,0,0
uas_waterfowl_crowd,aerien_non_marin,BDA_12C_20181127_2_02_05.png,684,521,233.3,73.08,37.0,49.75,1,1840.75,0.51654,0.05409,0.09549,0.7437,0,0
uas_waterfowl_crowd,aerien_non_marin,BDA_12C_20181127_2_02_05.png,684,521,331.19,199.59,59.13,40.5,1,2394.77,0.672,0.08645,0.07774,1.46,0,0
uas_waterfowl_crowd,aerien_non_marin,BDA_12C_20181127_2_02_05.png,684,521,420.08,321.0,48.31,47.4,1,2289.89,0.64257,0.07063,0.09098,1.0192,0,0
uas_waterfowl_crowd,aerien_non_marin,BDA_12C_20181127_2_02_05.png,684,521,482.47,280.91,54.0,46.63,1,2518.02,0.70659,0.07895,0.0895,1.1581,0,0
uas_waterfowl_crowd,aerien_non_marin,BDA_12C_20181127_2_02_05.png,684,521,560.95,339.23,43.0,50.67,1,2178.81,0.6114,0.06287,0.09726,0.8486,0,0
uas_waterfowl_crowd,aerien_non_marin,BDA_12C_20181127_2_02_05.png,684,521,642.81,282.36,37.0,55.76,1,2063.12,0.57894,0.05409,0.10702,0.6636,0,0
uas_waterfowl_crowd,aerien_non_marin,BDA_12C_20181127_2_02_05.png,684,521,198.06,6.51,53.82,46.39,1,2496.71,0.70061,0.07868,0.08904,1.1602,0,0
uas_waterfowl_crowd,aerien_non_marin,BDA_12C_20181127_2_02_05.png,684,521,581.42,87.72,51.91,40.49,1,2101.84,0.5898,0.07589,0.07772,1.282,0,0
uas_waterfowl_crowd,aerien_non_marin,BDA_12C_20181127_2_02_05.png,684,521,610.33,165.23,46.29,53.88,1,2494.11,0.69988,0.06768,0.10342,0.8591,0,0
uas_waterfowl_crowd,aerien_non_marin,BDA_12C_20181127_2_02_05.png,684,521,176.09,216.29,38.53,63.84,1,2459.76,0.69024,0.05633,0.12253,0.6035,0,0
uas_waterfowl_crowd,aerien_non_marin,BDA_12C_20181127_2_02_05.png,684,521,178.88,55.35,27.0,56.37,1,1521.99,0.42709,0.03947,0.1082,0.479,0,0
uas_waterfowl_crowd,aerien_non_marin,BDA_12C_20181127_2_02_05.png,684,521,394.42,194.6,53.14,37.08,1,1970.43,0.55293,0.07769,0.07117,1.4331,0,0
uas_waterfowl_crowd,aerien_non_marin,BDA_12C_20181127_2_02_05.png,684,521,570.05,198.19,43.22,53.46,1,2310.54,0.64837,0.06319,0.10261,0.8085,0,0
uas_waterfowl_crowd,aerien_non_marin,BDA_12C_20181127_2_02_06.png,684,521,252.42,316.91,55.4,57.14,1,3165.56,0.88829,0.08099,0.10967,0.9695,0,0
uas_waterfowl_crowd,aerien_non_marin,BDA_12C_20181127_2_02_06.png,684,521,445.75,348.06,38.73,67.44,1,2611.95,0.73294,0.05662,0.12944,0.5743,0,0
uas_waterfowl_crowd,aerien_non_marin,BDA_12C_20181127_2_02_06.png,684,521,392.83,310.94,36.0,60.71,1,2185.56,0.61329,0.05263,0.11653,0.593,0,0
uas_waterfowl_crowd,aerien_non_marin,BDA_12C_20181127_2_02_06.png,684,521,469.75,295.67,32.36,53.72,1,1738.38,0.48781,0.04731,0.10311,0.6024,0,0
uas_waterfowl_crowd,aerien_non_marin,BDA_12C_20181127_2_02_06.png,684,521,567.75,262.74,42.47,55.57,1,2360.06,0.66226,0.06209,0.10666,0.7643,0,0
uas_waterfowl_crowd,aerien_non_marin,BDA_12C_20181127_2_02_06.png,684,521,514.81,243.75,36.41,64.1,1,2333.88,0.65491,0.05323,0.12303,0.568,0,0
uas_waterfowl_crowd,aerien_non_marin,BDA_12C_20181127_2_02_06.png,684,521,149.11,416.75,63.41,38.31,1,2429.24,0.68167,0.0927,0.07353,1.6552,0,0
uas_waterfowl_crowd,aerien_non_marin,BDA_12C_20181127_2_02_06.png,684,521,85.95,491.8,58.13,33.12,1,1925.27,0.54025,0.08499,0.06357,1.7551,0,1
uas_waterfowl_crowd,aerien_non_marin,BDA_12C_20181127_2_02_06.png,684,521,274.18,400.67,42.61,64.0,1,2727.04,0.76524,0.0623,0.12284,0.6658,0,0
uas_waterfowl_crowd,aerien_non_marin,BDA_12C_20181127_2_02_06.png,684,521,574.75,476.0,60.0,50.4,1,3024.0,0.84857,0.08772,0.09674,1.1905,0,1
uas_waterfowl_crowd,aerien_non_marin,BDA_12C_20181127_2_02_06.png,684,521,577.75,53.09,53.72,66.69,1,3582.59,1.00532,0.07854,0.128,0.8055,0,0
uas_waterfowl_crowd,aerien_non_marin,BDA_12C_20181127_2_02_07.png,684,521,305.54,109.5,48.77,60.5,1,2950.59,0.82797,0.0713,0.11612,0.8061,0,0
uas_waterfowl_crowd,aerien_non_marin,BDA_12C_20181127_2_02_07.png,684,521,310.78,14.18,50.8,50.8,1,2580.64,0.72416,0.07427,0.0975,1.0,0,0
uas_waterfowl_crowd,aerien_non_marin,BDA_12C_20181127_2_02_07.png,684,521,393.58,89.78,38.0,57.0,1,2166.0,0.60781,0.05556,0.1094,0.6667,0,0
uas_waterfowl_crowd,aerien_non_marin,BDA_12C_20181127_2_02_07.png,684,521,428.5,6.04,52.85,47.0,1,2483.95,0.69703,0.07727,0.09021,1.1245,0,0
uas_waterfowl_crowd,aerien_non_marin,BDA_12C_20181127_2_02_07.png,684,521,494.5,77.6,57.0,48.0,1,2736.0,0.76775,0.08333,0.09213,1.1875,0,0
uas_waterfowl_crowd,aerien_non_marin,BDA_12C_20181127_2_02_07.png,684,521,454.81,138.0,48.0,44.5,1,2136.0,0.59939,0.07018,0.08541,1.0787,0,0
uas_waterfowl_crowd,aerien_non_marin,BDA_12C_20181127_2_02_07.png,684,521,465.03,385.23,38.5,56.75,1,2184.88,0.6131,0.05629,0.10893,0.6784,0,0
uas_waterfowl_crowd,aerien_non_marin,BDA_12C_20181127_2_02_07.png,684,521,444.3,465.47,40.45,54.0,1,2184.3,0.61294,0.05914,0.10365,0.7491,0,0
uas_waterfowl_crowd,aerien_non_marin,BDA_12C_20181127_2_02_07.png,684,521,374.81,416.6,41.0,54.0,1,2214.0,0.62127,0.05994,0.10365,0.7593,0,0
uas_waterfowl_crowd,aerien_non_marin,BDA_12C_20181127_2_02_07.png,684,521,108.75,459.0,54.0,56.0,1,3024.0,0.84857,0.07895,0.10749,0.9643,0,0
uas_waterfowl_crowd,aerien_non_marin,BDA_12C_20181127_2_02_07.png,684,521,573.81,89.0,42.0,62.7,1,2633.4,0.73896,0.0614,0.12035,0.6699,0,0
uas_waterfowl_crowd,aerien_non_marin,BDA_12C_20181127_2_02_07.png,684,521,603.75,-3.11,46.0,38.0,1,1748.0,0.49051,0.06725,0.07294,1.2105,0,1
uas_waterfowl_crowd,aerien_non_marin,BDA_12C_20181127_2_02_07.png,684,521,645.03,166.92,43.2,48.42,1,2091.74,0.58697,0.06316,0.09294,0.8922,0,1
uas_waterfowl_crowd,aerien_non_marin,BDA_12C_20181127_2_02_07.png,684,521,629.78,236.08,47.5,54.2,1,2574.5,0.72244,0.06944,0.10403,0.8764,0,0
uas_waterfowl_crowd,aerien_non_marin,BDA_12C_20181127_2_02_07.png,684,521,631.75,429.0,37.0,51.2,1,1894.4,0.53159,0.05409,0.09827,0.7227,0,0
uas_waterfowl_crowd,aerien_non_marin,BDA_12C_20181127_2_02_07.png,684,521,527.81,500.08,54.61,23.62,1,1289.89,0.36196,0.07984,0.04534,2.312,0,1
uas_waterfowl_crowd,aerien_non_marin,BDA_12C_20181127_2_02_07.png,684,521,237.78,321.0,44.0,68.5,1,3014.0,0.84576,0.06433,0.13148,0.6423,0,0
uas_waterfowl_crowd,aerien_non_marin,BDA_12C_20181127_2_02_07.png,684,521,279.28,298.14,41.74,48.4,1,2020.22,0.5669,0.06102,0.0929,0.8624,0,0
uas_waterfowl_crowd,aerien_non_marin,BDA_12C_20181127_2_02_07.png,684,521,478.81,10.47,51.0,54.0,1,2754.0,0.77281,0.07456,0.10365,0.9444,0,0
uas_waterfowl_crowd,aerien_non_marin,BDA_12C_20181127_2_02_08.png,684,521,112.75,4.36,58.0,51.44,1,2983.52,0.83721,0.0848,0.09873,1.1275,0,0
uas_waterfowl_crowd,aerien_non_marin,BDA_12C_20181127_2_02_08.png,684,521,146.56,133.53,59.33,47.2,1,2800.38,0.78582,0.08674,0.0906,1.257,0,0
uas_waterfowl_crowd,aerien_non_marin,BDA_12C_20181127_2_02_08.png,684,521,130.75,247.73,53.0,52.0,1,2756.0,0.77337,0.07749,0.09981,1.0192,0,0
uas_waterfowl_crowd,aerien_non_marin,BDA_12C_20181127_2_02_08.png,684,521,152.78,292.17,59.67,52.0,1,3102.84,0.87069,0.08724,0.09981,1.1475,0,0
uas_waterfowl_crowd,aerien_non_marin,BDA_12C_20181127_2_02_08.png,684,521,206.2,443.61,64.0,51.0,1,3264.0,0.91592,0.09357,0.09789,1.2549,0,0
uas_waterfowl_crowd,aerien_non_marin,BDA_12C_20181127_2_02_08.png,684,521,493.35,342.97,51.0,56.67,1,2890.17,0.81102,0.07456,0.10877,0.8999,0,0
uas_waterfowl_crowd,aerien_non_marin,BDA_12C_20181127_2_02_08.png,684,521,515.78,424.47,40.83,51.33,1,2095.8,0.58811,0.05969,0.09852,0.7954,0,0
uas_waterfowl_crowd,aerien_non_marin,BDA_12C_20181127_2_02_08.png,684,521,597.31,209.3,65.5,46.09,1,3018.9,0.84714,0.09576,0.08846,1.4211,0,0
uas_waterfowl_crowd,aerien_non_marin,BDA_12C_20181127_2_02_08.png,684,521,605.71,81.64,63.0,37.0,1,2331.0,0.65411,0.09211,0.07102,1.7027,0,0
uas_waterfowl_crowd,aerien_non_marin,BDA_12C_20181127_2_02_08.png,684,521,610.3,134.93,65.6,38.0,1,2492.8,0.69951,0.09591,0.07294,1.7263,0,0
uas_waterfowl_crowd,aerien_non_marin,BDA_12C_20181127_2_02_08.png,684,521,146.3,376.97,64.0,47.2,1,3020.8,0.84767,0.09357,0.0906,1.3559,0,0
uas_waterfowl_crowd,aerien_non_marin,BDA_12C_20181127_2_02_08.png,684,521,74.31,323.04,44.0,64.0,1,2816.0,0.7902,0.06433,0.12284,0.6875,0,0
uas_waterfowl_crowd,aerien_non_marin,BDA_12C_20181127_2_02_08.png,684,521,-4.72,36.38,46.83,66.82,1,3129.18,0.87809,0.06846,0.12825,0.7008,0,1
uas_waterfowl_crowd,aerien_non_marin,BDA_12C_20181127_2_02_08.png,684,521,422.88,-3.45,42.0,45.0,1,1890.0,0.53036,0.0614,0.08637,0.9333,0,1
uas_waterfowl_crowd,aerien_non_marin,BDA_12C_20181127_2_02_08.png,684,521,634.78,6.54,54.58,43.46,1,2372.05,0.66562,0.0798,0.08342,1.2559,0,1
uas_waterfowl_crowd,aerien_non_marin,BDA_12C_20181127_2_02_08.png,684,521,261.19,161.44,46.5,51.67,1,2402.66,0.67421,0.06798,0.09917,0.8999,0,0
uas_waterfowl_crowd,aerien_non_marin,BDA_12C_20181127_2_02_08.png,684,521,301.64,184.33,41.51,52.0,1,2158.52,0.60571,0.06069,0.09981,0.7983,0,0
uas_waterfowl_crowd,aerien_non_marin,BDA_12C_20181127_2_02_08.png,684,521,331.64,142.33,46.0,56.0,1,2576.0,0.72286,0.06725,0.10749,0.8214,0,0
uas_waterfowl_crowd,aerien_non_marin,BDA_12C_20181127_2_02_08.png,684,521,450.2,163.0,49.0,51.88,1,2542.12,0.71335,0.07164,0.09958,0.9445,0,0
uas_waterfowl_crowd,aerien_non_marin,BDA_12C_20181127_2_02_08.png,684,521,492.42,166.29,54.9,41.48,1,2277.25,0.63902,0.08026,0.07962,1.3235,0,0
uas_waterfowl_crowd,aerien_non_marin,BDA_12C_20181127_2_02_08.png,684,521,485.81,201.61,41.73,56.33,1,2350.65,0.65962,0.06101,0.10812,0.7408,0,0
uas_waterfowl_crowd,aerien_non_marin,BDA_12C_20181127_2_02_08.png,684,521,654.35,284.04,39.83,54.0,1,2150.82,0.60355,0.05823,0.10365,0.7376,0,1
uas_waterfowl_crowd,aerien_non_marin,BDA_12C_20181127_2_02_08.png,684,521,-7.03,164.47,29.33,30.67,1,899.55,0.25242,0.04288,0.05887,0.9563,0,1
uas_waterfowl_crowd,aerien_non_marin,BDA_12C_20181127_2_02_08.png,684,521,570.81,476.3,54.67,49.0,1,2678.83,0.75171,0.07993,0.09405,1.1157,0,1
uas_waterfowl_crowd,aerien_non_marin,BDA_12C_20181127_2_02_08.png,684,521,665.22,475.86,33.33,41.5,1,1383.19,0.38814,0.04873,0.07965,0.8031,0,1
uas_waterfowl_crowd,aerien_non_marin,BDA_12C_20181127_2_02_08.png,684,521,81.75,417.47,50.0,51.0,1,2550.0,0.71556,0.0731,0.09789,0.9804,0,0
uas_waterfowl_crowd,aerien_non_marin,BDA_12C_20181127_2_02_08.png,684,521,4.81,475.47,56.21,40.48,1,2275.38,0.6385,0.08218,0.0777,1.3886,0,0
uas_waterfowl_crowd,aerien_non_marin,BDA_12C_20181127_2_03_03.png,684,521,562.62,235.0,61.45,31.0,1,1904.95,0.53455,0.08984,0.0595,1.9823,0,0
uas_waterfowl_crowd,aerien_non_marin,BDA_12C_20181127_2_03_03.png,684,521,627.74,456.06,56.23,35.09,1,1973.11,0.55368,0.08221,0.06735,1.6025,0,0
uas_waterfowl_crowd,aerien_non_marin,BDA_12C_20181127_2_03_03.png,684,521,554.81,185.0,51.0,34.0,1,1734.0,0.48658,0.07456,0.06526,1.5,0,0
uas_waterfowl_crowd,aerien_non_marin,BDA_12C_20181127_2_03_03.png,684,521,586.1,282.29,32.33,61.9,1,2001.23,0.56157,0.04727,0.11881,0.5223,0,0
uas_waterfowl_crowd,aerien_non_marin,BDA_12C_20181127_2_03_04.png,684,521,474.86,54.56,53.33,92.0,1,4906.36,1.37678,0.07797,0.17658,0.5797,0,0
uas_waterfowl_crowd,aerien_non_marin,BDA_12C_20181127_2_03_04.png,684,521,283.19,305.04,90.82,49.8,1,4522.84,1.26916,0.13278,0.09559,1.8237,0,0
uas_waterfowl_crowd,aerien_non_marin,BDA_12C_20181127_2_03_04.png,684,521,229.81,177.0,64.0,33.0,1,2112.0,0.59265,0.09357,0.06334,1.9394,0,0
uas_waterfowl_crowd,aerien_non_marin,BDA_12C_20181127_2_03_04.png,684,521,200.75,103.0,58.0,47.5,1,2755.0,0.77309,0.0848,0.09117,1.2211,0,0
uas_waterfowl_crowd,aerien_non_marin,BDA_12C_20181127_2_03_04.png,684,521,283.19,101.0,55.0,67.0,1,3685.0,1.03406,0.08041,0.1286,0.8209,0,0
uas_waterfowl_crowd,aerien_non_marin,BDA_12C_20181127_2_03_04.png,684,521,572.36,303.8,61.0,44.0,1,2684.0,0.75316,0.08918,0.08445,1.3864,0,0
uas_waterfowl_crowd,aerien_non_marin,BDA_12C_20181127_2_03_04.png,684,521,19.81,218.0,48.0,63.0,1,3024.0,0.84857,0.07018,0.12092,0.7619,0,0
uas_waterfowl_crowd,aerien_non_marin,BDA_12C_20181127_2_03_04.png,684,521,436.81,248.79,52.67,68.84,1,3625.8,1.01744,0.077,0.13213,0.7651,0,0
uas_waterfowl_crowd,aerien_non_marin,BDA_12C_20181127_2_03_04.png,684,521,434.03,405.0,80.83,62.0,1,5011.46,1.40628,0.11817,0.119,1.3037,0,0
uas_waterfowl_crowd,aerien_non_marin,BDA_12C_20181127_2_03_05.png,684,521,173.24,148.74,45.01,56.0,1,2520.56,0.7073,0.0658,0.10749,0.8037,0,0
uas_waterfowl_crowd,aerien_non_marin,BDA_12C_20181127_2_03_05.png,684,521,300.15,84.75,37.37,52.61,1,1966.04,0.55169,0.05463,0.10098,0.7103,0,0
uas_waterfowl_crowd,aerien_non_marin,BDA_12C_20181127_2_03_05.png,684,521,359.44,435.14,42.79,58.22,1,2491.23,0.69907,0.06256,0.11175,0.735,0,0
uas_waterfowl_crowd,aerien_non_marin,BDA_12C_20181127_2_03_05.png,684,521,204.5,54.96,41.0,56.0,1,2296.0,0.64429,0.05994,0.10749,0.7321,0,0
uas_waterfowl_crowd,aerien_non_marin,BDA_12C_20181127_2_03_05.png,684,521,390.75,7.9,44.37,38.61,1,1713.13,0.48072,0.06487,0.07411,1.1492,0,0
uas_waterfowl_crowd,aerien_non_marin,BDA_12C_20181127_2_03_05.png,684,521,352.97,42.88,42.0,54.14,1,2273.88,0.63808,0.0614,0.10392,0.7758,0,0
uas_waterfowl_crowd,aerien_non_marin,BDA_12C_20181127_2_03_05.png,684,521,361.28,119.14,34.84,59.23,1,2063.57,0.57906,0.05094,0.11369,0.5882,0,0
uas_waterfowl_crowd,aerien_non_marin,BDA_12C_20181127_2_03_05.png,684,521,459.65,80.65,65.0,30.4,1,1976.0,0.55449,0.09503,0.05835,2.1382,0,0
uas_waterfowl_crowd,aerien_non_marin,BDA_12C_20181127_2_03_05.png,684,521,371.28,221.47,43.56,50.46,1,2198.04,0.6168,0.06368,0.09685,0.8633,0,0
uas_waterfowl_crowd,aerien_non_marin,BDA_12C_20181127_2_03_05.png,684,521,381.35,313.0,46.0,51.35,1,2362.1,0.66283,0.06725,0.09856,0.8958,0,0
uas_waterfowl_crowd,aerien_non_marin,BDA_12C_20181127_2_03_06.png,684,521,242.55,327.13,47.04,63.22,1,2973.87,0.8345,0.06877,0.12134,0.7441,0,0
uas_waterfowl_crowd,aerien_non_marin,BDA_12C_20181127_2_03_06.png,684,521,438.81,317.0,52.0,62.0,1,3224.0,0.90469,0.07602,0.119,0.8387,0,0
uas_waterfowl_crowd,aerien_non_marin,BDA_12C_20181127_2_03_06.png,684,521,487.85,127.07,46.93,48.0,1,2252.64,0.63212,0.06861,0.09213,0.9777,0,0
uas_waterfowl_crowd,aerien_non_marin,BDA_12C_20181127_2_03_06.png,684,521,591.96,116.5,33.0,54.92,1,1812.36,0.50857,0.04825,0.10541,0.6009,0,0
uas_waterfowl_crowd,aerien_non_marin,BDA_12C_20181127_2_03_06.png,684,521,383.96,82.25,53.0,41.0,1,2173.0,0.60977,0.07749,0.07869,1.2927,0,0
uas_waterfowl_crowd,aerien_non_marin,BDA_12C_20181127_2_03_06.png,684,521,232.81,131.79,48.0,58.35,1,2800.8,0.78594,0.07018,0.112,0.8226,0,0
uas_waterfowl_crowd,aerien_non_marin,BDA_12C_20181127_2_03_06.png,684,521,336.52,74.29,36.67,57.0,1,2090.19,0.58653,0.05361,0.1094,0.6433,0,0
uas_waterfowl_crowd,aerien_non_marin,BDA_12C_20181127_2_03_06.png,684,521,128.81,415.44,42.0,53.0,1,2226.0,0.62464,0.0614,0.10173,0.7925,0,0
uas_waterfowl_crowd,aerien_non_marin,BDA_12C_20181127_2_03_06.png,684,521,276.96,468.07,48.98,53.85,1,2637.57,0.74013,0.07161,0.10336,0.9096,0,1
uas_waterfowl_crowd,aerien_non_marin,BDA_12C_20181127_2_03_06.png,684,521,54.02,278.0,43.76,61.0,1,2669.36,0.74905,0.06398,0.11708,0.7174,0,0
uas_waterfowl_crowd,aerien_non_marin,BDA_12C_20181127_2_03_06.png,684,521,151.28,243.92,50.35,54.65,1,2751.63,0.77214,0.07361,0.10489,0.9213,0,0
uas_waterfowl_crowd,aerien_non_marin,BDA_12C_20181127_2_03_06.png,684,521,-0.68,16.23,48.59,38.9,1,1890.15,0.5304,0.07104,0.07466,1.2491,0,1
uas_waterfowl_crowd,aerien_non_marin,BDA_12C_20181127_2_03_06.png,684,521,209.18,457.8,52.88,33.0,1,1745.04,0.48968,0.07731,0.06334,1.6024,0,0
uas_waterfowl_crowd,aerien_non_marin,BDA_12C_20181127_2_03_06.png,684,521,310.81,283.46,43.06,43.0,1,1851.58,0.51958,0.06295,0.08253,1.0014,0,0
uas_waterfowl_crowd,aerien_non_marin,BDA_12C_20181127_2_03_06.png,684,521,532.81,474.29,42.87,44.0,1,1886.28,0.52931,0.06268,0.08445,0.9743,0,0
uas_waterfowl_crowd,aerien_non_marin,BDA_12C_20181127_2_03_07.png,684,521,585.97,418.85,38.0,50.19,1,1907.22,0.53519,0.05556,0.09633,0.7571,0,0
uas_waterfowl_crowd,aerien_non_marin,BDA_12C_20181127_2_03_07.png,684,521,529.81,438.0,48.0,40.0,1,1920.0,0.53877,0.07018,0.07678,1.2,0,0
uas_waterfowl_crowd,aerien_non_marin,BDA_12C_20181127_2_03_07.png,684,521,528.38,219.12,46.24,40.86,1,1889.37,0.53018,0.0676,0.07843,1.1317,0,0
uas_waterfowl_crowd,aerien_non_marin,BDA_12C_20181127_2_03_07.png,684,521,630.33,109.94,38.1,62.59,1,2384.68,0.66917,0.0557,0.12013,0.6087,0,0
uas_waterfowl_crowd,aerien_non_marin,BDA_12C_20181127_2_03_07.png,684,521,634.81,7.0,50.05,55.0,1,2752.75,0.77245,0.07317,0.10557,0.91,0,1
uas_waterfowl_crowd,aerien_non_marin,BDA_12C_20181127_2_03_07.png,684,521,350.06,34.0,42.61,35.77,1,1524.16,0.4277,0.0623,0.06866,1.1912,0,0
uas_waterfowl_crowd,aerien_non_marin,BDA_12C_20181127_2_03_07.png,684,521,269.56,178.73,72.9,34.5,1,2515.05,0.70575,0.10658,0.06622,2.113,0,0
uas_waterfowl_crowd,aerien_non_marin,BDA_12C_20181127_2_03_07.png,684,521,86.86,252.0,48.91,35.0,1,1711.85,0.48037,0.07151,0.06718,1.3974,0,0
uas_waterfowl_crowd,aerien_non_marin,BDA_12C_20181127_2_03_07.png,684,521,266.2,473.71,56.85,40.41,1,2297.31,0.64465,0.08311,0.07756,1.4068,0,0
uas_waterfowl_crowd,aerien_non_marin,BDA_12C_20181127_2_03_07.png,684,521,335.64,121.54,54.16,44.57,1,2413.91,0.67737,0.07918,0.08555,1.2152,0,0
uas_waterfowl_crowd,aerien_non_marin,BDA_12C_20181127_2_03_07.png,684,521,463.1,181.28,27.56,48.5,1,1336.66,0.37508,0.04029,0.09309,0.5682,0,0
uas_waterfowl_crowd,aerien_non_marin,BDA_12C_20181127_2_03_07.png,684,521,568.86,123.79,57.75,40.53,1,2340.61,0.6568,0.08443,0.07779,1.4249,0,0
uas_waterfowl_crowd,aerien_non_marin,BDA_12C_20181127_2_03_07.png,684,521,576.87,202.0,63.69,39.56,1,2519.58,0.70702,0.09311,0.07593,1.61,0,0
uas_waterfowl_crowd,aerien_non_marin,BDA_12C_20181127_2_03_07.png,684,521,229.64,357.72,41.75,58.01,1,2421.92,0.67962,0.06104,0.11134,0.7197,0,0
uas_waterfowl_crowd,aerien_non_marin,BDA_12C_20181127_2_03_07.png,684,521,83.96,339.55,60.0,36.63,1,2197.8,0.61673,0.08772,0.07031,1.638,0,0
uas_waterfowl_crowd,aerien_non_marin,BDA_12C_20181127_2_03_07.png,684,521,19.65,21.36,57.0,35.55,1,2026.35,0.56862,0.08333,0.06823,1.6034,0,0
uas_waterfowl_crowd,aerien_non_marin,BDA_12C_20181127_2_03_07.png,684,521,114.81,479.17,56.87,42.04,1,2390.81,0.67089,0.08314,0.08069,1.3528,0,0
uas_waterfowl_crowd,aerien_non_marin,BDA_12C_20181127_2_03_07.png,684,521,370.91,481.59,50.18,48.22,1,2419.68,0.67899,0.07336,0.09255,1.0406,0,1
uas_waterfowl_crowd,aerien_non_marin,BDA_12C_20181127_2_03_07.png,684,521,662.18,316.48,28.0,63.0,1,1764.0,0.495,0.04094,0.12092,0.4444,0,1
uas_waterfowl_crowd,aerien_non_marin,BDA_12C_20181127_2_03_07.png,684,521,221.81,77.5,49.0,51.18,1,2507.82,0.70372,0.07164,0.09823,0.9574,0,0
uas_waterfowl_crowd,aerien_non_marin,BDA_12C_20181127_2_03_07.png,684,521,115.1,14.97,46.86,53.5,1,2507.01,0.7035,0.06851,0.10269,0.8759,0,0
uas_waterfowl_crowd,aerien_non_marin,BDA_12C_20181127_2_03_07.png,684,521,7.92,60.35,38.97,53.46,1,2083.34,0.58461,0.05697,0.10261,0.729,0,0
uas_waterfowl_crowd,aerien_non_marin,BDA_12C_20181127_2_03_08.png,684,521,171.53,230.48,59.16,45.14,1,2670.48,0.74937,0.08649,0.08664,1.3106,0,0
uas_waterfowl_crowd,aerien_non_marin,BDA_12C_20181127_2_03_08.png,684,521,307.53,119.41,57.78,35.81,1,2069.1,0.58061,0.08447,0.06873,1.6135,0,0
uas_waterfowl_crowd,aerien_non_marin,BDA_12C_20181127_2_03_08.png,684,521,439.14,126.67,47.0,66.83,1,3141.01,0.8814,0.06871,0.12827,0.7033,0,0
uas_waterfowl_crowd,aerien_non_marin,BDA_12C_20181127_2_03_08.png,684,521,282.97,294.48,66.0,32.67,1,2156.22,0.60506,0.09649,0.06271,2.0202,0,0
uas_waterfowl_crowd,aerien_non_marin,BDA_12C_20181127_2_03_08.png,684,521,348.97,218.03,47.33,56.78,1,2687.4,0.75412,0.0692,0.10898,0.8336,0,0
uas_waterfowl_crowd,aerien_non_marin,BDA_12C_20181127_2_03_08.png,684,521,310.28,249.82,56.67,41.21,1,2335.37,0.65533,0.08285,0.0791,1.3752,0,0
uas_waterfowl_crowd,aerien_non_marin,BDA_12C_20181127_2_03_08.png,684,521,436.25,269.2,44.0,58.26,1,2563.44,0.71933,0.06433,0.11182,0.7552,0,0
uas_waterfowl_crowd,aerien_non_marin,BDA_12C_20181127_2_03_08.png,684,521,412.0,323.67,48.0,54.0,1,2592.0,0.72735,0.07018,0.10365,0.8889,0,0
uas_waterfowl_crowd,aerien_non_marin,BDA_12C_20181127_2_03_08.png,684,521,479.8,412.88,54.79,40.0,1,2191.6,0.61499,0.0801,0.07678,1.3698,0,0
uas_waterfowl_crowd,aerien_non_marin,BDA_12C_20181127_2_03_08.png,684,521,538.38,390.62,51.0,55.0,1,2805.0,0.78712,0.07456,0.10557,0.9273,0,0
uas_waterfowl_crowd,aerien_non_marin,BDA_12C_20181127_2_03_08.png,684,521,584.3,235.67,35.0,70.0,1,2450.0,0.6875,0.05117,0.13436,0.5,0,0
uas_waterfowl_crowd,aerien_non_marin,BDA_12C_20181127_2_03_08.png,684,521,584.28,112.35,57.5,52.59,1,3023.93,0.84855,0.08406,0.10094,1.0934,0,0
uas_waterfowl_crowd,aerien_non_marin,BDA_12C_20181127_2_03_08.png,684,521,615.75,204.33,35.0,57.0,1,1995.0,0.55982,0.05117,0.1094,0.614,0,0
uas_waterfowl_crowd,aerien_non_marin,BDA_12C_20181127_2_03_08.png,684,521,272.28,8.0,59.0,46.0,1,2714.0,0.76158,0.08626,0.08829,1.2826,0,0
uas_waterfowl_crowd,aerien_non_marin,BDA_12C_20181127_2_03_08.png,684,521,101.8,116.62,76.5,38.89,1,2975.09,0.83484,0.11184,0.07464,1.9671,0,0
uas_waterfowl_crowd,aerien_non_marin,BDA_12C_20181127_2_03_08.png,684,521,37.3,229.4,52.18,39.67,1,2069.98,0.58086,0.07629,0.07614,1.3154,0,0
uas_waterfowl_crowd,aerien_non_marin,BDA_12C_20181127_2_03_08.png,684,521,11.25,183.67,43.0,55.33,1,2379.19,0.66763,0.06287,0.1062,0.7772,0,0
uas_waterfowl_crowd,aerien_non_marin,BDA_12C_20181127_2_03_08.png,684,521,665.78,213.1,31.0,44.73,1,1386.63,0.3891,0.04532,0.08585,0.693,0,1
uas_waterfowl_crowd,aerien_non_marin,BDA_12C_20181127_2_03_08.png,684,521,663.2,267.65,29.23,33.09,1,967.22,0.27141,0.04273,0.06351,0.8833,0,1
uas_waterfowl_crowd,aerien_non_marin,BDA_12C_20181127_2_03_08.png,684,521,-12.0,316.2,29.0,57.0,1,1653.0,0.46385,0.0424,0.1094,0.5088,0,1
uas_waterfowl_crowd,aerien_non_marin,BDA_12C_20181127_2_03_08.png,684,521,147.64,463.55,64.67,39.33,1,2543.47,0.71373,0.09455,0.07549,1.6443,0,0
uas_waterfowl_crowd,aerien_non_marin,BDA_12C_20181127_2_03_08.png,684,521,583.25,-5.8,42.0,21.74,1,913.08,0.25622,0.0614,0.04173,1.9319,0,1
uas_waterfowl_crowd,aerien_non_marin,BDA_12C_20181127_2_03_08.png,684,521,666.87,1.2,23.0,32.0,1,736.0,0.20653,0.03363,0.06142,0.7188,0,1
uas_waterfowl_crowd,aerien_non_marin,BDA_12C_20181127_2_04_04.png,684,521,69.68,126.09,97.34,101.79,1,9908.24,2.78037,0.14231,0.19537,0.9563,0,0
uas_waterfowl_crowd,aerien_non_marin,BDA_12C_20181127_2_04_04.png,684,521,237.75,2.56,68.0,106.0,1,7208.0,2.02265,0.09942,0.20345,0.6415,0,0
uas_waterfowl_crowd,aerien_non_marin,BDA_12C_20181127_2_04_04.png,684,521,547.12,469.35,75.0,37.53,1,2814.75,0.78985,0.10965,0.07203,1.9984,0,0
uas_waterfowl_crowd,aerien_non_marin,BDA_12C_20181127_2_04_04.png,684,521,352.93,427.0,37.84,60.46,1,2287.81,0.64199,0.05532,0.11605,0.6259,0,0
uas_waterfowl_crowd,aerien_non_marin,BDA_12C_20181127_2_04_04.png,684,521,264.68,298.68,45.0,48.91,1,2200.95,0.61761,0.06579,0.09388,0.9201,0,0
uas_waterfowl_crowd,aerien_non_marin,BDA_12C_20181127_2_04_04.png,684,521,246.88,180.07,36.69,56.15,1,2060.14,0.5781,0.05364,0.10777,0.6534,0,0
uas_waterfowl_crowd,aerien_non_marin,BDA_12C_20181127_2_04_04.png,684,521,468.08,201.3,57.49,35.58,1,2045.49,0.57399,0.08405,0.06829,1.6158,0,0
uas_waterfowl_crowd,aerien_non_marin,BDA_12C_20181127_2_04_04.png,684,521,81.26,-1.61,60.21,29.89,1,1799.68,0.50501,0.08803,0.05737,2.0144,0,1
uas_waterfowl_crowd,aerien_non_marin,BDA_12C_20181127_2_04_04.png,684,521,44.43,44.0,51.56,41.0,1,2113.96,0.5932,0.07538,0.07869,1.2576,0,0
uas_waterfowl_crowd,aerien_non_marin,BDA_12C_20181127_2_04_04.png,684,521,518.47,42.62,94.5,48.3,1,4564.35,1.28081,0.13816,0.09271,1.9565,0,0
uas_waterfowl_crowd,aerien_non_marin,BDA_12C_20181127_2_04_04.png,684,521,6.03,205.39,61.52,82.94,1,5102.47,1.43181,0.08994,0.15919,0.7417,0,0
uas_waterfowl_crowd,aerien_non_marin,BDA_12C_20181127_2_04_04.png,684,521,345.87,9.49,55.34,81.33,1,4500.8,1.26298,0.08091,0.1561,0.6804,0,0
uas_waterfowl_crowd,aerien_non_marin,BDA_12C_20181127_2_04_04.png,684,521,287.32,253.34,52.59,43.18,1,2270.84,0.63722,0.07689,0.08288,1.2179,0,0
uas_waterfowl_crowd,aerien_non_marin,BDA_12C_20181127_2_04_05.png,684,521,88.91,3.41,48.17,59.87,1,2883.94,0.80927,0.07042,0.11491,0.8046,0,0
uas_waterfowl_crowd,aerien_non_marin,BDA_12C_20181127_2_04_05.png,684,521,113.62,243.09,49.64,54.64,1,2712.33,0.76111,0.07257,0.10488,0.9085,0,0
uas_waterfowl_crowd,aerien_non_marin,BDA_12C_20181127_2_04_05.png,684,521,90.92,354.82,48.21,51.26,1,2471.24,0.69346,0.07048,0.09839,0.9405,0,0
uas_waterfowl_crowd,aerien_non_marin,BDA_12C_20181127_2_04_05.png,684,521,231.25,451.2,63.92,38.4,1,2454.53,0.68877,0.09345,0.0737,1.6646,0,0
uas_waterfowl_crowd,aerien_non_marin,BDA_12C_20181127_2_04_05.png,684,521,45.34,467.05,47.01,48.76,1,2292.21,0.64322,0.06873,0.09359,0.9641,0,0
uas_waterfowl_crowd,aerien_non_marin,BDA_12C_20181127_2_04_05.png,684,521,139.08,475.76,37.94,47.14,1,1788.49,0.50187,0.05547,0.09048,0.8048,0,1
uas_waterfowl_crowd,aerien_non_marin,BDA_12C_20181127_2_04_05.png,684,521,5.8,394.23,43.33,52.0,1,2253.16,0.63226,0.06335,0.09981,0.8333,0,0
uas_waterfowl_crowd,aerien_non_marin,BDA_12C_20181127_2_04_05.png,684,521,23.67,296.69,42.14,49.26,1,2075.82,0.5825,0.06161,0.09455,0.8555,0,0
uas_waterfowl_crowd,aerien_non_marin,BDA_12C_20181127_2_04_05.png,684,521,3.97,39.54,40.8,34.0,1,1387.2,0.38926,0.05965,0.06526,1.2,0,0
uas_waterfowl_crowd,aerien_non_marin,BDA_12C_20181127_2_04_05.png,684,521,-0.39,76.23,40.83,38.4,1,1567.87,0.43996,0.05969,0.0737,1.0633,0,0
uas_waterfowl_crowd,aerien_non_marin,BDA_12C_20181127_2_04_05.png,684,521,67.97,280.7,52.49,58.43,1,3066.99,0.86063,0.07674,0.11215,0.8983,0,0
uas_waterfowl_crowd,aerien_non_marin,BDA_12C_20181127_2_04_05.png,684,521,212.43,210.4,34.53,59.38,1,2050.39,0.57536,0.05048,0.11397,0.5815,0,0
uas_waterfowl_crowd,aerien_non_marin,BDA_12C_20181127_2_04_05.png,684,521,598.75,246.83,50.93,40.86,1,2081.0,0.58395,0.07446,0.07843,1.2465,0,0
uas_waterfowl_crowd,aerien_non_marin,BDA_12C_20181127_2_04_05.png,684,521,561.36,291.83,40.35,52.2,1,2106.27,0.59104,0.05899,0.10019,0.773,0,0
uas_waterfowl_crowd,aerien_non_marin,BDA_12C_20181127_2_04_05.png,684,521,448.25,365.9,52.75,32.0,1,1688.0,0.47367,0.07712,0.06142,1.6484,0,0
uas_waterfowl_crowd,aerien_non_marin,BDA_12C_20181127_2_04_05.png,684,521,606.23,486.47,46.0,39.0,1,1794.0,0.50342,0.06725,0.07486,1.1795,0,1
uas_waterfowl_crowd,aerien_non_marin,BDA_12C_20181127_2_04_05.png,684,521,218.08,318.69,38.02,52.79,1,2007.08,0.56321,0.05558,0.10132,0.7202,0,0
uas_waterfowl_crowd,aerien_non_marin,BDA_12C_20181127_2_04_06.png,684,521,148.16,50.61,63.86,44.79,1,2860.29,0.80263,0.09336,0.08597,1.4258,0,0
uas_waterfowl_crowd,aerien_non_marin,BDA_12C_20181127_2_04_06.png,684,521,194.63,82.0,63.67,47.5,1,3024.33,0.84866,0.09308,0.09117,1.3404,0,0
uas_waterfowl_crowd,aerien_non_marin,BDA_12C_20181127_2_04_06.png,684,521,274.82,322.33,55.58,39.9,1,2217.64,0.6223,0.08126,0.07658,1.393,0,0
uas_waterfowl_crowd,aerien_non_marin,BDA_12C_20181127_2_04_06.png,684,521,460.25,237.5,53.91,44.08,1,2376.35,0.66683,0.07882,0.08461,1.223,0,0
uas_waterfowl_crowd,aerien_non_marin,BDA_12C_20181127_2_04_06.png,684,521,629.29,372.74,60.0,49.2,1,2952.0,0.82837,0.08772,0.09443,1.2195,0,1
uas_waterfowl_crowd,aerien_non_marin,BDA_12C_20181127_2_04_06.png,684,521,258.91,159.63,41.94,55.44,1,2325.15,0.65247,0.06132,0.10641,0.7565,0,0
uas_waterfowl_crowd,aerien_non_marin,BDA_12C_20181127_2_04_06.png,684,521,270.34,384.8,52.05,38.4,1,1998.72,0.56086,0.0761,0.0737,1.3555,0,0
uas_waterfowl_crowd,aerien_non_marin,BDA_12C_20181127_2_04_06.png,684,521,322.0,473.61,53.0,48.32,1,2560.96,0.71864,0.07749,0.09274,1.0969,0,1
uas_waterfowl_crowd,aerien_non_marin,BDA_12C_20181127_2_04_06.png,684,521,223.81,412.21,39.0,51.92,1,2024.88,0.56821,0.05702,0.09965,0.7512,0,0
uas_waterfowl_crowd,aerien_non_marin,BDA_12C_20181127_2_04_06.png,684,521,15.35,111.9,60.73,50.15,1,3045.61,0.85463,0.08879,0.09626,1.211,0,0
uas_waterfowl_crowd,aerien_non_marin,BDA_12C_20181127_2_04_06.png,684,521,489.08,304.45,61.1,28.89,1,1765.18,0.49533,0.08933,0.05545,2.1149,0,0
uas_waterfowl_crowd,aerien_non_marin,BDA_12C_20181127_2_04_06.png,684,521,414.05,376.19,29.04,56.27,1,1634.08,0.45854,0.04246,0.108,0.5161,0,0
uas_waterfowl_crowd,aerien_non_marin,BDA_12C_20181127_2_04_06.png,684,521,376.4,271.58,58.5,42.09,1,2462.27,0.69094,0.08553,0.08079,1.3899,0,0
uas_waterfowl_crowd,aerien_non_marin,BDA_12C_20181127_2_04_07.png,684,521,545.93,361.67,40.0,56.0,1,2240.0,0.62857,0.05848,0.10749,0.7143,0,0
uas_waterfowl_crowd,aerien_non_marin,BDA_12C_20181127_2_04_07.png,684,521,513.36,403.07,60.41,71.0,1,4289.11,1.20358,0.08832,0.13628,0.8508,0,0
uas_waterfowl_crowd,aerien_non_marin,BDA_12C_20181127_2_04_07.png,684,521,590.36,221.54,39.17,55.0,1,2154.35,0.60454,0.05727,0.10557,0.7122,0,0
uas_waterfowl_crowd,aerien_non_marin,BDA_12C_20181127_2_04_07.png,684,521,554.75,64.08,67.0,41.0,1,2747.0,0.77084,0.09795,0.07869,1.6341,0,0
uas_waterfowl_crowd,aerien_non_marin,BDA_12C_20181127_2_04_07.png,684,521,511.28,164.93,30.17,56.67,1,1709.73,0.47977,0.04411,0.10877,0.5324,0,0
uas_waterfowl_crowd,aerien_non_marin,BDA_12C_20181127_2_04_07.png,684,521,406.48,330.33,42.0,48.0,1,2016.0,0.56571,0.0614,0.09213,0.875,0,0
uas_waterfowl_crowd,aerien_non_marin,BDA_12C_20181127_2_04_07.png,684,521,76.78,458.38,59.25,45.5,1,2695.88,0.75649,0.08662,0.08733,1.3022,0,0
uas_waterfowl_crowd,aerien_non_marin,BDA_12C_20181127_2_04_07.png,684,521,380.68,139.07,61.0,53.91,1,3288.51,0.9228,0.08918,0.10347,1.1315,0,0
uas_waterfowl_crowd,aerien_non_marin,BDA_12C_20181127_2_04_07.png,684,521,385.64,31.0,50.14,59.5,1,2983.33,0.83716,0.0733,0.1142,0.8427,0,0
uas_waterfowl_crowd,aerien_non_marin,BDA_12C_20181127_2_04_07.png,684,521,614.09,-4.27,69.5,36.71,1,2551.35,0.71594,0.10161,0.07046,1.8932,0,1
uas_waterfowl_crowd,aerien_non_marin,BDA_12C_20181127_2_04_07.png,684,521,253.75,6.08,53.0,58.16,1,3082.48,0.86498,0.07749,0.11163,0.9113,0,0
uas_waterfowl_crowd,aerien_non_marin,BDA_12C_20181127_2_04_07.png,684,521,110.68,278.33,36.27,57.0,1,2067.39,0.58013,0.05303,0.1094,0.6363,0,0
uas_waterfowl_crowd,aerien_non_marin,BDA_12C_20181127_2_04_07.png,684,521,6.81,49.0,54.0,48.0,1,2592.0,0.72735,0.07895,0.09213,1.125,0,0
uas_waterfowl_crowd,aerien_non_marin,BDA_12C_20181127_2_04_08.png,684,521,224.16,389.67,55.36,60.6,1,3354.82,0.9414,0.08094,0.11631,0.9135,0,0
uas_waterfowl_crowd,aerien_non_marin,BDA_12C_20181127_2_04_08.png,684,521,60.65,367.35,54.32,55.38,1,3008.24,0.84415,0.07942,0.1063,0.9809,0,0
uas_waterfowl_crowd,aerien_non_marin,BDA_12C_20181127_2_04_08.png,684,521,36.91,166.75,51.91,65.87,1,3419.31,0.9595,0.07589,0.12643,0.7881,0,0
uas_waterfowl_crowd,aerien_non_marin,BDA_12C_20181127_2_04_08.png,684,521,48.31,286.73,55.76,50.0,1,2788.0,0.78235,0.08152,0.09597,1.1152,0,0
uas_waterfowl_crowd,aerien_non_marin,BDA_12C_20181127_2_04_08.png,684,521,242.84,270.96,51.37,60.19,1,3091.96,0.86764,0.0751,0.11553,0.8535,0,0
uas_waterfowl_crowd,aerien_non_marin,BDA_12C_20181127_2_04_08.png,684,521,539.27,430.12,55.43,66.27,1,3673.35,1.03078,0.08104,0.1272,0.8364,0,0
uas_waterfowl_crowd,aerien_non_marin,BDA_12C_20181127_2_04_08.png,684,521,271.35,470.52,54.03,48.18,1,2603.17,0.73048,0.07899,0.09248,1.1214,0,0
uas_waterfowl_crowd,aerien_non_marin,BDA_12C_20181127_2_04_08.png,684,521,6.98,89.6,52.73,50.91,1,2684.48,0.7533,0.07709,0.09772,1.0357,0,0
uas_waterfowl_crowd,aerien_non_marin,BDA_12C_20181127_2_04_08.png,684,521,116.98,247.79,55.0,55.0,1,3025.0,0.84885,0.08041,0.10557,1.0,0,0
uas_waterfowl_crowd,aerien_non_marin,BDA_12C_20181127_2_04_08.png,684,521,159.17,306.85,56.54,44.85,1,2535.82,0.71158,0.08266,0.08608,1.2606,0,0
uas_waterfowl_crowd,aerien_non_marin,BDA_12C_20181127_2_05_04.png,684,521,325.44,61.6,53.42,41.83,1,2234.56,0.62704,0.0781,0.08029,1.2771,0,0
uas_waterfowl_crowd,aerien_non_marin,BDA_12C_20181127_2_05_04.png,684,521,512.75,104.0,29.33,55.32,1,1622.54,0.4553,0.04288,0.10618,0.5302,0,0
uas_waterfowl_crowd,aerien_non_marin,BDA_12C_20181127_2_05_04.png,684,521,506.53,52.66,48.47,37.98,1,1840.89,0.51658,0.07086,0.0729,1.2762,0,0
uas_waterfowl_crowd,aerien_non_marin,BDA_12C_20181127_2_05_04.png,684,521,565.71,68.19,28.0,58.4,1,1635.2,0.45886,0.04094,0.11209,0.4795,0,0
uas_waterfowl_crowd,aerien_non_marin,BDA_12C_20181127_2_05_04.png,684,521,615.75,310.14,50.0,38.67,1,1933.5,0.54256,0.0731,0.07422,1.293,0,0
uas_waterfowl_crowd,aerien_non_marin,BDA_12C_20181127_2_05_04.png,684,521,654.39,90.47,33.86,41.83,1,1416.36,0.39745,0.0495,0.08029,0.8095,0,1
uas_waterfowl_crowd,aerien_non_marin,BDA_12C_20181127_2_05_05.png,684,521,514.75,49.19,60.8,57.05,1,3468.64,0.97334,0.08889,0.1095,1.0657,0,0
uas_waterfowl_crowd,aerien_non_marin,BDA_12C_20181127_2_05_05.png,684,521,173.24,6.21,55.47,30.56,1,1695.16,0.47568,0.0811,0.05866,1.8151,0,0
uas_waterfowl_crowd,aerien_non_marin,BDA_12C_20181127_2_05_05.png,684,521,116.75,61.19,38.0,47.82,1,1817.16,0.50992,0.05556,0.09179,0.7946,0,0
uas_waterfowl_crowd,aerien_non_marin,BDA_12C_20181127_2_05_05.png,684,521,137.11,55.01,57.87,27.87,1,1612.84,0.45258,0.08461,0.05349,2.0764,0,0
uas_waterfowl_crowd,aerien_non_marin,BDA_12C_20181127_2_05_05.png,684,521,275.31,53.0,54.67,38.67,1,2114.09,0.59324,0.07993,0.07422,1.4138,0,0
uas_waterfowl_crowd,aerien_non_marin,BDA_12C_20181127_2_05_05.png,684,521,69.3,175.39,35.0,55.1,1,1928.5,0.54116,0.05117,0.10576,0.6352,0,0
uas_waterfowl_crowd,aerien_non_marin,BDA_12C_20181127_2_05_05.png,684,521,385.25,186.23,57.0,46.5,1,2650.5,0.74376,0.08333,0.08925,1.2258,0,0
uas_waterfowl_crowd,aerien_non_marin,BDA_12C_20181127_2_05_05.png,684,521,609.7,-2.27,40.83,29.17,1,1191.01,0.33421,0.05969,0.05599,1.3997,0,1
uas_waterfowl_crowd,aerien_non_marin,BDA_12C_20181127_2_05_05.png,684,521,603.56,170.38,37.0,55.99,1,2071.63,0.58132,0.05409,0.10747,0.6608,0,0
uas_waterfowl_crowd,aerien_non_marin,BDA_12C_20181127_2_05_05.png,684,521,227.81,280.56,55.73,40.08,1,2233.66,0.62679,0.08148,0.07693,1.3905,0,0
uas_waterfowl_crowd,aerien_non_marin,BDA_12C_20181127_2_05_05.png,684,521,566.51,-5.0,40.43,29.33,1,1185.81,0.33275,0.05911,0.0563,1.3785,0,1
uas_waterfowl_crowd,aerien_non_marin,BDA_12C_20181127_2_05_05.png,684,521,398.65,60.0,45.33,41.33,1,1873.49,0.52572,0.06627,0.07933,1.0968,0,0
uas_waterfowl_crowd,aerien_non_marin,BDA_12C_20181127_2_05_06.png,684,521,515.75,269.47,138.4,90.0,1,12456.0,3.4953,0.20234,0.17274,1.5378,0,0
uas_waterfowl_crowd,aerien_non_marin,BDA_12C_20181127_2_05_06.png,684,521,529.03,115.22,129.03,118.42,1,15279.73,4.28768,0.18864,0.22729,1.0896,0,0
uas_waterfowl_crowd,aerien_non_marin,BDA_12C_20181127_2_05_06.png,684,521,2.92,232.47,41.5,56.0,1,2324.0,0.65214,0.06067,0.10749,0.7411,0,0
uas_waterfowl_crowd,aerien_non_marin,BDA_12C_20181127_2_05_06.png,684,521,0.66,162.21,66.0,49.0,1,3234.0,0.9075,0.09649,0.09405,1.3469,0,0
uas_waterfowl_crowd,aerien_non_marin,BDA_12C_20181127_2_05_06.png,684,521,61.77,77.14,57.44,52.56,1,3019.05,0.84718,0.08398,0.10088,1.0928,0,0
uas_waterfowl_crowd,aerien_non_marin,BDA_12C_20181127_2_05_06.png,684,521,342.68,84.9,47.1,50.57,1,2381.85,0.66837,0.06886,0.09706,0.9314,0,0
uas_waterfowl_crowd,aerien_non_marin,BDA_12C_20181127_2_05_06.png,684,521,228.75,46.4,53.0,44.0,1,2332.0,0.65439,0.07749,0.08445,1.2045,0,0
uas_waterfowl_crowd,aerien_non_marin,BDA_12C_20181127_2_05_07.png,684,521,327.13,310.97,126.5,79.0,1,9993.5,2.8043,0.18494,0.15163,1.6013,0,0
uas_waterfowl_crowd,aerien_non_marin,BDA_12C_20181127_2_05_07.png,684,521,402.53,40.26,129.3,54.11,1,6996.42,1.96328,0.18904,0.10386,2.3896,0,0
uas_waterfowl_crowd,aerien_non_marin,BDA_12C_20181127_2_05_07.png,684,521,385.56,419.18,37.5,55.0,1,2062.5,0.57876,0.05482,0.10557,0.6818,0,0
uas_waterfowl_crowd,aerien_non_marin,BDA_12C_20181127_2_05_07.png,684,521,193.4,498.85,67.44,23.92,1,1613.16,0.45267,0.0986,0.04591,2.8194,0,1
uas_waterfowl_crowd,aerien_non_marin,BDA_12C_20181127_2_05_07.png,684,521,449.14,168.38,46.53,47.55,1,2212.5,0.62085,0.06803,0.09127,0.9785,0,0
uas_waterfowl_crowd,aerien_non_marin,BDA_12C_20181127_2_05_07.png,684,521,606.91,0.46,54.0,49.93,1,2696.22,0.75659,0.07895,0.09583,1.0815,0,0
uas_waterfowl_crowd,aerien_non_marin,BDA_12C_20181127_2_05_08.png,684,521,449.41,117.22,45.85,57.0,1,2613.45,0.73337,0.06703,0.1094,0.8044,0,0
uas_waterfowl_crowd,aerien_non_marin,BDA_12C_20181127_2_05_08.png,684,521,268.04,476.15,35.83,46.44,1,1663.95,0.46692,0.05238,0.08914,0.7715,0,1
uas_waterfowl_crowd,aerien_non_marin,BDA_12C_20181127_2_05_08.png,684,521,40.81,447.87,37.83,50.05,1,1893.39,0.53131,0.05531,0.09607,0.7558,0,0
uas_waterfowl_crowd,aerien_non_marin,BDA_12C_20181127_2_05_08.png,684,521,65.81,18.47,64.0,36.22,1,2318.08,0.65048,0.09357,0.06952,1.767,0,0
uas_waterfowl_crowd,aerien_non_marin,BDA_12C_20181127_2_05_08.png,684,521,293.13,1.73,62.5,35.5,1,2218.75,0.62261,0.09137,0.06814,1.7606,0,0
uas_waterfowl_crowd,aerien_non_marin,BDA_12C_20181127_2_05_08.png,684,521,335.86,44.8,55.5,35.0,1,1942.5,0.54509,0.08114,0.06718,1.5857,0,0
uas_waterfowl_crowd,aerien_non_marin,BDA_12C_20181127_2_05_08.png,684,521,296.37,68.18,35.2,49.25,1,1733.6,0.48647,0.05146,0.09453,0.7147,0,0
uas_waterfowl_crowd,aerien_non_marin,BDA_12C_20181127_2_05_08.png,684,521,582.53,155.73,44.95,59.14,1,2658.34,0.74596,0.06572,0.11351,0.7601,0,0
uas_waterfowl_crowd,aerien_non_marin,BDA_12C_20181127_2_05_08.png,684,521,235.65,303.97,48.67,33.8,1,1645.05,0.46162,0.07115,0.06488,1.4399,0,0
uas_waterfowl_crowd,aerien_non_marin,BDA_12C_20181127_2_05_08.png,684,521,274.81,363.0,42.65,58.0,1,2473.7,0.69415,0.06235,0.11132,0.7353,0,0
uas_waterfowl_crowd,aerien_non_marin,BDA_12C_20181127_2_05_08.png,684,521,181.96,95.06,63.84,84.61,1,5401.5,1.51573,0.09333,0.1624,0.7545,0,0
uas_waterfowl_crowd,aerien_non_marin,BDA_12C_20181127_2_05_08.png,684,521,289.11,171.5,74.0,69.38,1,5134.12,1.4407,0.10819,0.13317,1.0666,0,0
uas_waterfowl_crowd,aerien_non_marin,BDA_12C_20181127_2_05_08.png,684,521,593.93,258.87,73.0,82.0,1,5986.0,1.67974,0.10673,0.15739,0.8902,0,0
uas_waterfowl_crowd,aerien_non_marin,BDA_12C_20181127_2_06_05.png,684,521,302.15,98.16,62.07,35.83,1,2223.97,0.62407,0.09075,0.06877,1.7323,0,0
uas_waterfowl_crowd,aerien_non_marin,BDA_12C_20181127_2_06_05.png,684,521,504.57,120.54,55.58,35.4,1,1967.53,0.55211,0.08126,0.06795,1.5701,0,0
uas_waterfowl_crowd,aerien_non_marin,BDA_12C_20181127_2_06_05.png,684,521,426.34,163.37,32.0,48.0,1,1536.0,0.43102,0.04678,0.09213,0.6667,0,0
uas_waterfowl_crowd,aerien_non_marin,BDA_12C_20181127_2_06_05.png,684,521,542.33,416.0,63.1,42.33,1,2671.02,0.74952,0.09225,0.08125,1.4907,0,0
uas_waterfowl_crowd,aerien_non_marin,BDA_12C_20181127_2_06_05.png,684,521,653.39,282.73,35.22,49.37,1,1738.81,0.48793,0.05149,0.09476,0.7134,0,1
uas_waterfowl_crowd,aerien_non_marin,BDA_12C_20181127_2_06_05.png,684,521,573.88,275.04,47.0,58.5,1,2749.5,0.77154,0.06871,0.11228,0.8034,0,0
uas_waterfowl_crowd,aerien_non_marin,BDA_12C_20181127_2_06_05.png,684,521,523.81,470.0,43.0,48.0,1,2064.0,0.57918,0.06287,0.09213,0.8958,0,0
uas_waterfowl_crowd,aerien_non_marin,BDA_12C_20181127_2_06_06.png,684,521,104.38,386.5,86.16,43.51,1,3748.82,1.05196,0.12596,0.08351,1.9802,0,0
uas_waterfowl_crowd,aerien_non_marin,BDA_12C_20181127_2_06_06.png,684,521,293.81,84.29,38.67,59.93,1,2317.49,0.65032,0.05654,0.11503,0.6453,0,0
uas_waterfowl_crowd,aerien_non_marin,BDA_12C_20181127_2_06_06.png,684,521,290.25,409.61,63.7,32.0,1,2038.4,0.572,0.09313,0.06142,1.9906,0,0
uas_waterfowl_crowd,aerien_non_marin,BDA_12C_20181127_2_06_06.png,684,521,459.53,328.55,30.61,49.37,1,1511.22,0.42407,0.04475,0.09476,0.62,0,0
uas_waterfowl_crowd,aerien_non_marin,BDA_12C_20181127_2_06_06.png,684,521,575.81,22.19,27.0,51.0,1,1377.0,0.3864,0.03947,0.09789,0.5294,0,0
uas_waterfowl_crowd,aerien_non_marin,BDA_12C_20181127_2_06_06.png,684,521,601.4,26.71,26.45,52.55,1,1389.95,0.39004,0.03867,0.10086,0.5033,0,0
uas_waterfowl_crowd,aerien_non_marin,BDA_12C_20181127_2_06_06.png,684,521,215.0,174.54,60.5,31.9,1,1929.95,0.54157,0.08845,0.06123,1.8966,0,0
uas_waterfowl_crowd,aerien_non_marin,BDA_12C_20181127_2_06_06.png,684,521,222.81,355.0,56.0,43.3,1,2424.8,0.68043,0.08187,0.08311,1.2933,0,0
uas_waterfowl_crowd,aerien_non_marin,BDA_12C_20181127_2_06_06.png,684,521,144.81,441.46,59.57,32.23,1,1919.94,0.53876,0.08709,0.06186,1.8483,0,0
uas_waterfowl_crowd,aerien_non_marin,BDA_12C_20181127_2_06_06.png,684,521,484.45,69.47,43.0,36.0,1,1548.0,0.43439,0.06287,0.0691,1.1944,0,0
uas_waterfowl_crowd,aerien_non_marin,BDA_12C_20181127_2_06_06.png,684,521,654.96,170.61,39.0,42.08,1,1641.12,0.46052,0.05702,0.08077,0.9268,0,1
uas_waterfowl_crowd,aerien_non_marin,BDA_12C_20181127_2_06_06.png,684,521,310.72,268.0,43.0,55.0,1,2365.0,0.66365,0.06287,0.10557,0.7818,0,0
uas_waterfowl_crowd,aerien_non_marin,BDA_12C_20181127_2_06_06.png,684,521,329.75,357.0,51.18,41.0,1,2098.38,0.58883,0.07482,0.07869,1.2483,0,0
uas_waterfowl_crowd,aerien_non_marin,BDA_12C_20181127_2_06_06.png,684,521,366.66,258.44,40.0,60.28,1,2411.2,0.67661,0.05848,0.1157,0.6636,0,0
uas_waterfowl_crowd,aerien_non_marin,BDA_12C_20181127_2_06_06.png,684,521,420.29,318.88,35.56,47.59,1,1692.3,0.47488,0.05199,0.09134,0.7472,0,0
uas_waterfowl_crowd,aerien_non_marin,BDA_12C_20181127_2_06_07.png,684,521,180.07,17.89,50.8,45.72,1,2322.58,0.65174,0.07427,0.08775,1.1111,0,0
uas_waterfowl_crowd,aerien_non_marin,BDA_12C_20181127_2_06_07.png,684,521,82.24,118.23,65.36,46.73,1,3054.27,0.85707,0.09556,0.08969,1.3987,0,0
uas_waterfowl_crowd,aerien_non_marin,BDA_12C_20181127_2_06_07.png,684,521,252.11,9.5,39.0,69.24,1,2700.36,0.75775,0.05702,0.1329,0.5633,0,0
uas_waterfowl_crowd,aerien_non_marin,BDA_12C_20181127_2_06_07.png,684,521,173.54,327.0,64.0,39.2,1,2508.8,0.704,0.09357,0.07524,1.6327,0,0
uas_waterfowl_crowd,aerien_non_marin,BDA_12C_20181127_2_06_07.png,684,521,179.03,401.04,67.77,47.3,1,3205.52,0.89951,0.09908,0.09079,1.4328,0,0
uas_waterfowl_crowd,aerien_non_marin,BDA_12C_20181127_2_06_07.png,684,521,391.62,494.04,75.5,32.0,1,2416.0,0.67796,0.11038,0.06142,2.3594,0,1
uas_waterfowl_crowd,aerien_non_marin,BDA_12C_20181127_2_06_08.png,684,521,437.65,45.1,50.1,49.5,1,2479.95,0.6959,0.07325,0.09501,1.0121,0,0
uas_waterfowl_crowd,aerien_non_marin,BDA_12C_20181127_2_06_08.png,684,521,373.63,94.57,48.23,43.27,1,2086.91,0.58561,0.07051,0.08305,1.1146,0,0
uas_waterfowl_crowd,aerien_non_marin,BDA_12C_20181127_2_06_08.png,684,521,320.2,26.97,48.4,41.61,1,2013.92,0.56513,0.07076,0.07987,1.1632,0,0
uas_waterfowl_crowd,aerien_non_marin,BDA_12C_20181127_2_06_08.png,684,521,170.31,149.0,65.0,40.0,1,2600.0,0.72959,0.09503,0.07678,1.625,0,0
uas_waterfowl_crowd,aerien_non_marin,BDA_12C_20181127_2_06_08.png,684,521,19.63,468.14,46.4,48.8,1,2264.32,0.6354,0.06784,0.09367,0.9508,0,0
uas_waterfowl_crowd,aerien_non_marin,BDA_12C_20181127_2_06_08.png,684,521,146.59,360.56,54.26,51.0,1,2767.26,0.77653,0.07933,0.09789,1.0639,0,0
uas_waterfowl_crowd,aerien_non_marin,BDA_12C_20181127_2_07_02.png,684,521,371.11,87.54,93.57,72.49,1,6782.89,1.90336,0.1368,0.13914,1.2908,0,0
uas_waterfowl_crowd,aerien_non_marin,BDA_12C_20181127_2_07_05.png,684,521,602.34,25.64,50.97,48.66,1,2480.2,0.69597,0.07452,0.0934,1.0475,0,0
uas_waterfowl_crowd,aerien_non_marin,BDA_12C_20181127_2_07_06.png,684,521,477.44,289.01,53.0,75.5,1,4001.5,1.12287,0.07749,0.14491,0.702,0,0
uas_waterfowl_crowd,aerien_non_marin,BDA_12C_20181127_2_07_06.png,684,521,238.25,297.83,61.0,73.6,1,4489.6,1.25984,0.08918,0.14127,0.8288,0,0
uas_waterfowl_crowd,aerien_non_marin,BDA_12C_20181127_2_07_06.png,684,521,576.09,327.47,84.36,38.17,1,3220.02,0.90358,0.12333,0.07326,2.2101,0,0
uas_waterfowl_crowd,aerien_non_marin,BDA_12C_20181127_2_07_06.png,684,521,620.05,202.7,44.68,35.1,1,1568.27,0.44007,0.06532,0.06737,1.2729,0,0
uas_waterfowl_crowd,aerien_non_marin,BDA_12C_20181127_2_07_06.png,684,521,617.93,466.89,41.77,55.43,1,2315.31,0.6497,0.06107,0.10639,0.7536,0,1
uas_waterfowl_crowd,aerien_non_marin,BDA_12C_20181127_2_07_06.png,684,521,512.01,68.47,45.7,89.0,1,4067.3,1.14133,0.06681,0.17083,0.5135,0,0
uas_waterfowl_crowd,aerien_non_marin,BDA_12C_20181127_2_07_06.png,684,521,588.66,35.52,42.45,84.02,1,3566.65,1.00084,0.06206,0.16127,0.5052,0,0
uas_waterfowl_crowd,aerien_non_marin,BDA_12C_20181127_2_07_07.png,684,521,527.85,235.57,48.0,54.3,1,2606.4,0.73139,0.07018,0.10422,0.884,0,0
uas_waterfowl_crowd,aerien_non_marin,BDA_12C_20181127_2_07_07.png,684,521,626.31,187.47,63.0,50.5,1,3181.5,0.89277,0.09211,0.09693,1.2475,0,1
uas_waterfowl_crowd,aerien_non_marin,BDA_12C_20181127_2_07_07.png,684,521,606.81,348.25,68.0,39.0,1,2652.0,0.74418,0.09942,0.07486,1.7436,0,0
uas_waterfowl_crowd,aerien_non_marin,BDA_12C_20181127_2_07_07.png,684,521,487.75,402.3,39.0,64.0,1,2496.0,0.70041,0.05702,0.12284,0.6094,0,0
uas_waterfowl_crowd,aerien_non_marin,BDA_12C_20181127_2_07_07.png,684,521,450.89,336.8,40.11,58.0,1,2326.38,0.65281,0.05864,0.11132,0.6916,0,0
uas_waterfowl_crowd,aerien_non_marin,BDA_12C_20181127_2_07_07.png,684,521,491.81,108.0,65.0,41.0,1,2665.0,0.74783,0.09503,0.07869,1.5854,0,0
uas_waterfowl_crowd,aerien_non_marin,BDA_12C_20181127_2_07_07.png,684,521,373.41,146.23,53.5,45.5,1,2434.25,0.68308,0.07822,0.08733,1.1758,0,0
uas_waterfowl_crowd,aerien_non_marin,BDA_12C_20181127_2_07_07.png,684,521,310.31,188.56,61.5,44.95,1,2764.43,0.77573,0.08991,0.08628,1.3682,0,0
uas_waterfowl_crowd,aerien_non_marin,BDA_12C_20181127_2_07_07.png,684,521,189.58,90.34,34.0,60.53,1,2058.02,0.57751,0.04971,0.11618,0.5617,0,0
uas_waterfowl_crowd,aerien_non_marin,BDA_12C_20181127_2_07_07.png,684,521,153.69,263.01,41.0,57.55,1,2359.55,0.66212,0.05994,0.11046,0.7124,0,0
uas_waterfowl_crowd,aerien_non_marin,BDA_12C_20181127_2_07_07.png,684,521,412.56,44.0,65.4,37.5,1,2452.5,0.6882,0.09561,0.07198,1.744,0,0
uas_waterfowl_crowd,aerien_non_marin,BDA_12C_20181127_2_07_07.png,684,521,71.31,203.41,47.0,49.0,1,2303.0,0.64625,0.06871,0.09405,0.9592,0,0
uas_waterfowl_crowd,aerien_non_marin,BDA_12C_20181127_2_07_07.png,684,521,39.62,117.23,45.25,30.75,1,1391.44,0.39045,0.06615,0.05902,1.4715,0,0
uas_waterfowl_crowd,aerien_non_marin,BDA_12C_20181127_2_07_07.png,684,521,61.81,385.0,60.0,38.4,1,2304.0,0.64653,0.08772,0.0737,1.5625,0,0
uas_waterfowl_crowd,aerien_non_marin,BDA_12C_20181127_2_07_07.png,684,521,163.43,374.0,47.0,40.0,1,1880.0,0.52755,0.06871,0.07678,1.175,0,0
uas_waterfowl_crowd,aerien_non_marin,BDA_12C_20181127_2_07_07.png,684,521,213.0,301.27,36.0,62.0,1,2232.0,0.62633,0.05263,0.119,0.5806,0,0
uas_waterfowl_crowd,aerien_non_marin,BDA_12C_20181127_2_07_07.png,684,521,232.91,385.0,55.8,37.35,1,2084.13,0.58483,0.08158,0.07169,1.494,0,0
uas_waterfowl_crowd,aerien_non_marin,BDA_12C_20181127_2_07_07.png,684,521,300.15,416.68,51.02,57.5,1,2933.65,0.82322,0.07459,0.11036,0.8873,0,0
uas_waterfowl_crowd,aerien_non_marin,BDA_12C_20181127_2_07_07.png,684,521,328.91,358.47,51.75,49.5,1,2561.62,0.71882,0.07566,0.09501,1.0455,0,0
uas_waterfowl_crowd,aerien_non_marin,BDA_12C_20181127_2_07_07.png,684,521,361.98,409.81,52.5,37.1,1,1947.75,0.54656,0.07675,0.07121,1.4151,0,0
uas_waterfowl_crowd,aerien_non_marin,BDA_12C_20181127_2_07_07.png,684,521,404.81,330.0,34.0,63.0,1,2142.0,0.60107,0.04971,0.12092,0.5397,0,0
uas_waterfowl_crowd,aerien_non_marin,BDA_12C_20181127_2_07_07.png,684,521,379.31,-3.09,69.0,26.0,1,1794.0,0.50342,0.10088,0.0499,2.6538,0,1
uas_waterfowl_crowd,aerien_non_marin,BDA_12C_20181127_2_07_08.png,684,521,23.31,98.56,62.33,31.59,1,1969.0,0.55253,0.09113,0.06063,1.9731,0,0
uas_waterfowl_crowd,aerien_non_marin,BDA_12C_20181127_2_07_08.png,684,521,92.05,102.72,48.5,47.92,1,2324.12,0.65218,0.07091,0.09198,1.0121,0,0
uas_waterfowl_crowd,aerien_non_marin,BDA_12C_20181127_3_04_01.png,684,521,-3.65,352.46,21.8,62.19,1,1355.74,0.38044,0.03187,0.11937,0.3505,0,1
uas_waterfowl_crowd,aerien_non_marin,BDA_12C_20181127_3_04_01.png,684,521,38.11,353.81,33.32,57.45,1,1914.23,0.53716,0.04871,0.11027,0.58,0,0
uas_waterfowl_crowd,aerien_non_marin,BDA_12C_20181127_3_04_01.png,684,521,127.08,316.42,42.18,51.24,1,2161.3,0.60649,0.06167,0.09835,0.8232,0,0
uas_waterfowl_crowd,aerien_non_marin,BDA_12C_20181127_3_04_01.png,684,521,68.17,336.73,42.18,40.0,1,1687.2,0.47345,0.06167,0.07678,1.0545,0,0
uas_waterfowl_crowd,aerien_non_marin,BDA_12C_20181127_3_04_01.png,684,521,175.71,358.81,33.09,50.0,1,1654.5,0.46427,0.04838,0.09597,0.6618,0,0
uas_waterfowl_crowd,aerien_non_marin,BDA_12C_20181127_3_04_01.png,684,521,188.17,302.62,36.27,37.68,1,1366.65,0.3835,0.05303,0.07232,0.9626,0,0
uas_waterfowl_crowd,aerien_non_marin,BDA_12C_20181127_3_04_01.png,684,521,667.75,302.5,21.53,37.78,1,813.4,0.22825,0.03148,0.07251,0.5699,0,1
uas_waterfowl_crowd,aerien_non_marin,BDA_12C_20181127_3_04_01.png,684,521,490.62,136.5,30.78,46.57,1,1433.42,0.40224,0.045,0.08939,0.6609,0,0
uas_waterfowl_crowd,aerien_non_marin,BDA_12C_20181127_3_04_01.png,684,521,630.9,99.69,26.72,48.49,1,1295.65,0.36358,0.03906,0.09307,0.551,0,0
uas_waterfowl_crowd,aerien_non_marin,BDA_12C_20181127_3_04_01.png,684,521,552.01,136.83,31.93,47.95,1,1531.04,0.42963,0.04668,0.09203,0.6659,0,0
uas_waterfowl_crowd,aerien_non_marin,BDA_12C_20181127_3_04_02.png,684,521,213.26,142.78,28.16,54.0,1,1520.64,0.42671,0.04117,0.10365,0.5215,0,0
uas_waterfowl_crowd,aerien_non_marin,BDA_12C_20181127_3_04_02.png,684,521,137.71,161.29,43.1,37.17,1,1602.03,0.44955,0.06301,0.07134,1.1595,0,0
uas_waterfowl_crowd,aerien_non_marin,BDA_12C_20181127_3_04_02.png,684,521,-5.64,294.12,18.0,43.5,1,783.0,0.21972,0.02632,0.08349,0.4138,0,1
uas_waterfowl_crowd,aerien_non_marin,BDA_12C_20181127_3_04_02.png,684,521,666.2,397.0,29.38,56.86,1,1670.55,0.46878,0.04295,0.10914,0.5167,0,1
uas_waterfowl_crowd,aerien_non_marin,BDA_12C_20181127_3_04_02.png,684,521,594.67,492.68,49.04,31.01,1,1520.73,0.42674,0.0717,0.05952,1.5814,0,1
uas_waterfowl_crowd,aerien_non_marin,BDA_12C_20181127_3_04_02.png,684,521,82.51,96.96,42.4,43.0,1,1823.2,0.51161,0.06199,0.08253,0.986,0,0
uas_waterfowl_crowd,aerien_non_marin,BDA_12C_20181127_3_04_02.png,684,521,257.4,131.27,50.3,30.95,1,1556.78,0.43685,0.07354,0.0594,1.6252,0,0
uas_waterfowl_crowd,aerien_non_marin,BDA_12C_20181127_3_04_02.png,684,521,321.71,139.0,49.0,33.0,1,1617.0,0.45375,0.07164,0.06334,1.4848,0,0
uas_waterfowl_crowd,aerien_non_marin,BDA_12C_20181127_3_04_03.png,684,521,47.92,424.84,54.72,73.73,1,4034.51,1.13213,0.08,0.14152,0.7422,0,0
uas_waterfowl_crowd,aerien_non_marin,BDA_12C_20181127_3_04_03.png,684,521,-5.5,394.15,38.71,86.5,1,3348.41,0.93961,0.05659,0.16603,0.4475,0,1
uas_waterfowl_crowd,aerien_non_marin,BDA_12C_20181127_3_04_04.png,684,521,446.75,457.79,35.46,41.0,1,1453.86,0.40797,0.05184,0.07869,0.8649,0,0
uas_waterfowl_crowd,aerien_non_marin,BDA_12C_20181127_3_04_04.png,684,521,530.63,469.75,39.81,48.16,1,1917.25,0.538,0.0582,0.09244,0.8266,0,0
uas_waterfowl_crowd,aerien_non_marin,BDA_12C_20181127_3_04_04.png,684,521,638.85,464.84,44.18,43.69,1,1930.22,0.54164,0.06459,0.08386,1.0112,0,0
uas_waterfowl_crowd,aerien_non_marin,BDA_12C_20181127_3_04_04.png,684,521,52.53,476.07,40.95,52.0,1,2129.4,0.59754,0.05987,0.09981,0.7875,0,1
uas_waterfowl_crowd,aerien_non_marin,BDA_12C_20181127_3_04_04.png,684,521,601.06,502.74,27.79,27.5,1,764.23,0.21445,0.04063,0.05278,1.0105,0,1
uas_waterfowl_crowd,aerien_non_marin,BDA_12C_20181127_3_04_05.png,684,521,663.14,467.18,28.99,42.11,1,1220.77,0.34256,0.04238,0.08083,0.6884,0,1
uas_waterfowl_crowd,aerien_non_marin,BDA_12C_20181127_3_04_05.png,684,521,611.9,476.01,27.72,44.5,1,1233.54,0.34615,0.04053,0.08541,0.6229,0,0
uas_waterfowl_crowd,aerien_non_marin,BDA_12C_20181127_3_04_05.png,684,521,574.18,380.62,40.87,57.67,1,2356.97,0.66139,0.05975,0.11069,0.7087,0,0
uas_waterfowl_crowd,aerien_non_marin,BDA_12C_20181127_3_04_05.png,684,521,524.34,489.15,38.13,32.49,1,1238.84,0.34763,0.05575,0.06236,1.1736,0,1
uas_waterfowl_crowd,aerien_non_marin,BDA_12C_20181127_3_04_05.png,684,521,501.21,470.49,26.34,43.93,1,1157.12,0.3247,0.03851,0.08432,0.5996,0,0
uas_waterfowl_crowd,aerien_non_marin,BDA_12C_20181127_3_04_05.png,684,521,370.48,436.46,31.23,54.0,1,1686.42,0.47323,0.04566,0.10365,0.5783,0,0
uas_waterfowl_crowd,aerien_non_marin,BDA_12C_20181127_3_04_05.png,684,521,288.27,426.43,52.22,34.23,1,1787.49,0.50159,0.07635,0.0657,1.5256,0,0
uas_waterfowl_crowd,aerien_non_marin,BDA_12C_20181127_3_04_05.png,684,521,326.81,461.87,41.68,34.29,1,1429.21,0.40105,0.06094,0.06582,1.2155,0,0
uas_waterfowl_crowd,aerien_non_marin,BDA_12C_20181127_3_04_05.png,684,521,289.84,489.98,52.17,27.5,1,1434.67,0.40259,0.07627,0.05278,1.8971,0,0
uas_waterfowl_crowd,aerien_non_marin,BDA_12C_20181127_3_04_06.png,684,521,6.8,420.52,35.65,58.3,1,2078.39,0.58322,0.05212,0.1119,0.6115,0,0
uas_waterfowl_crowd,aerien_non_marin,BDA_12C_20181127_3_04_06.png,684,521,113.02,441.6,39.0,46.25,1,1803.75,0.50615,0.05702,0.08877,0.8432,0,0
uas_waterfowl_crowd,aerien_non_marin,BDA_12C_20181127_3_04_06.png,684,521,155.27,398.78,41.46,56.64,1,2348.29,0.65896,0.06061,0.10871,0.732,0,0
uas_waterfowl_crowd,aerien_non_marin,BDA_12C_20181127_3_04_06.png,684,521,289.81,427.47,49.43,53.64,1,2651.43,0.74402,0.07227,0.10296,0.9215,0,0
uas_waterfowl_crowd,aerien_non_marin,BDA_12C_20181127_3_04_06.png,684,521,402.66,435.99,39.0,47.49,1,1852.11,0.51972,0.05702,0.09115,0.8212,0,0
uas_waterfowl_crowd,aerien_non_marin,BDA_12C_20181127_3_04_06.png,684,521,660.63,442.51,32.0,50.4,1,1612.8,0.45257,0.04678,0.09674,0.6349,0,1
uas_waterfowl_crowd,aerien_non_marin,BDA_12C_20181127_3_04_06.png,684,521,461.36,462.0,37.0,48.0,1,1776.0,0.49837,0.05409,0.09213,0.7708,0,0
uas_waterfowl_crowd,aerien_non_marin,BDA_12C_20181127_3_04_07.png,684,521,4.28,275.17,54.36,45.7,1,2484.25,0.69711,0.07947,0.08772,1.1895,0,0
uas_waterfowl_crowd,aerien_non_marin,BDA_12C_20181127_3_04_07.png,684,521,553.51,410.63,44.56,51.4,1,2290.38,0.64271,0.06515,0.09866,0.8669,0,0
uas_waterfowl_crowd,aerien_non_marin,BDA_12C_20181127_3_04_07.png,684,521,410.82,416.16,29.95,39.8,1,1192.01,0.33449,0.04379,0.07639,0.7525,0,0
uas_waterfowl_crowd,aerien_non_marin,BDA_12C_20181127_3_04_07.png,684,521,436.8,429.84,34.0,50.4,1,1713.6,0.48086,0.04971,0.09674,0.6746,0,0
uas_waterfowl_crowd,aerien_non_marin,BDA_12C_20181127_3_04_07.png,684,521,431.87,495.97,34.73,26.87,1,933.2,0.26187,0.05077,0.05157,1.2925,0,1
uas_waterfowl_crowd,aerien_non_marin,BDA_12C_20181127_3_04_07.png,684,521,509.12,504.83,30.9,16.99,1,524.99,0.14732,0.04518,0.03261,1.8187,0,1
uas_waterfowl_crowd,aerien_non_marin,BDA_12C_20181127_3_04_07.png,684,521,392.98,452.62,34.4,43.45,1,1494.68,0.41943,0.05029,0.0834,0.7917,0,0
uas_waterfowl_crowd,aerien_non_marin,BDA_12C_20181127_3_04_07.png,684,521,11.75,435.74,37.0,46.0,1,1702.0,0.4776,0.05409,0.08829,0.8043,0,0
uas_waterfowl_crowd,aerien_non_marin,BDA_12C_20181127_3_04_07.png,684,521,53.74,455.8,33.5,48.82,1,1635.47,0.45893,0.04898,0.0937,0.6862,0,0
uas_waterfowl_crowd,aerien_non_marin,BDA_12C_20181127_3_04_07.png,684,521,118.62,486.65,36.47,37.83,1,1379.66,0.38715,0.05332,0.07261,0.964,0,1
uas_waterfowl_crowd,aerien_non_marin,BDA_12C_20181127_3_04_07.png,684,521,146.2,466.45,32.61,41.21,1,1343.86,0.3771,0.04768,0.0791,0.7913,0,0
uas_waterfowl_crowd,aerien_non_marin,BDA_12C_20181127_3_04_07.png,684,521,216.75,414.54,32.95,44.29,1,1459.36,0.40951,0.04817,0.08501,0.744,0,0
uas_waterfowl_crowd,aerien_non_marin,BDA_12C_20181127_3_04_07.png,684,521,262.39,454.01,47.91,27.3,1,1307.94,0.36702,0.07004,0.0524,1.7549,0,0
uas_waterfowl_crowd,aerien_non_marin,BDA_12C_20181127_3_04_07.png,684,521,195.8,479.48,41.5,46.6,1,1933.9,0.54268,0.06067,0.08944,0.8906,0,1
uas_waterfowl_crowd,aerien_non_marin,BDA_12C_20181127_3_04_07.png,684,521,283.5,426.12,55.2,32.8,1,1810.56,0.50806,0.0807,0.06296,1.6829,0,0
uas_waterfowl_crowd,aerien_non_marin,BDA_12C_20181127_3_04_08.png,684,521,263.43,357.25,40.57,50.76,1,2059.33,0.57787,0.05931,0.09743,0.7993,0,0
uas_waterfowl_crowd,aerien_non_marin,BDA_12C_20181127_3_04_08.png,684,521,280.12,294.13,35.62,49.82,1,1774.59,0.49797,0.05208,0.09562,0.715,0,0
uas_waterfowl_crowd,aerien_non_marin,BDA_12C_20181127_3_04_08.png,684,521,305.18,389.87,32.78,52.0,1,1704.56,0.47832,0.04792,0.09981,0.6304,0,0
uas_waterfowl_crowd,aerien_non_marin,BDA_12C_20181127_3_04_08.png,684,521,304.11,335.49,32.64,46.4,1,1514.5,0.42499,0.04772,0.08906,0.7034,0,0
uas_waterfowl_crowd,aerien_non_marin,BDA_12C_20181127_3_04_08.png,684,521,93.35,438.0,41.61,38.0,1,1581.18,0.4437,0.06083,0.07294,1.095,0,0
uas_waterfowl_crowd,aerien_non_marin,BDA_12C_20181127_3_04_08.png,684,521,35.14,440.58,35.48,41.1,1,1458.23,0.4092,0.05187,0.07889,0.8633,0,0
uas_waterfowl_crowd,aerien_non_marin,BDA_12C_20181127_3_04_08.png,684,521,-0.65,470.4,30.72,49.28,1,1513.88,0.42481,0.04491,0.09459,0.6234,0,1
uas_waterfowl_crowd,aerien_non_marin,BDA_12C_20181127_3_04_08.png,684,521,177.14,478.15,31.82,42.86,1,1363.81,0.3827,0.04652,0.08226,0.7424,0,0
uas_waterfowl_crowd,aerien_non_marin,BDA_12C_20181127_3_05_01.png,684,521,258.37,104.56,81.6,48.07,1,3922.51,1.1007,0.1193,0.09226,1.6975,0,0
uas_waterfowl_crowd,aerien_non_marin,BDA_12C_20181127_3_05_01.png,684,521,191.99,158.72,67.62,58.4,1,3949.01,1.10814,0.09886,0.11209,1.1579,0,0
uas_waterfowl_crowd,aerien_non_marin,BDA_12C_20181127_3_05_01.png,684,521,578.12,157.44,46.7,72.26,1,3374.54,0.94694,0.06827,0.13869,0.6463,0,0
uas_waterfowl_crowd,aerien_non_marin,BDA_12C_20181127_3_05_01.png,684,521,590.05,229.51,58.36,64.25,1,3749.63,1.05219,0.08532,0.12332,0.9083,0,0
uas_waterfowl_crowd,aerien_non_marin,BDA_12C_20181127_3_05_01.png,684,521,661.97,261.56,32.89,42.31,1,1391.58,0.39049,0.04808,0.08121,0.7774,0,1
uas_waterfowl_crowd,aerien_non_marin,BDA_12C_20181127_3_05_01.png,684,521,630.01,322.96,68.27,51.19,1,3494.74,0.98067,0.09981,0.09825,1.3337,0,1
uas_waterfowl_crowd,aerien_non_marin,BDA_12C_20181127_3_05_01.png,684,521,456.4,329.48,56.5,77.4,1,4373.1,1.22714,0.0826,0.14856,0.73,0,0
uas_waterfowl_crowd,aerien_non_marin,BDA_12C_20181127_3_05_01.png,684,521,317.3,349.05,83.6,52.37,1,4378.13,1.22856,0.12222,0.10052,1.5963,0,0
uas_waterfowl_crowd,aerien_non_marin,BDA_12C_20181127_3_05_01.png,684,521,285.1,409.4,78.89,40.74,1,3213.98,0.90188,0.11534,0.0782,1.9364,0,0
uas_waterfowl_crowd,aerien_non_marin,BDA_12C_20181127_3_05_01.png,684,521,169.09,436.88,79.41,49.82,1,3956.21,1.11016,0.1161,0.09562,1.5939,0,0
uas_waterfowl_crowd,aerien_non_marin,BDA_12C_20181127_3_05_01.png,684,521,377.2,460.0,77.45,40.74,1,3155.31,0.88542,0.11323,0.0782,1.9011,0,0
uas_waterfowl_crowd,aerien_non_marin,BDA_12C_20181127_3_05_01.png,684,521,621.81,400.86,27.08,45.81,1,1240.53,0.34811,0.03959,0.08793,0.5911,0,0
uas_waterfowl_crowd,aerien_non_marin,BDA_12C_20181127_3_05_01.png,684,521,622.6,477.0,38.0,44.07,1,1674.66,0.46993,0.05556,0.08459,0.8623,0,0
uas_waterfowl_crowd,aerien_non_marin,BDA_12C_20181127_3_05_01.png,684,521,562.17,450.9,31.5,45.74,1,1440.81,0.40431,0.04605,0.08779,0.6887,0,0
uas_waterfowl_crowd,aerien_non_marin,BDA_12C_20181127_3_05_01.png,684,521,543.65,493.99,24.38,32.56,1,793.81,0.22275,0.03564,0.0625,0.7488,0,1
uas_waterfowl_crowd,aerien_non_marin,BDA_12C_20181127_3_05_02.png,684,521,598.8,382.37,32.0,54.31,1,1737.92,0.48768,0.04678,0.10424,0.5892,0,0
uas_waterfowl_crowd,aerien_non_marin,BDA_12C_20181127_3_05_02.png,684,521,525.63,371.68,33.0,54.0,1,1782.0,0.50005,0.04825,0.10365,0.6111,0,0
uas_waterfowl_crowd,aerien_non_marin,BDA_12C_20181127_3_05_02.png,684,521,328.91,409.6,50.4,33.0,1,1663.2,0.46671,0.07368,0.06334,1.5273,0,0
uas_waterfowl_crowd,aerien_non_marin,BDA_12C_20181127_3_05_02.png,684,521,224.81,371.61,32.8,43.0,1,1410.4,0.39578,0.04795,0.08253,0.7628,0,0
uas_waterfowl_crowd,aerien_non_marin,BDA_12C_20181127_3_05_02.png,684,521,120.25,374.92,37.0,44.0,1,1628.0,0.45684,0.05409,0.08445,0.8409,0,0
uas_waterfowl_crowd,aerien_non_marin,BDA_12C_20181127_3_05_02.png,684,521,381.63,461.0,29.0,43.31,1,1255.99,0.35245,0.0424,0.08313,0.6696,0,0
uas_waterfowl_crowd,aerien_non_marin,BDA_12C_20181127_3_05_02.png,684,521,481.63,413.88,31.0,49.52,1,1535.12,0.43077,0.04532,0.09505,0.626,0,0
uas_waterfowl_crowd,aerien_non_marin,BDA_12C_20181127_3_05_02.png,684,521,291.31,475.61,38.77,36.35,1,1409.29,0.39546,0.05668,0.06977,1.0666,0,0
uas_waterfowl_crowd,aerien_non_marin,BDA_12C_20181127_3_05_02.png,684,521,347.25,493.33,29.0,31.9,1,925.1,0.25959,0.0424,0.06123,0.9091,0,1
uas_waterfowl_crowd,aerien_non_marin,BDA_12C_20181127_3_05_02.png,684,521,416.6,99.61,49.6,73.12,1,3626.75,1.01771,0.07251,0.14035,0.6783,0,0
uas_waterfowl_crowd,aerien_non_marin,BDA_12C_20181127_3_05_02.png,684,521,424.23,62.61,70.0,43.45,1,3041.5,0.85348,0.10234,0.0834,1.611,0,0
uas_waterfowl_crowd,aerien_non_marin,BDA_12C_20181127_3_05_02.png,684,521,253.63,276.0,58.0,67.23,1,3899.34,1.0942,0.0848,0.12904,0.8627,0,0
uas_waterfowl_crowd,aerien_non_marin,BDA_12C_20181127_3_05_02.png,684,521,62.88,235.0,72.2,56.0,1,4043.2,1.13457,0.10556,0.10749,1.2893,0,0
uas_waterfowl_crowd,aerien_non_marin,BDA_12C_20181127_3_05_02.png,684,521,7.63,154.53,42.4,80.0,1,3392.0,0.95184,0.06199,0.15355,0.53,0,0
uas_waterfowl_crowd,aerien_non_marin,BDA_12C_20181127_3_05_02.png,684,521,-0.48,267.5,54.38,50.33,1,2736.95,0.76802,0.0795,0.0966,1.0805,0,0
uas_waterfowl_crowd,aerien_non_marin,BDA_12C_20181127_3_05_02.png,684,521,535.25,40.0,57.6,37.0,1,2131.2,0.59804,0.08421,0.07102,1.5568,0,0
uas_waterfowl_crowd,aerien_non_marin,BDA_12C_20181127_3_05_02.png,684,521,352.81,153.3,66.0,68.8,1,4540.8,1.2742,0.09649,0.13205,0.9593,0,0
uas_waterfowl_crowd,aerien_non_marin,BDA_12C_20181127_3_05_02.png,684,521,9.62,421.88,51.5,81.77,1,4211.15,1.1817,0.07529,0.15695,0.6298,0,0
uas_waterfowl_crowd,aerien_non_marin,BDA_12C_20181127_3_05_02.png,684,521,577.72,-0.71,61.59,34.29,1,2111.92,0.59263,0.09004,0.06582,1.7962,0,1
uas_waterfowl_crowd,aerien_non_marin,BDA_12C_20181127_3_05_02.png,684,521,446.72,230.85,52.0,34.5,1,1794.0,0.50342,0.07602,0.06622,1.5072,0,0
uas_waterfowl_crowd,aerien_non_marin,BDA_12C_20181127_3_05_02.png,684,521,456.36,491.5,28.5,32.5,1,926.25,0.25992,0.04167,0.06238,0.8769,0,1
uas_waterfowl_crowd,aerien_non_marin,BDA_12C_20181127_3_05_02.png,684,521,570.25,111.61,32.0,47.0,1,1504.0,0.42204,0.04678,0.09021,0.6809,0,0
uas_waterfowl_crowd,aerien_non_marin,BDA_12C_20181127_3_05_02.png,684,521,-9.0,340.12,24.0,31.0,1,744.0,0.20878,0.03509,0.0595,0.7742,0,1
uas_waterfowl_crowd,aerien_non_marin,BDA_12C_20181127_3_05_03.png,684,521,179.73,245.67,34.84,45.6,1,1588.7,0.44581,0.05094,0.08752,0.764,0,0
uas_waterfowl_crowd,aerien_non_marin,BDA_12C_20181127_3_05_03.png,684,521,45.75,342.67,54.0,39.0,1,2106.0,0.59097,0.07895,0.07486,1.3846,0,0
uas_waterfowl_crowd,aerien_non_marin,BDA_12C_20181127_3_05_03.png,684,521,-4.05,390.29,33.29,41.54,1,1382.87,0.38805,0.04867,0.07973,0.8014,0,1
uas_waterfowl_crowd,aerien_non_marin,BDA_12C_20181127_3_05_03.png,684,521,33.92,404.88,42.4,34.06,1,1444.14,0.40524,0.06199,0.06537,1.2449,0,0
uas_waterfowl_crowd,aerien_non_marin,BDA_12C_20181127_3_05_03.png,684,521,88.25,468.67,36.0,47.05,1,1693.8,0.4753,0.05263,0.09031,0.7651,0,0
uas_waterfowl_crowd,aerien_non_marin,BDA_12C_20181127_3_05_03.png,684,521,205.16,345.49,36.39,45.53,1,1656.84,0.46493,0.0532,0.08739,0.7993,0,0
uas_waterfowl_crowd,aerien_non_marin,BDA_12C_20181127_3_05_03.png,684,521,281.52,457.57,33.57,56.37,1,1892.34,0.53101,0.04908,0.1082,0.5955,0,0
uas_waterfowl_crowd,aerien_non_marin,BDA_12C_20181127_3_05_03.png,684,521,459.24,475.29,28.0,44.8,1,1254.4,0.352,0.04094,0.08599,0.625,0,0
uas_waterfowl_crowd,aerien_non_marin,BDA_12C_20181127_3_05_03.png,684,521,384.71,406.28,28.1,50.78,1,1426.92,0.40041,0.04108,0.09747,0.5534,0,0
uas_waterfowl_crowd,aerien_non_marin,BDA_12C_20181127_3_05_03.png,684,521,499.86,402.34,54.4,42.53,1,2313.63,0.64923,0.07953,0.08163,1.2791,0,0
uas_waterfowl_crowd,aerien_non_marin,BDA_12C_20181127_3_05_03.png,684,521,583.91,408.99,34.05,36.45,1,1241.12,0.34827,0.04978,0.06996,0.9342,0,0
uas_waterfowl_crowd,aerien_non_marin,BDA_12C_20181127_3_05_03.png,684,521,616.99,460.12,32.99,44.37,1,1463.77,0.41075,0.04823,0.08516,0.7435,0,0
uas_waterfowl_crowd,aerien_non_marin,BDA_12C_20181127_3_05_03.png,684,521,628.31,384.09,30.29,44.8,1,1356.99,0.38079,0.04428,0.08599,0.6761,0,0
uas_waterfowl_crowd,aerien_non_marin,BDA_12C_20181127_3_05_03.png,684,521,585.26,341.33,48.37,34.19,1,1653.77,0.46407,0.07072,0.06562,1.4147,0,0
uas_waterfowl_crowd,aerien_non_marin,BDA_12C_20181127_3_05_03.png,684,521,486.13,324.56,37.1,48.52,1,1800.09,0.50513,0.05424,0.09313,0.7646,0,0
uas_waterfowl_crowd,aerien_non_marin,BDA_12C_20181127_3_05_03.png,684,521,404.25,253.68,49.16,37.07,1,1822.36,0.51138,0.07187,0.07115,1.3261,0,0
uas_waterfowl_crowd,aerien_non_marin,BDA_12C_20181127_3_05_03.png,684,521,329.63,173.21,30.44,48.0,1,1461.12,0.41001,0.0445,0.09213,0.6342,0,0
uas_waterfowl_crowd,aerien_non_marin,BDA_12C_20181127_3_05_03.png,684,521,283.75,204.35,41.09,49.6,1,2038.06,0.57191,0.06007,0.0952,0.8284,0,0
uas_waterfowl_crowd,aerien_non_marin,BDA_12C_20181127_3_05_03.png,684,521,360.93,161.53,37.71,47.7,1,1798.77,0.50476,0.05513,0.09155,0.7906,0,0
uas_waterfowl_crowd,aerien_non_marin,BDA_12C_20181127_3_05_03.png,684,521,426.4,194.88,34.3,43.13,1,1479.36,0.41513,0.05015,0.08278,0.7953,0,0
uas_waterfowl_crowd,aerien_non_marin,BDA_12C_20181127_3_05_03.png,684,521,540.75,191.53,30.0,49.6,1,1488.0,0.41755,0.04386,0.0952,0.6048,0,0
uas_waterfowl_crowd,aerien_non_marin,BDA_12C_20181127_3_05_03.png,684,521,641.66,152.63,43.22,37.0,1,1599.14,0.44874,0.06319,0.07102,1.1681,0,1
uas_waterfowl_crowd,aerien_non_marin,BDA_12C_20181127_3_05_03.png,684,521,599.75,174.67,28.0,49.0,1,1372.0,0.385,0.04094,0.09405,0.5714,0,0
uas_waterfowl_crowd,aerien_non_marin,BDA_12C_20181127_3_05_03.png,684,521,578.0,230.59,30.7,48.02,1,1474.21,0.41368,0.04488,0.09217,0.6393,0,0
uas_waterfowl_crowd,aerien_non_marin,BDA_12C_20181127_3_05_03.png,684,521,651.1,250.54,26.78,39.95,1,1069.86,0.30022,0.03915,0.07668,0.6703,0,0
uas_waterfowl_crowd,aerien_non_marin,BDA_12C_20181127_3_05_03.png,684,521,614.67,273.18,40.38,40.0,1,1615.2,0.45324,0.05904,0.07678,1.0095,0,0
uas_waterfowl_crowd,aerien_non_marin,BDA_12C_20181127_3_05_03.png,684,521,508.43,243.06,30.07,46.0,1,1383.22,0.38815,0.04396,0.08829,0.6537,0,0
uas_waterfowl_crowd,aerien_non_marin,BDA_12C_20181127_3_05_03.png,684,521,574.81,297.49,39.62,42.88,1,1698.91,0.47673,0.05792,0.0823,0.924,0,0
uas_waterfowl_crowd,aerien_non_marin,BDA_12C_20181127_3_05_03.png,684,521,265.13,360.63,25.59,42.78,1,1094.74,0.3072,0.03741,0.08211,0.5982,0,0
uas_waterfowl_crowd,aerien_non_marin,BDA_12C_20181127_3_05_03.png,684,521,244.67,403.32,36.0,42.0,1,1512.0,0.42429,0.05263,0.08061,0.8571,0,0
uas_waterfowl_crowd,aerien_non_marin,BDA_12C_20181127_3_05_03.png,684,521,281.12,381.96,28.7,52.0,1,1492.4,0.41879,0.04196,0.09981,0.5519,0,0
uas_waterfowl_crowd,aerien_non_marin,BDA_12C_20181127_3_05_03.png,684,521,376.4,459.18,33.57,38.07,1,1278.01,0.35862,0.04908,0.07307,0.8818,0,0
uas_waterfowl_crowd,aerien_non_marin,BDA_12C_20181127_3_05_03.png,684,521,422.84,381.89,29.82,42.4,1,1264.37,0.3548,0.0436,0.08138,0.7033,0,0
uas_waterfowl_crowd,aerien_non_marin,BDA_12C_20181127_3_05_04.png,684,521,302.31,-1.53,40.95,43.33,1,1774.36,0.49791,0.05987,0.08317,0.9451,0,1
uas_waterfowl_crowd,aerien_non_marin,BDA_12C_20181127_3_05_04.png,684,521,480.2,18.9,37.0,59.5,1,2201.5,0.61777,0.05409,0.1142,0.6218,0,0
uas_waterfowl_crowd,aerien_non_marin,BDA_12C_20181127_3_05_04.png,684,521,595.59,-7.66,44.37,43.71,1,1939.41,0.54422,0.06487,0.0839,1.0151,0,1
uas_waterfowl_crowd,aerien_non_marin,BDA_12C_20181127_3_05_04.png,684,521,569.61,36.6,35.79,53.54,1,1916.2,0.53771,0.05232,0.10276,0.6685,0,0
uas_waterfowl_crowd,aerien_non_marin,BDA_12C_20181127_3_05_04.png,684,521,608.09,126.12,42.29,55.54,1,2348.79,0.6591,0.06183,0.1066,0.7614,0,0
uas_waterfowl_crowd,aerien_non_marin,BDA_12C_20181127_3_05_04.png,684,521,401.47,74.87,39.66,47.82,1,1896.54,0.53219,0.05798,0.09179,0.8294,0,0
uas_waterfowl_crowd,aerien_non_marin,BDA_12C_20181127_3_05_04.png,684,521,360.75,102.87,36.4,54.0,1,1965.6,0.55157,0.05322,0.10365,0.6741,0,0
uas_waterfowl_crowd,aerien_non_marin,BDA_12C_20181127_3_05_04.png,684,521,394.78,123.24,40.5,41.5,1,1680.75,0.47164,0.05921,0.07965,0.9759,0,0
uas_waterfowl_crowd,aerien_non_marin,BDA_12C_20181127_3_05_04.png,684,521,462.81,165.81,44.32,53.0,1,2348.96,0.65915,0.0648,0.10173,0.8362,0,0
uas_waterfowl_crowd,aerien_non_marin,BDA_12C_20181127_3_05_04.png,684,521,278.87,91.47,26.16,53.0,1,1386.48,0.38906,0.03825,0.10173,0.4936,0,0
uas_waterfowl_crowd,aerien_non_marin,BDA_12C_20181127_3_05_04.png,684,521,307.94,92.95,32.66,48.99,1,1600.01,0.44898,0.04775,0.09403,0.6667,0,0
uas_waterfowl_crowd,aerien_non_marin,BDA_12C_20181127_3_05_04.png,684,521,266.81,167.6,46.0,44.0,1,2024.0,0.56796,0.06725,0.08445,1.0455,0,0
uas_waterfowl_crowd,aerien_non_marin,BDA_12C_20181127_3_05_04.png,684,521,340.97,161.77,41.0,48.0,1,1968.0,0.55224,0.05994,0.09213,0.8542,0,0
uas_waterfowl_crowd,aerien_non_marin,BDA_12C_20181127_3_05_04.png,684,521,639.51,369.94,48.5,33.7,1,1634.45,0.45865,0.07091,0.06468,1.4392,0,1
uas_waterfowl_crowd,aerien_non_marin,BDA_12C_20181127_3_05_04.png,684,521,605.72,400.76,34.45,54.41,1,1874.42,0.52599,0.05037,0.10443,0.6332,0,0
uas_waterfowl_crowd,aerien_non_marin,BDA_12C_20181127_3_05_04.png,684,521,615.82,478.88,54.0,43.4,1,2343.6,0.65764,0.07895,0.0833,1.2442,0,1
uas_waterfowl_crowd,aerien_non_marin,BDA_12C_20181127_3_05_04.png,684,521,359.22,444.65,44.74,50.0,1,2237.0,0.62773,0.06541,0.09597,0.8948,0,0
uas_waterfowl_crowd,aerien_non_marin,BDA_12C_20181127_3_05_04.png,684,521,428.07,401.66,45.12,52.33,1,2361.13,0.66256,0.06596,0.10044,0.8622,0,0
uas_waterfowl_crowd,aerien_non_marin,BDA_12C_20181127_3_05_04.png,684,521,192.61,270.14,29.06,51.99,1,1510.83,0.42396,0.04249,0.09979,0.559,0,0
uas_waterfowl_crowd,aerien_non_marin,BDA_12C_20181127_3_05_04.png,684,521,216.95,260.43,31.0,52.66,1,1632.46,0.45809,0.04532,0.10107,0.5887,0,0
uas_waterfowl_crowd,aerien_non_marin,BDA_12C_20181127_3_05_04.png,684,521,273.22,249.55,42.34,44.72,1,1893.44,0.53132,0.0619,0.08583,0.9468,0,0
uas_waterfowl_crowd,aerien_non_marin,BDA_12C_20181127_3_05_04.png,684,521,356.52,242.36,34.06,47.53,1,1618.87,0.45427,0.0498,0.09123,0.7166,0,0
uas_waterfowl_crowd,aerien_non_marin,BDA_12C_20181127_3_05_04.png,684,521,434.09,236.55,34.91,51.09,1,1783.55,0.50049,0.05104,0.09806,0.6833,0,0
uas_waterfowl_crowd,aerien_non_marin,BDA_12C_20181127_3_05_04.png,684,521,473.37,273.47,38.49,43.33,1,1667.77,0.468,0.05627,0.08317,0.8883,0,0
uas_waterfowl_crowd,aerien_non_marin,BDA_12C_20181127_3_05_04.png,684,521,515.76,225.97,30.0,55.0,1,1650.0,0.46301,0.04386,0.10557,0.5455,0,0
uas_waterfowl_crowd,aerien_non_marin,BDA_12C_20181127_3_05_04.png,684,521,411.35,322.45,42.28,45.16,1,1909.36,0.53579,0.06181,0.08668,0.9362,0,0
uas_waterfowl_crowd,aerien_non_marin,BDA_12C_20181127_3_05_04.png,684,521,202.67,317.63,38.67,36.4,1,1407.59,0.39499,0.05654,0.06987,1.0624,0,0
uas_waterfowl_crowd,aerien_non_marin,BDA_12C_20181127_3_05_04.png,684,521,263.35,301.21,32.98,42.0,1,1385.16,0.38869,0.04822,0.08061,0.7852,0,0
uas_waterfowl_crowd,aerien_non_marin,BDA_12C_20181127_3_05_04.png,684,521,256.23,345.8,40.24,50.0,1,2012.0,0.56459,0.05883,0.09597,0.8048,0,0
uas_waterfowl_crowd,aerien_non_marin,BDA_12C_20181127_3_05_04.png,684,521,315.64,294.81,34.12,52.0,1,1774.24,0.49787,0.04988,0.09981,0.6562,0,0
uas_waterfowl_crowd,aerien_non_marin,BDA_12C_20181127_3_05_04.png,684,521,361.9,290.96,33.5,52.24,1,1750.04,0.49108,0.04898,0.10027,0.6413,0,0
uas_waterfowl_crowd,aerien_non_marin,BDA_12C_20181127_3_05_04.png,684,521,373.28,353.93,36.3,53.16,1,1929.71,0.5415,0.05307,0.10203,0.6828,0,0
uas_waterfowl_crowd,aerien_non_marin,BDA_12C_20181127_3_05_04.png,684,521,388.02,404.45,32.49,46.47,1,1509.81,0.42367,0.0475,0.08919,0.6992,0,0
uas_waterfowl_crowd,aerien_non_marin,BDA_12C_20181127_3_05_04.png,684,521,258.01,451.16,36.0,47.99,1,1727.64,0.4848,0.05263,0.09211,0.7502,0,0
uas_waterfowl_crowd,aerien_non_marin,BDA_12C_20181127_3_05_04.png,684,521,187.29,484.64,35.13,35.71,1,1254.49,0.35203,0.05136,0.06854,0.9838,0,0
uas_waterfowl_crowd,aerien_non_marin,BDA_12C_20181127_3_05_04.png,684,521,202.31,461.09,50.51,29.0,1,1464.79,0.41104,0.07385,0.05566,1.7417,0,0
uas_waterfowl_crowd,aerien_non_marin,BDA_12C_20181127_3_05_04.png,684,521,228.57,435.42,26.47,42.12,1,1114.92,0.31286,0.0387,0.08084,0.6284,0,0
uas_waterfowl_crowd,aerien_non_marin,BDA_12C_20181127_3_05_04.png,684,521,59.25,479.11,50.5,29.97,1,1513.48,0.4247,0.07383,0.05752,1.685,0,0
uas_waterfowl_crowd,aerien_non_marin,BDA_12C_20181127_3_05_04.png,684,521,56.77,441.79,44.04,30.0,1,1321.2,0.37074,0.06439,0.05758,1.468,0,0
uas_waterfowl_crowd,aerien_non_marin,BDA_12C_20181127_3_05_04.png,684,521,53.06,383.79,50.0,41.5,1,2075.0,0.58227,0.0731,0.07965,1.2048,0,0
uas_waterfowl_crowd,aerien_non_marin,BDA_12C_20181127_3_05_04.png,684,521,146.94,361.98,38.0,51.0,1,1938.0,0.54383,0.05556,0.09789,0.7451,0,0
uas_waterfowl_crowd,aerien_non_marin,BDA_12C_20181127_3_05_04.png,684,521,80.89,302.71,33.88,49.46,1,1675.7,0.47022,0.04953,0.09493,0.685,0,0
uas_waterfowl_crowd,aerien_non_marin,BDA_12C_20181127_3_05_04.png,684,521,118.21,440.05,29.0,47.83,1,1387.07,0.38923,0.0424,0.0918,0.6063,0,0
uas_waterfowl_crowd,aerien_non_marin,BDA_12C_20181127_3_05_04.png,684,521,150.35,434.77,27.93,47.77,1,1334.22,0.3744,0.04083,0.09169,0.5847,0,0
uas_waterfowl_crowd,aerien_non_marin,BDA_12C_20181127_3_05_04.png,684,521,37.75,325.09,34.12,56.02,1,1911.4,0.53636,0.04988,0.10752,0.6091,0,0
uas_waterfowl_crowd,aerien_non_marin,BDA_12C_20181127_3_05_04.png,684,521,-10.86,372.23,31.22,62.0,1,1935.64,0.54316,0.04564,0.119,0.5035,0,1
uas_waterfowl_crowd,aerien_non_marin,BDA_12C_20181127_3_05_04.png,684,521,53.03,196.55,40.92,53.73,1,2198.63,0.61696,0.05982,0.10313,0.7616,0,0
uas_waterfowl_crowd,aerien_non_marin,BDA_12C_20181127_3_05_04.png,684,521,101.92,204.89,38.9,51.59,1,2006.85,0.56315,0.05687,0.09902,0.754,0,0
uas_waterfowl_crowd,aerien_non_marin,BDA_12C_20181127_3_05_04.png,684,521,135.67,257.62,35.73,59.07,1,2110.57,0.59225,0.05224,0.11338,0.6049,0,0
uas_waterfowl_crowd,aerien_non_marin,BDA_12C_20181127_3_05_04.png,684,521,313.4,405.64,38.97,44.61,1,1738.45,0.48783,0.05697,0.08562,0.8736,0,0
uas_waterfowl_crowd,aerien_non_marin,BDA_12C_20181127_3_05_05.png,684,521,283.78,137.79,44.69,46.8,1,2091.49,0.5869,0.06534,0.08983,0.9549,0,0
uas_waterfowl_crowd,aerien_non_marin,BDA_12C_20181127_3_05_05.png,684,521,213.2,83.2,39.54,48.03,1,1899.11,0.53291,0.05781,0.09219,0.8232,0,0
uas_waterfowl_crowd,aerien_non_marin,BDA_12C_20181127_3_05_05.png,684,521,161.71,85.6,34.4,51.69,1,1778.14,0.49897,0.05029,0.09921,0.6655,0,0
uas_waterfowl_crowd,aerien_non_marin,BDA_12C_20181127_3_05_05.png,684,521,118.8,21.0,32.0,45.0,1,1440.0,0.40408,0.04678,0.08637,0.7111,0,0
uas_waterfowl_crowd,aerien_non_marin,BDA_12C_20181127_3_05_05.png,684,521,149.95,39.76,31.81,42.42,1,1349.38,0.37865,0.04651,0.08142,0.7499,0,0
uas_waterfowl_crowd,aerien_non_marin,BDA_12C_20181127_3_05_05.png,684,521,91.96,71.38,35.23,44.3,1,1560.69,0.43795,0.05151,0.08503,0.7953,0,0
uas_waterfowl_crowd,aerien_non_marin,BDA_12C_20181127_3_05_05.png,684,521,27.75,38.04,33.14,45.07,1,1493.62,0.41913,0.04845,0.08651,0.7353,0,0
uas_waterfowl_crowd,aerien_non_marin,BDA_12C_20181127_3_05_05.png,684,521,2.81,3.1,35.2,43.0,1,1513.6,0.42473,0.05146,0.08253,0.8186,0,0
uas_waterfowl_crowd,aerien_non_marin,BDA_12C_20181127_3_05_05.png,684,521,50.01,-1.8,53.18,30.5,1,1621.99,0.45515,0.07775,0.05854,1.7436,0,1
uas_waterfowl_crowd,aerien_non_marin,BDA_12C_20181127_3_05_05.png,684,521,75.81,123.29,31.0,46.5,1,1441.5,0.4045,0.04532,0.08925,0.6667,0,0
uas_waterfowl_crowd,aerien_non_marin,BDA_12C_20181127_3_05_05.png,684,521,48.91,185.56,36.0,49.0,1,1764.0,0.495,0.05263,0.09405,0.7347,0,0
uas_waterfowl_crowd,aerien_non_marin,BDA_12C_20181127_3_05_05.png,684,521,5.36,260.0,50.5,46.0,1,2323.0,0.65186,0.07383,0.08829,1.0978,0,0
uas_waterfowl_crowd,aerien_non_marin,BDA_12C_20181127_3_05_05.png,684,521,174.36,229.14,36.0,52.35,1,1884.6,0.52884,0.05263,0.10048,0.6877,0,0
uas_waterfowl_crowd,aerien_non_marin,BDA_12C_20181127_3_05_05.png,684,521,126.76,170.8,30.74,53.5,1,1644.59,0.46149,0.04494,0.10269,0.5746,0,0
uas_waterfowl_crowd,aerien_non_marin,BDA_12C_20181127_3_05_05.png,684,521,104.75,299.0,39.0,49.0,1,1911.0,0.53625,0.05702,0.09405,0.7959,0,0
uas_waterfowl_crowd,aerien_non_marin,BDA_12C_20181127_3_05_05.png,684,521,59.06,309.41,40.22,43.54,1,1751.18,0.4914,0.0588,0.08357,0.9237,0,0
uas_waterfowl_crowd,aerien_non_marin,BDA_12C_20181127_3_05_05.png,684,521,8.28,342.73,37.06,51.0,1,1890.06,0.53037,0.05418,0.09789,0.7267,0,0
uas_waterfowl_crowd,aerien_non_marin,BDA_12C_20181127_3_05_05.png,684,521,50.18,409.2,42.0,49.68,1,2086.56,0.58551,0.0614,0.09536,0.8454,0,0
uas_waterfowl_crowd,aerien_non_marin,BDA_12C_20181127_3_05_05.png,684,521,9.4,452.34,54.17,31.24,1,1692.27,0.47487,0.0792,0.05996,1.734,0,0
uas_waterfowl_crowd,aerien_non_marin,BDA_12C_20181127_3_05_05.png,684,521,91.81,348.4,43.74,45.6,1,1994.54,0.55969,0.06395,0.08752,0.9592,0,0
uas_waterfowl_crowd,aerien_non_marin,BDA_12C_20181127_3_05_05.png,684,521,141.36,382.1,41.14,40.48,1,1665.35,0.46732,0.06015,0.0777,1.0163,0,0
uas_waterfowl_crowd,aerien_non_marin,BDA_12C_20181127_3_05_05.png,684,521,189.89,469.63,57.51,32.29,1,1857.0,0.5211,0.08408,0.06198,1.781,0,0
uas_waterfowl_crowd,aerien_non_marin,BDA_12C_20181127_3_05_05.png,684,521,262.78,410.73,58.83,31.07,1,1827.85,0.51292,0.08601,0.05964,1.8935,0,0
uas_waterfowl_crowd,aerien_non_marin,BDA_12C_20181127_3_05_05.png,684,521,290.1,354.37,29.0,54.35,1,1576.15,0.44229,0.0424,0.10432,0.5336,0,0
uas_waterfowl_crowd,aerien_non_marin,BDA_12C_20181127_3_05_05.png,684,521,232.31,238.35,33.07,46.7,1,1544.37,0.43337,0.04835,0.08964,0.7081,0,0
uas_waterfowl_crowd,aerien_non_marin,BDA_12C_20181127_3_05_05.png,684,521,180.78,299.1,30.63,50.02,1,1532.11,0.42993,0.04478,0.09601,0.6124,0,0
uas_waterfowl_crowd,aerien_non_marin,BDA_12C_20181127_3_05_05.png,684,521,190.26,349.41,45.2,33.57,1,1517.36,0.42579,0.06608,0.06443,1.3464,0,0
uas_waterfowl_crowd,aerien_non_marin,BDA_12C_20181127_3_05_05.png,684,521,558.28,391.5,37.06,60.5,1,2242.13,0.62917,0.05418,0.11612,0.6126,0,0
uas_waterfowl_crowd,aerien_non_marin,BDA_12C_20181127_3_05_05.png,684,521,426.52,408.42,56.5,32.88,1,1857.72,0.5213,0.0826,0.06311,1.7184,0,0
uas_waterfowl_crowd,aerien_non_marin,BDA_12C_20181127_3_05_05.png,684,521,389.76,423.83,40.2,40.71,1,1636.54,0.45923,0.05877,0.07814,0.9875,0,0
uas_waterfowl_crowd,aerien_non_marin,BDA_12C_20181127_3_05_05.png,684,521,414.28,239.51,53.85,32.1,1,1728.59,0.48506,0.07873,0.06161,1.6776,0,0
uas_waterfowl_crowd,aerien_non_marin,BDA_12C_20181127_3_05_05.png,684,521,440.78,186.5,33.0,50.2,1,1656.6,0.46486,0.04825,0.09635,0.6574,0,0
uas_waterfowl_crowd,aerien_non_marin,BDA_12C_20181127_3_05_05.png,684,521,375.81,196.73,28.0,48.0,1,1344.0,0.37714,0.04094,0.09213,0.5833,0,0
uas_waterfowl_crowd,aerien_non_marin,BDA_12C_20181127_3_05_05.png,684,521,408.38,150.65,34.4,47.19,1,1623.34,0.45553,0.05029,0.09058,0.729,0,0
uas_waterfowl_crowd,aerien_non_marin,BDA_12C_20181127_3_05_05.png,684,521,297.08,188.8,38.4,44.0,1,1689.6,0.47412,0.05614,0.08445,0.8727,0,0
uas_waterfowl_crowd,aerien_non_marin,BDA_12C_20181127_3_05_05.png,684,521,344.23,102.69,26.42,48.03,1,1268.95,0.35608,0.03863,0.09219,0.5501,0,0
uas_waterfowl_crowd,aerien_non_marin,BDA_12C_20181127_3_05_05.png,684,521,366.81,130.95,35.56,44.66,1,1588.11,0.44564,0.05199,0.08572,0.7962,0,0
uas_waterfowl_crowd,aerien_non_marin,BDA_12C_20181127_3_05_05.png,684,521,402.81,63.22,40.0,44.0,1,1760.0,0.49388,0.05848,0.08445,0.9091,0,0
uas_waterfowl_crowd,aerien_non_marin,BDA_12C_20181127_3_05_05.png,684,521,443.77,17.6,59.0,31.0,1,1829.0,0.51324,0.08626,0.0595,1.9032,0,0
uas_waterfowl_crowd,aerien_non_marin,BDA_12C_20181127_3_05_05.png,684,521,458.66,68.89,30.0,44.37,1,1331.1,0.37352,0.04386,0.08516,0.6761,0,0
uas_waterfowl_crowd,aerien_non_marin,BDA_12C_20181127_3_05_05.png,684,521,545.78,51.73,35.5,55.0,1,1952.5,0.54789,0.0519,0.10557,0.6455,0,0
uas_waterfowl_crowd,aerien_non_marin,BDA_12C_20181127_3_05_05.png,684,521,639.56,43.73,33.6,50.5,1,1696.8,0.47614,0.04912,0.09693,0.6653,0,0
uas_waterfowl_crowd,aerien_non_marin,BDA_12C_20181127_3_05_05.png,684,521,604.78,97.64,26.96,55.5,1,1496.28,0.41987,0.03942,0.10653,0.4858,0,0
uas_waterfowl_crowd,aerien_non_marin,BDA_12C_20181127_3_05_05.png,684,521,659.34,94.0,29.0,52.2,1,1513.8,0.42479,0.0424,0.10019,0.5556,0,1
uas_waterfowl_crowd,aerien_non_marin,BDA_12C_20181127_3_05_05.png,684,521,625.72,169.76,43.38,35.83,1,1554.31,0.43616,0.06342,0.06877,1.2107,0,0
uas_waterfowl_crowd,aerien_non_marin,BDA_12C_20181127_3_05_05.png,684,521,584.28,215.02,34.07,52.51,1,1789.02,0.50202,0.04981,0.10079,0.6488,0,0
uas_waterfowl_crowd,aerien_non_marin,BDA_12C_20181127_3_05_05.png,684,521,632.33,260.98,45.0,47.69,1,2146.05,0.60221,0.06579,0.09154,0.9436,0,0
uas_waterfowl_crowd,aerien_non_marin,BDA_12C_20181127_3_05_05.png,684,521,576.0,307.73,36.56,57.0,1,2083.92,0.58477,0.05345,0.1094,0.6414,0,0
uas_waterfowl_crowd,aerien_non_marin,BDA_12C_20181127_3_05_05.png,684,521,605.83,483.0,35.26,41.75,1,1472.11,0.41309,0.05155,0.08013,0.8446,0,1
uas_waterfowl_crowd,aerien_non_marin,BDA_12C_20181127_3_05_05.png,684,521,511.75,363.37,37.6,54.34,1,2043.18,0.57334,0.05497,0.1043,0.6919,0,0
uas_waterfowl_crowd,aerien_non_marin,BDA_12C_20181127_3_05_05.png,684,521,429.71,0.47,23.2,30.4,1,705.28,0.19791,0.03392,0.05835,0.7632,0,0
uas_waterfowl_crowd,aerien_non_marin,BDA_12C_20181127_3_05_05.png,684,521,339.81,317.8,48.36,41.6,1,2011.78,0.56453,0.0707,0.07985,1.1625,0,0
uas_waterfowl_crowd,aerien_non_marin,BDA_12C_20181127_3_05_05.png,684,521,104.81,147.78,32.0,41.0,1,1312.0,0.36816,0.04678,0.07869,0.7805,0,0
uas_waterfowl_crowd,aerien_non_marin,BDA_12C_20181127_3_05_06.png,684,521,624.5,0.36,44.0,40.06,1,1762.64,0.49462,0.06433,0.07689,1.0984,0,0
uas_waterfowl_crowd,aerien_non_marin,BDA_12C_20181127_3_05_06.png,684,521,629.39,48.9,43.5,40.0,1,1740.0,0.48826,0.0636,0.07678,1.0875,0,0
uas_waterfowl_crowd,aerien_non_marin,BDA_12C_20181127_3_05_06.png,684,521,515.67,178.91,41.0,51.02,1,2091.82,0.58699,0.05994,0.09793,0.8036,0,0
uas_waterfowl_crowd,aerien_non_marin,BDA_12C_20181127_3_05_06.png,684,521,496.95,10.06,52.9,47.99,1,2538.67,0.71238,0.07734,0.09211,1.1023,0,0
uas_waterfowl_crowd,aerien_non_marin,BDA_12C_20181127_3_05_06.png,684,521,361.69,362.5,44.8,63.5,1,2844.8,0.79828,0.0655,0.12188,0.7055,0,0
uas_waterfowl_crowd,aerien_non_marin,BDA_12C_20181127_3_05_06.png,684,521,373.31,171.13,44.5,58.45,1,2601.03,0.72988,0.06506,0.11219,0.7613,0,0
uas_waterfowl_crowd,aerien_non_marin,BDA_12C_20181127_3_05_06.png,684,521,283.81,206.62,37.0,53.46,1,1978.02,0.55506,0.05409,0.10261,0.6921,0,0
uas_waterfowl_crowd,aerien_non_marin,BDA_12C_20181127_3_05_06.png,684,521,415.11,63.9,39.7,50.5,1,2004.85,0.56258,0.05804,0.09693,0.7861,0,0
uas_waterfowl_crowd,aerien_non_marin,BDA_12C_20181127_3_05_06.png,684,521,350.31,66.44,39.15,37.92,1,1484.57,0.41659,0.05724,0.07278,1.0324,0,0
uas_waterfowl_crowd,aerien_non_marin,BDA_12C_20181127_3_05_06.png,684,521,222.73,82.05,43.39,45.38,1,1969.04,0.55254,0.06344,0.0871,0.9561,0,0
uas_waterfowl_crowd,aerien_non_marin,BDA_12C_20181127_3_05_06.png,684,521,179.71,81.87,44.44,39.2,1,1742.05,0.48884,0.06497,0.07524,1.1337,0,0
uas_waterfowl_crowd,aerien_non_marin,BDA_12C_20181127_3_05_06.png,684,521,177.81,222.82,36.0,45.36,1,1632.96,0.45823,0.05263,0.08706,0.7937,0,0
uas_waterfowl_crowd,aerien_non_marin,BDA_12C_20181127_3_05_06.png,684,521,211.49,247.93,36.0,46.98,1,1691.28,0.47459,0.05263,0.09017,0.7663,0,0
uas_waterfowl_crowd,aerien_non_marin,BDA_12C_20181127_3_05_06.png,684,521,141.57,285.97,46.19,46.3,1,2138.6,0.60012,0.06753,0.08887,0.9976,0,0
uas_waterfowl_crowd,aerien_non_marin,BDA_12C_20181127_3_05_06.png,684,521,98.28,226.03,41.02,51.3,1,2104.33,0.5905,0.05997,0.09846,0.7996,0,0
uas_waterfowl_crowd,aerien_non_marin,BDA_12C_20181127_3_05_06.png,684,521,138.47,160.38,35.54,50.05,1,1778.78,0.49915,0.05196,0.09607,0.7101,0,0
uas_waterfowl_crowd,aerien_non_marin,BDA_12C_20181127_3_05_06.png,684,521,85.25,137.74,37.9,51.47,1,1950.71,0.54739,0.05541,0.09879,0.7364,0,0
uas_waterfowl_crowd,aerien_non_marin,BDA_12C_20181127_3_05_06.png,684,521,37.41,111.8,32.41,53.26,1,1726.16,0.48438,0.04738,0.10223,0.6085,0,0
uas_waterfowl_crowd,aerien_non_marin,BDA_12C_20181127_3_05_06.png,684,521,16.25,206.72,50.0,52.0,1,2600.0,0.72959,0.0731,0.09981,0.9615,0,0
uas_waterfowl_crowd,aerien_non_marin,BDA_12C_20181127_3_05_06.png,684,521,62.41,51.33,29.68,51.63,1,1532.38,0.43,0.04339,0.0991,0.5749,0,0
uas_waterfowl_crowd,aerien_non_marin,BDA_12C_20181127_3_05_06.png,684,521,161.98,35.9,38.61,47.47,1,1832.82,0.51431,0.05645,0.09111,0.8134,0,0
uas_waterfowl_crowd,aerien_non_marin,BDA_12C_20181127_3_05_06.png,684,521,191.46,-0.37,40.0,28.0,1,1120.0,0.31429,0.05848,0.05374,1.4286,0,0
uas_waterfowl_crowd,aerien_non_marin,BDA_12C_20181127_3_05_06.png,684,521,1.67,9.13,31.0,57.9,1,1794.9,0.50367,0.04532,0.11113,0.5354,0,0
uas_waterfowl_crowd,aerien_non_marin,BDA_12C_20181127_3_05_06.png,684,521,99.15,83.07,34.5,47.21,1,1628.75,0.45705,0.05044,0.09061,0.7308,0,0
uas_waterfowl_crowd,aerien_non_marin,BDA_12C_20181127_3_05_06.png,684,521,103.95,39.74,39.2,41.39,1,1622.49,0.45529,0.05731,0.07944,0.9471,0,0
uas_waterfowl_crowd,aerien_non_marin,BDA_12C_20181127_3_05_06.png,684,521,34.4,288.58,45.08,56.3,1,2538.0,0.71219,0.06591,0.10806,0.8007,0,0
uas_waterfowl_crowd,aerien_non_marin,BDA_12C_20181127_3_05_06.png,684,521,95.81,362.15,51.0,49.0,1,2499.0,0.70125,0.07456,0.09405,1.0408,0,0
uas_waterfowl_crowd,aerien_non_marin,BDA_12C_20181127_3_05_06.png,684,521,60.41,426.78,42.5,53.4,1,2269.5,0.63685,0.06213,0.1025,0.7959,0,0
uas_waterfowl_crowd,aerien_non_marin,BDA_12C_20181127_3_05_06.png,684,521,435.36,466.66,56.72,45.1,1,2558.07,0.71783,0.08292,0.08656,1.2576,0,0
uas_waterfowl_crowd,aerien_non_marin,BDA_12C_20181127_3_05_06.png,684,521,648.78,386.74,37.89,50.36,1,1908.14,0.53545,0.05539,0.09666,0.7524,0,1
uas_waterfowl_crowd,aerien_non_marin,BDA_12C_20181127_3_05_06.png,684,521,657.55,294.1,36.6,69.0,1,2525.4,0.70866,0.05351,0.13244,0.5304,0,1
uas_waterfowl_crowd,aerien_non_marin,BDA_12C_20181127_3_05_06.png,684,521,604.47,315.8,30.0,52.8,1,1584.0,0.44449,0.04386,0.10134,0.5682,0,0
uas_waterfowl_crowd,aerien_non_marin,BDA_12C_20181127_3_05_06.png,684,521,653.16,105.86,35.0,38.4,1,1344.0,0.37714,0.05117,0.0737,0.9115,0,1
uas_waterfowl_crowd,aerien_non_marin,BDA_12C_20181127_3_05_06.png,684,521,6.29,367.2,51.2,47.0,1,2406.4,0.67526,0.07485,0.09021,1.0894,0,0
uas_waterfowl_crowd,aerien_non_marin,BDA_12C_20181127_3_05_06.png,684,521,-0.61,426.0,40.0,57.0,1,2280.0,0.6398,0.05848,0.1094,0.7018,0,1
uas_waterfowl_crowd,aerien_non_marin,BDA_12C_20181127_3_05_06.png,684,521,270.37,426.0,43.2,47.0,1,2030.4,0.56975,0.06316,0.09021,0.9191,0,0
uas_waterfowl_crowd,aerien_non_marin,BDA_12C_20181127_3_05_06.png,684,521,486.75,372.0,57.0,33.0,1,1881.0,0.52783,0.08333,0.06334,1.7273,0,0
uas_waterfowl_crowd,aerien_non_marin,BDA_12C_20181127_3_05_06.png,684,521,252.77,470.82,38.0,46.0,1,1748.0,0.49051,0.05556,0.08829,0.8261,0,0
uas_waterfowl_crowd,aerien_non_marin,BDA_12C_20181127_3_05_06.png,684,521,596.91,356.0,53.0,40.46,1,2144.38,0.60174,0.07749,0.07766,1.3099,0,0
uas_waterfowl_crowd,aerien_non_marin,BDA_12C_20181127_3_05_07.png,684,521,502.68,239.02,43.04,43.74,1,1882.57,0.52827,0.06292,0.08395,0.984,0,0
uas_waterfowl_crowd,aerien_non_marin,BDA_12C_20181127_3_05_07.png,684,521,583.97,224.54,37.65,46.89,1,1765.41,0.49539,0.05504,0.09,0.8029,0,0
uas_waterfowl_crowd,aerien_non_marin,BDA_12C_20181127_3_05_07.png,684,521,452.92,325.02,33.0,45.5,1,1501.5,0.42134,0.04825,0.08733,0.7253,0,0
uas_waterfowl_crowd,aerien_non_marin,BDA_12C_20181127_3_05_07.png,684,521,287.97,200.3,41.5,37.9,1,1572.85,0.44136,0.06067,0.07274,1.095,0,0
uas_waterfowl_crowd,aerien_non_marin,BDA_12C_20181127_3_05_07.png,684,521,294.28,160.53,32.42,39.74,1,1288.37,0.36153,0.0474,0.07628,0.8158,0,0
uas_waterfowl_crowd,aerien_non_marin,BDA_12C_20181127_3_05_07.png,684,521,340.97,167.13,31.01,54.0,1,1674.54,0.4699,0.04534,0.10365,0.5743,0,0
uas_waterfowl_crowd,aerien_non_marin,BDA_12C_20181127_3_05_07.png,684,521,378.3,171.74,35.0,52.0,1,1820.0,0.51071,0.05117,0.09981,0.6731,0,0
uas_waterfowl_crowd,aerien_non_marin,BDA_12C_20181127_3_05_07.png,684,521,359.66,89.95,32.0,46.18,1,1477.76,0.41468,0.04678,0.08864,0.6929,0,0
uas_waterfowl_crowd,aerien_non_marin,BDA_12C_20181127_3_05_07.png,684,521,123.34,71.94,36.0,56.14,1,2021.04,0.56713,0.05263,0.10775,0.6413,0,0
uas_waterfowl_crowd,aerien_non_marin,BDA_12C_20181127_3_05_07.png,684,521,37.63,16.45,32.29,44.97,1,1452.08,0.40747,0.04721,0.08631,0.718,0,0
uas_waterfowl_crowd,aerien_non_marin,BDA_12C_20181127_3_05_07.png,684,521,66.77,47.26,31.67,43.54,1,1378.91,0.38694,0.0463,0.08357,0.7274,0,0
uas_waterfowl_crowd,aerien_non_marin,BDA_12C_20181127_3_05_07.png,684,521,135.46,376.92,47.36,33.54,1,1588.45,0.44574,0.06924,0.06438,1.412,0,0
uas_waterfowl_crowd,aerien_non_marin,BDA_12C_20181127_3_05_07.png,684,521,138.28,291.21,46.79,29.48,1,1379.37,0.38707,0.06841,0.05658,1.5872,0,0
uas_waterfowl_crowd,aerien_non_marin,BDA_12C_20181127_3_05_07.png,684,521,203.74,395.31,40.71,37.16,1,1512.78,0.42451,0.05952,0.07132,1.0955,0,0
uas_waterfowl_crowd,aerien_non_marin,BDA_12C_20181127_3_05_07.png,684,521,403.63,467.6,47.14,38.0,1,1791.32,0.50267,0.06892,0.07294,1.2405,0,0
uas_waterfowl_crowd,aerien_non_marin,BDA_12C_20181127_3_05_07.png,684,521,450.63,430.22,39.0,46.48,1,1812.72,0.50867,0.05702,0.08921,0.8391,0,0
uas_waterfowl_crowd,aerien_non_marin,BDA_12C_20181127_3_05_07.png,684,521,290.71,66.22,48.5,35.67,1,1730.0,0.48546,0.07091,0.06846,1.3597,0,0
uas_waterfowl_crowd,aerien_non_marin,BDA_12C_20181127_3_05_07.png,684,521,236.01,0.96,36.62,54.73,1,2004.21,0.56241,0.05354,0.10505,0.6691,0,0
uas_waterfowl_crowd,aerien_non_marin,BDA_12C_20181127_3_05_07.png,684,521,189.02,74.45,33.13,44.0,1,1457.72,0.40905,0.04844,0.08445,0.753,0,0
uas_waterfowl_crowd,aerien_non_marin,BDA_12C_20181127_3_05_07.png,684,521,82.3,100.45,47.0,44.8,1,2105.6,0.59086,0.06871,0.08599,1.0491,0,0
uas_waterfowl_crowd,aerien_non_marin,BDA_12C_20181127_3_05_07.png,684,521,338.23,308.52,40.0,42.0,1,1680.0,0.47143,0.05848,0.08061,0.9524,0,0
uas_waterfowl_crowd,aerien_non_marin,BDA_12C_20181127_3_05_07.png,684,521,511.3,379.0,33.2,45.5,1,1510.6,0.42389,0.04854,0.08733,0.7297,0,0
uas_waterfowl_crowd,aerien_non_marin,BDA_12C_20181127_3_05_07.png,684,521,512.44,283.45,31.85,37.42,1,1191.83,0.33444,0.04656,0.07182,0.8511,0,0
uas_waterfowl_crowd,aerien_non_marin,BDA_12C_20181127_3_05_07.png,684,521,577.57,156.35,33.2,46.18,1,1533.18,0.43023,0.04854,0.08864,0.7189,0,0
uas_waterfowl_crowd,aerien_non_marin,BDA_12C_20181127_3_05_07.png,684,521,623.11,177.45,26.0,51.18,1,1330.68,0.3734,0.03801,0.09823,0.508,0,0
uas_waterfowl_crowd,aerien_non_marin,BDA_12C_20181127_3_05_07.png,684,521,655.15,202.26,25.02,40.03,1,1001.55,0.28105,0.03658,0.07683,0.625,0,0
uas_waterfowl_crowd,aerien_non_marin,BDA_12C_20181127_3_05_07.png,684,521,621.71,300.57,49.5,37.12,1,1837.44,0.51561,0.07237,0.07125,1.3335,0,0
uas_waterfowl_crowd,aerien_non_marin,BDA_12C_20181127_3_05_07.png,684,521,426.63,60.45,32.29,47.2,1,1524.09,0.42768,0.04721,0.0906,0.6841,0,0
uas_waterfowl_crowd,aerien_non_marin,BDA_12C_20181127_3_05_07.png,684,521,458.04,95.83,31.85,51.91,1,1653.33,0.46395,0.04656,0.09964,0.6136,0,0
uas_waterfowl_crowd,aerien_non_marin,BDA_12C_20181127_3_05_07.png,684,521,498.5,128.81,34.12,48.0,1,1637.76,0.45958,0.04988,0.09213,0.7108,0,0
uas_waterfowl_crowd,aerien_non_marin,BDA_12C_20181127_3_05_07.png,684,521,338.87,14.63,25.19,51.0,1,1284.69,0.3605,0.03683,0.09789,0.4939,0,0
uas_waterfowl_crowd,aerien_non_marin,BDA_12C_20181127_3_05_07.png,684,521,571.31,91.08,33.0,46.63,1,1538.79,0.4318,0.04825,0.0895,0.7077,0,0
uas_waterfowl_crowd,aerien_non_marin,BDA_12C_20181127_3_05_07.png,684,521,630.81,94.78,30.71,44.0,1,1351.24,0.37917,0.0449,0.08445,0.698,0,0
uas_waterfowl_crowd,aerien_non_marin,BDA_12C_20181127_3_05_07.png,684,521,424.55,0.45,36.0,34.71,1,1249.56,0.35064,0.05263,0.06662,1.0372,0,0
uas_waterfowl_crowd,aerien_non_marin,BDA_12C_20181127_3_05_07.png,684,521,503.41,-0.47,33.55,34.5,1,1157.47,0.3248,0.04905,0.06622,0.9725,0,0
uas_waterfowl_crowd,aerien_non_marin,BDA_12C_20181127_3_05_07.png,684,521,660.3,52.6,25.4,50.0,1,1270.0,0.35638,0.03713,0.09597,0.508,0,1
uas_waterfowl_crowd,aerien_non_marin,BDA_12C_20181127_3_05_07.png,684,521,588.68,55.53,50.81,31.44,1,1597.47,0.44827,0.07428,0.06035,1.6161,0,0
uas_waterfowl_crowd,aerien_non_marin,BDA_12C_20181127_3_05_07.png,684,521,656.67,0.28,29.57,45.03,1,1331.54,0.37365,0.04323,0.08643,0.6567,0,1
uas_waterfowl_crowd,aerien_non_marin,BDA_12C_20181127_3_05_07.png,684,521,558.63,16.21,36.82,54.0,1,1988.28,0.55794,0.05383,0.10365,0.6819,0,0
uas_waterfowl_crowd,aerien_non_marin,BDA_12C_20181127_3_05_07.png,684,521,371.3,26.36,34.0,43.58,1,1481.72,0.41579,0.04971,0.08365,0.7802,0,0
uas_waterfowl_crowd,aerien_non_marin,BDA_12C_20181127_3_05_07.png,684,521,-6.29,111.29,40.8,34.43,1,1404.74,0.39419,0.05965,0.06608,1.185,0,1
uas_waterfowl_crowd,aerien_non_marin,BDA_12C_20181127_3_05_07.png,684,521,281.3,-4.55,35.84,32.9,1,1179.14,0.33088,0.0524,0.06315,1.0894,0,1
uas_waterfowl_crowd,aerien_non_marin,BDA_12C_20181127_3_05_07.png,684,521,606.31,17.35,41.35,44.0,1,1819.4,0.51055,0.06045,0.08445,0.9398,0,0
uas_waterfowl_crowd,aerien_non_marin,BDA_12C_20181127_3_05_07.png,684,521,172.53,241.72,51.0,40.14,1,2047.14,0.57445,0.07456,0.07704,1.2706,0,0
uas_waterfowl_crowd,aerien_non_marin,BDA_12C_20181127_3_05_07.png,684,521,131.63,318.08,38.0,48.0,1,1824.0,0.51184,0.05556,0.09213,0.7917,0,0
uas_waterfowl_crowd,aerien_non_marin,BDA_12C_20181127_3_05_07.png,684,521,89.63,319.89,32.0,46.63,1,1492.16,0.41872,0.04678,0.0895,0.6863,0,0
uas_waterfowl_crowd,aerien_non_marin,BDA_12C_20181127_3_05_07.png,684,521,659.81,379.25,25.0,48.4,1,1210.0,0.33954,0.03655,0.0929,0.5165,0,1
uas_waterfowl_crowd,aerien_non_marin,BDA_12C_20181127_3_05_07.png,684,521,32.81,396.6,42.4,42.25,1,1791.4,0.50269,0.06199,0.08109,1.0036,0,0
uas_waterfowl_crowd,aerien_non_marin,BDA_12C_20181127_3_05_08.png,684,521,474.27,56.9,44.13,48.8,1,2153.54,0.60431,0.06452,0.09367,0.9043,0,0
uas_waterfowl_crowd,aerien_non_marin,BDA_12C_20181127_3_05_08.png,684,521,477.47,118.03,37.59,42.13,1,1583.67,0.4444,0.05496,0.08086,0.8922,0,0
uas_waterfowl_crowd,aerien_non_marin,BDA_12C_20181127_3_05_08.png,684,521,534.65,112.19,40.01,45.39,1,1816.05,0.50961,0.05849,0.08712,0.8815,0,0
uas_waterfowl_crowd,aerien_non_marin,BDA_12C_20181127_3_05_08.png,684,521,566.41,166.68,35.8,45.33,1,1622.81,0.45538,0.05234,0.08701,0.7898,0,0
uas_waterfowl_crowd,aerien_non_marin,BDA_12C_20181127_3_05_08.png,684,521,631.89,134.0,38.67,48.0,1,1856.16,0.52086,0.05654,0.09213,0.8056,0,0
uas_waterfowl_crowd,aerien_non_marin,BDA_12C_20181127_3_05_08.png,684,521,626.53,188.27,41.94,42.5,1,1782.45,0.50018,0.06132,0.08157,0.9868,0,0
uas_waterfowl_crowd,aerien_non_marin,BDA_12C_20181127_3_05_08.png,684,521,618.3,238.38,44.0,48.0,1,2112.0,0.59265,0.06433,0.09213,0.9167,0,0
uas_waterfowl_crowd,aerien_non_marin,BDA_12C_20181127_3_05_08.png,684,521,430.51,350.97,60.92,44.67,1,2721.3,0.76363,0.08906,0.08574,1.3638,0,0
uas_waterfowl_crowd,aerien_non_marin,BDA_12C_20181127_3_05_08.png,684,521,572.81,346.6,39.05,51.33,1,2004.44,0.56247,0.05709,0.09852,0.7608,0,0
uas_waterfowl_crowd,aerien_non_marin,BDA_12C_20181127_3_05_08.png,684,521,600.11,403.78,35.2,41.89,1,1474.53,0.41377,0.05146,0.0804,0.8403,0,0
uas_waterfowl_crowd,aerien_non_marin,BDA_12C_20181127_3_05_08.png,684,521,477.64,439.67,45.0,54.67,1,2460.15,0.69035,0.06579,0.10493,0.8231,0,0
uas_waterfowl_crowd,aerien_non_marin,BDA_12C_20181127_3_05_08.png,684,521,395.18,463.47,44.14,42.67,1,1883.45,0.52852,0.06453,0.0819,1.0345,0,0
uas_waterfowl_crowd,aerien_non_marin,BDA_12C_20181127_3_05_08.png,684,521,84.53,430.1,38.67,50.81,1,1964.82,0.55135,0.05654,0.09752,0.7611,0,0
uas_waterfowl_crowd,aerien_non_marin,BDA_12C_20181127_3_05_08.png,684,521,35.75,420.0,47.0,56.0,1,2632.0,0.73857,0.06871,0.10749,0.8393,0,0
uas_waterfowl_crowd,aerien_non_marin,BDA_12C_20181127_3_05_08.png,684,521,-1.49,323.45,45.44,40.0,1,1817.6,0.51004,0.06643,0.07678,1.136,0,1
uas_waterfowl_crowd,aerien_non_marin,BDA_12C_20181127_3_05_08.png,684,521,33.01,208.72,39.49,42.77,1,1688.99,0.47395,0.05773,0.08209,0.9233,0,0
uas_waterfowl_crowd,aerien_non_marin,BDA_12C_20181127_3_05_08.png,684,521,-8.69,194.47,34.86,41.55,1,1448.43,0.40645,0.05096,0.07975,0.839,0,1
uas_waterfowl_crowd,aerien_non_marin,BDA_12C_20181127_3_05_08.png,684,521,10.0,141.44,36.15,55.6,1,2009.94,0.56401,0.05285,0.10672,0.6502,0,0
uas_waterfowl_crowd,aerien_non_marin,BDA_12C_20181127_3_05_08.png,684,521,19.53,96.73,47.33,35.21,1,1666.49,0.46764,0.0692,0.06758,1.3442,0,0
uas_waterfowl_crowd,aerien_non_marin,BDA_12C_20181127_3_05_08.png,684,521,18.37,30.0,34.0,44.0,1,1496.0,0.4198,0.04971,0.08445,0.7727,0,0
uas_waterfowl_crowd,aerien_non_marin,BDA_12C_20181127_3_05_08.png,684,521,135.32,29.6,37.36,49.55,1,1851.19,0.51947,0.05462,0.09511,0.754,0,0
uas_waterfowl_crowd,aerien_non_marin,BDA_12C_20181127_3_05_08.png,684,521,129.75,81.72,36.0,43.33,1,1559.88,0.43772,0.05263,0.08317,0.8308,0,0
uas_waterfowl_crowd,aerien_non_marin,BDA_12C_20181127_3_05_08.png,684,521,101.73,118.54,36.47,34.4,1,1254.57,0.35205,0.05332,0.06603,1.0602,0,0
uas_waterfowl_crowd,aerien_non_marin,BDA_12C_20181127_3_05_08.png,684,521,101.64,149.75,50.0,29.0,1,1450.0,0.40689,0.0731,0.05566,1.7241,0,0
uas_waterfowl_crowd,aerien_non_marin,BDA_12C_20181127_3_05_08.png,684,521,118.69,193.31,34.76,45.24,1,1572.54,0.44127,0.05082,0.08683,0.7683,0,0
uas_waterfowl_crowd,aerien_non_marin,BDA_12C_20181127_3_05_08.png,684,521,128.46,268.56,35.62,39.4,1,1403.43,0.39382,0.05208,0.07562,0.9041,0,0
uas_waterfowl_crowd,aerien_non_marin,BDA_12C_20181127_3_05_08.png,684,521,103.49,295.93,38.68,45.5,1,1759.94,0.49386,0.05655,0.08733,0.8501,0,0
uas_waterfowl_crowd,aerien_non_marin,BDA_12C_20181127_3_05_08.png,684,521,195.16,305.67,36.1,48.8,1,1761.68,0.49435,0.05278,0.09367,0.7398,0,0
uas_waterfowl_crowd,aerien_non_marin,BDA_12C_20181127_3_05_08.png,684,521,159.3,210.4,35.0,45.6,1,1596.0,0.44786,0.05117,0.08752,0.7675,0,0
uas_waterfowl_crowd,aerien_non_marin,BDA_12C_20181127_3_05_08.png,684,521,195.93,181.8,32.3,44.0,1,1421.2,0.39881,0.04722,0.08445,0.7341,0,0
uas_waterfowl_crowd,aerien_non_marin,BDA_12C_20181127_3_05_08.png,684,521,248.38,21.82,35.0,50.54,1,1768.9,0.49637,0.05117,0.09701,0.6925,0,0
uas_waterfowl_crowd,aerien_non_marin,BDA_12C_20181127_3_05_08.png,684,521,308.81,69.4,50.39,44.67,1,2250.92,0.63164,0.07367,0.08574,1.1281,0,0
uas_waterfowl_crowd,aerien_non_marin,BDA_12C_20181127_3_05_08.png,684,521,271.32,215.43,39.0,45.98,1,1793.22,0.5032,0.05702,0.08825,0.8482,0,0
uas_waterfowl_crowd,aerien_non_marin,BDA_12C_20181127_3_05_08.png,684,521,267.64,269.42,36.47,35.72,1,1302.71,0.36556,0.05332,0.06856,1.021,0,0
uas_waterfowl_crowd,aerien_non_marin,BDA_12C_20181127_3_05_08.png,684,521,272.91,312.33,48.11,35.71,1,1718.01,0.48209,0.07034,0.06854,1.3472,0,0
uas_waterfowl_crowd,aerien_non_marin,BDA_12C_20181127_3_05_08.png,684,521,266.51,368.33,46.4,35.33,1,1639.31,0.46001,0.06784,0.06781,1.3133,0,0
uas_waterfowl_crowd,aerien_non_marin,BDA_12C_20181127_3_05_08.png,684,521,339.75,286.72,43.43,42.7,1,1854.46,0.52038,0.06349,0.08196,1.0171,0,0
uas_waterfowl_crowd,aerien_non_marin,BDA_12C_20181127_3_05_08.png,684,521,317.94,219.97,35.84,44.8,1,1605.63,0.45056,0.0524,0.08599,0.8,0,0
uas_waterfowl_crowd,aerien_non_marin,BDA_12C_20181127_3_05_08.png,684,521,368.97,234.4,43.2,48.76,1,2106.43,0.59109,0.06316,0.09359,0.886,0,0
uas_waterfowl_crowd,aerien_non_marin,BDA_12C_20181127_3_05_08.png,684,521,384.91,170.09,48.75,48.25,1,2352.19,0.66005,0.07127,0.09261,1.0104,0,0
uas_waterfowl_crowd,aerien_non_marin,BDA_12C_20181127_3_05_08.png,684,521,312.11,156.33,36.8,44.23,1,1627.66,0.45674,0.0538,0.08489,0.832,0,0
uas_waterfowl_crowd,aerien_non_marin,BDA_12C_20181127_3_05_08.png,684,521,351.31,124.33,37.32,43.74,1,1632.38,0.45806,0.05456,0.08395,0.8532,0,0
uas_waterfowl_crowd,aerien_non_marin,BDA_12C_20181127_3_06_01.png,684,521,297.75,205.0,86.0,46.93,1,4035.98,1.13254,0.12573,0.09008,1.8325,0,0
uas_waterfowl_crowd,aerien_non_marin,BDA_12C_20181127_3_06_01.png,684,521,374.81,93.49,46.72,78.4,1,3662.85,1.02784,0.0683,0.15048,0.5959,0,0
uas_waterfowl_crowd,aerien_non_marin,BDA_12C_20181127_3_06_02.png,684,521,135.43,-2.93,48.31,24.0,1,1159.44,0.32535,0.07063,0.04607,2.0129,0,1
uas_waterfowl_crowd,aerien_non_marin,BDA_12C_20181127_3_06_02.png,684,521,219.75,-2.42,47.0,37.0,1,1739.0,0.48798,0.06871,0.07102,1.2703,0,1
uas_waterfowl_crowd,aerien_non_marin,BDA_12C_20181127_3_06_02.png,684,521,292.3,14.97,32.0,44.0,1,1408.0,0.3951,0.04678,0.08445,0.7273,0,0
uas_waterfowl_crowd,aerien_non_marin,BDA_12C_20181127_3_06_02.png,684,521,370.75,55.06,40.16,49.85,1,2001.98,0.56178,0.05871,0.09568,0.8056,0,0
uas_waterfowl_crowd,aerien_non_marin,BDA_12C_20181127_3_06_02.png,684,521,410.83,21.04,30.53,46.4,1,1416.59,0.39751,0.04463,0.08906,0.658,0,0
uas_waterfowl_crowd,aerien_non_marin,BDA_12C_20181127_3_06_02.png,684,521,472.11,39.48,38.4,44.64,1,1714.18,0.48102,0.05614,0.08568,0.8602,0,0
uas_waterfowl_crowd,aerien_non_marin,BDA_12C_20181127_3_06_02.png,684,521,520.11,35.47,30.4,41.0,1,1246.4,0.34975,0.04444,0.07869,0.7415,0,0
uas_waterfowl_crowd,aerien_non_marin,BDA_12C_20181127_3_06_02.png,684,521,573.75,-3.53,37.94,35.0,1,1327.9,0.37262,0.05547,0.06718,1.084,0,1
uas_waterfowl_crowd,aerien_non_marin,BDA_12C_20181127_3_06_02.png,684,521,590.3,29.96,31.0,43.0,1,1333.0,0.37406,0.04532,0.08253,0.7209,0,0
uas_waterfowl_crowd,aerien_non_marin,BDA_12C_20181127_3_06_02.png,684,521,643.1,97.98,28.7,52.08,1,1494.7,0.41943,0.04196,0.09996,0.5511,0,0
uas_waterfowl_crowd,aerien_non_marin,BDA_12C_20181127_3_06_02.png,684,521,662.25,191.03,25.5,52.34,1,1334.67,0.37452,0.03728,0.10046,0.4872,0,1
uas_waterfowl_crowd,aerien_non_marin,BDA_12C_20181127_3_06_02.png,684,521,624.75,248.8,44.0,59.2,1,2604.8,0.73094,0.06433,0.11363,0.7432,0,0
uas_waterfowl_crowd,aerien_non_marin,BDA_12C_20181127_3_06_02.png,684,521,573.71,244.13,40.0,54.0,1,2160.0,0.60612,0.05848,0.10365,0.7407,0,0
uas_waterfowl_crowd,aerien_non_marin,BDA_12C_20181127_3_06_02.png,684,521,582.01,326.47,34.0,48.8,1,1659.2,0.46559,0.04971,0.09367,0.6967,0,0
uas_waterfowl_crowd,aerien_non_marin,BDA_12C_20181127_3_06_02.png,684,521,625.75,390.85,31.89,52.08,1,1660.83,0.46605,0.04662,0.09996,0.6123,0,0
uas_waterfowl_crowd,aerien_non_marin,BDA_12C_20181127_3_06_02.png,684,521,569.25,427.71,48.18,28.61,1,1378.43,0.3868,0.07044,0.05491,1.684,0,0
uas_waterfowl_crowd,aerien_non_marin,BDA_12C_20181127_3_06_02.png,684,521,617.99,482.56,40.8,36.0,1,1468.8,0.41216,0.05965,0.0691,1.1333,0,0
uas_waterfowl_crowd,aerien_non_marin,BDA_12C_20181127_3_06_02.png,684,521,471.21,481.5,35.2,42.4,1,1492.48,0.41881,0.05146,0.08138,0.8302,0,1
uas_waterfowl_crowd,aerien_non_marin,BDA_12C_20181127_3_06_02.png,684,521,392.11,462.37,54.74,32.42,1,1774.67,0.49799,0.08003,0.06223,1.6885,0,0
uas_waterfowl_crowd,aerien_non_marin,BDA_12C_20181127_3_06_02.png,684,521,407.25,394.97,62.35,40.1,1,2500.24,0.7016,0.09115,0.07697,1.5549,0,0
uas_waterfowl_crowd,aerien_non_marin,BDA_12C_20181127_3_06_02.png,684,521,524.59,236.65,33.6,51.24,1,1721.66,0.48312,0.04912,0.09835,0.6557,0,0
uas_waterfowl_crowd,aerien_non_marin,BDA_12C_20181127_3_06_02.png,684,521,509.28,293.98,41.71,45.14,1,1882.79,0.52833,0.06098,0.08664,0.924,0,0
uas_waterfowl_crowd,aerien_non_marin,BDA_12C_20181127_3_06_02.png,684,521,475.86,308.47,29.08,47.62,1,1384.79,0.38859,0.04251,0.0914,0.6107,0,0
uas_waterfowl_crowd,aerien_non_marin,BDA_12C_20181127_3_06_02.png,684,521,441.29,326.84,30.88,48.52,1,1498.3,0.42044,0.04515,0.09313,0.6364,0,0
uas_waterfowl_crowd,aerien_non_marin,BDA_12C_20181127_3_06_02.png,684,521,436.11,258.19,32.0,48.36,1,1547.52,0.43425,0.04678,0.09282,0.6617,0,0
uas_waterfowl_crowd,aerien_non_marin,BDA_12C_20181127_3_06_02.png,684,521,369.11,266.47,47.08,40.0,1,1883.2,0.52845,0.06883,0.07678,1.177,0,0
uas_waterfowl_crowd,aerien_non_marin,BDA_12C_20181127_3_06_02.png,684,521,323.31,251.47,41.06,41.92,1,1721.24,0.483,0.06003,0.08046,0.9795,0,0
uas_waterfowl_crowd,aerien_non_marin,BDA_12C_20181127_3_06_02.png,684,521,110.35,66.14,41.02,49.5,1,2030.49,0.56978,0.05997,0.09501,0.8287,0,0
uas_waterfowl_crowd,aerien_non_marin,BDA_12C_20181127_3_06_02.png,684,521,148.15,127.88,40.46,53.0,1,2144.38,0.60174,0.05915,0.10173,0.7634,0,0
uas_waterfowl_crowd,aerien_non_marin,BDA_12C_20181127_3_06_02.png,684,521,258.75,127.47,50.0,34.0,1,1700.0,0.47704,0.0731,0.06526,1.4706,0,0
uas_waterfowl_crowd,aerien_non_marin,BDA_12C_20181127_3_06_02.png,684,521,303.9,280.17,34.0,46.24,1,1572.16,0.44117,0.04971,0.08875,0.7353,0,0
uas_waterfowl_crowd,aerien_non_marin,BDA_12C_20181127_3_06_02.png,684,521,312.8,125.26,29.53,41.4,1,1222.54,0.34306,0.04317,0.07946,0.7133,0,0
uas_waterfowl_crowd,aerien_non_marin,BDA_12C_20181127_3_06_02.png,684,521,346.58,140.23,31.61,47.72,1,1508.43,0.42328,0.04621,0.09159,0.6624,0,0
uas_waterfowl_crowd,aerien_non_marin,BDA_12C_20181127_3_06_02.png,684,521,373.26,212.72,31.51,44.3,1,1395.89,0.3917,0.04607,0.08503,0.7113,0,0
uas_waterfowl_crowd,aerien_non_marin,BDA_12C_20181127_3_06_02.png,684,521,448.98,193.91,32.04,47.65,1,1526.71,0.42841,0.04684,0.09146,0.6724,0,0
uas_waterfowl_crowd,aerien_non_marin,BDA_12C_20181127_3_06_02.png,684,521,495.25,152.32,30.82,49.32,1,1520.04,0.42654,0.04506,0.09466,0.6249,0,0
uas_waterfowl_crowd,aerien_non_marin,BDA_12C_20181127_3_06_02.png,684,521,379.48,120.88,40.06,38.35,1,1536.3,0.4311,0.05857,0.07361,1.0446,0,0
uas_waterfowl_crowd,aerien_non_marin,BDA_12C_20181127_3_06_02.png,684,521,452.45,108.58,31.28,46.23,1,1446.07,0.40579,0.04573,0.08873,0.6766,0,0
uas_waterfowl_crowd,aerien_non_marin,BDA_12C_20181127_3_06_02.png,684,521,427.98,124.67,30.4,45.7,1,1389.28,0.38985,0.04444,0.08772,0.6652,0,0
uas_waterfowl_crowd,aerien_non_marin,BDA_12C_20181127_3_06_02.png,684,521,408.32,205.19,33.74,47.17,1,1591.52,0.4466,0.04933,0.09054,0.7153,0,0
uas_waterfowl_crowd,aerien_non_marin,BDA_12C_20181127_3_06_02.png,684,521,288.72,202.02,29.82,46.19,1,1377.39,0.38651,0.0436,0.08866,0.6456,0,0
uas_waterfowl_crowd,aerien_non_marin,BDA_12C_20181127_3_06_02.png,684,521,199.23,163.47,36.96,44.09,1,1629.57,0.45728,0.05404,0.08463,0.8383,0,0
uas_waterfowl_crowd,aerien_non_marin,BDA_12C_20181127_3_06_02.png,684,521,252.11,169.29,34.4,42.72,1,1469.57,0.41238,0.05029,0.082,0.8052,0,0
uas_waterfowl_crowd,aerien_non_marin,BDA_12C_20181127_3_06_02.png,684,521,178.38,233.87,46.46,38.17,1,1773.38,0.49763,0.06792,0.07326,1.2172,0,0
uas_waterfowl_crowd,aerien_non_marin,BDA_12C_20181127_3_06_02.png,684,521,350.39,361.06,33.44,43.38,1,1450.63,0.40706,0.04889,0.08326,0.7709,0,0
uas_waterfowl_crowd,aerien_non_marin,BDA_12C_20181127_3_06_02.png,684,521,289.46,356.05,46.99,33.82,1,1589.2,0.44595,0.0687,0.06491,1.3894,0,0
uas_waterfowl_crowd,aerien_non_marin,BDA_12C_20181127_3_06_02.png,684,521,243.75,363.46,32.48,47.08,1,1529.16,0.4291,0.04749,0.09036,0.6899,0,0
uas_waterfowl_crowd,aerien_non_marin,BDA_12C_20181127_3_06_02.png,684,521,200.91,343.26,37.2,36.85,1,1370.82,0.38467,0.05439,0.07073,1.0095,0,0
uas_waterfowl_crowd,aerien_non_marin,BDA_12C_20181127_3_06_02.png,684,521,223.99,284.23,31.85,44.0,1,1401.4,0.39325,0.04656,0.08445,0.7239,0,0
uas_waterfowl_crowd,aerien_non_marin,BDA_12C_20181127_3_06_02.png,684,521,250.98,244.8,34.0,41.54,1,1412.36,0.39633,0.04971,0.07973,0.8185,0,0
uas_waterfowl_crowd,aerien_non_marin,BDA_12C_20181127_3_06_02.png,684,521,224.72,213.49,31.0,38.98,1,1208.38,0.33909,0.04532,0.07482,0.7953,0,0
uas_waterfowl_crowd,aerien_non_marin,BDA_12C_20181127_3_06_02.png,684,521,-2.6,80.01,40.08,41.96,1,1681.76,0.47192,0.0586,0.08054,0.9552,0,1
uas_waterfowl_crowd,aerien_non_marin,BDA_12C_20181127_3_06_02.png,684,521,509.75,82.42,37.2,34.62,1,1287.86,0.36139,0.05439,0.06645,1.0745,0,0
uas_waterfowl_crowd,aerien_non_marin,BDA_12C_20181127_3_06_02.png,684,521,543.21,61.43,33.48,40.16,1,1344.56,0.3773,0.04895,0.07708,0.8337,0,0
uas_waterfowl_crowd,aerien_non_marin,BDA_12C_20181127_3_06_02.png,684,521,565.64,86.04,47.99,37.09,1,1779.95,0.49948,0.07016,0.07119,1.2939,0,0
uas_waterfowl_crowd,aerien_non_marin,BDA_12C_20181127_3_06_02.png,684,521,533.93,156.84,41.19,45.66,1,1880.74,0.52776,0.06022,0.08764,0.9021,0,0
uas_waterfowl_crowd,aerien_non_marin,BDA_12C_20181127_3_06_02.png,684,521,546.38,489.01,32.12,37.58,1,1207.07,0.33872,0.04696,0.07213,0.8547,0,1
uas_waterfowl_crowd,aerien_non_marin,BDA_12C_20181127_3_06_02.png,684,521,41.79,449.43,39.6,43.76,1,1732.9,0.48627,0.05789,0.08399,0.9049,0,0
uas_waterfowl_crowd,aerien_non_marin,BDA_12C_20181127_3_06_02.png,684,521,18.18,310.23,40.16,49.51,1,1988.32,0.55795,0.05871,0.09503,0.8111,0,0
uas_waterfowl_crowd,aerien_non_marin,BDA_12C_20181127_3_06_02.png,684,521,-9.58,213.3,32.67,45.25,1,1478.32,0.41483,0.04776,0.08685,0.722,0,1
uas_waterfowl_crowd,aerien_non_marin,BDA_12C_20181127_3_06_02.png,684,521,124.91,214.99,31.2,52.0,1,1622.4,0.45526,0.04561,0.09981,0.6,0,0
uas_waterfowl_crowd,aerien_non_marin,BDA_12C_20181127_3_06_02.png,684,521,145.43,272.41,38.77,33.94,1,1315.85,0.36924,0.05668,0.06514,1.1423,0,0
uas_waterfowl_crowd,aerien_non_marin,BDA_12C_20181127_3_06_02.png,684,521,117.81,323.2,42.46,45.76,1,1942.97,0.54522,0.06208,0.08783,0.9279,0,0
uas_waterfowl_crowd,aerien_non_marin,BDA_12C_20181127_3_06_02.png,684,521,93.83,367.85,41.23,39.27,1,1619.1,0.45434,0.06028,0.07537,1.0499,0,0
uas_waterfowl_crowd,aerien_non_marin,BDA_12C_20181127_3_06_02.png,684,521,117.64,407.73,47.29,33.81,1,1598.87,0.44866,0.06914,0.06489,1.3987,0,0
uas_waterfowl_crowd,aerien_non_marin,BDA_12C_20181127_3_06_02.png,684,521,195.12,409.34,44.54,37.38,1,1664.91,0.46719,0.06512,0.07175,1.1915,0,0
uas_waterfowl_crowd,aerien_non_marin,BDA_12C_20181127_3_06_02.png,684,521,229.58,439.18,32.95,46.96,1,1547.33,0.4342,0.04817,0.09013,0.7017,0,0
uas_waterfowl_crowd,aerien_non_marin,BDA_12C_20181127_3_06_02.png,684,521,181.75,453.81,38.0,41.98,1,1595.24,0.44764,0.05556,0.08058,0.9052,0,0
uas_waterfowl_crowd,aerien_non_marin,BDA_12C_20181127_3_06_03.png,684,521,14.25,8.23,31.66,42.07,1,1331.94,0.37376,0.04629,0.08075,0.7526,0,0
uas_waterfowl_crowd,aerien_non_marin,BDA_12C_20181127_3_06_03.png,684,521,371.59,0.47,55.11,27.0,1,1487.97,0.41754,0.08057,0.05182,2.0411,0,0
uas_waterfowl_crowd,aerien_non_marin,BDA_12C_20181127_3_06_03.png,684,521,515.75,0.0,45.0,38.0,1,1710.0,0.47985,0.06579,0.07294,1.1842,0,0
uas_waterfowl_crowd,aerien_non_marin,BDA_12C_20181127_3_06_03.png,684,521,604.13,15.42,39.4,43.5,1,1713.9,0.48094,0.0576,0.08349,0.9057,0,0
uas_waterfowl_crowd,aerien_non_marin,BDA_12C_20181127_3_06_03.png,684,521,45.97,46.02,30.56,53.62,1,1638.63,0.45982,0.04468,0.10292,0.5699,0,0
uas_waterfowl_crowd,aerien_non_marin,BDA_12C_20181127_3_06_03.png,684,521,73.77,90.16,36.44,45.33,1,1651.83,0.46352,0.05327,0.08701,0.8039,0,0
uas_waterfowl_crowd,aerien_non_marin,BDA_12C_20181127_3_06_03.png,684,521,523.75,85.47,30.02,43.0,1,1290.86,0.36223,0.04389,0.08253,0.6981,0,0
uas_waterfowl_crowd,aerien_non_marin,BDA_12C_20181127_3_06_03.png,684,521,641.79,99.41,43.93,37.8,1,1660.55,0.46597,0.06423,0.07255,1.1622,0,1
uas_waterfowl_crowd,aerien_non_marin,BDA_12C_20181127_3_06_03.png,684,521,200.8,86.4,31.83,50.4,1,1604.23,0.45017,0.04654,0.09674,0.6315,0,0
uas_waterfowl_crowd,aerien_non_marin,BDA_12C_20181127_3_06_03.png,684,521,384.72,105.47,34.12,48.0,1,1637.76,0.45958,0.04988,0.09213,0.7108,0,0
uas_waterfowl_crowd,aerien_non_marin,BDA_12C_20181127_3_06_03.png,684,521,112.65,168.35,37.5,55.73,1,2089.88,0.58644,0.05482,0.10697,0.6729,0,0
uas_waterfowl_crowd,aerien_non_marin,BDA_12C_20181127_3_06_03.png,684,521,33.75,203.71,33.0,52.74,1,1740.42,0.48838,0.04825,0.10123,0.6257,0,0
uas_waterfowl_crowd,aerien_non_marin,BDA_12C_20181127_3_06_03.png,684,521,234.92,140.63,34.52,32.15,1,1109.82,0.31143,0.05047,0.06171,1.0737,0,0
uas_waterfowl_crowd,aerien_non_marin,BDA_12C_20181127_3_06_03.png,684,521,204.36,184.7,28.87,45.44,1,1311.85,0.36812,0.04221,0.08722,0.6353,0,0
uas_waterfowl_crowd,aerien_non_marin,BDA_12C_20181127_3_06_03.png,684,521,161.75,212.15,29.0,48.0,1,1392.0,0.39061,0.0424,0.09213,0.6042,0,0
uas_waterfowl_crowd,aerien_non_marin,BDA_12C_20181127_3_06_03.png,684,521,444.75,154.93,28.87,46.0,1,1328.02,0.37266,0.04221,0.08829,0.6276,0,0
uas_waterfowl_crowd,aerien_non_marin,BDA_12C_20181127_3_06_03.png,684,521,488.5,199.56,45.01,31.2,1,1404.31,0.39407,0.0658,0.05988,1.4426,0,0
uas_waterfowl_crowd,aerien_non_marin,BDA_12C_20181127_3_06_03.png,684,521,405.59,185.34,45.0,32.0,1,1440.0,0.40408,0.06579,0.06142,1.4062,0,0
uas_waterfowl_crowd,aerien_non_marin,BDA_12C_20181127_3_06_03.png,684,521,360.74,215.43,31.9,45.5,1,1451.45,0.40729,0.04664,0.08733,0.7011,0,0
uas_waterfowl_crowd,aerien_non_marin,BDA_12C_20181127_3_06_03.png,684,521,135.88,269.1,25.0,48.0,1,1200.0,0.33673,0.03655,0.09213,0.5208,0,0
uas_waterfowl_crowd,aerien_non_marin,BDA_12C_20181127_3_06_03.png,684,521,208.75,244.94,43.0,45.27,1,1946.61,0.54624,0.06287,0.08689,0.9499,0,0
uas_waterfowl_crowd,aerien_non_marin,BDA_12C_20181127_3_06_03.png,684,521,271.75,233.14,31.0,54.34,1,1684.54,0.4727,0.04532,0.1043,0.5705,0,0
uas_waterfowl_crowd,aerien_non_marin,BDA_12C_20181127_3_06_03.png,684,521,470.39,288.9,41.33,34.12,1,1410.18,0.39571,0.06042,0.06549,1.2113,0,0
uas_waterfowl_crowd,aerien_non_marin,BDA_12C_20181127_3_06_03.png,684,521,574.33,289.47,52.0,42.0,1,2184.0,0.61286,0.07602,0.08061,1.2381,0,0
uas_waterfowl_crowd,aerien_non_marin,BDA_12C_20181127_3_06_03.png,684,521,643.75,277.47,33.0,49.0,1,1617.0,0.45375,0.04825,0.09405,0.6735,0,0
uas_waterfowl_crowd,aerien_non_marin,BDA_12C_20181127_3_06_03.png,684,521,612.79,325.16,25.59,46.88,1,1199.66,0.33664,0.03741,0.08998,0.5459,0,0
uas_waterfowl_crowd,aerien_non_marin,BDA_12C_20181127_3_06_03.png,684,521,68.59,328.86,23.0,45.27,1,1041.21,0.29218,0.03363,0.08689,0.5081,0,0
uas_waterfowl_crowd,aerien_non_marin,BDA_12C_20181127_3_06_03.png,684,521,79.75,361.57,28.75,41.84,1,1202.9,0.33755,0.04203,0.08031,0.6871,0,0
uas_waterfowl_crowd,aerien_non_marin,BDA_12C_20181127_3_06_03.png,684,521,136.75,390.94,45.93,35.48,1,1629.6,0.45728,0.06715,0.0681,1.2945,0,0
uas_waterfowl_crowd,aerien_non_marin,BDA_12C_20181127_3_06_03.png,684,521,245.75,331.49,39.37,40.68,1,1601.57,0.44942,0.05756,0.07808,0.9678,0,0
uas_waterfowl_crowd,aerien_non_marin,BDA_12C_20181127_3_06_03.png,684,521,291.75,337.47,39.0,36.74,1,1432.86,0.40208,0.05702,0.07052,1.0615,0,0
uas_waterfowl_crowd,aerien_non_marin,BDA_12C_20181127_3_06_03.png,684,521,455.81,350.47,32.0,50.52,1,1616.64,0.45365,0.04678,0.09697,0.6334,0,0
uas_waterfowl_crowd,aerien_non_marin,BDA_12C_20181127_3_06_03.png,684,521,521.82,406.33,40.05,43.7,1,1750.18,0.49112,0.05855,0.08388,0.9165,0,0
uas_waterfowl_crowd,aerien_non_marin,BDA_12C_20181127_3_06_03.png,684,521,457.26,417.47,38.0,36.0,1,1368.0,0.38388,0.05556,0.0691,1.0556,0,0
uas_waterfowl_crowd,aerien_non_marin,BDA_12C_20181127_3_06_03.png,684,521,299.69,404.15,38.4,57.0,1,2188.8,0.6142,0.05614,0.1094,0.6737,0,0
uas_waterfowl_crowd,aerien_non_marin,BDA_12C_20181127_3_06_03.png,684,521,239.83,412.47,29.0,50.88,1,1475.52,0.41405,0.0424,0.09766,0.57,0,0
uas_waterfowl_crowd,aerien_non_marin,BDA_12C_20181127_3_06_03.png,684,521,161.1,480.01,42.0,36.23,1,1521.66,0.427,0.0614,0.06954,1.1593,0,0
uas_waterfowl_crowd,aerien_non_marin,BDA_12C_20181127_3_06_03.png,684,521,242.9,469.27,43.69,42.65,1,1863.38,0.52289,0.06387,0.08186,1.0244,0,0
uas_waterfowl_crowd,aerien_non_marin,BDA_12C_20181127_3_06_03.png,684,521,309.75,485.73,37.4,36.74,1,1374.08,0.38558,0.05468,0.07052,1.018,0,1
uas_waterfowl_crowd,aerien_non_marin,BDA_12C_20181127_3_06_04.png,684,521,6.33,71.55,49.42,35.74,1,1766.27,0.49564,0.07225,0.0686,1.3828,0,0
uas_waterfowl_crowd,aerien_non_marin,BDA_12C_20181127_3_06_04.png,684,521,211.53,102.01,30.45,46.0,1,1400.7,0.39305,0.04452,0.08829,0.662,0,0
uas_waterfowl_crowd,aerien_non_marin,BDA_12C_20181127_3_06_04.png,684,521,255.37,117.47,32.0,55.0,1,1760.0,0.49388,0.04678,0.10557,0.5818,0,0
uas_waterfowl_crowd,aerien_non_marin,BDA_12C_20181127_3_06_04.png,684,521,216.27,190.99,38.41,43.02,1,1652.4,0.46368,0.05615,0.08257,0.8928,0,0
uas_waterfowl_crowd,aerien_non_marin,BDA_12C_20181127_3_06_04.png,684,521,332.25,122.96,40.92,45.46,1,1860.22,0.522,0.05982,0.08726,0.9001,0,0
uas_waterfowl_crowd,aerien_non_marin,BDA_12C_20181127_3_06_04.png,684,521,361.69,75.09,36.1,45.0,1,1624.5,0.45585,0.05278,0.08637,0.8022,0,0
uas_waterfowl_crowd,aerien_non_marin,BDA_12C_20181127_3_06_04.png,684,521,40.51,344.94,33.1,44.67,1,1478.58,0.41491,0.04839,0.08574,0.741,0,0
uas_waterfowl_crowd,aerien_non_marin,BDA_12C_20181127_3_06_04.png,684,521,39.81,176.47,52.0,26.0,1,1352.0,0.37939,0.07602,0.0499,2.0,0,0
uas_waterfowl_crowd,aerien_non_marin,BDA_12C_20181127_3_06_04.png,684,521,327.05,330.29,35.83,43.5,1,1558.61,0.43736,0.05238,0.08349,0.8237,0,0
uas_waterfowl_crowd,aerien_non_marin,BDA_12C_20181127_3_06_04.png,684,521,478.75,183.61,37.45,46.7,1,1748.92,0.49077,0.05475,0.08964,0.8019,0,0
uas_waterfowl_crowd,aerien_non_marin,BDA_12C_20181127_3_06_04.png,684,521,212.75,381.47,46.0,52.15,1,2398.9,0.67316,0.06725,0.1001,0.8821,0,0
uas_waterfowl_crowd,aerien_non_marin,BDA_12C_20181127_3_06_04.png,684,521,399.73,325.47,54.82,32.06,1,1757.53,0.49318,0.08015,0.06154,1.7099,0,0
uas_waterfowl_crowd,aerien_non_marin,BDA_12C_20181127_3_06_04.png,684,521,372.25,408.47,37.0,41.0,1,1517.0,0.42569,0.05409,0.07869,0.9024,0,0
uas_waterfowl_crowd,aerien_non_marin,BDA_12C_20181127_3_06_04.png,684,521,82.36,29.27,34.99,46.5,1,1627.04,0.45657,0.05115,0.08925,0.7525,0,0
uas_waterfowl_crowd,aerien_non_marin,BDA_12C_20181127_3_06_04.png,684,521,268.5,3.09,36.5,40.5,1,1478.25,0.41481,0.05336,0.07774,0.9012,0,0
uas_waterfowl_crowd,aerien_non_marin,BDA_12C_20181127_3_06_04.png,684,521,401.75,5.59,49.0,31.0,1,1519.0,0.42625,0.07164,0.0595,1.5806,0,0
uas_waterfowl_crowd,aerien_non_marin,BDA_12C_20181127_3_06_04.png,684,521,410.77,284.47,60.83,31.0,1,1885.73,0.52916,0.08893,0.0595,1.9623,0,0
uas_waterfowl_crowd,aerien_non_marin,BDA_12C_20181127_3_06_04.png,684,521,434.98,383.04,43.45,38.66,1,1679.78,0.47137,0.06352,0.0742,1.1239,0,0
uas_waterfowl_crowd,aerien_non_marin,BDA_12C_20181127_3_06_04.png,684,521,613.11,378.99,35.42,44.18,1,1564.86,0.43912,0.05178,0.0848,0.8017,0,0
uas_waterfowl_crowd,aerien_non_marin,BDA_12C_20181127_3_06_05.png,684,521,509.69,164.4,45.5,39.18,1,1782.69,0.50024,0.06652,0.0752,1.1613,0,0
uas_waterfowl_crowd,aerien_non_marin,BDA_12C_20181127_3_06_05.png,684,521,547.38,62.98,44.4,49.17,1,2183.15,0.61262,0.06491,0.09438,0.903,0,0
uas_waterfowl_crowd,aerien_non_marin,BDA_12C_20181127_3_06_05.png,684,521,244.0,471.97,55.0,33.59,1,1847.45,0.51842,0.08041,0.06447,1.6374,0,0
uas_waterfowl_crowd,aerien_non_marin,BDA_12C_20181127_3_06_05.png,684,521,132.07,291.97,44.0,55.0,1,2420.0,0.67908,0.06433,0.10557,0.8,0,0
uas_waterfowl_crowd,aerien_non_marin,BDA_12C_20181127_3_06_05.png,684,521,57.06,111.84,49.27,40.0,1,1970.8,0.55303,0.07203,0.07678,1.2318,0,0
uas_waterfowl_crowd,aerien_non_marin,BDA_12C_20181127_3_06_05.png,684,521,47.09,196.32,45.54,37.0,1,1684.98,0.47283,0.06658,0.07102,1.2308,0,0
uas_waterfowl_crowd,aerien_non_marin,BDA_12C_20181127_3_06_05.png,684,521,9.23,130.76,41.5,48.67,1,2019.81,0.56678,0.06067,0.09342,0.8527,0,0
uas_waterfowl_crowd,aerien_non_marin,BDA_12C_20181127_3_06_05.png,684,521,226.29,219.84,33.09,51.78,1,1713.4,0.4808,0.04838,0.09939,0.639,0,0
uas_waterfowl_crowd,aerien_non_marin,BDA_12C_20181127_3_06_05.png,684,521,616.17,33.58,37.0,52.53,1,1943.61,0.5454,0.05409,0.10083,0.7044,0,0
uas_waterfowl_crowd,aerien_non_marin,BDA_12C_20181127_3_06_05.png,684,521,468.32,245.87,36.33,47.5,1,1725.67,0.48425,0.05311,0.09117,0.7648,0,0
uas_waterfowl_crowd,aerien_non_marin,BDA_12C_20181127_3_06_05.png,684,521,455.03,94.37,43.5,46.07,1,2004.05,0.56236,0.0636,0.08843,0.9442,0,0
uas_waterfowl_crowd,aerien_non_marin,BDA_12C_20181127_3_06_05.png,684,521,533.0,-1.6,37.0,52.0,1,1924.0,0.5399,0.05409,0.09981,0.7115,0,1
uas_waterfowl_crowd,aerien_non_marin,BDA_12C_20181127_3_06_05.png,684,521,124.81,28.0,49.6,38.67,1,1918.03,0.53822,0.07251,0.07422,1.2826,0,0
uas_waterfowl_crowd,aerien_non_marin,BDA_12C_20181127_3_06_05.png,684,521,288.95,158.3,39.0,44.0,1,1716.0,0.48153,0.05702,0.08445,0.8864,0,0
uas_waterfowl_crowd,aerien_non_marin,BDA_12C_20181127_3_06_05.png,684,521,199.78,103.38,55.0,35.67,1,1961.85,0.55052,0.08041,0.06846,1.5419,0,0
uas_waterfowl_crowd,aerien_non_marin,BDA_12C_20181127_3_06_05.png,684,521,15.35,279.02,43.33,46.86,1,2030.44,0.56977,0.06335,0.08994,0.9247,0,0
uas_waterfowl_crowd,aerien_non_marin,BDA_12C_20181127_3_06_05.png,684,521,20.91,4.23,36.0,49.0,1,1764.0,0.495,0.05263,0.09405,0.7347,0,0
uas_waterfowl_crowd,aerien_non_marin,BDA_12C_20181127_3_06_05.png,684,521,171.42,159.59,46.14,33.07,1,1525.85,0.42817,0.06746,0.06347,1.3952,0,0
uas_waterfowl_crowd,aerien_non_marin,BDA_12C_20181127_3_06_05.png,684,521,216.75,167.07,48.0,36.0,1,1728.0,0.4849,0.07018,0.0691,1.3333,0,0
uas_waterfowl_crowd,aerien_non_marin,BDA_12C_20181127_3_06_05.png,684,521,388.88,343.25,56.0,36.0,1,2016.0,0.56571,0.08187,0.0691,1.5556,0,0
uas_waterfowl_crowd,aerien_non_marin,BDA_12C_20181127_3_06_05.png,684,521,380.81,194.23,39.0,62.0,1,2418.0,0.67852,0.05702,0.119,0.629,0,0
uas_waterfowl_crowd,aerien_non_marin,BDA_12C_20181127_3_06_06.png,684,521,105.89,99.08,35.0,43.0,1,1505.0,0.42232,0.05117,0.08253,0.814,0,0
uas_waterfowl_crowd,aerien_non_marin,BDA_12C_20181127_3_06_06.png,684,521,53.68,119.26,26.4,36.0,1,950.4,0.26669,0.0386,0.0691,0.7333,0,0
uas_waterfowl_crowd,aerien_non_marin,BDA_12C_20181127_3_06_06.png,684,521,266.03,111.16,44.0,36.85,1,1621.4,0.45498,0.06433,0.07073,1.194,0,0
uas_waterfowl_crowd,aerien_non_marin,BDA_12C_20181127_3_06_06.png,684,521,347.67,120.12,33.25,36.0,1,1197.0,0.33589,0.04861,0.0691,0.9236,0,0
uas_waterfowl_crowd,aerien_non_marin,BDA_12C_20181127_3_06_06.png,684,521,411.53,282.96,39.0,37.34,1,1456.26,0.40864,0.05702,0.07167,1.0445,0,0
uas_waterfowl_crowd,aerien_non_marin,BDA_12C_20181127_3_06_06.png,684,521,77.88,285.15,27.62,39.99,1,1104.52,0.30994,0.04038,0.07676,0.6907,0,0
uas_waterfowl_crowd,aerien_non_marin,BDA_12C_20181127_3_06_06.png,684,521,494.25,316.0,29.0,43.5,1,1261.5,0.35399,0.0424,0.08349,0.6667,0,0
uas_waterfowl_crowd,aerien_non_marin,BDA_12C_20181127_3_06_06.png,684,521,530.09,363.2,37.0,33.35,1,1233.95,0.34626,0.05409,0.06401,1.1094,0,0
uas_waterfowl_crowd,aerien_non_marin,BDA_12C_20181127_3_06_06.png,684,521,415.31,202.88,48.0,27.31,1,1310.88,0.36785,0.07018,0.05242,1.7576,0,0
uas_waterfowl_crowd,aerien_non_marin,BDA_12C_20181127_3_06_06.png,684,521,600.25,406.77,44.0,44.0,1,1936.0,0.54326,0.06433,0.08445,1.0,0,0
uas_waterfowl_crowd,aerien_non_marin,BDA_12C_20181127_3_06_07.png,684,521,331.21,285.4,36.0,42.0,1,1512.0,0.42429,0.05263,0.08061,0.8571,0,0
uas_waterfowl_crowd,aerien_non_marin,BDA_12C_20181127_3_06_07.png,684,521,115.45,13.31,51.0,36.5,1,1861.5,0.52236,0.07456,0.07006,1.3973,0,0
uas_waterfowl_crowd,aerien_non_marin,BDA_12C_20181127_3_06_07.png,684,521,37.71,161.62,34.5,47.0,1,1621.5,0.45501,0.05044,0.09021,0.734,0,0
uas_waterfowl_crowd,aerien_non_marin,BDA_12C_20181127_3_06_07.png,684,521,-16.72,83.8,44.62,43.0,1,1918.66,0.5384,0.06523,0.08253,1.0377,0,1
uas_waterfowl_crowd,aerien_non_marin,BDA_12C_20181127_3_06_07.png,684,521,42.31,33.54,34.0,49.5,1,1683.0,0.47227,0.04971,0.09501,0.6869,0,0
uas_waterfowl_crowd,aerien_non_marin,BDA_12C_20181127_3_06_07.png,684,521,182.21,9.73,41.5,33.18,1,1376.97,0.38639,0.06067,0.06369,1.2508,0,0
uas_waterfowl_crowd,aerien_non_marin,BDA_12C_20181127_3_06_07.png,684,521,91.94,170.4,28.0,46.52,1,1302.56,0.36551,0.04094,0.08929,0.6019,0,0
uas_waterfowl_crowd,aerien_non_marin,BDA_12C_20181127_3_06_07.png,684,521,123.31,307.62,28.43,40.0,1,1137.2,0.31911,0.04156,0.07678,0.7107,0,0
uas_waterfowl_crowd,aerien_non_marin,BDA_12C_20181127_3_06_07.png,684,521,49.51,335.05,28.5,41.0,1,1168.5,0.3279,0.04167,0.07869,0.6951,0,0
uas_waterfowl_crowd,aerien_non_marin,BDA_12C_20181127_3_06_07.png,684,521,17.81,291.62,40.0,43.0,1,1720.0,0.48265,0.05848,0.08253,0.9302,0,0
uas_waterfowl_crowd,aerien_non_marin,BDA_12C_20181127_3_06_07.png,684,521,315.03,207.05,35.95,42.5,1,1527.88,0.42874,0.05256,0.08157,0.8459,0,0
uas_waterfowl_crowd,aerien_non_marin,BDA_12C_20181127_3_06_07.png,684,521,451.48,179.47,40.56,47.11,1,1910.78,0.53619,0.0593,0.09042,0.861,0,0
uas_waterfowl_crowd,aerien_non_marin,BDA_12C_20181127_3_06_07.png,684,521,557.31,172.27,28.0,47.37,1,1326.36,0.37219,0.04094,0.09092,0.5911,0,0
uas_waterfowl_crowd,aerien_non_marin,BDA_12C_20181127_3_06_07.png,684,521,585.78,197.3,28.5,41.5,1,1182.75,0.33189,0.04167,0.07965,0.6867,0,0
uas_waterfowl_crowd,aerien_non_marin,BDA_12C_20181127_3_06_07.png,684,521,300.14,376.81,45.2,34.5,1,1559.4,0.43759,0.06608,0.06622,1.3101,0,0
uas_waterfowl_crowd,aerien_non_marin,BDA_12C_20181127_3_06_07.png,684,521,538.81,330.0,32.36,38.92,1,1259.45,0.35342,0.04731,0.0747,0.8314,0,0
uas_waterfowl_crowd,aerien_non_marin,BDA_12C_20181127_3_06_07.png,684,521,619.52,377.66,34.0,43.5,1,1479.0,0.41503,0.04971,0.08349,0.7816,0,0
uas_waterfowl_crowd,aerien_non_marin,BDA_12C_20181127_3_06_07.png,684,521,645.6,324.07,29.0,47.03,1,1363.87,0.38272,0.0424,0.09027,0.6166,0,0
uas_waterfowl_crowd,aerien_non_marin,BDA_12C_20181127_3_06_07.png,684,521,509.53,436.66,27.94,45.21,1,1263.17,0.35446,0.04085,0.08678,0.618,0,0
uas_waterfowl_crowd,aerien_non_marin,BDA_12C_20181127_3_06_08.png,684,521,320.49,305.47,46.0,46.0,1,2116.0,0.59377,0.06725,0.08829,1.0,0,0
uas_waterfowl_crowd,aerien_non_marin,BDA_12C_20181127_3_06_08.png,684,521,570.31,133.47,64.0,46.0,1,2944.0,0.82612,0.09357,0.08829,1.3913,0,0
uas_waterfowl_crowd,aerien_non_marin,BDA_12C_20181127_3_06_08.png,684,521,457.4,-5.53,40.0,41.6,1,1664.0,0.46694,0.05848,0.07985,0.9615,0,1
uas_waterfowl_crowd,aerien_non_marin,BDA_12C_20181127_3_06_08.png,684,521,364.31,-8.27,58.67,44.0,1,2581.48,0.72439,0.08577,0.08445,1.3334,0,1
uas_waterfowl_crowd,aerien_non_marin,BDA_12C_20181127_3_06_08.png,684,521,357.31,62.12,42.61,50.4,1,2147.54,0.60263,0.0623,0.09674,0.8454,0,0
uas_waterfowl_crowd,aerien_non_marin,BDA_12C_20181127_3_06_08.png,684,521,241.76,45.33,50.94,32.0,1,1630.08,0.45742,0.07447,0.06142,1.5919,0,0
uas_waterfowl_crowd,aerien_non_marin,BDA_12C_20181127_3_06_08.png,684,521,158.19,0.34,37.0,37.0,1,1369.0,0.38416,0.05409,0.07102,1.0,0,0
uas_waterfowl_crowd,aerien_non_marin,BDA_12C_20181127_3_06_08.png,684,521,5.16,355.03,36.44,54.18,1,1974.32,0.55402,0.05327,0.10399,0.6726,0,0
uas_waterfowl_crowd,aerien_non_marin,BDA_12C_20181127_3_06_08.png,684,521,217.94,242.28,35.14,45.96,1,1615.03,0.4532,0.05137,0.08821,0.7646,0,0
uas_waterfowl_crowd,aerien_non_marin,BDA_12C_20181127_3_06_08.png,684,521,521.78,394.38,59.6,34.0,1,2026.4,0.56863,0.08713,0.06526,1.7529,0,0
uas_waterfowl_crowd,aerien_non_marin,BDA_12C_20181127_3_06_08.png,684,521,583.31,212.62,42.0,52.0,1,2184.0,0.61286,0.0614,0.09981,0.8077,0,0
uas_waterfowl_crowd,aerien_non_marin,BDA_12C_20181127_3_06_08.png,684,521,509.98,9.23,42.6,49.05,1,2089.53,0.58635,0.06228,0.09415,0.8685,0,0
uas_waterfowl_crowd,aerien_non_marin,BDA_12C_20181127_3_06_08.png,684,521,155.31,28.47,40.0,49.0,1,1960.0,0.55,0.05848,0.09405,0.8163,0,0
uas_waterfowl_crowd,aerien_non_marin,BDA_12C_20181127_3_06_08.png,684,521,100.75,4.78,36.0,44.8,1,1612.8,0.45257,0.05263,0.08599,0.8036,0,0
uas_waterfowl_crowd,aerien_non_marin,BDA_12C_20181127_3_06_08.png,684,521,41.26,-3.85,31.89,44.8,1,1428.67,0.4009,0.04662,0.08599,0.7118,0,1
uas_waterfowl_crowd,aerien_non_marin,BDA_12C_20181127_3_06_08.png,684,521,35.0,158.53,32.0,48.8,1,1561.6,0.4382,0.04678,0.09367,0.6557,0,0
uas_waterfowl_crowd,aerien_non_marin,BDA_12C_20181127_3_06_08.png,684,521,335.99,172.02,51.93,44.22,1,2296.34,0.64438,0.07592,0.08488,1.1744,0,0
uas_waterfowl_crowd,aerien_non_marin,BDA_12C_20181127_3_06_08.png,684,521,422.88,256.6,47.23,51.1,1,2413.45,0.67724,0.06905,0.09808,0.9243,0,0
uas_waterfowl_crowd,aerien_non_marin,BDA_12C_20181127_3_06_08.png,684,521,311.53,237.02,41.38,45.3,1,1874.51,0.52601,0.0605,0.08695,0.9135,0,0
uas_waterfowl_crowd,aerien_non_marin,BDA_12C_20181127_3_06_08.png,684,521,67.65,441.3,46.78,46.6,1,2179.95,0.61172,0.06839,0.08944,1.0039,0,0
uas_waterfowl_crowd,aerien_non_marin,BDA_12C_20181127_3_07_01.png,684,521,373.9,61.95,47.59,43.2,1,2055.89,0.57691,0.06958,0.08292,1.1016,0,0
uas_waterfowl_crowd,aerien_non_marin,BDA_12C_20181127_3_07_01.png,684,521,279.81,54.59,38.67,46.17,1,1785.39,0.501,0.05654,0.08862,0.8376,0,0
uas_waterfowl_crowd,aerien_non_marin,BDA_12C_20181127_3_07_01.png,684,521,352.74,162.9,40.89,45.46,1,1858.86,0.52162,0.05978,0.08726,0.8995,0,0
uas_waterfowl_crowd,aerien_non_marin,BDA_12C_20181127_3_07_01.png,684,521,401.92,184.64,49.0,30.52,1,1495.48,0.41965,0.07164,0.05858,1.6055,0,0
uas_waterfowl_crowd,aerien_non_marin,BDA_12C_20181127_3_07_01.png,684,521,471.75,155.71,34.11,53.46,1,1823.52,0.5117,0.04987,0.10261,0.638,0,0
uas_waterfowl_crowd,aerien_non_marin,BDA_12C_20181127_3_07_01.png,684,521,400.66,223.93,45.84,38.75,1,1776.3,0.49845,0.06702,0.07438,1.183,0,0
uas_waterfowl_crowd,aerien_non_marin,BDA_12C_20181127_3_07_01.png,684,521,242.0,279.61,40.95,46.04,1,1885.34,0.52905,0.05987,0.08837,0.8894,0,0
uas_waterfowl_crowd,aerien_non_marin,BDA_12C_20181127_3_07_01.png,684,521,538.1,412.8,44.83,49.0,1,2196.67,0.61641,0.06554,0.09405,0.9149,0,0
uas_waterfowl_crowd,aerien_non_marin,BDA_12C_20181127_3_07_01.png,684,521,382.38,445.01,35.96,46.0,1,1654.16,0.46418,0.05257,0.08829,0.7817,0,0
uas_waterfowl_crowd,aerien_non_marin,BDA_12C_20181127_3_07_01.png,684,521,437.0,433.12,62.89,45.04,1,2832.57,0.79485,0.09194,0.08645,1.3963,0,0
uas_waterfowl_crowd,aerien_non_marin,BDA_12C_20181127_3_07_01.png,684,521,52.75,285.77,49.0,39.0,1,1911.0,0.53625,0.07164,0.07486,1.2564,0,0
uas_waterfowl_crowd,aerien_non_marin,BDA_12C_20181127_3_07_01.png,684,521,81.68,352.61,47.7,42.19,1,2012.46,0.56472,0.06974,0.08098,1.1306,0,0
uas_waterfowl_crowd,aerien_non_marin,BDA_12C_20181127_3_07_01.png,684,521,195.75,217.69,40.95,41.31,1,1691.64,0.4747,0.05987,0.07929,0.9913,0,0
uas_waterfowl_crowd,aerien_non_marin,BDA_12C_20181127_3_07_01.png,684,521,222.49,129.25,39.4,48.14,1,1896.72,0.53224,0.0576,0.0924,0.8184,0,0
uas_waterfowl_crowd,aerien_non_marin,BDA_12C_20181127_3_07_01.png,684,521,506.35,356.54,56.54,38.5,1,2176.79,0.61083,0.08266,0.0739,1.4686,0,0
uas_waterfowl_crowd,aerien_non_marin,BDA_12C_20181127_3_07_01.png,684,521,496.75,279.4,45.0,59.0,1,2655.0,0.74502,0.06579,0.11324,0.7627,0,0
uas_waterfowl_crowd,aerien_non_marin,BDA_12C_20181127_3_07_01.png,684,521,358.88,-1.39,58.5,38.7,1,2263.95,0.63529,0.08553,0.07428,1.5116,0,1
uas_waterfowl_crowd,aerien_non_marin,BDA_12C_20181127_3_07_01.png,684,521,464.17,26.09,38.7,50.0,1,1935.0,0.54298,0.05658,0.09597,0.774,0,0
uas_waterfowl_crowd,aerien_non_marin,BDA_12C_20181127_3_07_01.png,684,521,527.17,85.51,28.17,48.6,1,1369.06,0.38418,0.04118,0.09328,0.5796,0,0
uas_waterfowl_crowd,aerien_non_marin,BDA_12C_20181127_3_07_01.png,684,521,566.19,48.06,39.81,43.22,1,1720.59,0.48282,0.0582,0.08296,0.9211,0,0
uas_waterfowl_crowd,aerien_non_marin,BDA_12C_20181127_3_07_02.png,684,521,378.13,320.31,44.54,46.0,1,2048.84,0.57493,0.06512,0.08829,0.9683,0,0
uas_waterfowl_crowd,aerien_non_marin,BDA_12C_20181127_3_07_02.png,684,521,283.77,98.47,45.66,51.18,1,2336.88,0.65576,0.06675,0.09823,0.8921,0,0
uas_waterfowl_crowd,aerien_non_marin,BDA_12C_20181127_3_07_02.png,684,521,497.47,162.05,44.97,41.84,1,1881.54,0.52798,0.06575,0.08031,1.0748,0,0
uas_waterfowl_crowd,aerien_non_marin,BDA_12C_20181127_3_07_02.png,684,521,514.33,316.82,43.5,42.43,1,1845.7,0.51793,0.0636,0.08144,1.0252,0,0
uas_waterfowl_crowd,aerien_non_marin,BDA_12C_20181127_3_07_02.png,684,521,66.75,398.0,52.0,44.0,1,2288.0,0.64204,0.07602,0.08445,1.1818,0,0
uas_waterfowl_crowd,aerien_non_marin,BDA_12C_20181127_3_07_02.png,684,521,118.03,92.87,51.66,38.2,1,1973.41,0.55376,0.07553,0.07332,1.3524,0,0
uas_waterfowl_crowd,aerien_non_marin,BDA_12C_20181127_3_07_02.png,684,521,2.75,121.84,31.0,58.0,1,1798.0,0.50454,0.04532,0.11132,0.5345,0,0
uas_waterfowl_crowd,aerien_non_marin,BDA_12C_20181127_3_07_02.png,684,521,280.1,20.76,48.91,39.81,1,1947.11,0.54638,0.07151,0.07641,1.2286,0,0
uas_waterfowl_crowd,aerien_non_marin,BDA_12C_20181127_3_07_02.png,684,521,198.74,94.28,54.06,32.98,1,1782.9,0.5003,0.07904,0.0633,1.6392,0,0
uas_waterfowl_crowd,aerien_non_marin,BDA_12C_20181127_3_07_02.png,684,521,341.43,98.1,45.0,58.0,1,2610.0,0.7324,0.06579,0.11132,0.7759,0,0
uas_waterfowl_crowd,aerien_non_marin,BDA_12C_20181127_3_07_02.png,684,521,204.75,131.62,36.0,45.66,1,1643.76,0.46126,0.05263,0.08764,0.7884,0,0
uas_waterfowl_crowd,aerien_non_marin,BDA_12C_20181127_3_07_02.png,684,521,396.26,22.74,36.74,50.39,1,1851.33,0.5195,0.05371,0.09672,0.7291,0,0
uas_waterfowl_crowd,aerien_non_marin,BDA_12C_20181127_3_07_02.png,684,521,500.19,108.34,45.47,44.17,1,2008.41,0.56358,0.06648,0.08478,1.0294,0,0
uas_waterfowl_crowd,aerien_non_marin,BDA_12C_20181127_3_07_02.png,684,521,433.75,156.11,29.0,47.0,1,1363.0,0.38247,0.0424,0.09021,0.617,0,0
uas_waterfowl_crowd,aerien_non_marin,BDA_12C_20181127_3_07_02.png,684,521,587.11,99.37,40.42,52.32,1,2114.77,0.59343,0.05909,0.10042,0.7726,0,0
uas_waterfowl_crowd,aerien_non_marin,BDA_12C_20181127_3_07_02.png,684,521,427.87,217.53,41.0,42.08,1,1725.28,0.48413,0.05994,0.08077,0.9743,0,0
uas_waterfowl_crowd,aerien_non_marin,BDA_12C_20181127_3_07_02.png,684,521,629.83,265.62,57.0,43.0,1,2451.0,0.68778,0.08333,0.08253,1.3256,0,1
uas_waterfowl_crowd,aerien_non_marin,BDA_12C_20181127_3_07_02.png,684,521,447.62,299.42,45.14,35.0,1,1579.9,0.44334,0.06599,0.06718,1.2897,0,0
uas_waterfowl_crowd,aerien_non_marin,BDA_12C_20181127_3_07_02.png,684,521,436.56,356.29,30.53,46.0,1,1404.38,0.39409,0.04463,0.08829,0.6637,0,0
uas_waterfowl_crowd,aerien_non_marin,BDA_12C_20181127_3_07_02.png,684,521,378.97,473.62,43.22,56.69,1,2450.14,0.68754,0.06319,0.10881,0.7624,0,1
uas_waterfowl_crowd,aerien_non_marin,BDA_12C_20181127_3_07_02.png,684,521,210.75,238.0,37.53,44.61,1,1674.21,0.4698,0.05487,0.08562,0.8413,0,0
uas_waterfowl_crowd,aerien_non_marin,BDA_12C_20181127_3_07_02.png,684,521,48.75,343.78,33.0,50.05,1,1651.65,0.46347,0.04825,0.09607,0.6593,0,0
uas_waterfowl_crowd,aerien_non_marin,BDA_12C_20181127_3_07_02.png,684,521,210.63,352.62,39.81,32.0,1,1273.92,0.35748,0.0582,0.06142,1.2441,0,0
uas_waterfowl_crowd,aerien_non_marin,BDA_12C_20181127_3_07_02.png,684,521,103.51,482.84,41.77,38.71,1,1616.92,0.45373,0.06107,0.0743,1.079,0,1
uas_waterfowl_crowd,aerien_non_marin,BDA_12C_20181127_3_07_02.png,684,521,124.21,192.5,35.0,53.46,1,1871.1,0.52505,0.05117,0.10261,0.6547,0,0
uas_waterfowl_crowd,aerien_non_marin,BDA_12C_20181127_3_07_02.png,684,521,561.75,46.62,49.0,45.5,1,2229.5,0.62562,0.07164,0.08733,1.0769,0,0
uas_waterfowl_crowd,aerien_non_marin,BDA_12C_20181127_3_07_03.png,684,521,8.92,319.03,35.33,46.21,1,1632.6,0.45813,0.05165,0.08869,0.7646,0,0
uas_waterfowl_crowd,aerien_non_marin,BDA_12C_20181127_3_07_03.png,684,521,40.81,123.99,33.25,48.16,1,1601.32,0.44935,0.04861,0.09244,0.6904,0,0
uas_waterfowl_crowd,aerien_non_marin,BDA_12C_20181127_3_07_03.png,684,521,15.73,42.12,36.69,49.13,1,1802.58,0.50583,0.05364,0.0943,0.7468,0,0
uas_waterfowl_crowd,aerien_non_marin,BDA_12C_20181127_3_07_03.png,684,521,46.91,77.72,49.6,34.01,1,1686.9,0.47336,0.07251,0.06528,1.4584,0,0
uas_waterfowl_crowd,aerien_non_marin,BDA_12C_20181127_3_07_03.png,684,521,65.68,62.9,38.58,31.85,1,1228.77,0.34481,0.0564,0.06113,1.2113,0,0
uas_waterfowl_crowd,aerien_non_marin,BDA_12C_20181127_3_07_03.png,684,521,107.97,0.33,43.0,26.67,1,1146.81,0.32181,0.06287,0.05119,1.6123,0,0
uas_waterfowl_crowd,aerien_non_marin,BDA_12C_20181127_3_07_03.png,684,521,154.62,70.93,34.48,54.7,1,1886.06,0.52925,0.05041,0.10499,0.6303,0,0
uas_waterfowl_crowd,aerien_non_marin,BDA_12C_20181127_3_07_05.png,684,521,171.2,18.21,33.45,48.98,1,1638.38,0.45975,0.0489,0.09401,0.6829,0,0
uas_waterfowl_crowd,aerien_non_marin,BDA_12C_20181127_3_07_07.png,684,521,540.98,365.23,42.93,44.88,1,1926.7,0.54065,0.06276,0.08614,0.9566,0,0
uas_waterfowl_crowd,aerien_non_marin,BDA_12C_20181127_3_07_07.png,684,521,209.4,19.5,40.97,42.69,1,1749.01,0.49079,0.0599,0.08194,0.9597,0,0
uas_waterfowl_crowd,aerien_non_marin,BDA_12C_20181127_3_07_07.png,684,521,287.98,27.23,42.0,39.5,1,1659.0,0.46554,0.0614,0.07582,1.0633,0,0
uas_waterfowl_crowd,aerien_non_marin,BDA_12C_20181127_3_07_07.png,684,521,389.53,122.0,46.4,39.2,1,1818.88,0.5104,0.06784,0.07524,1.1837,0,0
uas_waterfowl_crowd,aerien_non_marin,BDA_12C_20181127_3_07_07.png,684,521,643.75,184.89,37.0,46.14,1,1707.18,0.47906,0.05409,0.08856,0.8019,0,0
uas_waterfowl_crowd,aerien_non_marin,BDA_12C_20181127_3_07_07.png,684,521,607.48,352.28,39.0,51.0,1,1989.0,0.55814,0.05702,0.09789,0.7647,0,0
uas_waterfowl_crowd,aerien_non_marin,BDA_12C_20181127_3_07_07.png,684,521,350.87,36.21,51.79,35.71,1,1849.42,0.51897,0.07572,0.06854,1.4503,0,0
uas_waterfowl_crowd,aerien_non_marin,BDA_12C_20181127_3_07_07.png,684,521,411.25,73.0,38.74,33.32,1,1290.82,0.36222,0.05664,0.06395,1.1627,0,0
uas_waterfowl_crowd,aerien_non_marin,BDA_12C_20181127_3_07_07.png,684,521,620.1,245.43,29.38,44.67,1,1312.4,0.36828,0.04295,0.08574,0.6577,0,0
uas_waterfowl_crowd,aerien_non_marin,BDA_12C_20181127_3_07_07.png,684,521,553.3,213.0,38.77,44.79,1,1736.51,0.48728,0.05668,0.08597,0.8656,0,0
uas_waterfowl_crowd,aerien_non_marin,BDA_12C_20181127_3_07_08.png,684,521,185.31,290.62,58.0,44.0,1,2552.0,0.71612,0.0848,0.08445,1.3182,0,0
uas_waterfowl_crowd,aerien_non_marin,BDA_12C_20181127_3_07_08.png,684,521,127.52,323.84,66.42,42.05,1,2792.96,0.78374,0.09711,0.08071,1.5795,0,0
uas_waterfowl_crowd,aerien_non_marin,BDA_12C_20181127_3_07_08.png,684,521,393.1,209.46,40.39,62.74,1,2534.07,0.71109,0.05905,0.12042,0.6438,0,0
uas_waterfowl_crowd,aerien_non_marin,BDA_12C_20181127_3_07_08.png,684,521,514.75,195.96,45.0,59.0,1,2655.0,0.74502,0.06579,0.11324,0.7627,0,0
uas_waterfowl_crowd,aerien_non_marin,BDA_12C_20181127_3_07_08.png,684,521,578.81,410.62,59.63,47.0,1,2802.61,0.78645,0.08718,0.09021,1.2687,0,0
uas_waterfowl_crowd,aerien_non_marin,BDA_12C_20181127_3_07_08.png,684,521,423.75,428.89,44.0,51.47,1,2264.68,0.6355,0.06433,0.09879,0.8549,0,0
uas_waterfowl_crowd,aerien_non_marin,BDA_12C_20181127_3_07_08.png,684,521,20.31,220.28,50.5,35.5,1,1792.75,0.50307,0.07383,0.06814,1.4225,0,0
uas_waterfowl_crowd,aerien_non_marin,BDA_12C_20181127_3_07_08.png,684,521,104.91,37.38,52.0,44.73,1,2325.96,0.65269,0.07602,0.08585,1.1625,0,0
uas_waterfowl_crowd,aerien_non_marin,BDA_12C_20181127_3_07_08.png,684,521,342.51,68.09,61.42,50.79,1,3119.52,0.87538,0.0898,0.09749,1.2093,0,0
uas_waterfowl_crowd,aerien_non_marin,BDA_12C_20181127_3_07_08.png,684,521,214.75,108.09,60.0,55.0,1,3300.0,0.92602,0.08772,0.10557,1.0909,0,0
uas_waterfowl_crowd,aerien_non_marin,BDA_18A4_20181106_1_01_01.png,684,521,446.06,166.3,70.29,45.86,1,3223.5,0.90455,0.10276,0.08802,1.5327,0,0
uas_waterfowl_crowd,aerien_non_marin,BDA_18A4_20181106_1_01_01.png,684,521,428.25,428.47,65.0,37.0,1,2405.0,0.67487,0.09503,0.07102,1.7568,0,0
uas_waterfowl_crowd,aerien_non_marin,BDA_18A4_20181106_1_01_01.png,684,521,19.03,0.35,45.68,37.0,1,1690.16,0.47428,0.06678,0.07102,1.2346,0,0
uas_waterfowl_crowd,aerien_non_marin,BDA_18A4_20181106_1_01_01.png,684,521,0.36,53.47,50.22,44.0,1,2209.68,0.62006,0.07342,0.08445,1.1414,0,0
uas_waterfowl_crowd,aerien_non_marin,BDA_18A4_20181106_1_01_02.png,684,521,285.05,395.13,71.89,58.0,1,4169.62,1.17005,0.1051,0.11132,1.2395,0,0
uas_waterfowl_crowd,aerien_non_marin,BDA_18A4_20181106_1_01_02.png,684,521,82.38,321.47,89.33,50.0,1,4466.5,1.25335,0.1306,0.09597,1.7866,0,0
uas_waterfowl_crowd,aerien_non_marin,BDA_18A4_20181106_1_01_02.png,684,521,159.31,187.47,58.09,56.0,1,3253.04,0.91284,0.08493,0.10749,1.0373,0,0
uas_waterfowl_crowd,aerien_non_marin,BDA_18A4_20181106_1_01_02.png,684,521,20.85,70.29,74.0,42.03,1,3110.22,0.87276,0.10819,0.08067,1.7606,0,0
uas_waterfowl_crowd,aerien_non_marin,BDA_18A4_20181106_1_01_02.png,684,521,42.03,21.25,69.5,58.21,1,4045.6,1.13524,0.10161,0.11173,1.194,0,0
uas_waterfowl_crowd,aerien_non_marin,BDA_18A4_20181106_1_01_02.png,684,521,206.24,13.21,53.54,61.5,1,3292.71,0.92397,0.07827,0.11804,0.8706,0,0
uas_waterfowl_crowd,aerien_non_marin,BDA_18A4_20181106_1_01_03.png,684,521,337.0,34.12,69.0,38.4,1,2649.6,0.74351,0.10088,0.0737,1.7969,0,0
uas_waterfowl_crowd,aerien_non_marin,BDA_18A4_20181106_1_01_04.png,684,521,317.49,476.52,79.79,46.6,1,3718.21,1.04338,0.11665,0.08944,1.7122,0,1
uas_waterfowl_crowd,aerien_non_marin,BDA_18A4_20181106_1_01_04.png,684,521,354.68,371.68,70.4,44.0,1,3097.6,0.86922,0.10292,0.08445,1.6,0,0
uas_waterfowl_crowd,aerien_non_marin,BDA_18A4_20181106_1_01_04.png,684,521,353.05,271.95,60.54,40.3,1,2439.76,0.68463,0.08851,0.07735,1.5022,0,0
uas_waterfowl_crowd,aerien_non_marin,BDA_18A4_20181106_1_01_04.png,684,521,374.24,151.1,65.6,41.8,1,2742.08,0.76946,0.09591,0.08023,1.5694,0,0
uas_waterfowl_crowd,aerien_non_marin,BDA_18A4_20181106_1_01_04.png,684,521,469.81,154.22,70.4,48.0,1,3379.2,0.94824,0.10292,0.09213,1.4667,0,0
uas_waterfowl_crowd,aerien_non_marin,BDA_18A4_20181106_1_01_04.png,684,521,584.19,176.75,66.01,45.46,1,3000.81,0.84206,0.09651,0.08726,1.452,0,0
uas_waterfowl_crowd,aerien_non_marin,BDA_18A4_20181106_1_01_04.png,684,521,539.96,46.5,68.12,56.18,1,3826.98,1.0739,0.09959,0.10783,1.2125,0,0
uas_waterfowl_crowd,aerien_non_marin,BDA_18A4_20181106_1_01_04.png,684,521,507.48,-8.6,55.0,28.43,1,1563.65,0.43878,0.08041,0.05457,1.9346,0,1
uas_waterfowl_crowd,aerien_non_marin,BDA_18A4_20181106_1_01_04.png,684,521,373.28,-11.0,67.92,35.9,1,2438.33,0.68422,0.0993,0.06891,1.8919,0,1
uas_waterfowl_crowd,aerien_non_marin,BDA_18A4_20181106_1_01_05.png,684,521,36.15,106.18,63.55,48.11,1,3057.39,0.85794,0.09291,0.09234,1.3209,0,0
uas_waterfowl_crowd,aerien_non_marin,BDA_18A4_20181106_1_01_05.png,684,521,20.28,219.65,66.0,60.0,1,3960.0,1.11122,0.09649,0.11516,1.1,0,0
uas_waterfowl_crowd,aerien_non_marin,BDA_18A4_20181106_1_01_05.png,684,521,293.65,111.75,68.17,61.0,1,4158.37,1.16689,0.09966,0.11708,1.1175,0,0
uas_waterfowl_crowd,aerien_non_marin,BDA_18A4_20181106_1_01_05.png,684,521,300.15,20.9,62.3,45.61,1,2841.5,0.79736,0.09108,0.08754,1.3659,0,0
uas_waterfowl_crowd,aerien_non_marin,BDA_18A4_20181106_1_01_05.png,684,521,406.11,68.1,62.86,41.0,1,2577.26,0.72321,0.0919,0.07869,1.5332,0,0
uas_waterfowl_crowd,aerien_non_marin,BDA_18A4_20181106_1_01_05.png,684,521,426.21,276.06,64.76,51.04,1,3305.35,0.92752,0.09468,0.09797,1.2688,0,0
uas_waterfowl_crowd,aerien_non_marin,BDA_18A4_20181106_1_01_05.png,684,521,268.31,368.58,80.13,44.31,1,3550.56,0.99633,0.11715,0.08505,1.8084,0,0
uas_waterfowl_crowd,aerien_non_marin,BDA_18A4_20181106_1_01_05.png,684,521,100.71,392.61,73.92,51.54,1,3809.84,1.06909,0.10807,0.09893,1.4342,0,0
uas_waterfowl_crowd,aerien_non_marin,BDA_18A4_20181106_1_01_05.png,684,521,53.21,452.85,62.97,50.78,1,3197.62,0.89729,0.09206,0.09747,1.2401,0,0
uas_waterfowl_crowd,aerien_non_marin,BDA_18A4_20181106_1_01_05.png,684,521,218.56,174.86,71.47,51.62,1,3689.28,1.03526,0.10449,0.09908,1.3845,0,0
uas_waterfowl_crowd,aerien_non_marin,BDA_18A4_20181106_1_01_05.png,684,521,461.77,94.46,45.7,59.64,1,2725.55,0.76482,0.06681,0.11447,0.7663,0,0
uas_waterfowl_crowd,aerien_non_marin,BDA_18A4_20181106_1_01_05.png,684,521,329.95,481.77,64.52,44.22,1,2853.07,0.80061,0.09433,0.08488,1.4591,0,1
uas_waterfowl_crowd,aerien_non_marin,BDA_18A4_20181106_1_01_05.png,684,521,179.45,486.4,60.9,38.1,1,2320.29,0.6511,0.08904,0.07313,1.5984,0,1
uas_waterfowl_crowd,aerien_non_marin,BDA_18A4_20181106_1_01_06.png,684,521,646.45,27.59,54.49,46.8,1,2550.13,0.7156,0.07966,0.08983,1.1643,0,1
uas_waterfowl_crowd,aerien_non_marin,BDA_18A4_20181106_1_01_07.png,684,521,422.62,64.85,72.32,39.09,1,2826.99,0.79329,0.10573,0.07503,1.8501,0,0
uas_waterfowl_crowd,aerien_non_marin,BDA_18A4_20181106_1_01_07.png,684,521,525.34,122.85,62.8,46.86,1,2942.81,0.82579,0.09181,0.08994,1.3402,0,0
uas_waterfowl_crowd,aerien_non_marin,BDA_18A4_20181106_1_01_07.png,684,521,569.97,58.7,68.5,52.87,1,3621.59,1.01626,0.10015,0.10148,1.2956,0,0
uas_waterfowl_crowd,aerien_non_marin,BDA_18A4_20181106_1_01_07.png,684,521,76.31,369.2,72.0,45.13,1,3249.36,0.91181,0.10526,0.08662,1.5954,0,0
uas_waterfowl_crowd,aerien_non_marin,BDA_18A4_20181106_1_01_07.png,684,521,179.75,368.99,64.92,40.5,1,2629.26,0.7378,0.09491,0.07774,1.603,0,0
uas_waterfowl_crowd,aerien_non_marin,BDA_18A4_20181106_1_01_07.png,684,521,272.06,430.64,69.39,39.03,1,2708.29,0.75998,0.10145,0.07491,1.7779,0,0
uas_waterfowl_crowd,aerien_non_marin,BDA_18A4_20181106_1_01_07.png,684,521,260.11,385.0,64.0,47.0,1,3008.0,0.84408,0.09357,0.09021,1.3617,0,0
uas_waterfowl_crowd,aerien_non_marin,BDA_18A4_20181106_1_01_07.png,684,521,442.67,334.78,68.5,43.0,1,2945.5,0.82654,0.10015,0.08253,1.593,0,0
uas_waterfowl_crowd,aerien_non_marin,BDA_18A4_20181106_1_01_07.png,684,521,589.75,314.61,66.0,50.94,1,3362.04,0.94343,0.09649,0.09777,1.2956,0,0
uas_waterfowl_crowd,aerien_non_marin,BDA_18A4_20181106_1_01_07.png,684,521,489.25,495.47,68.0,34.89,1,2372.52,0.66576,0.09942,0.06697,1.949,0,1
uas_waterfowl_crowd,aerien_non_marin,BDA_18A4_20181106_1_01_07.png,684,521,389.81,133.0,64.0,42.0,1,2688.0,0.75428,0.09357,0.08061,1.5238,0,0
uas_waterfowl_crowd,aerien_non_marin,BDA_18A4_20181106_1_01_07.png,684,521,406.75,96.61,55.2,42.0,1,2318.4,0.65057,0.0807,0.08061,1.3143,0,0
uas_waterfowl_crowd,aerien_non_marin,BDA_18A4_20181106_1_01_07.png,684,521,433.12,10.63,64.8,36.0,1,2332.8,0.65461,0.09474,0.0691,1.8,0,0
uas_waterfowl_crowd,aerien_non_marin,BDA_18A4_20181106_1_01_07.png,684,521,484.25,-3.53,51.12,17.0,1,869.04,0.24386,0.07474,0.03263,3.0071,0,1
uas_waterfowl_crowd,aerien_non_marin,BDA_18A4_20181106_1_01_07.png,684,521,187.33,141.87,59.0,62.0,1,3658.0,1.02648,0.08626,0.119,0.9516,0,0
uas_waterfowl_crowd,aerien_non_marin,BDA_18A4_20181106_1_01_07.png,684,521,204.9,239.75,54.88,41.79,1,2293.44,0.64357,0.08023,0.08021,1.3132,0,0
uas_waterfowl_crowd,aerien_non_marin,BDA_18A4_20181106_1_01_07.png,684,521,-19.5,33.02,49.0,43.97,1,2154.53,0.60459,0.07164,0.0844,1.1144,0,1
uas_waterfowl_crowd,aerien_non_marin,BDA_18A4_20181106_1_01_07.png,684,521,339.81,417.47,62.0,52.8,1,3273.6,0.91861,0.09064,0.10134,1.1742,0,0
uas_waterfowl_crowd,aerien_non_marin,BDA_18A4_20181106_1_01_08.png,684,521,304.62,365.85,77.5,50.2,1,3890.5,1.09172,0.1133,0.09635,1.5438,0,0
uas_waterfowl_crowd,aerien_non_marin,BDA_18A4_20181106_1_02_01.png,684,521,470.31,11.99,69.65,55.88,1,3892.04,1.09215,0.10183,0.10726,1.2464,0,0
uas_waterfowl_crowd,aerien_non_marin,BDA_18A4_20181106_1_02_03.png,684,521,370.08,200.31,61.38,53.24,1,3267.87,0.917,0.08974,0.10219,1.1529,0,0
uas_waterfowl_crowd,aerien_non_marin,BDA_18A4_20181106_1_02_03.png,684,521,257.72,339.5,70.48,50.85,1,3583.91,1.00569,0.10304,0.0976,1.386,0,0
uas_waterfowl_crowd,aerien_non_marin,BDA_18A4_20181106_1_02_03.png,684,521,-0.96,243.04,36.5,62.41,1,2277.96,0.63922,0.05336,0.11979,0.5848,0,1
uas_waterfowl_crowd,aerien_non_marin,BDA_18A4_20181106_1_02_05.png,684,521,201.1,15.61,75.0,46.5,1,3487.5,0.97863,0.10965,0.08925,1.6129,0,0
uas_waterfowl_crowd,aerien_non_marin,BDA_18A4_20181106_1_02_05.png,684,521,-0.35,258.9,74.3,45.7,1,3395.51,0.95282,0.10863,0.08772,1.6258,0,0
uas_waterfowl_crowd,aerien_non_marin,BDA_18A4_20181106_1_02_05.png,684,521,-2.19,142.47,57.0,67.0,1,3819.0,1.07166,0.08333,0.1286,0.8507,0,1
uas_waterfowl_crowd,aerien_non_marin,BDA_18A4_20181106_1_02_05.png,684,521,193.71,1.03,57.6,18.72,1,1078.27,0.30258,0.08421,0.03593,3.0769,0,0
uas_waterfowl_crowd,aerien_non_marin,BDA_18A4_20181106_1_02_06.png,684,521,140.91,91.39,67.36,46.0,1,3098.56,0.86949,0.09848,0.08829,1.4643,0,0
uas_waterfowl_crowd,aerien_non_marin,BDA_18A4_20181106_1_02_06.png,684,521,618.91,155.67,64.67,52.0,1,3362.84,0.94365,0.09455,0.09981,1.2437,0,0
uas_waterfowl_crowd,aerien_non_marin,BDA_18A4_20181106_1_02_06.png,684,521,588.2,280.62,66.27,46.4,1,3074.93,0.86286,0.09689,0.08906,1.4282,0,0
uas_waterfowl_crowd,aerien_non_marin,BDA_18A4_20181106_1_02_06.png,684,521,520.25,367.63,60.0,69.47,1,4168.2,1.16965,0.08772,0.13334,0.8637,0,0
uas_waterfowl_crowd,aerien_non_marin,BDA_18A4_20181106_1_02_07.png,684,521,403.75,216.58,61.0,46.0,1,2806.0,0.7874,0.08918,0.08829,1.3261,0,0
uas_waterfowl_crowd,aerien_non_marin,BDA_18A4_20181106_1_02_07.png,684,521,396.31,477.83,69.5,35.14,1,2442.23,0.68532,0.10161,0.06745,1.9778,0,0
uas_waterfowl_crowd,aerien_non_marin,BDA_18A4_20181106_1_02_07.png,684,521,29.85,124.57,72.5,35.5,1,2573.75,0.72223,0.10599,0.06814,2.0423,0,0
uas_waterfowl_crowd,aerien_non_marin,BDA_18A4_20181106_1_02_07.png,684,521,262.45,0.61,70.0,34.05,1,2383.5,0.66884,0.10234,0.06536,2.0558,0,0
uas_waterfowl_crowd,aerien_non_marin,BDA_18A4_20181106_1_02_07.png,684,521,234.17,292.5,62.0,39.5,1,2449.0,0.68722,0.09064,0.07582,1.5696,0,0
uas_waterfowl_crowd,aerien_non_marin,BDA_18A4_20181106_1_02_07.png,684,521,276.25,448.61,65.0,40.0,1,2600.0,0.72959,0.09503,0.07678,1.625,0,0
uas_waterfowl_crowd,aerien_non_marin,BDA_18A4_20181106_1_02_07.png,684,521,362.36,382.73,54.23,51.5,1,2792.84,0.78371,0.07928,0.09885,1.053,0,0
uas_waterfowl_crowd,aerien_non_marin,BDA_18A4_20181106_1_02_07.png,684,521,527.45,432.0,53.0,48.0,1,2544.0,0.71388,0.07749,0.09213,1.1042,0,0
uas_waterfowl_crowd,aerien_non_marin,BDA_18A4_20181106_1_02_07.png,684,521,425.64,419.33,61.0,43.8,1,2671.8,0.74974,0.08918,0.08407,1.3927,0,0
uas_waterfowl_crowd,aerien_non_marin,BDA_18A4_20181106_1_02_07.png,684,521,7.35,77.7,60.01,38.59,1,2315.79,0.64984,0.08773,0.07407,1.5551,0,0
uas_waterfowl_crowd,aerien_non_marin,BDA_18A4_20181106_1_02_07.png,684,521,184.71,77.81,62.0,45.5,1,2821.0,0.79161,0.09064,0.08733,1.3626,0,0
uas_waterfowl_crowd,aerien_non_marin,BDA_18A4_20181106_1_02_07.png,684,521,141.48,118.73,65.5,39.0,1,2554.5,0.71682,0.09576,0.07486,1.6795,0,0
uas_waterfowl_crowd,aerien_non_marin,BDA_18A4_20181106_1_02_07.png,684,521,90.81,179.2,68.5,40.5,1,2774.25,0.77849,0.10015,0.07774,1.6914,0,0
uas_waterfowl_crowd,aerien_non_marin,BDA_18A4_20181106_1_02_07.png,684,521,629.25,193.67,59.0,48.31,1,2850.29,0.79983,0.08626,0.09273,1.2213,0,1
uas_waterfowl_crowd,aerien_non_marin,BDA_18A4_20181106_1_02_07.png,684,521,251.45,503.41,58.0,25.0,1,1450.0,0.40689,0.0848,0.04798,2.32,0,1
uas_waterfowl_crowd,aerien_non_marin,BDA_18A4_20181106_1_02_07.png,684,521,493.6,-4.39,69.0,25.0,1,1725.0,0.48406,0.10088,0.04798,2.76,0,1
uas_waterfowl_crowd,aerien_non_marin,BDA_18A4_20181106_1_02_08.png,684,521,206.64,32.6,72.83,37.86,1,2757.34,0.77374,0.10648,0.07267,1.9237,0,0
uas_waterfowl_crowd,aerien_non_marin,BDA_18A4_20181106_1_02_08.png,684,521,494.32,199.55,68.74,43.0,1,2955.82,0.82944,0.1005,0.08253,1.5986,0,0
uas_waterfowl_crowd,aerien_non_marin,BDA_18A4_20181106_1_02_08.png,684,521,430.28,305.43,66.48,51.5,1,3423.72,0.96074,0.09719,0.09885,1.2909,0,0
uas_waterfowl_crowd,aerien_non_marin,BDA_18A4_20181106_1_02_08.png,684,521,-4.2,171.33,53.35,53.0,1,2827.55,0.79344,0.078,0.10173,1.0066,0,1
uas_waterfowl_crowd,aerien_non_marin,BDA_18A4_20181106_1_02_08.png,684,521,227.55,88.45,75.0,46.0,1,3450.0,0.96811,0.10965,0.08829,1.6304,0,0
uas_waterfowl_crowd,aerien_non_marin,BDA_18A4_20181106_1_03_01.png,684,521,187.94,23.0,83.65,45.4,1,3797.71,1.06568,0.1223,0.08714,1.8425,0,0
uas_waterfowl_crowd,aerien_non_marin,BDA_18A4_20181106_1_03_01.png,684,521,486.88,60.05,81.47,41.56,1,3385.89,0.95012,0.11911,0.07977,1.9603,0,0
uas_waterfowl_crowd,aerien_non_marin,BDA_18A4_20181106_1_03_01.png,684,521,491.92,6.02,76.06,39.0,1,2966.34,0.83239,0.1112,0.07486,1.9503,0,0
uas_waterfowl_crowd,aerien_non_marin,BDA_18A4_20181106_1_03_02.png,684,521,364.83,334.43,77.68,38.92,1,3023.31,0.84838,0.11357,0.0747,1.9959,0,0
uas_waterfowl_crowd,aerien_non_marin,BDA_18A4_20181106_1_03_02.png,684,521,276.36,476.18,73.89,36.33,1,2684.42,0.75328,0.10803,0.06973,2.0339,0,0
uas_waterfowl_crowd,aerien_non_marin,BDA_18A4_20181106_1_03_04.png,684,521,482.22,287.6,60.48,44.0,1,2661.12,0.74674,0.08842,0.08445,1.3745,0,0
uas_waterfowl_crowd,aerien_non_marin,BDA_18A4_20181106_1_03_04.png,684,521,384.3,205.03,66.0,56.67,1,3740.22,1.04955,0.09649,0.10877,1.1646,0,0
uas_waterfowl_crowd,aerien_non_marin,BDA_18A4_20181106_1_03_04.png,684,521,607.27,-1.67,67.0,43.0,1,2881.0,0.80844,0.09795,0.08253,1.5581,0,1
uas_waterfowl_crowd,aerien_non_marin,BDA_18A4_20181106_1_03_06.png,684,521,641.81,84.47,47.0,52.0,1,2444.0,0.68582,0.06871,0.09981,0.9038,0,1
uas_waterfowl_crowd,aerien_non_marin,BDA_18A4_20181106_1_03_07.png,684,521,257.03,-3.0,61.3,27.4,1,1679.62,0.47132,0.08962,0.05259,2.2372,0,1
uas_waterfowl_crowd,aerien_non_marin,BDA_18A4_20181106_1_03_07.png,684,521,432.25,17.67,86.0,45.0,1,3870.0,1.08597,0.12573,0.08637,1.9111,0,0
uas_waterfowl_crowd,aerien_non_marin,BDA_18A4_20181106_1_03_07.png,684,521,472.47,86.64,64.0,43.45,1,2780.8,0.78033,0.09357,0.0834,1.473,0,0
uas_waterfowl_crowd,aerien_non_marin,BDA_18A4_20181106_1_03_07.png,684,521,364.31,109.54,69.1,36.35,1,2511.78,0.70484,0.10102,0.06977,1.901,0,0
uas_waterfowl_crowd,aerien_non_marin,BDA_18A4_20181106_1_03_07.png,684,521,365.71,147.75,73.0,35.0,1,2555.0,0.71696,0.10673,0.06718,2.0857,0,0
uas_waterfowl_crowd,aerien_non_marin,BDA_18A4_20181106_1_03_07.png,684,521,345.64,208.54,83.0,45.0,1,3735.0,1.04809,0.12135,0.08637,1.8444,0,0
uas_waterfowl_crowd,aerien_non_marin,BDA_18A4_20181106_1_03_07.png,684,521,114.13,266.61,64.0,47.35,1,3030.4,0.85037,0.09357,0.09088,1.3516,0,0
uas_waterfowl_crowd,aerien_non_marin,BDA_18A4_20181106_1_03_07.png,684,521,264.41,318.78,59.0,51.0,1,3009.0,0.84436,0.08626,0.09789,1.1569,0,0
uas_waterfowl_crowd,aerien_non_marin,BDA_18A4_20181106_1_03_07.png,684,521,252.31,420.47,63.0,34.0,1,2142.0,0.60107,0.09211,0.06526,1.8529,0,0
uas_waterfowl_crowd,aerien_non_marin,BDA_18A4_20181106_1_03_07.png,684,521,140.81,441.61,79.0,36.0,1,2844.0,0.79806,0.1155,0.0691,2.1944,0,0
uas_waterfowl_crowd,aerien_non_marin,BDA_18A4_20181106_1_03_07.png,684,521,-11.09,84.67,32.8,47.2,1,1548.16,0.43443,0.04795,0.0906,0.6949,0,1
uas_waterfowl_crowd,aerien_non_marin,BDA_18A4_20181106_1_03_08.png,684,521,45.11,272.04,73.6,44.7,1,3289.92,0.92319,0.1076,0.0858,1.6465,0,0
uas_waterfowl_crowd,aerien_non_marin,BDA_18A4_20181106_1_03_08.png,684,521,163.4,201.0,72.0,45.0,1,3240.0,0.90918,0.10526,0.08637,1.6,0,0
uas_waterfowl_crowd,aerien_non_marin,BDA_18A4_20181106_1_03_08.png,684,521,268.75,249.62,61.0,41.0,1,2501.0,0.70181,0.08918,0.07869,1.4878,0,0
uas_waterfowl_crowd,aerien_non_marin,BDA_18A4_20181106_1_04_01.png,684,521,403.64,23.0,63.33,60.0,1,3799.8,1.06627,0.09259,0.11516,1.0555,0,0
uas_waterfowl_crowd,aerien_non_marin,BDA_18A4_20181106_1_04_01.png,684,521,72.36,37.0,105.0,68.0,1,7140.0,2.00357,0.15351,0.13052,1.5441,0,0
uas_waterfowl_crowd,aerien_non_marin,BDA_18A4_20181106_1_04_02.png,684,521,205.68,378.6,78.17,53.0,1,4143.01,1.16258,0.11428,0.10173,1.4749,0,0
uas_waterfowl_crowd,aerien_non_marin,BDA_18A4_20181106_1_04_02.png,684,521,293.15,468.53,74.31,44.15,1,3280.79,0.92063,0.10864,0.08474,1.6831,0,0
uas_waterfowl_crowd,aerien_non_marin,BDA_18A4_20181106_1_04_02.png,684,521,591.69,253.1,80.33,44.5,1,3574.68,1.0031,0.11744,0.08541,1.8052,0,0
uas_waterfowl_crowd,aerien_non_marin,BDA_18A4_20181106_1_04_06.png,684,521,35.35,33.5,56.0,58.39,1,3269.84,0.91756,0.08187,0.11207,0.9591,0,0
uas_waterfowl_crowd,aerien_non_marin,BDA_18A4_20181106_1_04_06.png,684,521,270.31,25.06,40.0,62.48,1,2499.2,0.70131,0.05848,0.11992,0.6402,0,0
uas_waterfowl_crowd,aerien_non_marin,BDA_18A4_20181106_1_04_06.png,684,521,318.6,143.02,59.0,48.87,1,2883.33,0.8091,0.08626,0.0938,1.2073,0,0
uas_waterfowl_crowd,aerien_non_marin,BDA_18A4_20181106_1_04_06.png,684,521,515.38,439.0,72.0,63.54,1,4574.88,1.28377,0.10526,0.12196,1.1331,0,0
uas_waterfowl_crowd,aerien_non_marin,BDA_18A4_20181106_1_04_07.png,684,521,0.95,181.96,59.2,74.5,1,4410.4,1.23761,0.08655,0.14299,0.7946,0,0
uas_waterfowl_crowd,aerien_non_marin,BDA_18A4_20181106_1_04_08.png,684,521,140.73,79.8,69.54,58.33,1,4056.27,1.13824,0.10167,0.11196,1.1922,0,0
uas_waterfowl_crowd,aerien_non_marin,BDA_18A4_20181106_1_04_08.png,684,521,112.69,10.86,60.59,33.2,1,2011.59,0.56448,0.08858,0.06372,1.825,0,0
uas_waterfowl_crowd,aerien_non_marin,BDA_18A4_20181106_1_04_08.png,684,521,-3.58,171.12,55.0,45.66,1,2511.3,0.7047,0.08041,0.08764,1.2046,0,1
uas_waterfowl_crowd,aerien_non_marin,BDA_18A4_20181106_1_04_08.png,684,521,203.38,-13.78,70.52,39.29,1,2770.73,0.7775,0.1031,0.07541,1.7949,0,1
uas_waterfowl_crowd,aerien_non_marin,BDA_18A4_20181106_1_05_03.png,684,521,249.3,375.29,65.5,49.43,1,3237.66,0.90853,0.09576,0.09488,1.3251,0,0
uas_waterfowl_crowd,aerien_non_marin,BDA_18A4_20181106_1_05_03.png,684,521,448.8,308.38,64.16,39.5,1,2534.32,0.71116,0.0938,0.07582,1.6243,0,0
uas_waterfowl_crowd,aerien_non_marin,BDA_18A4_20181106_1_05_03.png,684,521,511.25,254.16,67.2,43.2,1,2903.04,0.81463,0.09825,0.08292,1.5556,0,0
uas_waterfowl_crowd,aerien_non_marin,BDA_18A4_20181106_1_05_03.png,684,521,571.3,202.0,69.2,33.33,1,2306.44,0.64721,0.10117,0.06397,2.0762,0,0
uas_waterfowl_crowd,aerien_non_marin,BDA_18A4_20181106_1_05_03.png,684,521,617.3,148.09,71.11,38.0,1,2702.18,0.75826,0.10396,0.07294,1.8713,0,1
uas_waterfowl_crowd,aerien_non_marin,BDA_18A4_20181106_1_05_03.png,684,521,599.8,246.64,56.55,32.0,1,1809.6,0.5078,0.08268,0.06142,1.7672,0,0
uas_waterfowl_crowd,aerien_non_marin,BDA_18A4_20181106_1_05_03.png,684,521,646.36,273.59,40.94,30.53,1,1249.9,0.35074,0.05985,0.0586,1.341,0,1
uas_waterfowl_crowd,aerien_non_marin,BDA_18A4_20181106_1_05_03.png,684,521,663.19,220.13,25.82,29.97,1,773.83,0.21714,0.03775,0.05752,0.8615,0,1
uas_waterfowl_crowd,aerien_non_marin,BDA_18A4_20181106_1_05_04.png,684,521,169.25,48.4,59.5,43.0,1,2558.5,0.71795,0.08699,0.08253,1.3837,0,0
uas_waterfowl_crowd,aerien_non_marin,BDA_18A4_20181106_1_05_04.png,684,521,81.25,102.0,64.43,42.0,1,2706.06,0.75935,0.0942,0.08061,1.534,0,0
uas_waterfowl_crowd,aerien_non_marin,BDA_18A4_20181106_1_05_04.png,684,521,170.25,257.7,67.0,41.11,1,2754.37,0.77291,0.09795,0.07891,1.6298,0,0
uas_waterfowl_crowd,aerien_non_marin,BDA_18A4_20181106_1_05_04.png,684,521,118.53,319.17,68.0,40.5,1,2754.0,0.77281,0.09942,0.07774,1.679,0,0
uas_waterfowl_crowd,aerien_non_marin,BDA_18A4_20181106_1_05_04.png,684,521,312.85,384.42,67.18,46.59,1,3129.92,0.87829,0.09822,0.08942,1.4419,0,0
uas_waterfowl_crowd,aerien_non_marin,BDA_18A4_20181106_1_05_04.png,684,521,337.99,447.88,76.0,45.0,1,3420.0,0.95969,0.11111,0.08637,1.6889,0,0
uas_waterfowl_crowd,aerien_non_marin,BDA_18A4_20181106_1_05_04.png,684,521,287.62,504.97,50.56,23.0,1,1162.88,0.32632,0.07392,0.04415,2.1983,0,1
uas_waterfowl_crowd,aerien_non_marin,BDA_18A4_20181106_1_05_04.png,684,521,24.75,460.66,64.0,37.5,1,2400.0,0.67347,0.09357,0.07198,1.7067,0,0
uas_waterfowl_crowd,aerien_non_marin,BDA_18A4_20181106_1_05_04.png,684,521,4.25,506.0,58.89,17.0,1,1001.13,0.28093,0.0861,0.03263,3.4641,0,1
uas_waterfowl_crowd,aerien_non_marin,BDA_18A4_20181106_1_05_04.png,684,521,-1.97,219.16,44.5,35.5,1,1579.75,0.4433,0.06506,0.06814,1.2535,0,1
uas_waterfowl_crowd,aerien_non_marin,BDA_18A4_20181106_1_05_04.png,684,521,285.44,86.39,48.5,53.8,1,2609.3,0.7322,0.07091,0.10326,0.9015,0,0
uas_waterfowl_crowd,aerien_non_marin,BDA_18A4_20181106_1_05_04.png,684,521,379.1,330.98,43.0,55.0,1,2365.0,0.66365,0.06287,0.10557,0.7818,0,0
uas_waterfowl_crowd,aerien_non_marin,BDA_18A4_20181106_1_05_06.png,684,521,413.89,5.25,78.5,45.62,1,3581.17,1.00492,0.11477,0.08756,1.7207,0,0
uas_waterfowl_crowd,aerien_non_marin,BDA_18A4_20181106_1_05_06.png,684,521,420.08,130.47,58.0,62.67,1,3634.86,1.01999,0.0848,0.12029,0.9255,0,0
uas_waterfowl_crowd,aerien_non_marin,BDA_18A4_20181106_1_05_06.png,684,521,328.97,463.47,60.0,61.0,1,3660.0,1.02704,0.08772,0.11708,0.9836,0,1
uas_waterfowl_crowd,aerien_non_marin,BDA_18A4_20181106_1_05_08.png,684,521,379.66,22.03,61.0,34.5,1,2104.5,0.59055,0.08918,0.06622,1.7681,0,0
uas_waterfowl_crowd,aerien_non_marin,BDA_18A4_20181106_1_06_03.png,684,521,189.39,170.86,79.2,44.31,1,3509.35,0.98477,0.11579,0.08505,1.7874,0,0
uas_waterfowl_crowd,aerien_non_marin,BDA_18A4_20181106_1_06_04.png,684,521,491.27,356.63,58.03,44.4,1,2576.53,0.72301,0.08484,0.08522,1.307,0,0
uas_waterfowl_crowd,aerien_non_marin,BDA_18A4_20181106_1_06_04.png,684,521,353.12,230.03,56.92,44.0,1,2504.48,0.70279,0.08322,0.08445,1.2936,0,0
uas_waterfowl_crowd,aerien_non_marin,BDA_18A4_20181106_1_06_04.png,684,521,342.95,103.34,77.8,40.0,1,3112.0,0.87326,0.11374,0.07678,1.945,0,0
uas_waterfowl_crowd,aerien_non_marin,BDA_18A4_20181106_1_06_04.png,684,521,295.11,-3.92,58.85,48.27,1,2840.69,0.79713,0.08604,0.09265,1.2192,0,1
uas_waterfowl_crowd,aerien_non_marin,BDA_18A4_20181106_1_06_04.png,684,521,175.33,3.02,63.19,44.3,1,2799.32,0.78552,0.09238,0.08503,1.4264,0,0
uas_waterfowl_crowd,aerien_non_marin,BDA_18A4_20181106_1_06_04.png,684,521,1.38,-6.04,65.6,27.33,1,1792.85,0.50309,0.09591,0.05246,2.4003,0,1
uas_waterfowl_crowd,aerien_non_marin,BDA_18A4_20181106_1_06_04.png,684,521,156.11,247.56,66.0,44.0,1,2904.0,0.8149,0.09649,0.08445,1.5,0,0
uas_waterfowl_crowd,aerien_non_marin,BDA_18A4_20181106_1_06_04.png,684,521,148.91,336.27,71.0,40.0,1,2840.0,0.79694,0.1038,0.07678,1.775,0,0
uas_waterfowl_crowd,aerien_non_marin,BDA_18A4_20181106_1_06_04.png,684,521,102.39,389.2,77.5,36.87,1,2857.42,0.80183,0.1133,0.07077,2.102,0,0
uas_waterfowl_crowd,aerien_non_marin,BDA_18A4_20181106_1_06_04.png,684,521,114.51,470.47,65.6,30.0,1,1968.0,0.55224,0.09591,0.05758,2.1867,0,0
uas_waterfowl_crowd,aerien_non_marin,BDA_18A4_20181106_1_06_04.png,684,521,5.71,446.4,63.2,38.4,1,2426.88,0.68101,0.0924,0.0737,1.6458,0,0
uas_waterfowl_crowd,aerien_non_marin,BDA_18A4_20181106_1_06_04.png,684,521,291.25,160.12,82.92,48.2,1,3996.74,1.12153,0.12123,0.09251,1.7203,0,0
uas_waterfowl_crowd,aerien_non_marin,BDA_18A4_20181106_1_06_07.png,684,521,503.06,87.25,62.3,72.58,1,4521.73,1.26885,0.09108,0.13931,0.8584,0,0
uas_waterfowl_crowd,aerien_non_marin,BDA_18A4_20181106_1_07_01.png,684,521,99.95,408.85,66.47,46.0,1,3057.62,0.858,0.09718,0.08829,1.445,0,0
uas_waterfowl_crowd,aerien_non_marin,BDA_18A4_20181106_1_07_02.png,684,521,40.11,296.51,60.91,61.0,1,3715.51,1.04262,0.08905,0.11708,0.9985,0,0
uas_waterfowl_crowd,aerien_non_marin,BDA_18A4_20181106_1_07_02.png,684,521,116.11,360.0,45.0,57.6,1,2592.0,0.72735,0.06579,0.11056,0.7812,0,0
uas_waterfowl_crowd,aerien_non_marin,BDA_18A4_20181106_1_07_03.png,684,521,589.42,183.27,74.37,56.68,1,4215.29,1.18286,0.10873,0.10879,1.3121,0,0
uas_waterfowl_crowd,aerien_non_marin,BDA_18A4_20181106_1_07_04.png,684,521,355.0,126.48,73.25,48.9,1,3581.92,1.00513,0.10709,0.09386,1.498,0,0
uas_waterfowl_crowd,aerien_non_marin,BDA_18A4_20181106_1_07_04.png,684,521,465.16,249.93,76.4,44.81,1,3423.48,0.96067,0.1117,0.08601,1.705,0,0
uas_waterfowl_crowd,aerien_non_marin,BDA_18A4_20181106_1_07_04.png,684,521,533.54,401.2,66.28,46.07,1,3053.52,0.85685,0.0969,0.08843,1.4387,0,0
uas_waterfowl_crowd,aerien_non_marin,BDA_18A4_20181106_1_07_04.png,684,521,407.72,346.47,74.0,50.0,1,3700.0,1.03826,0.10819,0.09597,1.48,0,0
uas_waterfowl_crowd,aerien_non_marin,BDA_18A4_20181106_1_07_04.png,684,521,329.36,433.73,68.09,34.69,1,2362.04,0.66282,0.09955,0.06658,1.9628,0,0
uas_waterfowl_crowd,aerien_non_marin,BDA_18A4_20181106_1_07_04.png,684,521,250.59,468.74,78.83,40.84,1,3219.42,0.90341,0.11525,0.07839,1.9302,0,0
uas_waterfowl_crowd,aerien_non_marin,BDA_18A4_20181106_2_01_01.png,684,521,197.41,18.26,79.19,65.4,1,5179.03,1.4533,0.11577,0.12553,1.2109,0,0
uas_waterfowl_crowd,aerien_non_marin,BDA_18A4_20181106_2_01_02.png,684,521,556.06,264.08,59.95,49.0,1,2937.55,0.82431,0.08765,0.09405,1.2235,0,0
uas_waterfowl_crowd,aerien_non_marin,BDA_18A4_20181106_2_01_02.png,684,521,279.21,443.68,58.35,59.94,1,3497.5,0.98144,0.08531,0.11505,0.9735,0,0
uas_waterfowl_crowd,aerien_non_marin,BDA_18A4_20181106_2_01_02.png,684,521,566.28,4.29,62.5,37.79,1,2361.88,0.66277,0.09137,0.07253,1.6539,0,0
uas_waterfowl_crowd,aerien_non_marin,BDA_18A4_20181106_2_01_03.png,684,521,4.75,195.49,84.0,45.85,1,3851.4,1.08075,0.12281,0.088,1.8321,0,0
uas_waterfowl_crowd,aerien_non_marin,BDA_18A4_20181106_2_01_03.png,684,521,17.64,309.62,78.0,47.0,1,3666.0,1.02872,0.11404,0.09021,1.6596,0,0
uas_waterfowl_crowd,aerien_non_marin,BDA_18A4_20181106_2_01_03.png,684,521,222.72,462.8,66.0,34.19,1,2256.54,0.63321,0.09649,0.06562,1.9304,0,0
uas_waterfowl_crowd,aerien_non_marin,BDA_18A4_20181106_2_01_03.png,684,521,251.18,496.62,72.79,25.0,1,1819.75,0.51064,0.10642,0.04798,2.9116,0,1
uas_waterfowl_crowd,aerien_non_marin,BDA_18A4_20181106_2_01_03.png,684,521,494.89,-0.09,47.91,43.17,1,2068.27,0.58038,0.07004,0.08286,1.1098,0,0
uas_waterfowl_crowd,aerien_non_marin,BDA_18A4_20181106_2_01_03.png,684,521,450.56,-3.43,59.5,28.23,1,1679.68,0.47134,0.08699,0.05418,2.1077,0,1
uas_waterfowl_crowd,aerien_non_marin,BDA_18A4_20181106_2_01_03.png,684,521,198.03,370.31,45.4,57.5,1,2610.5,0.73254,0.06637,0.11036,0.7896,0,0
uas_waterfowl_crowd,aerien_non_marin,BDA_18A4_20181106_2_01_03.png,684,521,663.17,-0.64,31.0,27.12,1,840.72,0.23592,0.04532,0.05205,1.1431,0,1
uas_waterfowl_crowd,aerien_non_marin,BDA_18A4_20181106_2_01_04.png,684,521,534.38,12.47,67.0,38.67,1,2590.89,0.72703,0.09795,0.07422,1.7326,0,0
uas_waterfowl_crowd,aerien_non_marin,BDA_18A4_20181106_2_01_04.png,684,521,213.07,47.66,56.0,73.0,1,4088.0,1.14714,0.08187,0.14012,0.7671,0,0
uas_waterfowl_crowd,aerien_non_marin,BDA_18A4_20181106_2_01_04.png,684,521,10.34,167.32,83.5,49.5,1,4133.25,1.15984,0.12208,0.09501,1.6869,0,0
uas_waterfowl_crowd,aerien_non_marin,BDA_18A4_20181106_2_01_04.png,684,521,2.32,273.52,70.33,52.73,1,3708.5,1.04065,0.10282,0.10121,1.3338,0,0
uas_waterfowl_crowd,aerien_non_marin,BDA_18A4_20181106_2_01_04.png,684,521,332.44,63.3,65.86,44.57,1,2935.38,0.8237,0.09629,0.08555,1.4777,0,0
uas_waterfowl_crowd,aerien_non_marin,BDA_18A4_20181106_2_01_04.png,684,521,344.75,-3.67,45.0,49.0,1,2205.0,0.61875,0.06579,0.09405,0.9184,0,1
uas_waterfowl_crowd,aerien_non_marin,BDA_18A4_20181106_2_01_05.png,684,521,526.81,133.03,81.0,45.0,1,3645.0,1.02283,0.11842,0.08637,1.8,0,0
uas_waterfowl_crowd,aerien_non_marin,BDA_18A4_20181106_2_01_05.png,684,521,238.73,224.33,75.27,56.5,1,4252.76,1.19337,0.11004,0.10845,1.3322,0,0
uas_waterfowl_crowd,aerien_non_marin,BDA_18A4_20181106_2_01_05.png,684,521,379.26,335.03,71.82,47.0,1,3375.54,0.94722,0.105,0.09021,1.5281,0,0
uas_waterfowl_crowd,aerien_non_marin,BDA_18A4_20181106_2_01_05.png,684,521,339.81,346.0,63.36,52.81,1,3346.04,0.93894,0.09263,0.10136,1.1998,0,0
uas_waterfowl_crowd,aerien_non_marin,BDA_18A4_20181106_2_01_05.png,684,521,13.0,188.77,80.77,43.2,1,3489.26,0.97913,0.11808,0.08292,1.8697,0,0
uas_waterfowl_crowd,aerien_non_marin,BDA_18A4_20181106_2_01_05.png,684,521,25.38,135.97,67.27,51.0,1,3430.77,0.96272,0.09835,0.09789,1.319,0,0
uas_waterfowl_crowd,aerien_non_marin,BDA_18A4_20181106_2_01_06.png,684,521,646.81,299.74,59.5,50.0,1,2975.0,0.83482,0.08699,0.09597,1.19,0,1
uas_waterfowl_crowd,aerien_non_marin,BDA_18A4_20181106_2_01_06.png,684,521,99.19,95.65,72.0,57.55,1,4143.6,1.16274,0.10526,0.11046,1.2511,0,0
uas_waterfowl_crowd,aerien_non_marin,BDA_18A4_20181106_2_01_06.png,684,521,548.63,341.6,55.56,68.0,1,3778.08,1.06017,0.08123,0.13052,0.8171,0,0
uas_waterfowl_crowd,aerien_non_marin,BDA_18A4_20181106_2_01_06.png,684,521,601.76,366.49,69.4,52.31,1,3630.31,1.01871,0.10146,0.1004,1.3267,0,0
uas_waterfowl_crowd,aerien_non_marin,BDA_18A4_20181106_2_01_07.png,684,521,37.75,68.47,77.0,52.0,1,4004.0,1.12357,0.11257,0.09981,1.4808,0,0
uas_waterfowl_crowd,aerien_non_marin,BDA_18A4_20181106_2_01_07.png,684,521,8.91,184.54,60.28,40.0,1,2411.2,0.67661,0.08813,0.07678,1.507,0,0
uas_waterfowl_crowd,aerien_non_marin,BDA_18A4_20181106_2_01_07.png,684,521,102.54,261.93,67.43,47.16,1,3180.0,0.89235,0.09858,0.09052,1.4298,0,0
uas_waterfowl_crowd,aerien_non_marin,BDA_18A4_20181106_2_01_07.png,684,521,162.86,254.47,58.0,46.65,1,2705.7,0.75925,0.0848,0.08954,1.2433,0,0
uas_waterfowl_crowd,aerien_non_marin,BDA_18A4_20181106_2_01_07.png,684,521,-3.23,302.83,49.0,44.36,1,2173.64,0.60995,0.07164,0.08514,1.1046,0,1
uas_waterfowl_crowd,aerien_non_marin,BDA_18A4_20181106_2_01_07.png,684,521,15.54,428.53,77.26,52.51,1,4056.92,1.13842,0.11295,0.10079,1.4713,0,0
uas_waterfowl_crowd,aerien_non_marin,BDA_18A4_20181106_2_01_07.png,684,521,498.57,358.83,84.05,44.19,1,3714.17,1.04224,0.12288,0.08482,1.902,0,0
uas_waterfowl_crowd,aerien_non_marin,BDA_18A4_20181106_2_01_07.png,684,521,509.65,409.57,83.0,34.0,1,2822.0,0.79189,0.12135,0.06526,2.4412,0,0
uas_waterfowl_crowd,aerien_non_marin,BDA_18A4_20181106_2_01_07.png,684,521,571.28,448.21,83.13,34.85,1,2897.08,0.81296,0.12154,0.06689,2.3854,0,0
uas_waterfowl_crowd,aerien_non_marin,BDA_18A4_20181106_2_01_07.png,684,521,564.27,493.83,74.77,32.0,1,2392.64,0.6714,0.10931,0.06142,2.3366,0,1
uas_waterfowl_crowd,aerien_non_marin,BDA_18A4_20181106_2_02_01.png,684,521,590.25,346.28,60.63,42.98,1,2605.88,0.73124,0.08864,0.0825,1.4107,0,0
uas_waterfowl_crowd,aerien_non_marin,BDA_18A4_20181106_2_02_01.png,684,521,612.28,413.97,65.9,42.5,1,2800.75,0.78592,0.09635,0.08157,1.5506,0,0
uas_waterfowl_crowd,aerien_non_marin,BDA_18A4_20181106_2_02_02.png,684,521,210.43,-5.07,70.7,32.02,1,2263.81,0.63525,0.10336,0.06146,2.208,0,1
uas_waterfowl_crowd,aerien_non_marin,BDA_18A4_20181106_2_02_02.png,684,521,463.31,242.0,77.0,45.46,1,3500.42,0.98226,0.11257,0.08726,1.6938,0,0
uas_waterfowl_crowd,aerien_non_marin,BDA_18A4_20181106_2_02_02.png,684,521,69.25,171.87,45.0,48.31,1,2173.95,0.61004,0.06579,0.09273,0.9315,0,0
uas_waterfowl_crowd,aerien_non_marin,BDA_18A4_20181106_2_02_02.png,684,521,290.26,287.78,42.37,66.23,1,2806.17,0.78744,0.06194,0.12712,0.6397,0,0
uas_waterfowl_crowd,aerien_non_marin,BDA_18A4_20181106_2_02_02.png,684,521,103.01,151.87,55.0,35.0,1,1925.0,0.54018,0.08041,0.06718,1.5714,0,0
uas_waterfowl_crowd,aerien_non_marin,BDA_18A4_20181106_2_02_02.png,684,521,534.25,281.47,44.0,74.0,1,3256.0,0.91367,0.06433,0.14203,0.5946,0,0
uas_waterfowl_crowd,aerien_non_marin,BDA_18A4_20181106_2_02_02.png,684,521,536.84,410.87,70.17,43.0,1,3017.31,0.84669,0.10259,0.08253,1.6319,0,0
uas_waterfowl_crowd,aerien_non_marin,BDA_18A4_20181106_2_02_02.png,684,521,171.76,503.79,40.6,24.5,1,994.7,0.27912,0.05936,0.04702,1.6571,0,1
uas_waterfowl_crowd,aerien_non_marin,BDA_18A4_20181106_2_02_02.png,684,521,661.53,52.67,32.0,58.0,1,1856.0,0.52082,0.04678,0.11132,0.5517,0,1
uas_waterfowl_crowd,aerien_non_marin,BDA_18A4_20181106_2_02_02.png,684,521,603.0,470.23,70.86,31.5,1,2232.09,0.62635,0.1036,0.06046,2.2495,0,0
uas_waterfowl_crowd,aerien_non_marin,BDA_18A4_20181106_2_02_03.png,684,521,28.81,340.3,50.5,33.5,1,1691.75,0.47473,0.07383,0.0643,1.5075,0,0
uas_waterfowl_crowd,aerien_non_marin,BDA_18A4_20181106_2_02_03.png,684,521,13.22,282.73,41.0,65.32,1,2678.12,0.75151,0.05994,0.12537,0.6277,0,0
uas_waterfowl_crowd,aerien_non_marin,BDA_18A4_20181106_2_02_03.png,684,521,108.2,219.45,56.0,63.0,1,3528.0,0.99,0.08187,0.12092,0.8889,0,0
uas_waterfowl_crowd,aerien_non_marin,BDA_18A4_20181106_2_02_03.png,684,521,280.81,365.53,77.0,40.0,1,3080.0,0.86428,0.11257,0.07678,1.925,0,0
uas_waterfowl_crowd,aerien_non_marin,BDA_18A4_20181106_2_02_03.png,684,521,354.43,362.76,54.0,57.0,1,3078.0,0.86372,0.07895,0.1094,0.9474,0,0
uas_waterfowl_crowd,aerien_non_marin,BDA_18A4_20181106_2_02_03.png,684,521,373.08,242.53,52.21,59.5,1,3106.49,0.87172,0.07633,0.1142,0.8775,0,0
uas_waterfowl_crowd,aerien_non_marin,BDA_18A4_20181106_2_02_03.png,684,521,634.81,311.47,50.0,72.0,1,3600.0,1.0102,0.0731,0.1382,0.6944,0,1
uas_waterfowl_crowd,aerien_non_marin,BDA_18A4_20181106_2_02_03.png,684,521,649.38,215.25,38.9,47.11,1,1832.58,0.51424,0.05687,0.09042,0.8257,0,1
uas_waterfowl_crowd,aerien_non_marin,BDA_18A4_20181106_2_02_03.png,684,521,513.68,139.03,55.28,62.5,1,3455.0,0.96951,0.08082,0.11996,0.8845,0,0
uas_waterfowl_crowd,aerien_non_marin,BDA_18A4_20181106_2_02_03.png,684,521,327.81,83.56,53.0,67.0,1,3551.0,0.99645,0.07749,0.1286,0.791,0,0
uas_waterfowl_crowd,aerien_non_marin,BDA_18A4_20181106_2_02_03.png,684,521,323.07,2.3,65.54,42.74,1,2801.18,0.78604,0.09582,0.08203,1.5335,0,0
uas_waterfowl_crowd,aerien_non_marin,BDA_18A4_20181106_2_02_03.png,684,521,113.81,4.99,60.01,35.06,1,2103.95,0.59039,0.08773,0.06729,1.7116,0,0
uas_waterfowl_crowd,aerien_non_marin,BDA_18A4_20181106_2_02_03.png,684,521,51.81,4.1,50.08,67.16,1,3363.37,0.9438,0.07322,0.12891,0.7457,0,0
uas_waterfowl_crowd,aerien_non_marin,BDA_18A4_20181106_2_02_03.png,684,521,-1.7,52.74,33.46,63.2,1,2114.67,0.5934,0.04892,0.12131,0.5294,0,1
uas_waterfowl_crowd,aerien_non_marin,BDA_18A4_20181106_2_02_04.png,684,521,32.11,148.07,71.0,36.0,1,2556.0,0.71724,0.1038,0.0691,1.9722,0,0
uas_waterfowl_crowd,aerien_non_marin,BDA_18A4_20181106_2_02_04.png,684,521,184.25,145.62,64.0,43.0,1,2752.0,0.77224,0.09357,0.08253,1.4884,0,0
uas_waterfowl_crowd,aerien_non_marin,BDA_18A4_20181106_2_02_04.png,684,521,580.28,364.04,44.0,71.1,1,3128.4,0.87787,0.06433,0.13647,0.6188,0,0
uas_waterfowl_crowd,aerien_non_marin,BDA_18A4_20181106_2_02_04.png,684,521,374.81,282.85,54.76,52.0,1,2847.52,0.79905,0.08006,0.09981,1.0531,0,0
uas_waterfowl_crowd,aerien_non_marin,BDA_18A4_20181106_2_02_04.png,684,521,359.3,305.32,35.57,51.0,1,1814.07,0.50905,0.052,0.09789,0.6975,0,0
uas_waterfowl_crowd,aerien_non_marin,BDA_18A4_20181106_2_02_04.png,684,521,217.34,352.08,68.13,43.0,1,2929.59,0.82208,0.09961,0.08253,1.5844,0,0
uas_waterfowl_crowd,aerien_non_marin,BDA_18A4_20181106_2_02_04.png,684,521,130.81,197.99,64.0,32.76,1,2096.64,0.58834,0.09357,0.06288,1.9536,0,0
uas_waterfowl_crowd,aerien_non_marin,BDA_18A4_20181106_2_02_04.png,684,521,143.66,375.0,47.74,53.9,1,2573.19,0.72207,0.0698,0.10345,0.8857,0,0
uas_waterfowl_crowd,aerien_non_marin,BDA_18A4_20181106_2_02_04.png,684,521,121.06,471.02,56.32,57.7,1,3249.66,0.91189,0.08234,0.11075,0.9761,0,1
uas_waterfowl_crowd,aerien_non_marin,BDA_18A4_20181106_2_02_04.png,684,521,0.56,249.65,38.0,51.68,1,1963.84,0.55108,0.05556,0.09919,0.7353,0,0
uas_waterfowl_crowd,aerien_non_marin,BDA_18A4_20181106_2_02_04.png,684,521,-7.7,223.25,55.0,28.8,1,1584.0,0.44449,0.08041,0.05528,1.9097,0,1
uas_waterfowl_crowd,aerien_non_marin,BDA_18A4_20181106_2_02_05.png,684,521,396.1,452.94,58.5,51.11,1,2989.93,0.83901,0.08553,0.0981,1.1446,0,0
uas_waterfowl_crowd,aerien_non_marin,BDA_18A4_20181106_2_02_05.png,684,521,385.81,502.59,53.0,25.0,1,1325.0,0.37181,0.07749,0.04798,2.12,0,1
uas_waterfowl_crowd,aerien_non_marin,BDA_18A4_20181106_2_02_05.png,684,521,-1.68,349.93,67.0,36.02,1,2413.34,0.67721,0.09795,0.06914,1.8601,0,1
uas_waterfowl_crowd,aerien_non_marin,BDA_18A4_20181106_2_02_05.png,684,521,141.31,313.18,74.0,31.12,1,2302.88,0.64622,0.10819,0.05973,2.3779,0,0
uas_waterfowl_crowd,aerien_non_marin,BDA_18A4_20181106_2_02_05.png,684,521,193.92,160.72,50.0,56.0,1,2800.0,0.78571,0.0731,0.10749,0.8929,0,0
uas_waterfowl_crowd,aerien_non_marin,BDA_18A4_20181106_2_02_05.png,684,521,175.76,38.52,48.24,69.0,1,3328.56,0.93403,0.07053,0.13244,0.6991,0,0
uas_waterfowl_crowd,aerien_non_marin,BDA_18A4_20181106_2_02_05.png,684,521,351.81,138.0,55.0,46.0,1,2530.0,0.70995,0.08041,0.08829,1.1957,0,0
uas_waterfowl_crowd,aerien_non_marin,BDA_18A4_20181106_2_02_05.png,684,521,418.0,145.19,40.0,70.2,1,2808.0,0.78796,0.05848,0.13474,0.5698,0,0
uas_waterfowl_crowd,aerien_non_marin,BDA_18A4_20181106_2_02_05.png,684,521,69.4,106.4,49.94,65.5,1,3271.07,0.9179,0.07301,0.12572,0.7624,0,0
uas_waterfowl_crowd,aerien_non_marin,BDA_18A4_20181106_2_02_06.png,684,521,578.06,19.38,67.67,64.97,1,4396.52,1.23372,0.09893,0.1247,1.0416,0,0
uas_waterfowl_crowd,aerien_non_marin,BDA_18A4_20181106_2_02_06.png,684,521,-9.86,162.63,52.43,73.33,1,3844.69,1.07887,0.07665,0.14075,0.715,0,1
uas_waterfowl_crowd,aerien_non_marin,BDA_18A4_20181106_2_02_07.png,684,521,131.38,39.13,67.0,56.63,1,3794.21,1.0647,0.09795,0.10869,1.1831,0,0
uas_waterfowl_crowd,aerien_non_marin,BDA_18A4_20181106_2_02_07.png,684,521,270.25,12.16,81.0,37.41,1,3030.21,0.85031,0.11842,0.0718,2.1652,0,0
uas_waterfowl_crowd,aerien_non_marin,BDA_18A4_20181106_2_02_07.png,684,521,366.18,37.17,62.44,36.0,1,2247.84,0.63077,0.09129,0.0691,1.7344,0,0
uas_waterfowl_crowd,aerien_non_marin,BDA_18A4_20181106_2_02_07.png,684,521,379.81,83.07,71.14,35.0,1,2489.9,0.6987,0.10401,0.06718,2.0326,0,0
uas_waterfowl_crowd,aerien_non_marin,BDA_18A4_20181106_2_02_07.png,684,521,485.68,97.23,70.0,41.0,1,2870.0,0.80536,0.10234,0.07869,1.7073,0,0
uas_waterfowl_crowd,aerien_non_marin,BDA_18A4_20181106_2_02_07.png,684,521,543.01,212.47,70.0,38.46,1,2692.2,0.75546,0.10234,0.07382,1.8201,0,0
uas_waterfowl_crowd,aerien_non_marin,BDA_18A4_20181106_2_02_07.png,684,521,422.38,173.82,68.67,39.3,1,2698.73,0.7573,0.10039,0.07543,1.7473,0,0
uas_waterfowl_crowd,aerien_non_marin,BDA_18A4_20181106_2_02_07.png,684,521,288.85,112.18,64.76,45.0,1,2914.2,0.81776,0.09468,0.08637,1.4391,0,0
uas_waterfowl_crowd,aerien_non_marin,BDA_18A4_20181106_2_02_07.png,684,521,166.24,183.67,66.0,46.52,1,3070.32,0.86157,0.09649,0.08929,1.4187,0,0
uas_waterfowl_crowd,aerien_non_marin,BDA_18A4_20181106_2_02_07.png,684,521,294.81,212.88,64.0,38.0,1,2432.0,0.68245,0.09357,0.07294,1.6842,0,0
uas_waterfowl_crowd,aerien_non_marin,BDA_18A4_20181106_2_02_07.png,684,521,369.81,238.3,58.0,32.0,1,1856.0,0.52082,0.0848,0.06142,1.8125,0,0
uas_waterfowl_crowd,aerien_non_marin,BDA_18A4_20181106_2_02_07.png,684,521,430.81,225.6,57.0,32.0,1,1824.0,0.51184,0.08333,0.06142,1.7812,0,0
uas_waterfowl_crowd,aerien_non_marin,BDA_18A4_20181106_2_02_07.png,684,521,565.31,277.33,69.52,42.49,1,2953.9,0.8289,0.10164,0.08155,1.6361,0,0
uas_waterfowl_crowd,aerien_non_marin,BDA_18A4_20181106_2_02_07.png,684,521,298.16,293.76,73.5,37.0,1,2719.5,0.76312,0.10746,0.07102,1.9865,0,0
uas_waterfowl_crowd,aerien_non_marin,BDA_18A4_20181106_2_02_07.png,684,521,318.0,266.27,68.45,35.0,1,2395.75,0.67228,0.10007,0.06718,1.9557,0,0
uas_waterfowl_crowd,aerien_non_marin,BDA_18A4_20181106_2_02_07.png,684,521,655.25,427.47,39.0,67.0,1,2613.0,0.73324,0.05702,0.1286,0.5821,0,1
uas_waterfowl_crowd,aerien_non_marin,BDA_18A4_20181106_2_02_07.png,684,521,346.25,494.33,62.82,30.0,1,1884.6,0.52884,0.09184,0.05758,2.094,0,1
uas_waterfowl_crowd,aerien_non_marin,BDA_18A4_20181106_2_02_08.png,684,521,288.78,194.99,66.83,37.5,1,2506.12,0.70325,0.0977,0.07198,1.7821,0,0
uas_waterfowl_crowd,aerien_non_marin,BDA_18A4_20181106_2_02_08.png,684,521,219.13,152.25,65.9,35.52,1,2340.77,0.65685,0.09635,0.06818,1.8553,0,0
uas_waterfowl_crowd,aerien_non_marin,BDA_18A4_20181106_2_02_08.png,684,521,145.94,228.23,74.5,30.98,1,2308.01,0.64766,0.10892,0.05946,2.4048,0,0
uas_waterfowl_crowd,aerien_non_marin,BDA_18A4_20181106_2_02_08.png,684,521,89.81,315.47,85.3,35.0,1,2985.5,0.83777,0.12471,0.06718,2.4371,0,0
uas_waterfowl_crowd,aerien_non_marin,BDA_18A4_20181106_2_02_08.png,684,521,138.36,410.26,70.89,40.3,1,2856.87,0.80167,0.10364,0.07735,1.7591,0,0
uas_waterfowl_crowd,aerien_non_marin,BDA_18A4_20181106_2_02_08.png,684,521,-3.03,438.82,52.0,35.53,1,1847.56,0.51845,0.07602,0.0682,1.4636,0,1
uas_waterfowl_crowd,aerien_non_marin,BDA_18A4_20181106_2_02_08.png,684,521,443.75,398.47,69.33,38.0,1,2634.54,0.73928,0.10136,0.07294,1.8245,0,0
uas_waterfowl_crowd,aerien_non_marin,BDA_18A4_20181106_2_02_08.png,684,521,194.06,14.05,73.5,37.24,1,2737.14,0.76807,0.10746,0.07148,1.9737,0,0
uas_waterfowl_crowd,aerien_non_marin,BDA_18A4_20181106_2_02_08.png,684,521,14.25,60.79,70.0,40.8,1,2856.0,0.80143,0.10234,0.07831,1.7157,0,0
uas_waterfowl_crowd,aerien_non_marin,BDA_18A4_20181106_2_02_08.png,684,521,373.25,3.47,65.46,43.0,1,2814.78,0.78986,0.0957,0.08253,1.5223,0,0
uas_waterfowl_crowd,aerien_non_marin,BDA_18A4_20181106_2_02_08.png,684,521,419.75,-5.0,56.0,46.0,1,2576.0,0.72286,0.08187,0.08829,1.2174,0,1
uas_waterfowl_crowd,aerien_non_marin,BDA_18A4_20181106_2_02_08.png,684,521,70.3,274.61,82.0,34.0,1,2788.0,0.78235,0.11988,0.06526,2.4118,0,0
uas_waterfowl_crowd,aerien_non_marin,BDA_18A4_20181106_2_03_01.png,684,521,361.46,435.18,72.0,60.0,1,4320.0,1.21224,0.10526,0.11516,1.2,0,0
uas_waterfowl_crowd,aerien_non_marin,BDA_18A4_20181106_2_03_01.png,684,521,598.51,209.85,50.02,57.1,1,2856.14,0.80147,0.07313,0.1096,0.876,0,0
uas_waterfowl_crowd,aerien_non_marin,BDA_18A4_20181106_2_03_01.png,684,521,622.78,97.38,60.5,42.5,1,2571.25,0.72152,0.08845,0.08157,1.4235,0,0
uas_waterfowl_crowd,aerien_non_marin,BDA_18A4_20181106_2_03_01.png,684,521,624.81,2.4,61.31,48.0,1,2942.88,0.82581,0.08963,0.09213,1.2773,0,1
uas_waterfowl_crowd,aerien_non_marin,BDA_18A4_20181106_2_03_01.png,684,521,279.31,16.0,72.0,44.0,1,3168.0,0.88898,0.10526,0.08445,1.6364,0,0
uas_waterfowl_crowd,aerien_non_marin,BDA_18A4_20181106_2_03_01.png,684,521,9.79,449.47,73.0,46.0,1,3358.0,0.94229,0.10673,0.08829,1.587,0,0
uas_waterfowl_crowd,aerien_non_marin,BDA_18A4_20181106_2_03_02.png,684,521,555.83,415.64,68.5,40.0,1,2740.0,0.76888,0.10015,0.07678,1.7125,0,0
uas_waterfowl_crowd,aerien_non_marin,BDA_18A4_20181106_2_03_02.png,684,521,501.3,405.53,62.76,35.94,1,2255.59,0.63295,0.09175,0.06898,1.7462,0,0
uas_waterfowl_crowd,aerien_non_marin,BDA_18A4_20181106_2_03_02.png,684,521,355.56,436.06,57.48,57.79,1,3321.77,0.93213,0.08404,0.11092,0.9946,0,0
uas_waterfowl_crowd,aerien_non_marin,BDA_18A4_20181106_2_03_02.png,684,521,274.71,348.53,77.4,37.6,1,2910.24,0.81665,0.11316,0.07217,2.0585,0,0
uas_waterfowl_crowd,aerien_non_marin,BDA_18A4_20181106_2_03_02.png,684,521,568.54,115.2,73.1,41.2,1,3011.72,0.84512,0.10687,0.07908,1.7743,0,0
uas_waterfowl_crowd,aerien_non_marin,BDA_18A4_20181106_2_03_02.png,684,521,356.21,92.81,61.0,37.68,1,2298.48,0.64498,0.08918,0.07232,1.6189,0,0
uas_waterfowl_crowd,aerien_non_marin,BDA_18A4_20181106_2_03_02.png,684,521,129.23,254.99,41.49,62.41,1,2589.39,0.72661,0.06066,0.11979,0.6648,0,0
uas_waterfowl_crowd,aerien_non_marin,BDA_18A4_20181106_2_03_02.png,684,521,146.88,334.34,60.79,48.9,1,2972.63,0.83416,0.08887,0.09386,1.2431,0,0
uas_waterfowl_crowd,aerien_non_marin,BDA_18A4_20181106_2_03_02.png,684,521,45.74,353.55,43.15,56.84,1,2452.65,0.68824,0.06308,0.1091,0.7591,0,0
uas_waterfowl_crowd,aerien_non_marin,BDA_18A4_20181106_2_03_02.png,684,521,93.99,391.47,42.96,60.88,1,2615.4,0.73391,0.06281,0.11685,0.7057,0,0
uas_waterfowl_crowd,aerien_non_marin,BDA_18A4_20181106_2_03_02.png,684,521,116.11,30.62,52.0,35.39,1,1840.28,0.5164,0.07602,0.06793,1.4693,0,0
uas_waterfowl_crowd,aerien_non_marin,BDA_18A4_20181106_2_03_02.png,684,521,176.71,-1.0,41.65,38.0,1,1582.7,0.44412,0.06089,0.07294,1.0961,0,1
uas_waterfowl_crowd,aerien_non_marin,BDA_18A4_20181106_2_03_03.png,684,521,95.31,187.67,49.07,61.87,1,3035.96,0.85193,0.07174,0.11875,0.7931,0,0
uas_waterfowl_crowd,aerien_non_marin,BDA_18A4_20181106_2_03_03.png,684,521,421.18,445.59,68.26,33.67,1,2298.31,0.64493,0.0998,0.06463,2.0273,0,0
uas_waterfowl_crowd,aerien_non_marin,BDA_18A4_20181106_2_03_03.png,684,521,384.49,480.33,48.1,45.72,1,2199.13,0.6171,0.07032,0.08775,1.0521,0,1
uas_waterfowl_crowd,aerien_non_marin,BDA_18A4_20181106_2_03_03.png,684,521,619.35,333.9,68.19,39.73,1,2709.19,0.76023,0.09969,0.07626,1.7163,0,1
uas_waterfowl_crowd,aerien_non_marin,BDA_18A4_20181106_2_03_03.png,684,521,641.13,374.4,56.1,26.9,1,1509.09,0.42347,0.08202,0.05163,2.0855,0,1
uas_waterfowl_crowd,aerien_non_marin,BDA_18A4_20181106_2_03_04.png,684,521,45.85,89.47,68.0,41.0,1,2788.0,0.78235,0.09942,0.07869,1.6585,0,0
uas_waterfowl_crowd,aerien_non_marin,BDA_18A4_20181106_2_03_04.png,684,521,328.25,168.47,70.0,31.0,1,2170.0,0.60893,0.10234,0.0595,2.2581,0,0
uas_waterfowl_crowd,aerien_non_marin,BDA_18A4_20181106_2_03_04.png,684,521,345.81,205.37,61.0,30.0,1,1830.0,0.51352,0.08918,0.05758,2.0333,0,0
uas_waterfowl_crowd,aerien_non_marin,BDA_18A4_20181106_2_03_04.png,684,521,600.89,76.88,69.96,50.0,1,3498.0,0.98158,0.10228,0.09597,1.3992,0,0
uas_waterfowl_crowd,aerien_non_marin,BDA_18A4_20181106_2_03_04.png,684,521,107.25,394.37,67.0,50.58,1,3388.86,0.95095,0.09795,0.09708,1.3246,0,0
uas_waterfowl_crowd,aerien_non_marin,BDA_18A4_20181106_2_03_04.png,684,521,122.72,143.52,63.0,30.0,1,1890.0,0.53036,0.09211,0.05758,2.1,0,0
uas_waterfowl_crowd,aerien_non_marin,BDA_18A4_20181106_2_03_04.png,684,521,89.99,169.99,65.0,30.23,1,1964.95,0.55139,0.09503,0.05802,2.1502,0,0
uas_waterfowl_crowd,aerien_non_marin,BDA_18A4_20181106_2_03_04.png,684,521,-7.23,369.47,32.28,33.94,1,1095.58,0.30743,0.04719,0.06514,0.9511,0,1
uas_waterfowl_crowd,aerien_non_marin,BDA_18A4_20181106_2_03_04.png,684,521,660.9,303.47,29.07,61.0,1,1773.27,0.4976,0.0425,0.11708,0.4766,0,1
uas_waterfowl_crowd,aerien_non_marin,BDA_18A4_20181106_2_03_04.png,684,521,622.69,499.34,32.0,28.64,1,916.48,0.25718,0.04678,0.05497,1.1173,0,1
uas_waterfowl_crowd,aerien_non_marin,BDA_18A4_20181106_2_03_05.png,684,521,105.38,71.75,56.0,67.85,1,3799.6,1.06621,0.08187,0.13023,0.8254,0,0
uas_waterfowl_crowd,aerien_non_marin,BDA_18A4_20181106_2_03_05.png,684,521,-2.81,131.12,61.25,45.21,1,2769.11,0.77705,0.08955,0.08678,1.3548,0,1
uas_waterfowl_crowd,aerien_non_marin,BDA_18A4_20181106_2_03_05.png,684,521,5.37,328.95,43.42,65.9,1,2861.38,0.80294,0.06348,0.12649,0.6589,0,0
uas_waterfowl_crowd,aerien_non_marin,BDA_18A4_20181106_2_03_05.png,684,521,-8.86,305.85,29.99,63.23,1,1896.27,0.53212,0.04385,0.12136,0.4743,0,1
uas_waterfowl_crowd,aerien_non_marin,BDA_18A4_20181106_2_03_05.png,684,521,220.31,159.29,66.0,36.0,1,2376.0,0.66673,0.09649,0.0691,1.8333,0,0
uas_waterfowl_crowd,aerien_non_marin,BDA_18A4_20181106_2_03_05.png,684,521,267.75,184.78,77.0,33.7,1,2594.9,0.72816,0.11257,0.06468,2.2849,0,0
uas_waterfowl_crowd,aerien_non_marin,BDA_18A4_20181106_2_03_05.png,684,521,430.98,88.52,73.0,42.0,1,3066.0,0.86036,0.10673,0.08061,1.7381,0,0
uas_waterfowl_crowd,aerien_non_marin,BDA_18A4_20181106_2_03_05.png,684,521,264.0,322.12,59.0,39.0,1,2301.0,0.64569,0.08626,0.07486,1.5128,0,0
uas_waterfowl_crowd,aerien_non_marin,BDA_18A4_20181106_2_03_05.png,684,521,316.19,330.42,46.3,50.7,1,2347.41,0.65871,0.06769,0.09731,0.9132,0,0
uas_waterfowl_crowd,aerien_non_marin,BDA_18A4_20181106_2_03_05.png,684,521,453.93,320.8,70.64,45.68,1,3226.84,0.90549,0.10327,0.08768,1.5464,0,0
uas_waterfowl_crowd,aerien_non_marin,BDA_18A4_20181106_2_03_05.png,684,521,549.04,301.04,78.48,52.19,1,4095.87,1.14935,0.11474,0.10017,1.5037,0,0
uas_waterfowl_crowd,aerien_non_marin,BDA_18A4_20181106_2_03_05.png,684,521,594.6,235.62,73.4,45.89,1,3368.33,0.94519,0.10731,0.08808,1.5995,0,0
uas_waterfowl_crowd,aerien_non_marin,BDA_18A4_20181106_2_03_05.png,684,521,375.83,414.51,50.45,47.68,1,2405.46,0.675,0.07376,0.09152,1.0581,0,0
uas_waterfowl_crowd,aerien_non_marin,BDA_18A4_20181106_2_03_05.png,684,521,412.53,445.38,72.71,38.21,1,2778.25,0.77961,0.1063,0.07334,1.9029,0,0
uas_waterfowl_crowd,aerien_non_marin,BDA_18A4_20181106_2_03_05.png,684,521,428.2,496.12,79.0,32.0,1,2528.0,0.70939,0.1155,0.06142,2.4688,0,1
uas_waterfowl_crowd,aerien_non_marin,BDA_18A4_20181106_2_03_05.png,684,521,388.37,-3.58,74.36,33.47,1,2488.83,0.6984,0.10871,0.06424,2.2217,0,1
uas_waterfowl_crowd,aerien_non_marin,BDA_18A4_20181106_2_03_06.png,684,521,494.82,124.15,73.84,65.0,1,4799.6,1.34683,0.10795,0.12476,1.136,0,0
uas_waterfowl_crowd,aerien_non_marin,BDA_18A4_20181106_2_03_06.png,684,521,476.5,440.8,83.0,46.36,1,3847.88,1.07976,0.12135,0.08898,1.7903,0,0
uas_waterfowl_crowd,aerien_non_marin,BDA_18A4_20181106_2_03_06.png,684,521,258.17,161.03,82.4,40.0,1,3296.0,0.9249,0.12047,0.07678,2.06,0,0
uas_waterfowl_crowd,aerien_non_marin,BDA_18A4_20181106_2_03_06.png,684,521,223.92,208.7,60.91,70.0,1,4263.7,1.19645,0.08905,0.13436,0.8701,0,0
uas_waterfowl_crowd,aerien_non_marin,BDA_18A4_20181106_2_03_07.png,684,521,258.36,287.45,67.62,55.0,1,3719.1,1.04362,0.09886,0.10557,1.2295,0,0
uas_waterfowl_crowd,aerien_non_marin,BDA_18A4_20181106_2_03_07.png,684,521,266.46,420.73,78.3,54.6,1,4275.18,1.19967,0.11447,0.1048,1.4341,0,0
uas_waterfowl_crowd,aerien_non_marin,BDA_18A4_20181106_2_03_07.png,684,521,488.7,444.76,68.4,34.47,1,2357.75,0.66161,0.1,0.06616,1.9843,0,0
uas_waterfowl_crowd,aerien_non_marin,BDA_18A4_20181106_2_03_07.png,684,521,644.81,181.47,53.33,76.21,1,4064.28,1.14049,0.07797,0.14628,0.6998,0,1
uas_waterfowl_crowd,aerien_non_marin,BDA_18A4_20181106_2_03_07.png,684,521,356.05,9.12,58.26,62.65,1,3649.99,1.02423,0.08518,0.12025,0.9299,0,0
uas_waterfowl_crowd,aerien_non_marin,BDA_18A4_20181106_2_03_07.png,684,521,79.65,445.96,61.14,62.99,1,3851.21,1.0807,0.08939,0.1209,0.9706,0,0
uas_waterfowl_crowd,aerien_non_marin,BDA_18A4_20181106_2_03_07.png,684,521,543.09,472.15,48.13,54.16,1,2606.72,0.73148,0.07037,0.10395,0.8887,0,1
uas_waterfowl_crowd,aerien_non_marin,BDA_18A4_20181106_2_03_08.png,684,521,435.12,457.85,94.5,48.11,1,4546.39,1.27577,0.13816,0.09234,1.9642,0,0
uas_waterfowl_crowd,aerien_non_marin,BDA_18A4_20181106_2_04_01.png,684,521,159.91,105.83,65.0,45.0,1,2925.0,0.82079,0.09503,0.08637,1.4444,0,0
uas_waterfowl_crowd,aerien_non_marin,BDA_18A4_20181106_2_04_01.png,684,521,254.12,107.13,46.8,63.3,1,2962.44,0.8313,0.06842,0.1215,0.7393,0,0
uas_waterfowl_crowd,aerien_non_marin,BDA_18A4_20181106_2_04_01.png,684,521,366.3,311.47,71.2,44.0,1,3132.8,0.8791,0.10409,0.08445,1.6182,0,0
uas_waterfowl_crowd,aerien_non_marin,BDA_18A4_20181106_2_04_01.png,684,521,132.56,413.05,66.94,39.2,1,2624.05,0.73634,0.09787,0.07524,1.7077,0,0
uas_waterfowl_crowd,aerien_non_marin,BDA_18A4_20181106_2_04_01.png,684,521,21.63,19.5,61.31,48.13,1,2950.85,0.82804,0.08963,0.09238,1.2738,0,0
uas_waterfowl_crowd,aerien_non_marin,BDA_18A4_20181106_2_04_01.png,684,521,84.19,28.62,54.0,41.6,1,2246.4,0.63037,0.07895,0.07985,1.2981,0,0
uas_waterfowl_crowd,aerien_non_marin,BDA_18A4_20181106_2_04_02.png,684,521,467.56,1.0,51.82,45.61,1,2363.51,0.66323,0.07576,0.08754,1.1362,0,0
uas_waterfowl_crowd,aerien_non_marin,BDA_18A4_20181106_2_04_02.png,684,521,377.81,190.0,61.0,37.0,1,2257.0,0.63334,0.08918,0.07102,1.6486,0,0
uas_waterfowl_crowd,aerien_non_marin,BDA_18A4_20181106_2_04_02.png,684,521,534.66,269.62,61.49,48.72,1,2995.79,0.84066,0.0899,0.09351,1.2621,0,0
uas_waterfowl_crowd,aerien_non_marin,BDA_18A4_20181106_2_04_02.png,684,521,422.44,282.68,55.59,40.0,1,2223.6,0.62397,0.08127,0.07678,1.3898,0,0
uas_waterfowl_crowd,aerien_non_marin,BDA_18A4_20181106_2_04_02.png,684,521,53.38,439.24,49.0,55.46,1,2717.54,0.76257,0.07164,0.10645,0.8835,0,0
uas_waterfowl_crowd,aerien_non_marin,BDA_18A4_20181106_2_04_02.png,684,521,264.79,1.88,54.5,54.63,1,2977.34,0.83548,0.07968,0.10486,0.9976,0,0
uas_waterfowl_crowd,aerien_non_marin,BDA_18A4_20181106_2_04_02.png,684,521,197.43,89.73,45.21,64.0,1,2893.44,0.81193,0.0661,0.12284,0.7064,0,0
uas_waterfowl_crowd,aerien_non_marin,BDA_18A4_20181106_2_04_02.png,684,521,523.81,221.03,58.05,39.41,1,2287.75,0.64197,0.08487,0.07564,1.473,0,0
uas_waterfowl_crowd,aerien_non_marin,BDA_18A4_20181106_2_04_02.png,684,521,142.6,495.48,51.19,27.65,1,1415.4,0.39718,0.07484,0.05307,1.8514,0,1
uas_waterfowl_crowd,aerien_non_marin,BDA_18A4_20181106_2_04_02.png,684,521,656.7,1.82,31.75,42.09,1,1336.36,0.375,0.04642,0.08079,0.7543,0,1
uas_waterfowl_crowd,aerien_non_marin,BDA_18A4_20181106_2_04_03.png,684,521,152.75,75.61,85.0,42.0,1,3570.0,1.00178,0.12427,0.08061,2.0238,0,0
uas_waterfowl_crowd,aerien_non_marin,BDA_18A4_20181106_2_04_03.png,684,521,-8.19,-0.53,36.0,49.0,1,1764.0,0.495,0.05263,0.09405,0.7347,0,1
uas_waterfowl_crowd,aerien_non_marin,BDA_18A4_20181106_2_04_03.png,684,521,387.81,26.0,67.0,38.0,1,2546.0,0.71444,0.09795,0.07294,1.7632,0,0
uas_waterfowl_crowd,aerien_non_marin,BDA_18A4_20181106_2_04_03.png,684,521,517.56,11.0,48.0,68.0,1,3264.0,0.91592,0.07018,0.13052,0.7059,0,0
uas_waterfowl_crowd,aerien_non_marin,BDA_18A4_20181106_2_04_03.png,684,521,389.43,-1.27,35.2,28.08,1,988.42,0.27736,0.05146,0.0539,1.2536,0,1
uas_waterfowl_crowd,aerien_non_marin,BDA_18A4_20181106_2_04_03.png,684,521,580.63,33.6,50.56,65.91,1,3332.41,0.93511,0.07392,0.12651,0.7671,0,0
uas_waterfowl_crowd,aerien_non_marin,BDA_18A4_20181106_2_04_03.png,684,521,646.28,34.23,44.58,48.5,1,2162.13,0.60672,0.06518,0.09309,0.9192,0,1
uas_waterfowl_crowd,aerien_non_marin,BDA_18A4_20181106_2_04_03.png,684,521,608.75,234.47,68.0,46.4,1,3155.2,0.88539,0.09942,0.08906,1.4655,0,0
uas_waterfowl_crowd,aerien_non_marin,BDA_18A4_20181106_2_04_03.png,684,521,461.81,237.47,45.37,63.0,1,2858.31,0.80208,0.06633,0.12092,0.7202,0,0
uas_waterfowl_crowd,aerien_non_marin,BDA_18A4_20181106_2_04_03.png,684,521,336.53,287.23,56.0,75.0,1,4200.0,1.17857,0.08187,0.14395,0.7467,0,0
uas_waterfowl_crowd,aerien_non_marin,BDA_18A4_20181106_2_04_03.png,684,521,185.79,206.61,65.0,31.0,1,2015.0,0.56543,0.09503,0.0595,2.0968,0,0
uas_waterfowl_crowd,aerien_non_marin,BDA_18A4_20181106_2_04_03.png,684,521,164.75,253.8,79.1,36.5,1,2887.15,0.81017,0.11564,0.07006,2.1671,0,0
uas_waterfowl_crowd,aerien_non_marin,BDA_18A4_20181106_2_04_03.png,684,521,27.96,299.2,43.0,57.0,1,2451.0,0.68778,0.06287,0.1094,0.7544,0,0
uas_waterfowl_crowd,aerien_non_marin,BDA_18A4_20181106_2_04_04.png,684,521,169.8,91.61,41.6,62.0,1,2579.2,0.72375,0.06082,0.119,0.671,0,0
uas_waterfowl_crowd,aerien_non_marin,BDA_18A4_20181106_2_04_04.png,684,521,188.25,47.0,52.0,50.4,1,2620.8,0.73543,0.07602,0.09674,1.0317,0,0
uas_waterfowl_crowd,aerien_non_marin,BDA_18A4_20181106_2_04_04.png,684,521,368.12,4.23,72.6,29.9,1,2170.74,0.60914,0.10614,0.05739,2.4281,0,0
uas_waterfowl_crowd,aerien_non_marin,BDA_18A4_20181106_2_04_04.png,684,521,435.25,13.0,40.8,49.0,1,1999.2,0.561,0.05965,0.09405,0.8327,0,0
uas_waterfowl_crowd,aerien_non_marin,BDA_18A4_20181106_2_04_04.png,684,521,605.38,0.43,56.5,45.0,1,2542.5,0.71346,0.0826,0.08637,1.2556,0,0
uas_waterfowl_crowd,aerien_non_marin,BDA_18A4_20181106_2_04_04.png,684,521,598.3,97.59,50.0,49.0,1,2450.0,0.6875,0.0731,0.09405,1.0204,0,0
uas_waterfowl_crowd,aerien_non_marin,BDA_18A4_20181106_2_04_04.png,684,521,595.0,165.0,66.4,40.53,1,2691.19,0.75518,0.09708,0.07779,1.6383,0,0
uas_waterfowl_crowd,aerien_non_marin,BDA_18A4_20181106_2_04_04.png,684,521,600.75,251.46,57.0,52.0,1,2964.0,0.83173,0.08333,0.09981,1.0962,0,0
uas_waterfowl_crowd,aerien_non_marin,BDA_18A4_20181106_2_04_04.png,684,521,480.23,237.67,46.0,50.79,1,2336.34,0.6556,0.06725,0.09749,0.9057,0,0
uas_waterfowl_crowd,aerien_non_marin,BDA_18A4_20181106_2_04_04.png,684,521,301.83,104.99,40.22,67.73,1,2724.1,0.76442,0.0588,0.13,0.5938,0,0
uas_waterfowl_crowd,aerien_non_marin,BDA_18A4_20181106_2_04_04.png,684,521,454.16,291.8,51.3,55.6,1,2852.28,0.80038,0.075,0.10672,0.9227,0,0
uas_waterfowl_crowd,aerien_non_marin,BDA_18A4_20181106_2_04_04.png,684,521,211.25,327.09,64.87,33.24,1,2156.28,0.60508,0.09484,0.0638,1.9516,0,0
uas_waterfowl_crowd,aerien_non_marin,BDA_18A4_20181106_2_04_04.png,684,521,272.61,412.28,57.02,51.58,1,2941.09,0.82531,0.08336,0.099,1.1055,0,0
uas_waterfowl_crowd,aerien_non_marin,BDA_18A4_20181106_2_04_04.png,684,521,156.36,375.57,48.85,57.08,1,2788.36,0.78245,0.07142,0.10956,0.8558,0,0
uas_waterfowl_crowd,aerien_non_marin,BDA_18A4_20181106_2_04_04.png,684,521,0.75,431.54,39.0,45.82,1,1786.98,0.50145,0.05702,0.08795,0.8512,0,0
uas_waterfowl_crowd,aerien_non_marin,BDA_18A4_20181106_2_04_04.png,684,521,40.11,433.69,52.8,48.8,1,2576.64,0.72304,0.07719,0.09367,1.082,0,0
uas_waterfowl_crowd,aerien_non_marin,BDA_18A4_20181106_2_04_05.png,684,521,84.81,212.98,80.8,50.0,1,4040.0,1.13367,0.11813,0.09597,1.616,0,0
uas_waterfowl_crowd,aerien_non_marin,BDA_18A4_20181106_2_04_05.png,684,521,217.16,131.09,64.0,70.0,1,4480.0,1.25714,0.09357,0.13436,0.9143,0,0
uas_waterfowl_crowd,aerien_non_marin,BDA_18A4_20181106_2_04_05.png,684,521,272.81,-1.0,94.0,33.06,1,3107.64,0.87204,0.13743,0.06345,2.8433,0,1
uas_waterfowl_crowd,aerien_non_marin,BDA_18A4_20181106_2_04_05.png,684,521,44.81,84.45,64.0,62.4,1,3993.6,1.12065,0.09357,0.11977,1.0256,0,0
uas_waterfowl_crowd,aerien_non_marin,BDA_18A4_20181106_2_04_05.png,684,521,115.09,24.8,65.0,54.0,1,3510.0,0.98495,0.09503,0.10365,1.2037,0,0
uas_waterfowl_crowd,aerien_non_marin,BDA_18A4_20181106_2_04_05.png,684,521,513.41,49.3,56.2,59.0,1,3315.8,0.93045,0.08216,0.11324,0.9525,0,0
uas_waterfowl_crowd,aerien_non_marin,BDA_18A4_20181106_2_04_05.png,684,521,183.81,392.69,60.0,50.33,1,3019.8,0.84739,0.08772,0.0966,1.1921,0,0
uas_waterfowl_crowd,aerien_non_marin,BDA_18A4_20181106_2_04_05.png,684,521,328.2,41.23,77.6,44.36,1,3442.34,0.96596,0.11345,0.08514,1.7493,0,0
uas_waterfowl_crowd,aerien_non_marin,BDA_18A4_20181106_2_04_05.png,684,521,352.41,189.51,86.69,47.26,1,4096.97,1.14966,0.12674,0.09071,1.8343,0,0
uas_waterfowl_crowd,aerien_non_marin,BDA_18A4_20181106_2_04_06.png,684,521,57.38,128.79,76.0,36.0,1,2736.0,0.76775,0.11111,0.0691,2.1111,0,0
uas_waterfowl_crowd,aerien_non_marin,BDA_18A4_20181106_2_04_06.png,684,521,55.03,91.1,81.5,39.7,1,3235.55,0.90793,0.11915,0.0762,2.0529,0,0
uas_waterfowl_crowd,aerien_non_marin,BDA_18A4_20181106_2_04_07.png,684,521,108.61,211.76,71.1,64.2,1,4564.62,1.28089,0.10395,0.12322,1.1075,0,0
uas_waterfowl_crowd,aerien_non_marin,BDA_18A4_20181106_2_04_07.png,684,521,122.81,258.16,53.5,65.5,1,3504.25,0.98333,0.07822,0.12572,0.8168,0,0
uas_waterfowl_crowd,aerien_non_marin,BDA_18A4_20181106_2_04_07.png,684,521,10.81,387.0,67.0,48.54,1,3252.18,0.9126,0.09795,0.09317,1.3803,0,0
uas_waterfowl_crowd,aerien_non_marin,BDA_18A4_20181106_2_04_07.png,684,521,14.96,418.31,77.7,50.8,1,3947.16,1.10762,0.1136,0.0975,1.5295,0,0
uas_waterfowl_crowd,aerien_non_marin,BDA_18A4_20181106_2_04_08.png,684,521,50.51,330.46,76.79,46.4,1,3563.06,0.99984,0.11227,0.08906,1.655,0,0
uas_waterfowl_crowd,aerien_non_marin,BDA_18A4_20181106_2_04_08.png,684,521,552.78,50.08,76.54,42.0,1,3214.68,0.90208,0.1119,0.08061,1.8224,0,0
uas_waterfowl_crowd,aerien_non_marin,BDA_18A4_20181106_2_04_08.png,684,521,460.54,9.35,87.49,33.69,1,2947.54,0.82711,0.12791,0.06466,2.5969,0,0
uas_waterfowl_crowd,aerien_non_marin,BDA_18A4_20181106_2_04_08.png,684,521,487.33,61.55,65.23,41.58,1,2712.26,0.76109,0.09537,0.07981,1.5688,0,0
uas_waterfowl_crowd,aerien_non_marin,BDA_18A4_20181106_2_04_08.png,684,521,508.19,128.0,76.0,44.36,1,3371.36,0.94604,0.11111,0.08514,1.7133,0,0
uas_waterfowl_crowd,aerien_non_marin,BDA_18A4_20181106_2_05_01.png,684,521,250.26,371.02,72.0,53.3,1,3837.6,1.07688,0.10526,0.1023,1.3508,0,0
uas_waterfowl_crowd,aerien_non_marin,BDA_18A4_20181106_2_05_01.png,684,521,191.96,460.52,71.31,64.25,1,4581.67,1.28567,0.10425,0.12332,1.1099,0,1
uas_waterfowl_crowd,aerien_non_marin,BDA_18A4_20181106_2_05_02.png,684,521,12.81,159.24,69.0,47.2,1,3256.8,0.9139,0.10088,0.0906,1.4619,0,0
uas_waterfowl_crowd,aerien_non_marin,BDA_18A4_20181106_2_05_02.png,684,521,125.21,-7.03,58.9,34.8,1,2049.72,0.57518,0.08611,0.06679,1.6925,0,1
uas_waterfowl_crowd,aerien_non_marin,BDA_18A4_20181106_2_05_03.png,684,521,626.38,485.5,66.0,36.36,1,2399.76,0.6734,0.09649,0.06979,1.8152,0,1
uas_waterfowl_crowd,aerien_non_marin,BDA_18A4_20181106_2_05_03.png,684,521,665.26,460.9,28.36,29.09,1,824.99,0.2315,0.04146,0.05583,0.9749,0,1
uas_waterfowl_crowd,aerien_non_marin,BDA_18A4_20181106_2_05_04.png,684,521,97.55,67.03,70.67,58.0,1,4098.86,1.15019,0.10332,0.11132,1.2184,0,0
uas_waterfowl_crowd,aerien_non_marin,BDA_18A4_20181106_2_05_04.png,684,521,499.99,110.08,73.2,65.67,1,4807.04,1.34891,0.10702,0.12605,1.1147,0,0
uas_waterfowl_crowd,aerien_non_marin,BDA_18A4_20181106_2_05_04.png,684,521,-15.02,462.62,55.3,45.22,1,2500.67,0.70172,0.08085,0.08679,1.2229,0,1
uas_waterfowl_crowd,aerien_non_marin,BDA_18A4_20181106_2_05_05.png,684,521,166.25,249.02,47.63,66.06,1,3146.44,0.88293,0.06963,0.12679,0.721,0,0
uas_waterfowl_crowd,aerien_non_marin,BDA_18A4_20181106_2_05_05.png,684,521,381.31,380.23,59.73,64.23,1,3836.46,1.07656,0.08732,0.12328,0.9299,0,0
uas_waterfowl_crowd,aerien_non_marin,BDA_18A4_20181106_2_05_05.png,684,521,386.38,351.42,42.0,44.57,1,1871.94,0.52529,0.0614,0.08555,0.9423,0,0
uas_waterfowl_crowd,aerien_non_marin,BDA_18A4_20181106_2_05_06.png,684,521,238.75,431.68,68.8,44.0,1,3027.2,0.84947,0.10058,0.08445,1.5636,0,0
uas_waterfowl_crowd,aerien_non_marin,BDA_18A4_20181106_2_05_06.png,684,521,191.75,500.52,72.0,25.0,1,1800.0,0.5051,0.10526,0.04798,2.88,0,1
uas_waterfowl_crowd,aerien_non_marin,BDA_18A4_20181106_2_05_06.png,684,521,378.81,219.47,73.0,44.45,1,3244.85,0.91054,0.10673,0.08532,1.6423,0,0
uas_waterfowl_crowd,aerien_non_marin,BDA_18A4_20181106_2_05_06.png,684,521,443.0,183.29,62.4,42.52,1,2653.25,0.74453,0.09123,0.08161,1.4675,0,0
uas_waterfowl_crowd,aerien_non_marin,BDA_18A4_20181106_2_05_07.png,684,521,408.75,364.6,45.4,62.5,1,2837.5,0.79624,0.06637,0.11996,0.7264,0,0
uas_waterfowl_crowd,aerien_non_marin,BDA_18A4_20181106_2_05_07.png,684,521,346.62,274.07,74.21,47.0,1,3487.87,0.97874,0.10849,0.09021,1.5789,0,0
uas_waterfowl_crowd,aerien_non_marin,BDA_18A4_20181106_2_05_07.png,684,521,336.23,343.9,41.49,67.25,1,2790.2,0.78296,0.06066,0.12908,0.617,0,0
uas_waterfowl_crowd,aerien_non_marin,BDA_18A4_20181106_2_05_07.png,684,521,163.71,56.88,53.3,66.46,1,3542.32,0.99402,0.07792,0.12756,0.802,0,0
uas_waterfowl_crowd,aerien_non_marin,BDA_18A4_20181106_2_05_07.png,684,521,5.2,361.52,72.08,43.5,1,3135.48,0.87985,0.10538,0.08349,1.657,0,0
uas_waterfowl_crowd,aerien_non_marin,BDA_18A4_20181106_2_05_07.png,684,521,546.59,177.22,40.41,72.4,1,2925.68,0.82098,0.05908,0.13896,0.5581,0,0
uas_waterfowl_crowd,aerien_non_marin,BDA_18A4_20181106_2_05_07.png,684,521,614.88,178.38,69.78,46.8,1,3265.7,0.9164,0.10202,0.08983,1.491,0,1
uas_waterfowl_crowd,aerien_non_marin,BDA_18A4_20181106_2_05_08.png,684,521,6.49,424.65,64.1,52.52,1,3366.53,0.94469,0.09371,0.10081,1.2205,0,0
uas_waterfowl_crowd,aerien_non_marin,BDA_18A4_20181106_2_05_08.png,684,521,49.71,398.12,68.77,38.0,1,2613.26,0.73331,0.10054,0.07294,1.8097,0,0
uas_waterfowl_crowd,aerien_non_marin,BDA_18A4_20181106_2_05_08.png,684,521,40.79,214.24,62.4,69.75,1,4352.4,1.22134,0.09123,0.13388,0.8946,0,0
uas_waterfowl_crowd,aerien_non_marin,BDA_18A4_20181106_2_05_08.png,684,521,177.04,149.21,80.5,57.95,1,4664.98,1.30905,0.11769,0.11123,1.3891,0,0
uas_waterfowl_crowd,aerien_non_marin,BDA_18A4_20181106_2_05_08.png,684,521,298.89,374.46,66.67,34.4,1,2293.45,0.64357,0.09747,0.06603,1.9381,0,0
uas_waterfowl_crowd,aerien_non_marin,BDA_18A4_20181106_2_05_08.png,684,521,324.3,404.8,54.08,40.66,1,2198.89,0.61704,0.07906,0.07804,1.3301,0,0
uas_waterfowl_crowd,aerien_non_marin,BDA_18A4_20181106_2_06_01.png,684,521,76.81,160.76,67.5,48.11,1,3247.43,0.91127,0.09868,0.09234,1.403,0,0
uas_waterfowl_crowd,aerien_non_marin,BDA_18A4_20181106_2_06_01.png,684,521,2.81,340.0,60.8,57.1,1,3471.68,0.97419,0.08889,0.1096,1.0648,0,0
uas_waterfowl_crowd,aerien_non_marin,BDA_18A4_20181106_2_06_01.png,684,521,420.36,431.5,54.0,64.5,1,3483.0,0.97737,0.07895,0.1238,0.8372,0,0
uas_waterfowl_crowd,aerien_non_marin,BDA_18A4_20181106_2_06_01.png,684,521,306.2,6.58,64.0,54.67,1,3498.88,0.98183,0.09357,0.10493,1.1707,0,0
uas_waterfowl_crowd,aerien_non_marin,BDA_18A4_20181106_2_06_01.png,684,521,-0.19,292.52,64.0,52.59,1,3365.76,0.94447,0.09357,0.10094,1.217,0,0
uas_waterfowl_crowd,aerien_non_marin,BDA_18A4_20181106_2_06_01.png,684,521,12.91,483.73,66.67,38.4,1,2560.13,0.7184,0.09747,0.0737,1.7362,0,1
uas_waterfowl_crowd,aerien_non_marin,BDA_18A4_20181106_2_06_02.png,684,521,456.3,313.73,75.6,51.0,1,3855.6,1.08193,0.11053,0.09789,1.4824,0,0
uas_waterfowl_crowd,aerien_non_marin,BDA_18A4_20181106_2_06_02.png,684,521,527.25,162.5,67.0,61.4,1,4113.8,1.15438,0.09795,0.11785,1.0912,0,0
uas_waterfowl_crowd,aerien_non_marin,BDA_18A4_20181106_2_06_02.png,684,521,70.39,1.54,73.5,45.71,1,3359.68,0.94277,0.10746,0.08774,1.608,0,0
uas_waterfowl_crowd,aerien_non_marin,BDA_18A4_20181106_2_06_02.png,684,521,65.36,370.12,55.32,77.8,1,4303.9,1.20772,0.08088,0.14933,0.7111,0,0
uas_waterfowl_crowd,aerien_non_marin,BDA_18A4_20181106_2_06_02.png,684,521,-6.19,98.0,32.73,58.0,1,1898.34,0.5327,0.04785,0.11132,0.5643,0,1
uas_waterfowl_crowd,aerien_non_marin,BDA_18A4_20181106_2_06_02.png,684,521,541.75,500.15,49.0,29.0,1,1421.0,0.39875,0.07164,0.05566,1.6897,0,1
uas_waterfowl_crowd,aerien_non_marin,BDA_18A4_20181106_2_06_03.png,684,521,498.73,109.9,56.0,76.8,1,4300.8,1.20686,0.08187,0.14741,0.7292,0,0
uas_waterfowl_crowd,aerien_non_marin,BDA_18A4_20181106_2_06_04.png,684,521,190.25,253.55,105.6,70.0,1,7392.0,2.07428,0.15439,0.13436,1.5086,0,0
uas_waterfowl_crowd,aerien_non_marin,BDA_18A4_20181106_2_06_04.png,684,521,175.81,38.41,73.5,84.86,1,6237.21,1.75024,0.10746,0.16288,0.8661,0,0
uas_waterfowl_crowd,aerien_non_marin,BDA_18A4_20181106_2_06_05.png,684,521,595.4,241.61,58.66,68.88,1,4040.5,1.13381,0.08576,0.13221,0.8516,0,0
uas_waterfowl_crowd,aerien_non_marin,BDA_18A4_20181106_2_06_05.png,684,521,389.63,4.33,65.0,44.0,1,2860.0,0.80255,0.09503,0.08445,1.4773,0,0
uas_waterfowl_crowd,aerien_non_marin,BDA_18A4_20181106_2_06_05.png,684,521,421.31,45.67,65.37,41.0,1,2680.17,0.75209,0.09557,0.07869,1.5944,0,0
uas_waterfowl_crowd,aerien_non_marin,BDA_18A4_20181106_2_06_06.png,684,521,302.46,132.72,99.99,46.78,1,4677.53,1.31257,0.14618,0.08979,2.1375,0,0
uas_waterfowl_crowd,aerien_non_marin,BDA_18A4_20181106_2_06_06.png,684,521,476.8,28.58,79.48,44.82,1,3562.29,0.99962,0.1162,0.08603,1.7733,0,0
uas_waterfowl_crowd,aerien_non_marin,BDA_18A4_20181106_2_06_06.png,684,521,194.81,-1.45,71.85,19.26,1,1383.83,0.38832,0.10504,0.03697,3.7305,0,1
uas_waterfowl_crowd,aerien_non_marin,BDA_18A4_20181106_2_06_06.png,684,521,392.79,11.33,74.08,48.54,1,3595.84,1.00904,0.1083,0.09317,1.5262,0,0
uas_waterfowl_crowd,aerien_non_marin,BDA_18A4_20181106_2_06_06.png,684,521,555.6,312.27,80.98,65.0,1,5263.7,1.47706,0.11839,0.12476,1.2458,0,0
uas_waterfowl_crowd,aerien_non_marin,BDA_18A4_20181106_2_06_06.png,684,521,355.35,497.23,68.31,29.24,1,1997.38,0.56049,0.09987,0.05612,2.3362,0,1
uas_waterfowl_crowd,aerien_non_marin,BDA_18A4_20181106_2_06_07.png,684,521,44.36,412.5,76.71,37.92,1,2908.84,0.81626,0.11215,0.07278,2.0229,0,0
uas_waterfowl_crowd,aerien_non_marin,BDA_18A4_20181106_2_06_07.png,684,521,42.94,187.28,70.35,54.09,1,3805.23,1.06779,0.10285,0.10382,1.3006,0,0
uas_waterfowl_crowd,aerien_non_marin,BDA_18A4_20181106_2_06_07.png,684,521,202.19,356.46,71.0,47.02,1,3338.42,0.9368,0.1038,0.09025,1.51,0,0
uas_waterfowl_crowd,aerien_non_marin,BDA_18A4_20181106_2_06_07.png,684,521,202.57,425.82,48.72,65.85,1,3208.21,0.90026,0.07123,0.12639,0.7399,0,0
uas_waterfowl_crowd,aerien_non_marin,BDA_18A4_20181106_2_06_07.png,684,521,382.58,374.68,58.65,46.0,1,2697.9,0.75706,0.08575,0.08829,1.275,0,0
uas_waterfowl_crowd,aerien_non_marin,BDA_18A4_20181106_2_06_07.png,684,521,244.88,8.95,71.52,37.68,1,2694.87,0.75621,0.10456,0.07232,1.8981,0,0
uas_waterfowl_crowd,aerien_non_marin,BDA_18A4_20181106_2_06_07.png,684,521,365.63,282.13,66.04,52.59,1,3473.04,0.97458,0.09655,0.10094,1.2558,0,0
uas_waterfowl_crowd,aerien_non_marin,BDA_18A4_20181106_2_06_07.png,684,521,71.52,499.53,50.32,41.03,1,2064.63,0.57936,0.07357,0.07875,1.2264,0,1
uas_waterfowl_crowd,aerien_non_marin,BDA_18A4_20181106_2_06_07.png,684,521,503.93,82.86,75.27,49.64,1,3736.4,1.04848,0.11004,0.09528,1.5163,0,0
uas_waterfowl_crowd,aerien_non_marin,BDA_18A4_20181106_2_06_08.png,684,521,244.38,272.52,55.63,37.63,1,2093.36,0.58742,0.08133,0.07223,1.4783,0,0
uas_waterfowl_crowd,aerien_non_marin,BDA_18A4_20181106_2_06_08.png,684,521,493.3,466.47,43.0,58.0,1,2494.0,0.69985,0.06287,0.11132,0.7414,0,1
uas_waterfowl_crowd,aerien_non_marin,BDA_18A4_20181106_2_06_08.png,684,521,587.39,318.78,53.5,66.0,1,3531.0,0.99084,0.07822,0.12668,0.8106,0,0
uas_waterfowl_crowd,aerien_non_marin,BDA_18A4_20181106_2_06_08.png,684,521,56.69,78.77,64.05,56.49,1,3618.18,1.01531,0.09364,0.10843,1.1338,0,0
uas_waterfowl_crowd,aerien_non_marin,BDA_18A4_20181106_2_06_08.png,684,521,117.17,76.76,47.7,64.5,1,3076.65,0.86334,0.06974,0.1238,0.7395,0,0
uas_waterfowl_crowd,aerien_non_marin,BDA_18A4_20181106_2_06_08.png,684,521,194.92,254.06,41.0,55.42,1,2272.22,0.63761,0.05994,0.10637,0.7398,0,0
uas_waterfowl_crowd,aerien_non_marin,BDA_18A4_20181106_2_06_08.png,684,521,400.29,491.26,83.79,30.86,1,2585.76,0.7256,0.1225,0.05923,2.7152,0,1
uas_waterfowl_crowd,aerien_non_marin,BDA_18A4_20181106_2_06_08.png,684,521,328.38,396.91,53.42,68.89,1,3680.1,1.03268,0.0781,0.13223,0.7754,0,0
uas_waterfowl_crowd,aerien_non_marin,BDA_18A4_20181106_2_07_01.png,684,521,525.41,23.47,70.12,65.0,1,4557.8,1.27897,0.10251,0.12476,1.0788,0,0
uas_waterfowl_crowd,aerien_non_marin,BDA_18A4_20181106_2_07_01.png,684,521,580.91,412.47,44.0,68.0,1,2992.0,0.83959,0.06433,0.13052,0.6471,0,0
uas_waterfowl_crowd,aerien_non_marin,BDA_18A4_20181106_2_07_01.png,684,521,44.3,11.93,69.63,56.5,1,3934.09,1.10395,0.1018,0.10845,1.2324,0,0
uas_waterfowl_crowd,aerien_non_marin,BDA_18A4_20181106_2_07_01.png,684,521,543.53,403.05,46.16,69.22,1,3195.2,0.89661,0.06749,0.13286,0.6669,0,0
uas_waterfowl_crowd,aerien_non_marin,BDA_18A4_20181106_2_07_02.png,684,521,228.73,45.48,62.39,63.0,1,3930.57,1.10296,0.09121,0.12092,0.9903,0,0
uas_waterfowl_crowd,aerien_non_marin,BDA_18A4_20181106_2_07_02.png,684,521,273.38,117.55,69.0,53.0,1,3657.0,1.0262,0.10088,0.10173,1.3019,0,0
uas_waterfowl_crowd,aerien_non_marin,BDA_18A4_20181106_2_07_02.png,684,521,93.38,144.15,64.83,56.31,1,3650.58,1.0244,0.09478,0.10808,1.1513,0,0
uas_waterfowl_crowd,aerien_non_marin,BDA_18A4_20181106_2_07_02.png,684,521,252.95,277.34,55.29,64.35,1,3557.91,0.99839,0.08083,0.12351,0.8592,0,0
uas_waterfowl_crowd,aerien_non_marin,BDA_18A4_20181106_2_07_02.png,684,521,272.11,252.03,70.52,58.0,1,4090.16,1.14775,0.1031,0.11132,1.2159,0,0
uas_waterfowl_crowd,aerien_non_marin,BDA_18A4_20181106_2_07_02.png,684,521,406.84,287.77,49.63,66.42,1,3296.42,0.92502,0.07256,0.12749,0.7472,0,0
uas_waterfowl_crowd,aerien_non_marin,BDA_18A4_20181106_2_07_02.png,684,521,477.03,201.64,56.31,51.61,1,2906.16,0.8155,0.08232,0.09906,1.0911,0,0
uas_waterfowl_crowd,aerien_non_marin,BDA_18A4_20181106_2_07_02.png,684,521,499.19,142.0,58.51,57.66,1,3373.69,0.9467,0.08554,0.11067,1.0147,0,0
uas_waterfowl_crowd,aerien_non_marin,BDA_18A4_20181106_2_07_02.png,684,521,432.61,55.81,44.5,75.47,1,3358.41,0.94241,0.06506,0.14486,0.5896,0,0
uas_waterfowl_crowd,aerien_non_marin,BDA_18A4_20181106_2_07_02.png,684,521,570.94,197.1,41.02,65.92,1,2704.04,0.75879,0.05997,0.12653,0.6223,0,0
uas_waterfowl_crowd,aerien_non_marin,BDA_18A4_20181106_2_07_02.png,684,521,648.1,241.62,36.5,78.31,1,2858.32,0.80208,0.05336,0.15031,0.4661,0,1
uas_waterfowl_crowd,aerien_non_marin,BDA_18A4_20181106_2_07_02.png,684,521,624.53,455.05,61.5,53.64,1,3298.86,0.9257,0.08991,0.10296,1.1465,0,1
uas_waterfowl_crowd,aerien_non_marin,BDA_18A4_20181106_2_07_02.png,684,521,602.81,390.28,48.67,60.07,1,2923.61,0.8204,0.07115,0.1153,0.8102,0,0
uas_waterfowl_crowd,aerien_non_marin,BDA_18A4_20181106_2_07_02.png,684,521,295.6,498.82,77.88,30.37,1,2365.22,0.66371,0.11386,0.05829,2.5644,0,1
uas_waterfowl_crowd,aerien_non_marin,BDA_18A4_20181106_2_07_02.png,684,521,-1.19,420.68,37.0,53.9,1,1994.3,0.55962,0.05409,0.10345,0.6865,0,1
uas_waterfowl_crowd,aerien_non_marin,BDA_18A4_20181106_2_07_02.png,684,521,522.28,230.75,58.0,35.26,1,2045.08,0.57387,0.0848,0.06768,1.6449,0,0
uas_waterfowl_crowd,aerien_non_marin,BDA_18A4_20181106_2_07_03.png,684,521,378.42,181.51,41.18,65.92,1,2714.59,0.76175,0.0602,0.12653,0.6247,0,0
uas_waterfowl_crowd,aerien_non_marin,BDA_18A4_20181106_2_07_03.png,684,521,346.4,261.57,74.08,53.36,1,3952.91,1.10923,0.1083,0.10242,1.3883,0,0
uas_waterfowl_crowd,aerien_non_marin,BDA_18A4_20181106_2_07_03.png,684,521,467.73,358.61,83.7,52.21,1,4369.98,1.22627,0.12237,0.10021,1.6031,0,0
uas_waterfowl_crowd,aerien_non_marin,BDA_18A4_20181106_2_07_03.png,684,521,542.98,474.23,78.0,50.0,1,3900.0,1.09439,0.11404,0.09597,1.56,0,1
uas_waterfowl_crowd,aerien_non_marin,BDA_18A4_20181106_2_07_03.png,684,521,588.81,34.12,58.0,69.38,1,4024.04,1.12919,0.0848,0.13317,0.836,0,0
uas_waterfowl_crowd,aerien_non_marin,BDA_18A4_20181106_2_07_03.png,684,521,2.79,260.12,54.67,42.0,1,2296.14,0.64432,0.07993,0.08061,1.3017,0,0
uas_waterfowl_crowd,aerien_non_marin,BDA_18A4_20181106_2_07_03.png,684,521,199.64,276.51,88.96,46.67,1,4151.76,1.16503,0.13006,0.08958,1.9061,0,0
uas_waterfowl_crowd,aerien_non_marin,BDA_18A4_20181106_2_07_03.png,684,521,79.32,69.01,59.44,53.32,1,3169.34,0.88935,0.0869,0.10234,1.1148,0,0
uas_waterfowl_crowd,aerien_non_marin,BDA_18A4_20181106_2_07_04.png,684,521,90.71,22.03,70.2,47.0,1,3299.4,0.92585,0.10263,0.09021,1.4936,0,0
uas_waterfowl_crowd,aerien_non_marin,BDA_18A4_20181106_2_07_04.png,684,521,182.53,-1.85,63.16,32.42,1,2047.65,0.57459,0.09234,0.06223,1.9482,0,1
uas_waterfowl_crowd,aerien_non_marin,BDA_18A4_20181106_2_07_04.png,684,521,411.77,194.73,69.5,72.34,1,5027.63,1.41081,0.10161,0.13885,0.9607,0,0
uas_waterfowl_crowd,aerien_non_marin,BDA_18A4_20181106_2_07_04.png,684,521,545.75,377.47,89.0,44.36,1,3948.04,1.10787,0.13012,0.08514,2.0063,0,0
uas_waterfowl_crowd,aerien_non_marin,BDA_18A4_20181106_2_07_04.png,684,521,563.35,441.64,75.5,48.5,1,3661.75,1.02753,0.11038,0.09309,1.5567,0,0
uas_waterfowl_crowd,aerien_non_marin,BDA_18A4_20181106_2_07_07.png,684,521,609.63,29.02,47.8,42.9,1,2050.62,0.57543,0.06988,0.08234,1.1142,0,0
uas_waterfowl_crowd,aerien_non_marin,BDA_18A4_20181106_2_07_07.png,684,521,62.63,-8.73,59.0,33.12,1,1954.08,0.54834,0.08626,0.06357,1.7814,0,1
uas_waterfowl_crowd,aerien_non_marin,BDA_18A4_20181106_2_07_07.png,684,521,280.85,15.72,61.5,47.95,1,2948.93,0.8275,0.08991,0.09203,1.2826,0,0
uas_waterfowl_crowd,aerien_non_marin,BDA_18A4_20181106_2_07_07.png,684,521,246.87,58.54,72.42,43.78,1,3170.55,0.88969,0.10588,0.08403,1.6542,0,0
uas_waterfowl_crowd,aerien_non_marin,BDA_18A4_20181106_2_07_07.png,684,521,586.97,52.79,37.09,52.82,1,1959.09,0.54975,0.05423,0.10138,0.7022,0,0
uas_waterfowl_crowd,aerien_non_marin,BDA_18A4_20181106_2_07_07.png,684,521,268.36,494.5,68.72,34.79,1,2390.77,0.67088,0.10047,0.06678,1.9753,0,1
uas_waterfowl_crowd,aerien_non_marin,BDA_18A4_20181106_2_07_08.png,684,521,560.0,46.0,52.39,76.0,1,3981.64,1.1173,0.07659,0.14587,0.6893,0,0
uas_waterfowl_crowd,aerien_non_marin,BDA_18A4_20181106_2_07_08.png,684,521,475.73,258.28,46.8,52.89,1,2475.25,0.69459,0.06842,0.10152,0.8849,0,0
uas_waterfowl_crowd,aerien_non_marin,BDA_18A4_20181106_2_07_08.png,684,521,420.13,293.57,70.98,50.13,1,3558.23,0.99848,0.10377,0.09622,1.4159,0,0
uas_waterfowl_crowd,aerien_non_marin,BDA_18A4_20181106_2_07_08.png,684,521,282.1,306.88,58.0,49.25,1,2856.5,0.80157,0.0848,0.09453,1.1777,0,0
uas_waterfowl_crowd,aerien_non_marin,BDA_18A4_20181106_2_07_08.png,684,521,317.38,359.0,42.47,59.2,1,2514.22,0.70552,0.06209,0.11363,0.7174,0,0
uas_waterfowl_crowd,aerien_non_marin,BDA_18A4_20181106_2_07_08.png,684,521,148.18,275.2,66.0,50.53,1,3334.98,0.93584,0.09649,0.09699,1.3062,0,0
uas_waterfowl_crowd,aerien_non_marin,BDA_18A4_20181106_2_07_08.png,684,521,106.51,44.32,60.11,42.87,1,2576.92,0.72311,0.08788,0.08228,1.4021,0,0
uas_waterfowl_crowd,aerien_non_marin,BDA_18A4_20181106_2_07_08.png,684,521,146.81,64.0,57.0,39.19,1,2233.83,0.62684,0.08333,0.07522,1.4545,0,0
uas_waterfowl_crowd,aerien_non_marin,BDA_18A4_20181106_3_01_06.png,684,521,21.83,106.16,97.65,62.0,1,6054.3,1.69891,0.14276,0.119,1.575,0,0
uas_waterfowl_crowd,aerien_non_marin,BDA_18A4_20181106_3_01_06.png,684,521,367.77,193.27,105.7,65.0,1,6870.5,1.92794,0.15453,0.12476,1.6262,0,0
uas_waterfowl_crowd,aerien_non_marin,BDA_18A4_20181106_3_01_06.png,684,521,344.85,291.81,86.9,74.39,1,6464.49,1.81401,0.12705,0.14278,1.1682,0,0
uas_waterfowl_crowd,aerien_non_marin,BDA_18A4_20181106_3_01_06.png,684,521,539.38,280.61,83.0,78.0,1,6474.0,1.81668,0.12135,0.14971,1.0641,0,0
uas_waterfowl_crowd,aerien_non_marin,BDA_18A4_20181106_3_01_07.png,684,521,420.36,230.7,107.23,61.72,1,6618.24,1.85716,0.15677,0.11846,1.7374,0,0
uas_waterfowl_crowd,aerien_non_marin,BDA_18A4_20181106_3_01_07.png,684,521,162.38,445.22,118.0,69.3,1,8177.4,2.29468,0.17251,0.13301,1.7027,0,0
uas_waterfowl_crowd,aerien_non_marin,BDA_18A4_20181106_3_01_08.png,684,521,6.1,40.85,77.94,101.5,1,7910.91,2.2199,0.11395,0.19482,0.7679,0,0
uas_waterfowl_crowd,aerien_non_marin,BDA_18A4_20181106_3_01_08.png,684,521,2.81,185.03,74.0,64.0,1,4736.0,1.32898,0.10819,0.12284,1.1562,0,0
uas_waterfowl_crowd,aerien_non_marin,BDA_18A4_20181106_3_02_02.png,684,521,403.86,342.41,76.77,81.6,1,6264.43,1.75787,0.11224,0.15662,0.9408,0,0
uas_waterfowl_crowd,aerien_non_marin,BDA_18A4_20181106_3_02_02.png,684,521,236.43,273.68,109.5,80.12,1,8773.14,2.46185,0.16009,0.15378,1.3667,0,0
uas_waterfowl_crowd,aerien_non_marin,BDA_18A4_20181106_3_02_04.png,684,521,58.16,442.99,74.9,63.0,1,4718.7,1.32412,0.1095,0.12092,1.1889,0,0
uas_waterfowl_crowd,aerien_non_marin,BDA_18A4_20181106_3_02_05.png,684,521,107.81,357.15,76.0,91.0,1,6916.0,1.94071,0.11111,0.17466,0.8352,0,0
uas_waterfowl_crowd,aerien_non_marin,BDA_18A4_20181106_3_02_06.png,684,521,166.59,23.02,97.99,54.0,1,5291.46,1.48485,0.14326,0.10365,1.8146,0,0
uas_waterfowl_crowd,aerien_non_marin,BDA_18A4_20181106_3_03_03.png,684,521,469.31,218.62,51.0,84.0,1,4284.0,1.20214,0.07456,0.16123,0.6071,0,0
uas_waterfowl_crowd,aerien_non_marin,BDA_18A4_20181106_3_03_06.png,684,521,513.5,88.98,74.0,67.28,1,4978.72,1.39709,0.10819,0.12914,1.0999,0,0
uas_waterfowl_crowd,aerien_non_marin,BDA_18A4_20181106_3_03_06.png,684,521,403.3,89.5,84.0,55.0,1,4620.0,1.29643,0.12281,0.10557,1.5273,0,0
uas_waterfowl_crowd,aerien_non_marin,BDA_18A4_20181106_3_03_06.png,684,521,437.58,191.62,83.0,50.0,1,4150.0,1.16454,0.12135,0.09597,1.66,0,0
uas_waterfowl_crowd,aerien_non_marin,BDA_18A4_20181106_3_03_06.png,684,521,151.81,400.62,98.0,52.23,1,5118.54,1.43632,0.14327,0.10025,1.8763,0,0
uas_waterfowl_crowd,aerien_non_marin,BDA_18A4_20181106_3_03_06.png,684,521,252.81,474.03,65.0,47.0,1,3055.0,0.85727,0.09503,0.09021,1.383,0,0
uas_waterfowl_crowd,aerien_non_marin,BDA_18A4_20181106_3_03_06.png,684,521,76.92,470.36,69.67,55.33,1,3854.84,1.08171,0.10186,0.1062,1.2592,0,1
uas_waterfowl_crowd,aerien_non_marin,BDA_18A4_20181106_3_03_06.png,684,521,-4.19,382.48,27.48,67.7,1,1860.4,0.52205,0.04018,0.12994,0.4059,0,1
uas_waterfowl_crowd,aerien_non_marin,BDA_18A4_20181106_3_04_03.png,684,521,118.81,430.23,127.88,92.0,1,11764.96,3.30139,0.18696,0.17658,1.39,0,1
uas_waterfowl_crowd,aerien_non_marin,BDA_18A4_20181106_3_04_04.png,684,521,9.98,260.47,82.0,54.57,1,4474.74,1.25567,0.11988,0.10474,1.5027,0,0
uas_waterfowl_crowd,aerien_non_marin,BDA_18A4_20181106_3_04_06.png,684,521,49.86,151.24,86.8,47.0,1,4079.6,1.14478,0.1269,0.09021,1.8468,0,0
uas_waterfowl_crowd,aerien_non_marin,BDA_18A4_20181106_3_04_06.png,684,521,241.81,293.52,85.19,60.0,1,5111.4,1.43432,0.12455,0.11516,1.4198,0,0
uas_waterfowl_crowd,aerien_non_marin,BDA_18A4_20181106_3_04_06.png,684,521,220.93,435.73,84.9,55.2,1,4686.48,1.31508,0.12412,0.10595,1.538,0,0
uas_waterfowl_crowd,aerien_non_marin,BDA_18A4_20181106_3_04_06.png,684,521,148.75,376.0,84.0,49.0,1,4116.0,1.155,0.12281,0.09405,1.7143,0,0
uas_waterfowl_crowd,aerien_non_marin,BDA_18A4_20181106_3_04_06.png,684,521,39.75,399.62,87.09,41.8,1,3640.36,1.02153,0.12732,0.08023,2.0835,0,0
uas_waterfowl_crowd,aerien_non_marin,BDA_18A4_20181106_3_04_08.png,684,521,356.22,80.09,78.89,83.0,1,6547.87,1.83741,0.11534,0.15931,0.9505,0,0
uas_waterfowl_crowd,aerien_non_marin,BDA_18A4_20181106_3_05_03.png,684,521,594.22,372.17,66.49,76.0,1,5053.24,1.418,0.09721,0.14587,0.8749,0,0
uas_waterfowl_crowd,aerien_non_marin,BDA_18A4_20181106_3_05_03.png,684,521,646.81,224.34,51.5,66.45,1,3422.18,0.9603,0.07529,0.12754,0.775,0,1
uas_waterfowl_crowd,aerien_non_marin,BDA_18A4_20181106_3_05_04.png,684,521,414.75,465.0,93.0,46.0,1,4278.0,1.20046,0.13596,0.08829,2.0217,0,0
uas_waterfowl_crowd,aerien_non_marin,BDA_18A4_20181106_3_05_04.png,684,521,-4.48,222.57,58.39,68.0,1,3970.52,1.11418,0.08537,0.13052,0.8587,0,1
uas_waterfowl_crowd,aerien_non_marin,BDA_18A4_20181106_3_05_05.png,684,521,510.81,86.8,81.0,76.7,1,6212.7,1.74336,0.11842,0.14722,1.0561,0,0
uas_waterfowl_crowd,aerien_non_marin,BDA_18A4_20181106_3_05_06.png,684,521,564.31,39.7,88.82,44.68,1,3968.48,1.1136,0.12985,0.08576,1.9879,0,0
uas_waterfowl_crowd,aerien_non_marin,BDA_18A4_20181106_3_05_06.png,684,521,467.28,69.01,101.55,57.9,1,5879.74,1.64993,0.14846,0.11113,1.7539,0,0
uas_waterfowl_crowd,aerien_non_marin,BDA_18A4_20181106_3_05_06.png,684,521,454.29,313.92,78.98,86.36,1,6820.71,1.91397,0.11547,0.16576,0.9145,0,0
uas_waterfowl_crowd,aerien_non_marin,BDA_18A4_20181106_3_05_06.png,684,521,663.0,404.2,37.0,31.56,1,1167.72,0.32768,0.05409,0.06058,1.1724,0,1
uas_waterfowl_crowd,aerien_non_marin,BDA_18A4_20181106_3_05_07.png,684,521,595.53,236.62,70.5,98.5,1,6944.25,1.94864,0.10307,0.18906,0.7157,0,0
uas_waterfowl_crowd,aerien_non_marin,BDA_18A4_20181106_3_05_07.png,684,521,531.3,318.55,100.05,83.5,1,8354.17,2.34428,0.14627,0.16027,1.1982,0,0
uas_waterfowl_crowd,aerien_non_marin,BDA_18A4_20181106_3_05_07.png,684,521,166.73,84.96,85.03,54.5,1,4634.14,1.30039,0.12431,0.10461,1.5602,0,0
uas_waterfowl_crowd,aerien_non_marin,BDA_18A4_20181106_3_05_07.png,684,521,68.75,33.0,81.69,54.0,1,4411.26,1.23785,0.11943,0.10365,1.5128,0,0
uas_waterfowl_crowd,aerien_non_marin,BDA_18A4_20181106_3_05_07.png,684,521,1.28,382.25,72.86,69.3,1,5049.2,1.41687,0.10652,0.13301,1.0514,0,0
uas_waterfowl_crowd,aerien_non_marin,BDA_18A4_20181106_3_06_03.png,684,521,480.51,214.38,61.2,91.1,1,5575.32,1.5645,0.08947,0.17486,0.6718,0,0
uas_waterfowl_crowd,aerien_non_marin,BDA_18A4_20181106_3_06_03.png,684,521,142.81,54.47,88.0,66.31,1,5835.28,1.63745,0.12865,0.12727,1.3271,0,0
uas_waterfowl_crowd,aerien_non_marin,BDA_18A4_20181106_3_06_04.png,684,521,256.92,318.79,79.55,59.55,1,4737.2,1.32932,0.1163,0.1143,1.3359,0,0
uas_waterfowl_crowd,aerien_non_marin,BDA_18A4_20181106_3_06_06.png,684,521,385.45,376.87,71.63,72.0,1,5157.36,1.44722,0.10472,0.1382,0.9949,0,0
uas_waterfowl_crowd,aerien_non_marin,BDA_18A4_20181106_3_06_07.png,684,521,9.63,341.47,111.0,86.13,1,9560.43,2.68277,0.16228,0.16532,1.2887,0,0
uas_waterfowl_crowd,aerien_non_marin,BDA_18A4_20181106_3_06_08.png,684,521,147.98,164.4,100.0,72.8,1,7280.0,2.04286,0.1462,0.13973,1.3736,0,0
uas_waterfowl_crowd,aerien_non_marin,BDA_18A4_20181106_3_06_08.png,684,521,-8.25,2.15,78.28,57.0,1,4461.96,1.25208,0.11444,0.1094,1.3733,0,1
uas_waterfowl_crowd,aerien_non_marin,BDA_18A4_20181106_3_07_01.png,684,521,407.75,157.25,70.0,72.0,1,5040.0,1.41428,0.10234,0.1382,0.9722,0,0
uas_waterfowl_crowd,aerien_non_marin,BDA_18A4_20181106_3_07_01.png,684,521,545.71,284.6,80.76,67.0,1,5410.92,1.51837,0.11807,0.1286,1.2054,0,0
uas_waterfowl_crowd,aerien_non_marin,BDA_18A4_20181106_3_07_01.png,684,521,404.81,309.72,68.65,79.0,1,5423.35,1.52186,0.10037,0.15163,0.869,0,0
uas_waterfowl_crowd,aerien_non_marin,BDA_18A4_20181106_3_07_01.png,684,521,186.27,336.8,74.85,48.02,1,3594.3,1.0086,0.10943,0.09217,1.5587,0,0
uas_waterfowl_crowd,aerien_non_marin,BDA_18A4_20181106_3_07_01.png,684,521,130.75,478.62,83.84,45.0,1,3772.8,1.05869,0.12257,0.08637,1.8631,0,1
uas_waterfowl_crowd,aerien_non_marin,BDA_18A4_20181106_3_07_01.png,684,521,284.25,454.1,73.0,45.53,1,3323.69,0.93267,0.10673,0.08739,1.6033,0,0
uas_waterfowl_crowd,aerien_non_marin,BDA_18A4_20181106_3_07_01.png,684,521,220.17,402.0,74.92,54.33,1,4070.4,1.1422,0.10953,0.10428,1.379,0,0
uas_waterfowl_crowd,aerien_non_marin,BDA_18A4_20181106_3_07_04.png,684,521,396.73,251.79,64.0,92.99,1,5951.36,1.67002,0.09357,0.17848,0.6882,0,0
uas_waterfowl_crowd,aerien_non_marin,BDA_18A4_20181106_3_07_04.png,684,521,627.89,196.02,72.03,75.6,1,5445.47,1.52806,0.10531,0.14511,0.9528,0,1
uas_waterfowl_crowd,aerien_non_marin,BDA_18A4_20181106_3_07_04.png,684,521,578.91,30.89,78.29,67.8,1,5308.06,1.48951,0.11446,0.13013,1.1547,0,0
uas_waterfowl_crowd,aerien_non_marin,BDA_18A4_20181106_3_07_06.png,684,521,132.31,107.73,65.27,106.33,1,6940.16,1.94749,0.09542,0.20409,0.6138,0,0
uas_waterfowl_crowd,aerien_non_marin,BDA_18A4_20181106_3_07_06.png,684,521,385.04,164.67,60.51,93.33,1,5647.4,1.58473,0.08846,0.17914,0.6483,0,0
uas_waterfowl_crowd,aerien_non_marin,BDA_18A4_20181106_3_07_06.png,684,521,548.78,26.73,83.0,78.0,1,6474.0,1.81668,0.12135,0.14971,1.0641,0,0
uas_waterfowl_crowd,aerien_non_marin,BDA_18A4_20181106_3_07_06.png,684,521,472.75,181.0,89.0,52.0,1,4628.0,1.29867,0.13012,0.09981,1.7115,0,0
uas_waterfowl_crowd,aerien_non_marin,BDA_18A4_20181106_4_01_01.png,684,521,169.31,-1.0,137.6,62.0,1,8531.2,2.39396,0.20117,0.119,2.2194,0,1
uas_waterfowl_crowd,aerien_non_marin,BDA_18A4_20181106_4_01_02.png,684,521,561.57,135.27,95.5,62.28,1,5947.74,1.66901,0.13962,0.11954,1.5334,0,0
uas_waterfowl_crowd,aerien_non_marin,BDA_18A4_20181106_4_01_02.png,684,521,287.03,204.67,97.78,52.53,1,5136.38,1.44133,0.14295,0.10083,1.8614,0,0
uas_waterfowl_crowd,aerien_non_marin,BDA_18A4_20181106_4_01_02.png,684,521,457.34,238.98,83.88,71.5,1,5997.42,1.68295,0.12263,0.13724,1.1731,0,0
uas_waterfowl_crowd,aerien_non_marin,BDA_18A4_20181106_4_01_02.png,684,521,591.07,434.0,81.0,93.0,1,7533.0,2.11385,0.11842,0.1785,0.871,0,1
uas_waterfowl_crowd,aerien_non_marin,BDA_18A4_20181106_4_01_03.png,684,521,67.43,156.86,88.5,55.0,1,4867.5,1.36588,0.12939,0.10557,1.6091,0,0
uas_waterfowl_crowd,aerien_non_marin,BDA_18A4_20181106_4_01_03.png,684,521,420.23,359.23,85.75,55.69,1,4775.42,1.34004,0.12537,0.10689,1.5398,0,0
uas_waterfowl_crowd,aerien_non_marin,BDA_18A4_20181106_4_01_03.png,684,521,542.57,385.73,87.0,54.0,1,4698.0,1.31831,0.12719,0.10365,1.6111,0,0
uas_waterfowl_crowd,aerien_non_marin,BDA_18A4_20181106_4_01_04.png,684,521,241.81,400.8,63.2,95.2,1,6016.64,1.68834,0.0924,0.18273,0.6639,0,0
uas_waterfowl_crowd,aerien_non_marin,BDA_18A4_20181106_4_01_06.png,684,521,402.28,289.59,106.0,59.0,1,6254.0,1.75495,0.15497,0.11324,1.7966,0,0
uas_waterfowl_crowd,aerien_non_marin,BDA_18A4_20181106_4_01_06.png,684,521,609.53,64.86,80.0,73.36,1,5868.8,1.64686,0.11696,0.14081,1.0905,0,1
uas_waterfowl_crowd,aerien_non_marin,BDA_18A4_20181106_4_01_06.png,684,521,11.81,484.0,80.0,55.0,1,4400.0,1.23469,0.11696,0.10557,1.4545,0,1
uas_waterfowl_crowd,aerien_non_marin,BDA_18A4_20181106_4_01_07.png,684,521,552.7,275.87,52.0,115.57,1,6009.64,1.68638,0.07602,0.22182,0.4499,0,0
uas_waterfowl_crowd,aerien_non_marin,BDA_18A4_20181106_4_01_07.png,684,521,274.92,33.8,75.21,106.98,1,8045.97,2.25779,0.10996,0.20534,0.703,0,0
uas_waterfowl_crowd,aerien_non_marin,BDA_18A4_20181106_4_01_07.png,684,521,133.41,100.3,74.0,91.5,1,6771.0,1.90002,0.10819,0.17562,0.8087,0,0
uas_waterfowl_crowd,aerien_non_marin,BDA_18A4_20181106_4_01_07.png,684,521,24.1,9.0,85.0,73.21,1,6222.85,1.74621,0.12427,0.14052,1.161,0,0
uas_waterfowl_crowd,aerien_non_marin,BDA_18A4_20181106_4_01_07.png,684,521,4.6,299.65,106.0,76.67,1,8127.02,2.28054,0.15497,0.14716,1.3825,0,0
uas_waterfowl_crowd,aerien_non_marin,BDA_18A4_20181106_4_01_08.png,684,521,215.75,67.0,80.0,97.6,1,7808.0,2.19102,0.11696,0.18733,0.8197,0,0
uas_waterfowl_crowd,aerien_non_marin,BDA_18A4_20181106_4_01_08.png,684,521,350.47,75.4,77.8,117.5,1,9141.5,2.56521,0.11374,0.22553,0.6621,0,0
uas_waterfowl_crowd,aerien_non_marin,BDA_18A4_20181106_4_01_08.png,684,521,416.66,312.63,116.2,89.32,1,10378.98,2.91247,0.16988,0.17144,1.3009,0,0
uas_waterfowl_crowd,aerien_non_marin,BDA_18A4_20181106_4_01_08.png,684,521,516.56,477.36,82.0,60.46,1,4957.72,1.3912,0.11988,0.11605,1.3563,0,1
uas_waterfowl_crowd,aerien_non_marin,BDA_18A4_20181106_4_02_01.png,684,521,70.31,74.93,98.0,53.0,1,5194.0,1.4575,0.14327,0.10173,1.8491,0,0
uas_waterfowl_crowd,aerien_non_marin,BDA_18A4_20181106_4_02_01.png,684,521,227.78,433.71,95.6,69.11,1,6606.92,1.85398,0.13977,0.13265,1.3833,0,0
uas_waterfowl_crowd,aerien_non_marin,BDA_18A4_20181106_4_02_01.png,684,521,162.75,457.33,89.0,58.0,1,5162.0,1.44852,0.13012,0.11132,1.5345,0,0
uas_waterfowl_crowd,aerien_non_marin,BDA_18A4_20181106_4_02_02.png,684,521,145.48,130.12,98.5,86.0,1,8471.0,2.37706,0.14401,0.16507,1.1453,0,0
uas_waterfowl_crowd,aerien_non_marin,BDA_18A4_20181106_4_02_02.png,684,521,301.62,59.81,69.5,91.5,1,6359.25,1.78448,0.10161,0.17562,0.7596,0,0
uas_waterfowl_crowd,aerien_non_marin,BDA_18A4_20181106_4_02_02.png,684,521,486.74,133.08,53.0,91.0,1,4823.0,1.35339,0.07749,0.17466,0.5824,0,0
uas_waterfowl_crowd,aerien_non_marin,BDA_18A4_20181106_4_02_03.png,684,521,154.73,272.0,116.0,51.0,1,5916.0,1.6601,0.16959,0.09789,2.2745,0,0
uas_waterfowl_crowd,aerien_non_marin,BDA_18A4_20181106_4_02_03.png,684,521,269.84,42.35,97.6,52.5,1,5124.0,1.43786,0.14269,0.10077,1.859,0,0
uas_waterfowl_crowd,aerien_non_marin,BDA_18A4_20181106_4_02_03.png,684,521,480.93,291.46,80.93,88.0,1,7121.84,1.99847,0.11832,0.16891,0.9197,0,0
uas_waterfowl_crowd,aerien_non_marin,BDA_18A4_20181106_4_02_03.png,684,521,225.77,434.03,96.0,74.0,1,7104.0,1.99347,0.14035,0.14203,1.2973,0,0
uas_waterfowl_crowd,aerien_non_marin,BDA_18A4_20181106_4_02_05.png,684,521,451.25,305.62,87.0,60.0,1,5220.0,1.46479,0.12719,0.11516,1.45,0,0
uas_waterfowl_crowd,aerien_non_marin,BDA_18A4_20181106_4_02_05.png,684,521,526.38,365.47,94.0,56.0,1,5264.0,1.47714,0.13743,0.10749,1.6786,0,0
uas_waterfowl_crowd,aerien_non_marin,BDA_18A4_20181106_4_02_05.png,684,521,576.76,314.23,89.5,64.78,1,5797.81,1.62693,0.13085,0.12434,1.3816,0,0
uas_waterfowl_crowd,aerien_non_marin,BDA_18A4_20181106_4_02_05.png,684,521,409.35,438.33,89.87,58.0,1,5212.46,1.46268,0.13139,0.11132,1.5495,0,0
uas_waterfowl_crowd,aerien_non_marin,BDA_18A4_20181106_4_02_05.png,684,521,361.31,502.33,47.04,33.46,1,1573.96,0.44167,0.06877,0.06422,1.4059,0,1
uas_waterfowl_crowd,aerien_non_marin,BDA_18A4_20181106_4_02_05.png,684,521,21.29,8.55,93.95,46.85,1,4401.56,1.23513,0.13735,0.08992,2.0053,0,0
uas_waterfowl_crowd,aerien_non_marin,BDA_18A4_20181106_4_02_06.png,684,521,46.81,184.54,71.0,103.0,1,7313.0,2.05212,0.1038,0.1977,0.6893,0,0
uas_waterfowl_crowd,aerien_non_marin,BDA_18A4_20181106_4_02_06.png,684,521,17.75,-6.0,90.61,37.68,1,3414.18,0.95806,0.13247,0.07232,2.4047,0,1
uas_waterfowl_crowd,aerien_non_marin,BDA_18A4_20181106_4_02_07.png,684,521,533.1,166.56,77.5,84.6,1,6556.5,1.83983,0.1133,0.16238,0.9161,0,0
uas_waterfowl_crowd,aerien_non_marin,BDA_18A4_20181106_4_02_07.png,684,521,508.76,368.65,76.38,81.69,1,6239.48,1.75087,0.11167,0.15679,0.935,0,0
uas_waterfowl_crowd,aerien_non_marin,BDA_18A4_20181106_4_02_07.png,684,521,180.81,48.03,78.4,77.0,1,6036.8,1.694,0.11462,0.14779,1.0182,0,0
uas_waterfowl_crowd,aerien_non_marin,BDA_18A4_20181106_4_02_08.png,684,521,531.77,-5.72,77.5,62.98,1,4880.95,1.36965,0.1133,0.12088,1.2305,0,1
uas_waterfowl_crowd,aerien_non_marin,BDA_18A4_20181106_4_02_08.png,684,521,519.75,140.42,89.29,72.5,1,6473.53,1.81655,0.13054,0.13916,1.2316,0,0
uas_waterfowl_crowd,aerien_non_marin,BDA_18A4_20181106_4_03_01.png,684,521,175.63,83.0,115.13,85.0,1,9786.05,2.74608,0.16832,0.16315,1.3545,0,0
uas_waterfowl_crowd,aerien_non_marin,BDA_18A4_20181106_4_03_01.png,684,521,281.75,378.68,113.0,82.59,1,9332.67,2.61886,0.1652,0.15852,1.3682,0,0
uas_waterfowl_crowd,aerien_non_marin,BDA_18A4_20181106_4_03_01.png,684,521,215.18,-14.39,112.62,26.0,1,2928.12,0.82167,0.16465,0.0499,4.3315,0,1
uas_waterfowl_crowd,aerien_non_marin,BDA_18A4_20181106_4_03_02.png,684,521,494.53,382.54,92.41,68.0,1,6283.88,1.76333,0.1351,0.13052,1.359,0,0
uas_waterfowl_crowd,aerien_non_marin,BDA_18A4_20181106_4_03_02.png,684,521,440.86,441.61,88.62,54.0,1,4785.48,1.34286,0.12956,0.10365,1.6411,0,0
uas_waterfowl_crowd,aerien_non_marin,BDA_18A4_20181106_4_03_02.png,684,521,288.81,366.49,60.0,107.0,1,6420.0,1.80153,0.08772,0.20537,0.5607,0,0
uas_waterfowl_crowd,aerien_non_marin,BDA_18A4_20181106_4_03_02.png,684,521,98.41,296.2,80.2,59.5,1,4771.9,1.33905,0.11725,0.1142,1.3479,0,0
uas_waterfowl_crowd,aerien_non_marin,BDA_18A4_20181106_4_03_02.png,684,521,0.2,299.26,61.3,76.17,1,4669.22,1.31024,0.08962,0.1462,0.8048,0,0
uas_waterfowl_crowd,aerien_non_marin,BDA_18A4_20181106_4_03_03.png,684,521,531.81,93.03,88.0,94.0,1,8272.0,2.32122,0.12865,0.18042,0.9362,0,0
uas_waterfowl_crowd,aerien_non_marin,BDA_18A4_20181106_4_03_03.png,684,521,360.1,249.9,82.7,77.04,1,6371.21,1.78784,0.12091,0.14787,1.0735,0,0
uas_waterfowl_crowd,aerien_non_marin,BDA_18A4_20181106_4_03_03.png,684,521,71.38,51.03,109.28,64.0,1,6993.92,1.96258,0.15977,0.12284,1.7075,0,0
uas_waterfowl_crowd,aerien_non_marin,BDA_18A4_20181106_4_03_04.png,684,521,522.13,491.53,97.2,44.0,1,4276.8,1.20012,0.14211,0.08445,2.2091,0,1
uas_waterfowl_crowd,aerien_non_marin,BDA_18A4_20181106_4_03_04.png,684,521,235.24,455.32,92.8,61.5,1,5707.2,1.60151,0.13567,0.11804,1.5089,0,0
uas_waterfowl_crowd,aerien_non_marin,BDA_18A4_20181106_4_03_04.png,684,521,141.71,127.56,83.2,102.4,1,8519.68,2.39072,0.12164,0.19655,0.8125,0,0
uas_waterfowl_crowd,aerien_non_marin,BDA_18A4_20181106_4_03_05.png,684,521,146.28,452.05,88.0,58.29,1,5129.52,1.4394,0.12865,0.11188,1.5097,0,0
uas_waterfowl_crowd,aerien_non_marin,BDA_18A4_20181106_4_03_05.png,684,521,418.78,462.73,97.78,52.76,1,5158.87,1.44764,0.14295,0.10127,1.8533,0,0
uas_waterfowl_crowd,aerien_non_marin,BDA_18A4_20181106_4_03_05.png,684,521,245.81,19.0,92.0,56.0,1,5152.0,1.44571,0.1345,0.10749,1.6429,0,0
uas_waterfowl_crowd,aerien_non_marin,BDA_18A4_20181106_4_03_05.png,684,521,228.56,278.66,68.0,76.95,1,5232.6,1.46833,0.09942,0.1477,0.8837,0,0
uas_waterfowl_crowd,aerien_non_marin,BDA_18A4_20181106_4_03_05.png,684,521,282.75,341.0,91.2,44.0,1,4012.8,1.12604,0.13333,0.08445,2.0727,0,0
uas_waterfowl_crowd,aerien_non_marin,BDA_18A4_20181106_4_03_05.png,684,521,352.35,-5.5,91.56,43.9,1,4019.48,1.12792,0.13386,0.08426,2.0856,0,1
uas_waterfowl_crowd,aerien_non_marin,BDA_18A4_20181106_4_03_06.png,684,521,305.63,39.63,80.22,72.24,1,5795.09,1.62617,0.11728,0.13866,1.1105,0,0
uas_waterfowl_crowd,aerien_non_marin,BDA_18A4_20181106_4_03_06.png,684,521,0.27,90.67,58.32,82.0,1,4782.24,1.34195,0.08526,0.15739,0.7112,0,0
uas_waterfowl_crowd,aerien_non_marin,BDA_18A4_20181106_4_03_06.png,684,521,1.38,253.47,68.83,88.0,1,6057.04,1.69968,0.10063,0.16891,0.7822,0,0
uas_waterfowl_crowd,aerien_non_marin,BDA_18A4_20181106_4_03_06.png,684,521,118.54,410.76,74.72,84.0,1,6276.48,1.76126,0.10924,0.16123,0.8895,0,0
uas_waterfowl_crowd,aerien_non_marin,BDA_18A4_20181106_4_03_06.png,684,521,119.83,66.33,87.0,64.67,1,5626.29,1.5788,0.12719,0.12413,1.3453,0,0
uas_waterfowl_crowd,aerien_non_marin,BDA_18A4_20181106_4_03_06.png,684,521,523.75,182.47,86.85,52.0,1,4516.2,1.2673,0.12697,0.09981,1.6702,0,0
uas_waterfowl_crowd,aerien_non_marin,BDA_18A4_20181106_4_03_06.png,684,521,581.86,249.68,72.4,71.07,1,5145.47,1.44388,0.10585,0.13641,1.0187,0,0
uas_waterfowl_crowd,aerien_non_marin,BDA_18A4_20181106_4_03_06.png,684,521,444.74,426.85,68.15,80.44,1,5481.99,1.53831,0.09963,0.1544,0.8472,0,0
uas_waterfowl_crowd,aerien_non_marin,BDA_18A4_20181106_4_03_06.png,684,521,416.57,177.34,80.5,69.7,1,5610.85,1.57447,0.11769,0.13378,1.1549,0,0
uas_waterfowl_crowd,aerien_non_marin,BDA_18A4_20181106_4_03_06.png,684,521,483.65,245.43,60.26,80.0,1,4820.8,1.35277,0.0881,0.15355,0.7532,0,0
uas_waterfowl_crowd,aerien_non_marin,BDA_18A4_20181106_4_03_06.png,684,521,303.75,157.95,82.0,67.0,1,5494.0,1.54168,0.11988,0.1286,1.2239,0,0
uas_waterfowl_crowd,aerien_non_marin,BDA_18A4_20181106_4_03_07.png,684,521,200.11,348.0,120.0,65.39,1,7846.8,2.20191,0.17544,0.12551,1.8351,0,0
uas_waterfowl_crowd,aerien_non_marin,BDA_18A4_20181106_4_03_07.png,684,521,598.37,391.01,93.25,54.04,1,5039.23,1.41407,0.13633,0.10372,1.7256,0,1
uas_waterfowl_crowd,aerien_non_marin,BDA_18A4_20181106_4_03_07.png,684,521,621.66,441.65,66.8,47.72,1,3187.7,0.89451,0.09766,0.09159,1.3998,0,1
uas_waterfowl_crowd,aerien_non_marin,BDA_18A4_20181106_4_03_08.png,684,521,571.81,-2.53,94.0,51.2,1,4812.8,1.35053,0.13743,0.09827,1.8359,0,1
uas_waterfowl_crowd,aerien_non_marin,BDA_18A4_20181106_4_03_08.png,684,521,410.76,275.83,111.8,63.05,1,7048.99,1.97803,0.16345,0.12102,1.7732,0,0
uas_waterfowl_crowd,aerien_non_marin,BDA_18A4_20181106_4_03_08.png,684,521,448.53,28.83,66.7,93.1,1,6209.77,1.74254,0.09751,0.17869,0.7164,0,0
uas_waterfowl_crowd,aerien_non_marin,BDA_18A4_20181106_4_03_08.png,684,521,146.61,159.33,57.65,75.78,1,4368.72,1.22591,0.08428,0.14545,0.7608,0,0
uas_waterfowl_crowd,aerien_non_marin,BDA_18A4_20181106_4_03_08.png,684,521,-15.14,429.71,59.4,57.3,1,3403.62,0.9551,0.08684,0.10998,1.0366,0,1
uas_waterfowl_crowd,aerien_non_marin,BDA_18A4_20181106_4_04_03.png,684,521,334.81,419.33,109.0,58.0,1,6322.0,1.77403,0.15936,0.11132,1.8793,0,0
uas_waterfowl_crowd,aerien_non_marin,BDA_18A4_20181106_4_04_03.png,684,521,8.21,294.0,93.28,64.04,1,5973.65,1.67628,0.13637,0.12292,1.4566,0,0
uas_waterfowl_crowd,aerien_non_marin,BDA_18A4_20181106_4_04_03.png,684,521,24.6,104.7,100.0,65.0,1,6500.0,1.82398,0.1462,0.12476,1.5385,0,0
uas_waterfowl_crowd,aerien_non_marin,BDA_18A4_20181106_4_04_03.png,684,521,-3.69,149.93,53.0,49.0,1,2597.0,0.72875,0.07749,0.09405,1.0816,0,1
uas_waterfowl_crowd,aerien_non_marin,BDA_18A4_20181106_4_04_04.png,684,521,92.81,66.11,98.0,55.76,1,5464.48,1.5334,0.14327,0.10702,1.7575,0,0
uas_waterfowl_crowd,aerien_non_marin,BDA_18A4_20181106_4_04_04.png,684,521,518.31,-4.44,106.0,35.0,1,3710.0,1.04107,0.15497,0.06718,3.0286,0,1
uas_waterfowl_crowd,aerien_non_marin,BDA_18A4_20181106_4_04_05.png,684,521,373.78,64.37,83.66,79.5,1,6650.97,1.86634,0.12231,0.15259,1.0523,0,0
uas_waterfowl_crowd,aerien_non_marin,BDA_18A4_20181106_4_04_05.png,684,521,594.78,202.62,88.0,70.0,1,6160.0,1.72857,0.12865,0.13436,1.2571,0,0
uas_waterfowl_crowd,aerien_non_marin,BDA_18A4_20181106_4_04_07.png,684,521,485.81,58.0,98.99,66.0,1,6533.34,1.83333,0.14472,0.12668,1.4998,0,0
uas_waterfowl_crowd,aerien_non_marin,BDA_18A4_20181106_4_04_07.png,684,521,374.81,106.0,85.2,85.0,1,7242.0,2.03219,0.12456,0.16315,1.0024,0,0
uas_waterfowl_crowd,aerien_non_marin,BDA_18A4_20181106_4_04_07.png,684,521,280.38,278.47,90.0,89.0,1,8010.0,2.2477,0.13158,0.17083,1.0112,0,0
uas_waterfowl_crowd,aerien_non_marin,BDA_18A4_20181106_4_04_07.png,684,521,175.81,457.62,85.0,71.0,1,6035.0,1.69349,0.12427,0.13628,1.1972,0,1
uas_waterfowl_crowd,aerien_non_marin,BDA_18A4_20181106_4_05_01.png,684,521,244.75,268.71,79.2,84.0,1,6652.8,1.86686,0.11579,0.16123,0.9429,0,0
uas_waterfowl_crowd,aerien_non_marin,BDA_18A4_20181106_4_05_01.png,684,521,401.13,278.04,84.61,58.2,1,4924.3,1.38182,0.1237,0.11171,1.4538,0,0
uas_waterfowl_crowd,aerien_non_marin,BDA_18A4_20181106_4_05_03.png,684,521,513.71,98.0,108.0,79.0,1,8532.0,2.39418,0.15789,0.15163,1.3671,0,0
uas_waterfowl_crowd,aerien_non_marin,BDA_18A4_20181106_4_05_04.png,684,521,379.66,344.11,92.0,61.05,1,5616.6,1.57609,0.1345,0.11718,1.507,0,0
uas_waterfowl_crowd,aerien_non_marin,BDA_18A4_20181106_4_05_05.png,684,521,391.97,150.37,87.45,99.23,1,8677.66,2.43506,0.12785,0.19046,0.8813,0,0
uas_waterfowl_crowd,aerien_non_marin,BDA_18A4_20181106_4_05_06.png,684,521,455.61,-4.2,77.78,63.85,1,4966.25,1.39359,0.11371,0.12255,1.2182,0,1
uas_waterfowl_crowd,aerien_non_marin,BDA_18A4_20181106_4_05_07.png,684,521,538.53,413.11,88.0,105.94,1,9322.72,2.61607,0.12865,0.20334,0.8307,0,0
uas_waterfowl_crowd,aerien_non_marin,BDA_18A4_20181106_4_05_07.png,684,521,201.16,-14.53,64.0,36.0,1,2304.0,0.64653,0.09357,0.0691,1.7778,0,1
uas_waterfowl_crowd,aerien_non_marin,BDA_18A4_20181106_4_06_01.png,684,521,268.81,142.0,114.4,80.75,1,9237.8,2.59224,0.16725,0.15499,1.4167,0,0
uas_waterfowl_crowd,aerien_non_marin,BDA_18A4_20181106_4_06_04.png,684,521,236.14,82.61,111.0,71.0,1,7881.0,2.2115,0.16228,0.13628,1.5634,0,0
uas_waterfowl_crowd,aerien_non_marin,BDA_18A4_20181106_4_06_04.png,684,521,535.81,68.0,79.0,81.0,1,6399.0,1.79564,0.1155,0.15547,0.9753,0,0
uas_waterfowl_crowd,aerien_non_marin,BDA_18A4_20181106_4_06_05.png,684,521,414.38,63.08,104.83,80.0,1,8386.4,2.35332,0.15326,0.15355,1.3104,0,0
uas_waterfowl_crowd,aerien_non_marin,BDA_18A4_20181106_4_06_06.png,684,521,132.48,216.03,84.75,71.49,1,6058.78,1.70017,0.1239,0.13722,1.1855,0,0
uas_waterfowl_crowd,aerien_non_marin,BDA_18A4_20181106_4_06_06.png,684,521,542.15,357.25,113.84,66.49,1,7569.22,2.12401,0.16643,0.12762,1.7121,0,0
uas_waterfowl_crowd,aerien_non_marin,BDA_18A4_20181106_4_06_07.png,684,521,226.51,390.24,111.0,91.96,1,10207.56,2.86436,0.16228,0.17651,1.207,0,0
uas_waterfowl_crowd,aerien_non_marin,BDA_18A4_20181106_4_07_02.png,684,521,86.31,232.15,85.0,58.67,1,4986.95,1.3994,0.12427,0.11261,1.4488,0,0
uas_waterfowl_crowd,aerien_non_marin,BDA_18A4_20181106_4_07_02.png,684,521,75.28,345.8,68.5,82.2,1,5630.7,1.58004,0.10015,0.15777,0.8333,0,0
uas_waterfowl_crowd,aerien_non_marin,BDA_18A4_20181106_4_07_02.png,684,521,-6.19,56.99,71.4,62.5,1,4462.5,1.25223,0.10439,0.11996,1.1424,0,1
uas_waterfowl_crowd,aerien_non_marin,BDA_18A4_20181106_4_07_02.png,684,521,389.9,203.15,117.55,50.0,1,5877.5,1.6493,0.17186,0.09597,2.351,0,0
uas_waterfowl_crowd,aerien_non_marin,BDA_18A4_20181106_4_07_02.png,684,521,161.31,128.64,89.29,60.84,1,5432.4,1.5244,0.13054,0.11678,1.4676,0,0
uas_waterfowl_crowd,aerien_non_marin,BDA_18A4_20181106_4_07_02.png,684,521,172.75,198.0,80.0,58.0,1,4640.0,1.30204,0.11696,0.11132,1.3793,0,0
uas_waterfowl_crowd,aerien_non_marin,BDA_18A4_20181106_4_07_03.png,684,521,160.81,471.45,90.0,62.22,1,5599.8,1.57137,0.13158,0.11942,1.4465,0,1
uas_waterfowl_crowd,aerien_non_marin,BDA_18A4_20181106_4_07_05.png,684,521,572.11,334.57,59.0,121.46,1,7166.14,2.0109,0.08626,0.23313,0.4858,0,0
uas_waterfowl_crowd,aerien_non_marin,BDA_18A4_20181106_4_07_05.png,684,521,587.47,74.92,73.0,65.2,1,4759.6,1.3356,0.10673,0.12514,1.1196,0,0
uas_waterfowl_crowd,aerien_non_marin,BDA_18A4_20181106_4_07_06.png,684,521,513.81,15.47,113.0,56.0,1,6328.0,1.77571,0.1652,0.10749,2.0179,0,0
uas_waterfowl_crowd,aerien_non_marin,BDA_18A4_20181106_4_07_06.png,684,521,547.58,72.0,92.0,63.0,1,5796.0,1.62643,0.1345,0.12092,1.4603,0,0
uas_waterfowl_crowd,aerien_non_marin,BDA_18A4_20181106_4_07_08.png,684,521,10.78,315.48,54.0,80.4,1,4341.6,1.2183,0.07895,0.15432,0.6716,0,0
uas_waterfowl_crowd,aerien_non_marin,BDA_18A4_20181107_1_01_01.png,684,521,130.05,233.61,245.0,148.18,1,36304.1,10.18736,0.35819,0.28441,1.6534,0,0
uas_waterfowl_crowd,aerien_non_marin,BDA_18A4_20181107_1_01_01.png,684,521,-0.97,214.5,85.35,98.5,1,8406.97,2.3591,0.12478,0.18906,0.8665,0,1
uas_waterfowl_crowd,aerien_non_marin,BDA_18A4_20181107_1_01_01.png,684,521,481.81,267.8,202.5,103.0,1,20857.5,5.85286,0.29605,0.1977,1.966,0,0
uas_waterfowl_crowd,aerien_non_marin,BDA_18A4_20181107_1_01_02.png,684,521,63.13,149.67,248.78,142.4,1,35426.27,9.94104,0.36371,0.27332,1.7471,0,0
uas_waterfowl_crowd,aerien_non_marin,BDA_18A4_20181107_1_01_02.png,684,521,-8.39,286.01,38.24,59.27,1,2266.48,0.636,0.05591,0.11376,0.6452,0,1
uas_waterfowl_crowd,aerien_non_marin,BDA_18A4_20181107_1_01_03.png,684,521,203.05,244.1,130.4,226.0,1,29470.4,8.26975,0.19064,0.43378,0.577,0,0
uas_waterfowl_crowd,aerien_non_marin,BDA_18A4_20181107_1_01_04.png,684,521,516.34,414.73,94.89,52.0,1,4934.28,1.38462,0.13873,0.09981,1.8248,0,0
uas_waterfowl_crowd,aerien_non_marin,BDA_18A4_20181107_1_01_04.png,684,521,495.81,310.0,84.0,52.67,1,4424.28,1.24151,0.12281,0.10109,1.5948,0,0
uas_waterfowl_crowd,aerien_non_marin,BDA_18A4_20181107_1_01_04.png,684,521,640.43,338.27,48.54,101.13,1,4908.85,1.37748,0.07096,0.19411,0.48,0,1
uas_waterfowl_crowd,aerien_non_marin,BDA_18A4_20181107_1_01_06.png,684,521,632.33,427.75,70.94,84.85,1,6019.26,1.68908,0.10371,0.16286,0.8361,0,1
uas_waterfowl_crowd,aerien_non_marin,BDA_18A4_20181107_1_02_01.png,684,521,-16.77,2.0,162.22,117.98,1,19138.72,5.37055,0.23716,0.22645,1.375,0,1
uas_waterfowl_crowd,aerien_non_marin,BDA_18A4_20181107_1_02_04.png,684,521,570.81,8.17,85.31,68.44,1,5838.62,1.63839,0.12472,0.13136,1.2465,0,0
uas_waterfowl_crowd,aerien_non_marin,BDA_18A4_20181107_1_02_08.png,684,521,579.76,352.48,77.5,107.1,1,8300.25,2.32915,0.1133,0.20557,0.7236,0,0
uas_waterfowl_crowd,aerien_non_marin,BDA_18A4_20181107_1_03_05.png,684,521,329.37,218.89,88.8,61.26,1,5439.89,1.5265,0.12982,0.11758,1.4496,0,0
uas_waterfowl_crowd,aerien_non_marin,BDA_18A4_20181107_1_03_05.png,684,521,317.71,1.0,74.2,76.0,1,5639.2,1.58243,0.10848,0.14587,0.9763,0,0
uas_waterfowl_crowd,aerien_non_marin,BDA_18A4_20181107_1_03_06.png,684,521,186.49,270.56,97.71,71.26,1,6962.81,1.95385,0.14285,0.13678,1.3712,0,0
uas_waterfowl_crowd,aerien_non_marin,BDA_18A4_20181107_1_04_05.png,684,521,593.38,213.0,63.51,88.0,1,5588.88,1.56831,0.09285,0.16891,0.7217,0,0
uas_waterfowl_crowd,aerien_non_marin,BDA_18A4_20181107_1_04_06.png,684,521,306.1,23.59,55.97,81.05,1,4536.37,1.27296,0.08183,0.15557,0.6906,0,0
uas_waterfowl_crowd,aerien_non_marin,BDA_18A4_20181107_1_04_06.png,684,521,196.91,51.93,80.8,59.91,1,4840.73,1.35837,0.11813,0.11499,1.3487,0,0
uas_waterfowl_crowd,aerien_non_marin,BDA_18A4_20181107_1_04_06.png,684,521,79.78,108.46,88.0,62.0,1,5456.0,1.53102,0.12865,0.119,1.4194,0,0
uas_waterfowl_crowd,aerien_non_marin,BDA_18A4_20181107_1_04_06.png,684,521,214.81,143.25,68.77,86.97,1,5980.93,1.67832,0.10054,0.16693,0.7907,0,0
uas_waterfowl_crowd,aerien_non_marin,BDA_18A4_20181107_1_04_06.png,684,521,143.41,198.72,61.5,78.88,1,4851.12,1.36128,0.08991,0.1514,0.7797,0,0
uas_waterfowl_crowd,aerien_non_marin,BDA_18A4_20181107_1_04_06.png,684,521,447.42,101.16,70.38,76.0,1,5348.88,1.50096,0.10289,0.14587,0.9261,0,0
uas_waterfowl_crowd,aerien_non_marin,BDA_18A4_20181107_1_04_06.png,684,521,437.3,187.2,78.59,69.0,1,5422.71,1.52168,0.1149,0.13244,1.139,0,0
uas_waterfowl_crowd,aerien_non_marin,BDA_18A4_20181107_1_04_06.png,684,521,601.18,204.0,64.0,81.0,1,5184.0,1.45469,0.09357,0.15547,0.7901,0,0
uas_waterfowl_crowd,aerien_non_marin,BDA_18A4_20181107_1_04_06.png,684,521,494.76,352.0,90.0,71.0,1,6390.0,1.79311,0.13158,0.13628,1.2676,0,0
uas_waterfowl_crowd,aerien_non_marin,BDA_18A4_20181107_1_04_06.png,684,521,274.23,400.95,70.8,89.5,1,6336.6,1.77813,0.10351,0.17179,0.7911,0,0
uas_waterfowl_crowd,aerien_non_marin,BDA_18A4_20181107_1_04_06.png,684,521,69.71,423.4,98.06,52.8,1,5177.57,1.45289,0.14336,0.10134,1.8572,0,0
uas_waterfowl_crowd,aerien_non_marin,BDA_18A4_20181107_1_04_06.png,684,521,129.73,301.93,54.0,85.0,1,4590.0,1.28801,0.07895,0.16315,0.6353,0,0
uas_waterfowl_crowd,aerien_non_marin,BDA_18A4_20181107_1_04_06.png,684,521,36.38,282.5,70.79,99.0,1,7008.21,1.96659,0.10349,0.19002,0.7151,0,0
uas_waterfowl_crowd,aerien_non_marin,BDA_18A4_20181107_1_04_07.png,684,521,476.19,152.95,72.91,64.22,1,4682.28,1.3139,0.10659,0.12326,1.1353,0,0
uas_waterfowl_crowd,aerien_non_marin,BDA_18A4_20181107_1_04_07.png,684,521,394.9,213.88,68.0,65.0,1,4420.0,1.2403,0.09942,0.12476,1.0462,0,0
uas_waterfowl_crowd,aerien_non_marin,BDA_18A4_20181107_1_04_07.png,684,521,304.58,203.3,78.93,48.0,1,3788.64,1.06314,0.11539,0.09213,1.6444,0,0
uas_waterfowl_crowd,aerien_non_marin,BDA_18A4_20181107_1_04_07.png,684,521,270.75,96.33,78.0,61.0,1,4758.0,1.33515,0.11404,0.11708,1.2787,0,0
uas_waterfowl_crowd,aerien_non_marin,BDA_18A4_20181107_1_04_07.png,684,521,101.56,52.61,67.0,83.67,1,5605.89,1.57308,0.09795,0.1606,0.8008,0,0
uas_waterfowl_crowd,aerien_non_marin,BDA_18A4_20181107_1_04_07.png,684,521,203.16,408.12,57.02,78.5,1,4476.07,1.25604,0.08336,0.15067,0.7264,0,0
uas_waterfowl_crowd,aerien_non_marin,BDA_18A4_20181107_1_04_07.png,684,521,340.86,435.62,97.08,54.8,1,5319.98,1.49285,0.14193,0.10518,1.7715,0,0
uas_waterfowl_crowd,aerien_non_marin,BDA_18A4_20181107_1_04_07.png,684,521,267.78,352.12,52.87,79.9,1,4224.31,1.18539,0.0773,0.15336,0.6617,0,0
uas_waterfowl_crowd,aerien_non_marin,BDA_18A4_20181107_1_04_07.png,684,521,369.76,340.48,79.1,50.33,1,3981.1,1.11715,0.11564,0.0966,1.5716,0,0
uas_waterfowl_crowd,aerien_non_marin,BDA_18A4_20181107_1_04_07.png,684,521,498.78,316.33,69.88,58.91,1,4116.63,1.15518,0.10216,0.11307,1.1862,0,0
uas_waterfowl_crowd,aerien_non_marin,BDA_18A4_20181107_1_04_07.png,684,521,624.15,271.3,63.0,78.52,1,4946.76,1.38812,0.09211,0.15071,0.8023,0,1
uas_waterfowl_crowd,aerien_non_marin,BDA_18A4_20181107_1_04_07.png,684,521,626.91,392.32,50.8,78.0,1,3962.4,1.1119,0.07427,0.14971,0.6513,0,0
uas_waterfowl_crowd,aerien_non_marin,BDA_18A4_20181107_1_04_07.png,684,521,567.81,472.25,60.8,50.4,1,3064.32,0.85988,0.08889,0.09674,1.2063,0,1
uas_waterfowl_crowd,aerien_non_marin,BDA_18A4_20181107_1_04_07.png,684,521,614.28,89.94,50.56,86.82,1,4389.62,1.23178,0.07392,0.16664,0.5824,0,0
uas_waterfowl_crowd,aerien_non_marin,BDA_18A4_20181107_1_04_07.png,684,521,515.54,95.47,73.0,49.43,1,3608.39,1.01256,0.10673,0.09488,1.4768,0,0
uas_waterfowl_crowd,aerien_non_marin,BDA_18A4_20181107_1_04_07.png,684,521,415.75,60.82,57.26,74.89,1,4288.2,1.20332,0.08371,0.14374,0.7646,0,0
uas_waterfowl_crowd,aerien_non_marin,BDA_18A4_20181107_1_04_07.png,684,521,578.81,2.53,71.11,49.39,1,3512.12,0.98554,0.10396,0.0948,1.4398,0,0
uas_waterfowl_crowd,aerien_non_marin,BDA_18A4_20181107_1_04_07.png,684,521,432.91,1.08,91.4,30.0,1,2742.0,0.76944,0.13363,0.05758,3.0467,0,0
uas_waterfowl_crowd,aerien_non_marin,BDA_18A4_20181107_1_04_07.png,684,521,138.81,216.9,64.72,77.0,1,4983.44,1.39841,0.09462,0.14779,0.8405,0,0
uas_waterfowl_crowd,aerien_non_marin,BDA_18A4_20181107_1_04_07.png,684,521,125.05,317.25,90.25,58.0,1,5234.5,1.46886,0.13194,0.11132,1.556,0,0
uas_waterfowl_crowd,aerien_non_marin,BDA_18A4_20181107_1_04_08.png,684,521,29.27,94.89,69.29,71.33,1,4942.46,1.38691,0.1013,0.13691,0.9714,0,0
uas_waterfowl_crowd,aerien_non_marin,BDA_18A4_20181107_1_04_08.png,684,521,50.04,183.25,63.02,66.14,1,4168.14,1.16963,0.09213,0.12695,0.9528,0,0
uas_waterfowl_crowd,aerien_non_marin,BDA_18A4_20181107_1_04_08.png,684,521,27.3,341.48,65.89,69.67,1,4590.56,1.28816,0.09633,0.13372,0.9457,0,0
uas_waterfowl_crowd,aerien_non_marin,BDA_18A4_20181107_1_04_08.png,684,521,91.29,397.3,59.0,53.63,1,3164.17,0.8879,0.08626,0.10294,1.1001,0,0
uas_waterfowl_crowd,aerien_non_marin,BDA_18A4_20181107_1_04_08.png,684,521,118.7,459.17,62.0,61.0,1,3782.0,1.06127,0.09064,0.11708,1.0164,0,0
uas_waterfowl_crowd,aerien_non_marin,BDA_18A4_20181107_1_04_08.png,684,521,18.74,430.84,56.67,72.14,1,4088.17,1.14719,0.08285,0.13846,0.7856,0,0
uas_waterfowl_crowd,aerien_non_marin,BDA_18A4_20181107_1_04_08.png,684,521,200.86,496.78,76.49,34.27,1,2621.31,0.73557,0.11183,0.06578,2.232,0,1
uas_waterfowl_crowd,aerien_non_marin,BDA_18A4_20181107_1_05_06.png,684,521,50.25,213.77,80.78,103.42,1,8354.27,2.34431,0.1181,0.1985,0.7811,0,0
uas_waterfowl_crowd,aerien_non_marin,BDA_18A4_20181107_1_05_06.png,684,521,269.54,60.9,87.0,79.2,1,6890.4,1.93353,0.12719,0.15202,1.0985,0,0
uas_waterfowl_crowd,aerien_non_marin,BDA_18A4_20181107_1_05_07.png,684,521,453.38,36.0,114.82,176.0,1,20208.32,5.6707,0.16787,0.33781,0.6524,0,0
uas_waterfowl_crowd,aerien_non_marin,BDA_18A4_20181107_1_05_07.png,684,521,621.31,378.59,68.0,66.4,1,4515.2,1.26702,0.09942,0.12745,1.0241,0,1
uas_waterfowl_crowd,aerien_non_marin,BDA_18A4_20181107_1_05_07.png,684,521,638.31,276.14,54.5,79.04,1,4307.68,1.20879,0.07968,0.15171,0.6895,0,1
uas_waterfowl_crowd,aerien_non_marin,BDA_18A4_20181107_1_05_07.png,684,521,568.91,-6.0,70.62,41.86,1,2956.15,0.82953,0.10325,0.08035,1.6871,0,1
uas_waterfowl_crowd,aerien_non_marin,BDA_18A4_20181107_1_05_07.png,684,521,652.01,487.12,50.1,46.98,1,2353.7,0.66048,0.07325,0.09017,1.0664,0,1
uas_waterfowl_crowd,aerien_non_marin,BDA_18A4_20181107_1_05_08.png,684,521,208.81,58.5,53.57,74.4,1,3985.61,1.11841,0.07832,0.1428,0.72,0,0
uas_waterfowl_crowd,aerien_non_marin,BDA_18A4_20181107_1_05_08.png,684,521,97.75,126.6,80.0,72.0,1,5760.0,1.61632,0.11696,0.1382,1.1111,0,0
uas_waterfowl_crowd,aerien_non_marin,BDA_18A4_20181107_1_05_08.png,684,521,225.84,157.28,79.77,54.3,1,4331.51,1.21547,0.11662,0.10422,1.4691,0,0
uas_waterfowl_crowd,aerien_non_marin,BDA_18A4_20181107_1_05_08.png,684,521,348.53,89.37,74.47,59.33,1,4418.31,1.23983,0.10887,0.11388,1.2552,0,0
uas_waterfowl_crowd,aerien_non_marin,BDA_18A4_20181107_1_05_08.png,684,521,360.27,152.2,78.0,51.0,1,3978.0,1.11627,0.11404,0.09789,1.5294,0,0
uas_waterfowl_crowd,aerien_non_marin,BDA_18A4_20181107_1_05_08.png,684,521,490.7,91.25,67.43,72.49,1,4888.0,1.37163,0.09858,0.13914,0.9302,0,0
uas_waterfowl_crowd,aerien_non_marin,BDA_18A4_20181107_1_05_08.png,684,521,337.26,245.43,58.53,66.44,1,3888.73,1.09123,0.08557,0.12752,0.8809,0,0
uas_waterfowl_crowd,aerien_non_marin,BDA_18A4_20181107_1_05_08.png,684,521,107.0,289.97,77.0,93.0,1,7161.0,2.00946,0.11257,0.1785,0.828,0,0
uas_waterfowl_crowd,aerien_non_marin,BDA_18A4_20181107_1_05_08.png,684,521,381.28,299.47,58.48,70.6,1,4128.69,1.15856,0.0855,0.13551,0.8283,0,0
uas_waterfowl_crowd,aerien_non_marin,BDA_18A4_20181107_1_05_08.png,684,521,418.16,227.28,78.75,45.8,1,3606.75,1.0121,0.11513,0.08791,1.7194,0,0
uas_waterfowl_crowd,aerien_non_marin,BDA_18A4_20181107_1_05_08.png,684,521,560.94,271.71,81.5,67.0,1,5460.5,1.53228,0.11915,0.1286,1.2164,0,0
uas_waterfowl_crowd,aerien_non_marin,BDA_18A4_20181107_1_05_08.png,684,521,1.81,473.97,62.0,48.0,1,2976.0,0.8351,0.09064,0.09213,1.2917,0,1
uas_waterfowl_crowd,aerien_non_marin,BDA_18A4_20181107_1_05_08.png,684,521,199.21,0.88,79.95,25.7,1,2054.72,0.57658,0.11689,0.04933,3.1109,0,0
uas_waterfowl_crowd,aerien_non_marin,BDA_18A4_20181107_1_05_08.png,684,521,-3.54,273.73,26.5,51.17,1,1356.01,0.38051,0.03874,0.09821,0.5179,0,1
uas_waterfowl_crowd,aerien_non_marin,BDA_18A4_20181107_1_05_08.png,684,521,-12.82,377.12,37.67,41.5,1,1563.31,0.43868,0.05507,0.07965,0.9077,0,1
uas_waterfowl_crowd,aerien_non_marin,BDA_18A4_20181107_1_06_07.png,684,521,490.94,52.87,85.91,74.06,1,6362.49,1.78539,0.1256,0.14215,1.16,0,0
uas_waterfowl_crowd,aerien_non_marin,BDA_18A4_20181107_1_06_07.png,684,521,641.6,-2.02,50.31,37.6,1,1891.66,0.53082,0.07355,0.07217,1.338,0,1
uas_waterfowl_crowd,aerien_non_marin,BDA_18A4_20181107_1_06_08.png,684,521,460.3,2.51,127.33,203.83,1,25953.67,7.28291,0.18615,0.39123,0.6247,0,0
uas_waterfowl_crowd,aerien_non_marin,BDA_18A4_20181107_1_06_08.png,684,521,617.31,119.3,71.2,98.4,1,7006.08,1.96599,0.10409,0.18887,0.7236,0,1
uas_waterfowl_crowd,aerien_non_marin,BDA_18A4_20181107_2_01_08.png,684,521,336.52,50.79,53.0,52.41,1,2777.73,0.77946,0.07749,0.1006,1.0113,0,0
uas_waterfowl_crowd,aerien_non_marin,BDA_18A4_20181107_2_02_08.png,684,521,504.11,445.94,50.8,58.0,1,2946.4,0.8268,0.07427,0.11132,0.8759,0,0
uas_waterfowl_crowd,aerien_non_marin,BDA_18A4_20181107_2_02_08.png,684,521,611.63,24.96,50.67,60.68,1,3074.66,0.86279,0.07408,0.11647,0.835,0,0
uas_waterfowl_crowd,aerien_non_marin,BDA_18A4_20181107_2_02_08.png,684,521,32.11,148.9,58.4,49.91,1,2914.74,0.81791,0.08538,0.0958,1.1701,0,0
uas_waterfowl_crowd,aerien_non_marin,BDA_18A4_20181107_2_03_08.png,684,521,301.16,271.0,45.38,38.0,1,1724.44,0.4839,0.06635,0.07294,1.1942,0,0
uas_waterfowl_crowd,aerien_non_marin,BDA_18A4_20181107_2_04_05.png,684,521,611.31,105.7,56.0,72.0,1,4032.0,1.13143,0.08187,0.1382,0.7778,0,0
uas_waterfowl_crowd,aerien_non_marin,BDA_18A4_20181107_2_04_05.png,684,521,651.31,35.72,47.93,48.67,1,2332.75,0.6546,0.07007,0.09342,0.9848,0,1
uas_waterfowl_crowd,aerien_non_marin,BDA_18A4_20181107_2_04_06.png,684,521,-0.91,29.48,48.08,53.12,1,2554.01,0.71669,0.07029,0.10196,0.9051,0,1
uas_waterfowl_crowd,aerien_non_marin,BDA_18A4_20181107_2_04_06.png,684,521,109.55,405.01,105.6,73.75,1,7788.0,2.18541,0.15439,0.14155,1.4319,0,0
uas_waterfowl_crowd,aerien_non_marin,BDA_18A4_20181107_2_04_07.png,684,521,600.24,163.51,33.29,41.51,1,1381.87,0.38777,0.04867,0.07967,0.802,0,0
uas_waterfowl_crowd,aerien_non_marin,BDA_18A4_20181107_2_04_08.png,684,521,363.54,188.66,61.96,43.88,1,2718.8,0.76293,0.09058,0.08422,1.412,0,0
uas_waterfowl_crowd,aerien_non_marin,BDA_18A4_20181107_2_04_08.png,684,521,266.76,102.25,55.04,58.2,1,3203.33,0.89889,0.08047,0.11171,0.9457,0,0
uas_waterfowl_crowd,aerien_non_marin,BDA_18A4_20181107_2_04_08.png,684,521,122.85,58.79,45.87,55.67,1,2553.58,0.71657,0.06706,0.10685,0.824,0,0
uas_waterfowl_crowd,aerien_non_marin,BDA_18A4_20181107_2_05_07.png,684,521,167.79,388.8,59.5,45.28,1,2694.16,0.75601,0.08699,0.08691,1.314,0,0
uas_waterfowl_crowd,aerien_non_marin,BDA_18A4_20181107_2_06_02.png,684,521,673.8,257.9,34.99,48.95,1,1712.76,0.48062,0.05115,0.09395,0.7148,0,1
uas_waterfowl_crowd,aerien_non_marin,BDA_18A4_20181107_2_06_02.png,684,521,642.35,257.37,47.56,105.17,1,5001.89,1.40359,0.06953,0.20186,0.4522,0,1
uas_waterfowl_crowd,aerien_non_marin,BDA_18A4_20181107_2_06_03.png,684,521,86.33,307.13,92.03,98.5,1,9064.95,2.54373,0.13455,0.18906,0.9343,0,0
uas_waterfowl_crowd,aerien_non_marin,BDA_18A4_20181107_2_06_03.png,684,521,-8.55,244.58,57.64,100.7,1,5804.35,1.62877,0.08427,0.19328,0.5724,0,1
uas_waterfowl_crowd,aerien_non_marin,BDA_18A4_20181107_2_06_06.png,684,521,155.95,332.2,54.67,77.0,1,4209.59,1.18126,0.07993,0.14779,0.71,0,0
uas_waterfowl_crowd,aerien_non_marin,BDA_18A4_20181107_2_06_06.png,684,521,94.97,333.13,50.14,74.0,1,3710.36,1.04117,0.0733,0.14203,0.6776,0,0
uas_waterfowl_crowd,aerien_non_marin,BDA_18A4_20181107_2_06_06.png,684,521,199.75,67.29,63.2,76.86,1,4857.55,1.36309,0.0924,0.14752,0.8223,0,0
uas_waterfowl_crowd,aerien_non_marin,BDA_18A4_20181107_2_06_06.png,684,521,297.71,156.0,61.46,81.0,1,4978.26,1.39696,0.08985,0.15547,0.7588,0,0
uas_waterfowl_crowd,aerien_non_marin,BDA_18A4_20181107_2_06_08.png,684,521,215.29,105.2,64.72,50.0,1,3236.0,0.90806,0.09462,0.09597,1.2944,0,0
uas_waterfowl_crowd,aerien_non_marin,BDA_18A4_20181107_2_06_08.png,684,521,101.81,460.61,84.8,48.54,1,4116.19,1.15505,0.12398,0.09317,1.747,0,0
uas_waterfowl_crowd,aerien_non_marin,BDA_18A4_20181107_2_07_07.png,684,521,187.27,258.59,72.0,68.0,1,4896.0,1.37388,0.10526,0.13052,1.0588,0,0
uas_waterfowl_crowd,aerien_non_marin,BDA_18A4_20181107_2_07_07.png,684,521,240.8,383.07,59.5,73.77,1,4389.31,1.23169,0.08699,0.14159,0.8066,0,0
uas_waterfowl_crowd,aerien_non_marin,BDA_18A4_20181107_2_07_07.png,684,521,3.22,341.25,48.18,79.0,1,3806.22,1.06807,0.07044,0.15163,0.6099,0,0
uas_waterfowl_crowd,aerien_non_marin,BDA_18A4_20181107_2_07_07.png,684,521,379.6,473.65,64.39,52.01,1,3348.92,0.93975,0.09414,0.09983,1.238,0,1
uas_waterfowl_crowd,aerien_non_marin,BDA_18A4_20181107_2_07_08.png,684,521,223.68,59.32,34.72,56.39,1,1957.86,0.5494,0.05076,0.10823,0.6157,0,0
uas_waterfowl_crowd,aerien_non_marin,BDA_18A4_20181107_3_01_06.png,684,521,419.72,318.62,123.68,97.53,1,12062.51,3.38488,0.18082,0.1872,1.2681,0,0
uas_waterfowl_crowd,aerien_non_marin,BDA_18A4_20181107_3_01_07.png,684,521,272.31,-0.17,117.0,55.0,1,6435.0,1.80574,0.17105,0.10557,2.1273,0,0
uas_waterfowl_crowd,aerien_non_marin,BDA_18A4_20181107_3_01_08.png,684,521,384.03,224.35,106.33,95.05,1,10106.67,2.83605,0.15545,0.18244,1.1187,0,0
uas_waterfowl_crowd,aerien_non_marin,BDA_18A4_20181107_3_02_06.png,684,521,137.71,206.54,106.0,76.86,1,8147.16,2.28619,0.15497,0.14752,1.3791,0,0
uas_waterfowl_crowd,aerien_non_marin,BDA_18A4_20181107_3_02_06.png,684,521,139.81,51.07,67.17,95.59,1,6420.78,1.80175,0.0982,0.18347,0.7027,0,0
uas_waterfowl_crowd,aerien_non_marin,BDA_18A4_20181107_3_02_06.png,684,521,247.42,51.77,82.93,77.87,1,6457.76,1.81212,0.12124,0.14946,1.065,0,0
uas_waterfowl_crowd,aerien_non_marin,BDA_18A4_20181107_3_02_08.png,684,521,98.99,226.26,81.8,92.24,1,7545.23,2.11728,0.11959,0.17704,0.8868,0,0
uas_waterfowl_crowd,aerien_non_marin,BDA_18A4_20181107_3_03_04.png,684,521,614.38,300.68,87.2,73.33,1,6394.38,1.79434,0.12749,0.14075,1.1891,0,1
uas_waterfowl_crowd,aerien_non_marin,BDA_18A4_20181107_3_03_04.png,684,521,589.53,462.81,76.55,73.5,1,5626.43,1.57884,0.11192,0.14107,1.0415,0,1
uas_waterfowl_crowd,aerien_non_marin,BDA_18A4_20181107_3_03_05.png,684,521,562.81,1.04,91.02,60.68,1,5523.09,1.54985,0.13307,0.11647,1.5,0,0
uas_waterfowl_crowd,aerien_non_marin,BDA_18A4_20181107_3_03_05.png,684,521,-7.02,296.12,58.62,75.0,1,4396.5,1.23371,0.0857,0.14395,0.7816,0,1
uas_waterfowl_crowd,aerien_non_marin,BDA_18A4_20181107_3_03_06.png,684,521,143.7,210.66,126.0,78.55,1,9897.3,2.7773,0.18421,0.15077,1.6041,0,0
uas_waterfowl_crowd,aerien_non_marin,BDA_18A4_20181107_3_03_06.png,684,521,9.43,-3.55,80.5,58.46,1,4706.03,1.32057,0.11769,0.11221,1.377,0,1
uas_waterfowl_crowd,aerien_non_marin,BDA_18A4_20181107_3_03_07.png,684,521,553.98,18.85,74.36,87.0,1,6469.32,1.81537,0.10871,0.16699,0.8547,0,0
uas_waterfowl_crowd,aerien_non_marin,BDA_18A4_20181107_3_03_07.png,684,521,413.71,314.97,94.04,67.0,1,6300.68,1.76805,0.13749,0.1286,1.4036,0,0
uas_waterfowl_crowd,aerien_non_marin,BDA_18A4_20181107_3_03_07.png,684,521,12.13,323.79,87.62,95.18,1,8339.67,2.34021,0.1281,0.18269,0.9206,0,0
uas_waterfowl_crowd,aerien_non_marin,BDA_18A4_20181107_3_03_07.png,684,521,410.35,483.99,77.1,39.0,1,3006.9,0.84377,0.11272,0.07486,1.9769,0,1
uas_waterfowl_crowd,aerien_non_marin,BDA_18A4_20181107_3_03_08.png,684,521,357.64,248.1,83.0,120.0,1,9960.0,2.7949,0.12135,0.23033,0.6917,0,0
uas_waterfowl_crowd,aerien_non_marin,BDA_18A4_20181107_3_03_08.png,684,521,496.17,160.38,121.55,96.83,1,11769.69,3.30271,0.1777,0.18585,1.2553,0,0
uas_waterfowl_crowd,aerien_non_marin,BDA_18A4_20181107_3_03_08.png,684,521,85.81,31.3,88.08,74.93,1,6599.83,1.85199,0.12877,0.14382,1.1755,0,0
uas_waterfowl_crowd,aerien_non_marin,BDA_18A4_20181107_3_03_08.png,684,521,555.38,407.91,103.15,68.77,1,7093.63,1.99056,0.1508,0.132,1.4999,0,0
uas_waterfowl_crowd,aerien_non_marin,BDA_18A4_20181107_3_03_08.png,684,521,636.28,307.2,58.65,83.09,1,4873.23,1.36749,0.08575,0.15948,0.7059,0,1
uas_waterfowl_crowd,aerien_non_marin,BDA_18A4_20181107_3_04_03.png,684,521,535.8,286.43,74.93,95.29,1,7140.08,2.00359,0.10955,0.1829,0.7863,0,0
uas_waterfowl_crowd,aerien_non_marin,BDA_18A4_20181107_3_04_03.png,684,521,545.06,424.18,109.45,64.26,1,7033.26,1.97362,0.16001,0.12334,1.7032,0,0
uas_waterfowl_crowd,aerien_non_marin,BDA_18A4_20181107_3_04_03.png,684,521,615.16,230.12,83.7,70.5,1,5900.85,1.65585,0.12237,0.13532,1.1872,0,1
uas_waterfowl_crowd,aerien_non_marin,BDA_18A4_20181107_3_04_04.png,684,521,377.71,4.64,92.0,66.67,1,6133.64,1.72117,0.1345,0.12797,1.3799,0,0
uas_waterfowl_crowd,aerien_non_marin,BDA_18A4_20181107_3_04_04.png,684,521,267.18,13.47,68.77,103.2,1,7097.06,1.99152,0.10054,0.19808,0.6664,0,0
uas_waterfowl_crowd,aerien_non_marin,BDA_18A4_20181107_3_04_04.png,684,521,161.76,126.75,78.88,108.95,1,8593.98,2.41157,0.11532,0.20912,0.724,0,0
uas_waterfowl_crowd,aerien_non_marin,BDA_18A4_20181107_3_04_04.png,684,521,-2.85,247.73,90.67,92.0,1,8341.64,2.34076,0.13256,0.17658,0.9855,0,1
uas_waterfowl_crowd,aerien_non_marin,BDA_18A4_20181107_3_04_04.png,684,521,233.51,474.88,98.13,47.5,1,4661.18,1.30798,0.14346,0.09117,2.0659,0,1
uas_waterfowl_crowd,aerien_non_marin,BDA_18A4_20181107_3_04_04.png,684,521,514.05,20.73,96.67,67.41,1,6516.52,1.82861,0.14133,0.12939,1.4341,0,0
uas_waterfowl_crowd,aerien_non_marin,BDA_18A4_20181107_3_04_04.png,684,521,607.31,-6.88,50.67,51.01,1,2584.68,0.72529,0.07408,0.09791,0.9933,0,1
uas_waterfowl_crowd,aerien_non_marin,BDA_18A4_20181107_3_04_04.png,684,521,1.03,89.97,72.5,75.73,1,5490.43,1.54068,0.10599,0.14536,0.9573,0,0
uas_waterfowl_crowd,aerien_non_marin,BDA_18A4_20181107_3_04_05.png,684,521,72.18,44.21,115.65,70.37,1,8138.29,2.2837,0.16908,0.13507,1.6435,0,0
uas_waterfowl_crowd,aerien_non_marin,BDA_18A4_20181107_3_04_05.png,684,521,112.36,312.89,113.45,90.83,1,10304.66,2.89161,0.16586,0.17434,1.249,0,0
uas_waterfowl_crowd,aerien_non_marin,BDA_18A4_20181107_3_04_07.png,684,521,414.09,2.53,76.86,70.39,1,5410.18,1.51816,0.11237,0.13511,1.0919,0,0
uas_waterfowl_crowd,aerien_non_marin,BDA_18A4_20181107_3_04_07.png,684,521,415.76,136.03,85.46,99.11,1,8469.94,2.37677,0.12494,0.19023,0.8623,0,0
uas_waterfowl_crowd,aerien_non_marin,BDA_18A4_20181107_3_04_07.png,684,521,356.96,231.86,96.59,84.03,1,8116.46,2.27758,0.14121,0.16129,1.1495,0,0
uas_waterfowl_crowd,aerien_non_marin,BDA_18A4_20181107_3_04_07.png,684,521,513.41,230.12,70.4,100.81,1,7097.02,1.99151,0.10292,0.19349,0.6983,0,0
uas_waterfowl_crowd,aerien_non_marin,BDA_18A4_20181107_3_04_07.png,684,521,65.35,233.91,112.59,67.38,1,7586.31,2.12881,0.16461,0.12933,1.671,0,0
uas_waterfowl_crowd,aerien_non_marin,BDA_18A4_20181107_3_04_08.png,684,521,80.19,47.74,106.6,52.09,1,5552.79,1.55818,0.15585,0.09998,2.0465,0,0
uas_waterfowl_crowd,aerien_non_marin,BDA_18A4_20181107_3_04_08.png,684,521,298.97,99.3,94.15,93.0,1,8755.95,2.45702,0.13765,0.1785,1.0124,0,0
uas_waterfowl_crowd,aerien_non_marin,BDA_18A4_20181107_3_04_08.png,684,521,652.72,298.89,48.54,65.0,1,3155.1,0.88536,0.07096,0.12476,0.7468,0,1
uas_waterfowl_crowd,aerien_non_marin,BDA_18A4_20181107_3_04_08.png,684,521,478.51,485.28,105.82,45.16,1,4778.83,1.341,0.15471,0.08668,2.3432,0,1
uas_waterfowl_crowd,aerien_non_marin,BDA_18A4_20181107_3_04_08.png,684,521,61.71,104.62,112.0,73.88,1,8274.56,2.32194,0.16374,0.1418,1.516,0,0
uas_waterfowl_crowd,aerien_non_marin,BDA_18A4_20181107_3_04_08.png,684,521,8.3,178.4,80.0,85.0,1,6800.0,1.90816,0.11696,0.16315,0.9412,0,0
uas_waterfowl_crowd,aerien_non_marin,BDA_18A4_20181107_3_05_03.png,684,521,631.07,113.25,72.0,73.69,1,5305.68,1.48884,0.10526,0.14144,0.9771,0,1
uas_waterfowl_crowd,aerien_non_marin,BDA_18A4_20181107_3_05_04.png,684,521,417.85,123.87,78.93,99.0,1,7814.07,2.19272,0.11539,0.19002,0.7973,0,0
uas_waterfowl_crowd,aerien_non_marin,BDA_18A4_20181107_3_05_04.png,684,521,297.83,407.25,80.44,82.66,1,6649.17,1.86584,0.1176,0.15866,0.9731,0,0
uas_waterfowl_crowd,aerien_non_marin,BDA_18A4_20181107_3_05_04.png,684,521,309.98,136.02,81.67,77.46,1,6326.16,1.7752,0.1194,0.14868,1.0544,0,0
uas_waterfowl_crowd,aerien_non_marin,BDA_18A4_20181107_3_05_04.png,684,521,258.66,223.53,98.09,62.95,1,6174.77,1.73271,0.14341,0.12083,1.5582,0,0
uas_waterfowl_crowd,aerien_non_marin,BDA_18A4_20181107_3_05_04.png,684,521,302.75,326.01,92.94,49.4,1,4591.24,1.28836,0.13588,0.09482,1.8814,0,0
uas_waterfowl_crowd,aerien_non_marin,BDA_18A4_20181107_3_05_04.png,684,521,383.64,405.17,82.38,63.7,1,5247.61,1.47254,0.12044,0.12226,1.2932,0,0
uas_waterfowl_crowd,aerien_non_marin,BDA_18A4_20181107_3_05_04.png,684,521,71.99,107.7,103.15,77.0,1,7942.55,2.22877,0.1508,0.14779,1.3396,0,0
uas_waterfowl_crowd,aerien_non_marin,BDA_18A4_20181107_3_05_04.png,684,521,18.88,-0.82,112.4,47.83,1,5376.09,1.5086,0.16433,0.0918,2.35,0,1
uas_waterfowl_crowd,aerien_non_marin,BDA_18A4_20181107_3_05_04.png,684,521,-0.19,107.26,48.54,67.85,1,3293.44,0.92418,0.07096,0.13023,0.7154,0,0
uas_waterfowl_crowd,aerien_non_marin,BDA_18A4_20181107_3_05_05.png,684,521,91.28,222.58,106.4,76.8,1,8171.52,2.29303,0.15556,0.14741,1.3854,0,0
uas_waterfowl_crowd,aerien_non_marin,BDA_18A4_20181107_3_05_05.png,684,521,65.55,468.9,99.11,50.68,1,5022.89,1.40948,0.1449,0.09727,1.9556,0,0
uas_waterfowl_crowd,aerien_non_marin,BDA_18A4_20181107_3_05_05.png,684,521,605.1,432.55,94.56,64.0,1,6051.84,1.69822,0.13825,0.12284,1.4775,0,1
uas_waterfowl_crowd,aerien_non_marin,BDA_18A4_20181107_3_05_05.png,684,521,14.22,412.6,83.59,68.49,1,5725.08,1.60653,0.12221,0.13146,1.2205,0,0
uas_waterfowl_crowd,aerien_non_marin,BDA_18A4_20181107_3_05_07.png,684,521,194.34,314.27,118.0,109.28,1,12895.04,3.6185,0.17251,0.20975,1.0798,0,0
uas_waterfowl_crowd,aerien_non_marin,BDA_18A4_20181107_3_05_07.png,684,521,506.71,4.69,100.96,107.37,1,10840.08,3.04185,0.1476,0.20608,0.9403,0,0
uas_waterfowl_crowd,aerien_non_marin,BDA_18A4_20181107_3_05_08.png,684,521,174.51,397.3,120.0,77.71,1,9325.2,2.61676,0.17544,0.14916,1.5442,0,0
uas_waterfowl_crowd,aerien_non_marin,BDA_18A4_20181107_3_05_08.png,684,521,354.95,48.25,111.24,102.98,1,11455.5,3.21455,0.16263,0.19766,1.0802,0,0
uas_waterfowl_crowd,aerien_non_marin,BDA_18A4_20181107_3_05_08.png,684,521,479.81,-3.64,106.91,38.1,1,4073.27,1.14301,0.1563,0.07313,2.806,0,1
uas_waterfowl_crowd,aerien_non_marin,BDA_18A4_20181107_3_05_08.png,684,521,571.81,147.3,104.0,131.2,1,13644.8,3.82889,0.15205,0.25182,0.7927,0,0
uas_waterfowl_crowd,aerien_non_marin,BDA_18A4_20181107_3_05_08.png,684,521,65.24,5.25,102.28,86.0,1,8796.08,2.46829,0.14953,0.16507,1.1893,0,0
uas_waterfowl_crowd,aerien_non_marin,BDA_18A4_20181107_3_05_08.png,684,521,591.86,212.5,86.65,65.6,1,5684.24,1.59507,0.12668,0.12591,1.3209,0,0
uas_waterfowl_crowd,aerien_non_marin,BDA_18A4_20181107_3_05_08.png,684,521,562.36,145.25,101.13,67.41,1,6817.17,1.91298,0.14785,0.12939,1.5002,0,0
uas_waterfowl_crowd,aerien_non_marin,BDA_18A4_20181107_3_06_03.png,684,521,378.45,168.62,82.4,122.13,1,10063.51,2.82394,0.12047,0.23441,0.6747,0,0
uas_waterfowl_crowd,aerien_non_marin,BDA_18A4_20181107_3_06_03.png,684,521,578.66,337.12,90.0,100.3,1,9027.0,2.53308,0.13158,0.19251,0.8973,0,0
uas_waterfowl_crowd,aerien_non_marin,BDA_18A4_20181107_3_06_04.png,684,521,225.23,282.35,89.17,99.85,1,8903.62,2.49846,0.13037,0.19165,0.893,0,0
uas_waterfowl_crowd,aerien_non_marin,BDA_18A4_20181107_3_06_04.png,684,521,418.33,119.49,104.8,85.0,1,8908.0,2.49969,0.15322,0.16315,1.2329,0,0
uas_waterfowl_crowd,aerien_non_marin,BDA_18A4_20181107_3_06_04.png,684,521,138.03,4.38,99.02,57.89,1,5732.27,1.60854,0.14477,0.11111,1.7105,0,0
uas_waterfowl_crowd,aerien_non_marin,BDA_18A4_20181107_3_06_05.png,684,521,604.76,79.36,80.95,59.0,1,4776.05,1.34022,0.11835,0.11324,1.372,0,1
uas_waterfowl_crowd,aerien_non_marin,BDA_18A4_20181107_3_06_05.png,684,521,490.74,16.68,70.33,95.3,1,6702.45,1.88079,0.10282,0.18292,0.738,0,0
uas_waterfowl_crowd,aerien_non_marin,BDA_18A4_20181107_3_06_05.png,684,521,222.65,8.45,103.0,52.59,1,5416.77,1.52001,0.15058,0.10094,1.9585,0,0
uas_waterfowl_crowd,aerien_non_marin,BDA_18A4_20181107_3_06_06.png,684,521,8.66,285.84,111.0,72.9,1,8091.9,2.27068,0.16228,0.13992,1.5226,0,0
uas_waterfowl_crowd,aerien_non_marin,BDA_18A4_20181107_3_06_06.png,684,521,156.88,474.9,100.9,46.8,1,4722.12,1.32508,0.14751,0.08983,2.156,0,1
uas_waterfowl_crowd,aerien_non_marin,BDA_18A4_20181107_3_06_06.png,684,521,46.75,461.7,68.66,68.0,1,4668.88,1.31014,0.10038,0.13052,1.0097,0,1
uas_waterfowl_crowd,aerien_non_marin,BDA_18A4_20181107_3_06_07.png,684,521,408.9,45.25,105.76,76.01,1,8038.82,2.25579,0.15462,0.14589,1.3914,0,0
uas_waterfowl_crowd,aerien_non_marin,BDA_18A4_20181107_3_06_08.png,684,521,351.61,47.01,117.48,92.0,1,10808.16,3.0329,0.17175,0.17658,1.277,0,0
uas_waterfowl_crowd,aerien_non_marin,BDA_18A4_20181107_3_06_08.png,684,521,146.0,489.69,104.0,34.38,1,3575.52,1.00333,0.15205,0.06599,3.025,0,1
uas_waterfowl_crowd,aerien_non_marin,BDA_18A4_20181107_3_06_08.png,684,521,606.23,451.6,80.39,76.25,1,6129.74,1.72008,0.11753,0.14635,1.0543,0,1
uas_waterfowl_crowd,aerien_non_marin,BDA_18A4_20181107_3_07_02.png,684,521,565.81,21.7,96.8,71.2,1,6892.16,1.93402,0.14152,0.13666,1.3596,0,0
uas_waterfowl_crowd,aerien_non_marin,BDA_18A4_20181107_3_07_03.png,684,521,577.63,0.5,92.22,61.0,1,5625.42,1.57856,0.13482,0.11708,1.5118,0,0
uas_waterfowl_crowd,aerien_non_marin,BDA_18A4_20181107_3_07_03.png,684,521,473.22,8.55,83.12,68.99,1,5734.45,1.60915,0.12152,0.13242,1.2048,0,0
uas_waterfowl_crowd,aerien_non_marin,BDA_18A4_20181107_3_07_06.png,684,521,439.19,23.05,109.68,95.0,1,10419.6,2.92386,0.16035,0.18234,1.1545,0,0
uas_waterfowl_crowd,aerien_non_marin,BDA_18A4_20181107_3_07_06.png,684,521,441.17,401.92,86.43,106.39,1,9195.29,2.58031,0.12636,0.2042,0.8124,0,0
uas_waterfowl_crowd,aerien_non_marin,BDA_18A4_20181107_3_07_06.png,684,521,585.86,439.59,68.06,90.67,1,6171.0,1.73166,0.0995,0.17403,0.7506,0,1
uas_waterfowl_crowd,aerien_non_marin,BDA_18A4_20181107_3_07_06.png,684,521,41.63,-1.18,42.12,33.5,1,1411.02,0.39595,0.06158,0.0643,1.2573,0,1
uas_waterfowl_crowd,aerien_non_marin,BDA_18A4_20181107_3_07_07.png,684,521,155.23,5.84,78.8,71.6,1,5642.08,1.58324,0.1152,0.13743,1.1006,0,0
uas_waterfowl_crowd,aerien_non_marin,BDA_18A4_20181107_3_07_07.png,684,521,356.54,202.98,88.73,110.2,1,9778.05,2.74384,0.12972,0.21152,0.8052,0,0
uas_waterfowl_crowd,aerien_non_marin,BDA_18A4_20181107_3_07_07.png,684,521,509.71,167.3,68.8,116.67,1,8026.9,2.25244,0.10058,0.22393,0.5897,0,0
uas_waterfowl_crowd,aerien_non_marin,BDA_18A4_20181107_3_07_07.png,684,521,247.95,303.4,99.11,60.0,1,5946.6,1.66869,0.1449,0.11516,1.6518,0,0
uas_waterfowl_crowd,aerien_non_marin,BDA_18A4_20181107_3_07_07.png,684,521,142.55,370.25,74.0,80.0,1,5920.0,1.66122,0.10819,0.15355,0.925,0,0
uas_waterfowl_crowd,aerien_non_marin,BDA_18A4_20181107_3_07_07.png,684,521,58.98,372.56,87.0,83.5,1,7264.5,2.03851,0.12719,0.16027,1.0419,0,0
uas_waterfowl_crowd,aerien_non_marin,BDA_18A4_20181107_3_07_08.png,684,521,126.6,2.55,112.79,58.65,1,6615.13,1.85629,0.1649,0.11257,1.9231,0,0
uas_waterfowl_crowd,aerien_non_marin,BDA_18A4_20181107_3_07_08.png,684,521,170.34,452.65,128.21,65.0,1,8333.65,2.33852,0.18744,0.12476,1.9725,0,0
uas_waterfowl_crowd,aerien_non_marin,BDA_18A4_20181107_3_07_08.png,684,521,295.37,237.78,110.0,84.23,1,9265.3,2.59995,0.16082,0.16167,1.3059,0,0
uas_waterfowl_crowd,aerien_non_marin,BDA_18A4_20181107_4_01_04.png,684,521,230.51,184.19,127.27,153.6,1,19548.67,5.48559,0.18607,0.29482,0.8286,0,0
uas_waterfowl_crowd,aerien_non_marin,BDA_18A4_20181107_4_01_05.png,684,521,243.71,0.9,91.2,68.0,1,6201.6,1.74024,0.13333,0.13052,1.3412,0,0
uas_waterfowl_crowd,aerien_non_marin,BDA_18A4_20181107_4_01_05.png,684,521,0.81,238.78,88.85,151.2,1,13434.12,3.76977,0.1299,0.29021,0.5876,0,0
uas_waterfowl_crowd,aerien_non_marin,BDA_18A4_20181107_4_01_05.png,684,521,148.13,374.13,82.78,126.8,1,10496.5,2.94544,0.12102,0.24338,0.6528,0,0
uas_waterfowl_crowd,aerien_non_marin,BDA_18A4_20181107_4_02_01.png,684,521,-1.66,229.24,118.78,130.73,1,15528.11,4.35737,0.17365,0.25092,0.9086,0,1
uas_waterfowl_crowd,aerien_non_marin,BDA_18A4_20181107_4_02_03.png,684,521,434.03,162.31,86.23,52.0,1,4483.96,1.25825,0.12607,0.09981,1.6583,0,0
uas_waterfowl_crowd,aerien_non_marin,BDA_18A4_20181107_4_02_03.png,684,521,338.38,105.06,82.0,84.0,1,6888.0,1.93286,0.11988,0.16123,0.9762,0,0
uas_waterfowl_crowd,aerien_non_marin,BDA_18A4_20181107_4_02_03.png,684,521,504.86,92.63,80.56,56.32,1,4537.14,1.27318,0.11778,0.1081,1.4304,0,0
uas_waterfowl_crowd,aerien_non_marin,BDA_18A4_20181107_4_02_03.png,684,521,510.63,229.27,57.82,71.4,1,4128.35,1.15846,0.08453,0.13704,0.8098,0,0
uas_waterfowl_crowd,aerien_non_marin,BDA_18A4_20181107_4_02_03.png,684,521,451.31,325.04,63.51,64.0,1,4064.64,1.14059,0.09285,0.12284,0.9923,0,0
uas_waterfowl_crowd,aerien_non_marin,BDA_18A4_20181107_4_02_03.png,684,521,499.81,298.3,75.02,46.0,1,3450.92,0.96837,0.10968,0.08829,1.6309,0,0
uas_waterfowl_crowd,aerien_non_marin,BDA_18A4_20181107_4_02_04.png,684,521,138.97,30.0,190.0,102.09,1,19397.1,5.44306,0.27778,0.19595,1.8611,0,0
uas_waterfowl_crowd,aerien_non_marin,BDA_18A4_20181107_4_02_04.png,684,521,160.73,283.98,158.6,115.85,1,18373.81,5.15591,0.23187,0.22236,1.369,0,0
uas_waterfowl_crowd,aerien_non_marin,BDA_18A4_20181107_4_02_04.png,684,521,373.69,278.88,89.2,150.2,1,13397.84,3.75959,0.13041,0.28829,0.5939,0,0
uas_waterfowl_crowd,aerien_non_marin,BDA_18A4_20181107_4_02_04.png,684,521,609.81,290.61,95.29,97.2,1,9262.19,2.59908,0.13931,0.18656,0.9803,0,1
uas_waterfowl_crowd,aerien_non_marin,BDA_18A4_20181107_4_02_05.png,684,521,517.88,17.35,100.56,187.94,1,18899.25,5.30335,0.14702,0.36073,0.5351,0,0
uas_waterfowl_crowd,aerien_non_marin,BDA_18A4_20181107_4_02_05.png,684,521,-5.72,287.07,122.05,134.64,1,16432.81,4.61124,0.17844,0.25843,0.9065,0,1
uas_waterfowl_crowd,aerien_non_marin,BDA_18A4_20181107_4_02_06.png,684,521,51.53,167.85,134.16,159.79,1,21437.43,6.0156,0.19614,0.3067,0.8396,0,0
uas_waterfowl_crowd,aerien_non_marin,BDA_18A4_20181107_4_03_01.png,684,521,4.95,52.32,88.0,147.18,1,12951.84,3.63444,0.12865,0.2825,0.5979,0,0
uas_waterfowl_crowd,aerien_non_marin,BDA_18A4_20181107_4_03_05.png,684,521,404.81,129.0,71.2,71.29,1,5075.85,1.42434,0.10409,0.13683,0.9987,0,0
uas_waterfowl_crowd,aerien_non_marin,BDA_18A4_20181107_4_03_05.png,684,521,590.81,103.3,76.0,60.8,1,4620.8,1.29665,0.11111,0.1167,1.25,0,0
uas_waterfowl_crowd,aerien_non_marin,BDA_18A4_20181107_4_03_05.png,684,521,550.97,161.71,79.26,72.81,1,5770.92,1.61939,0.11588,0.13975,1.0886,0,0
uas_waterfowl_crowd,aerien_non_marin,BDA_18A4_20181107_4_03_05.png,684,521,475.87,212.79,75.93,70.8,1,5375.84,1.50853,0.11101,0.13589,1.0725,0,0
uas_waterfowl_crowd,aerien_non_marin,BDA_18A4_20181107_4_03_05.png,684,521,277.96,229.9,76.54,59.62,1,4563.31,1.28052,0.1119,0.11443,1.2838,0,0
uas_waterfowl_crowd,aerien_non_marin,BDA_18A4_20181107_4_03_05.png,684,521,149.81,202.5,80.0,50.0,1,4000.0,1.12245,0.11696,0.09597,1.6,0,0
uas_waterfowl_crowd,aerien_non_marin,BDA_18A4_20181107_4_03_05.png,684,521,416.83,316.84,63.56,71.77,1,4561.7,1.28007,0.09292,0.13775,0.8856,0,0
uas_waterfowl_crowd,aerien_non_marin,BDA_18A4_20181107_4_03_05.png,684,521,240.81,396.93,62.0,83.33,1,5166.46,1.44977,0.09064,0.15994,0.744,0,0
uas_waterfowl_crowd,aerien_non_marin,BDA_18A4_20181107_4_03_05.png,684,521,500.44,373.97,80.94,68.48,1,5542.77,1.55537,0.11833,0.13144,1.182,0,0
uas_waterfowl_crowd,aerien_non_marin,BDA_18A4_20181107_4_03_05.png,684,521,632.91,470.6,62.48,55.2,1,3448.9,0.9678,0.09135,0.10595,1.1319,0,1
uas_waterfowl_crowd,aerien_non_marin,BDA_18A4_20181107_4_03_05.png,684,521,602.91,443.45,70.79,76.86,1,5440.92,1.52679,0.10349,0.14752,0.921,0,0
uas_waterfowl_crowd,aerien_non_marin,BDA_18A4_20181107_4_03_06.png,684,521,347.81,91.52,158.0,119.2,1,18833.6,5.28493,0.23099,0.22879,1.3255,0,0
uas_waterfowl_crowd,aerien_non_marin,BDA_18A4_20181107_4_04_02.png,684,521,445.96,466.03,110.97,66.0,1,7324.02,2.05521,0.16224,0.12668,1.6814,0,1
uas_waterfowl_crowd,aerien_non_marin,BDA_18A4_20181107_4_04_02.png,684,521,113.81,18.25,86.67,76.8,1,6656.26,1.86783,0.12671,0.14741,1.1285,0,0
uas_waterfowl_crowd,aerien_non_marin,BDA_18A4_20181107_4_04_05.png,684,521,413.63,33.47,72.0,84.95,1,6116.4,1.71633,0.10526,0.16305,0.8476,0,0
uas_waterfowl_crowd,aerien_non_marin,BDA_18A4_20181107_4_04_05.png,684,521,607.01,212.42,79.8,55.71,1,4445.66,1.2475,0.11667,0.10693,1.4324,0,1
uas_waterfowl_crowd,aerien_non_marin,BDA_18A4_20181107_4_04_05.png,684,521,629.19,324.79,64.44,65.0,1,4188.6,1.17537,0.09421,0.12476,0.9914,0,1
uas_waterfowl_crowd,aerien_non_marin,BDA_18A4_20181107_4_04_05.png,684,521,575.84,400.1,75.57,53.33,1,4030.15,1.13091,0.11048,0.10236,1.417,0,0
uas_waterfowl_crowd,aerien_non_marin,BDA_18A4_20181107_4_04_05.png,684,521,642.84,89.69,59.34,78.21,1,4640.98,1.30231,0.08675,0.15012,0.7587,0,1
uas_waterfowl_crowd,aerien_non_marin,BDA_18A4_20181107_4_04_06.png,684,521,445.71,26.25,78.88,58.83,1,4640.51,1.30218,0.11532,0.11292,1.3408,0,0
uas_waterfowl_crowd,aerien_non_marin,BDA_18A4_20181107_4_04_06.png,684,521,423.66,155.42,97.72,61.83,1,6042.03,1.69547,0.14287,0.11868,1.5805,0,0
uas_waterfowl_crowd,aerien_non_marin,BDA_18A4_20181107_4_04_06.png,684,521,478.72,331.35,83.11,63.58,1,5284.13,1.48279,0.12151,0.12203,1.3072,0,0
uas_waterfowl_crowd,aerien_non_marin,BDA_18A4_20181107_4_04_06.png,684,521,351.1,358.2,75.11,63.2,1,4746.95,1.33205,0.10981,0.12131,1.1884,0,0
uas_waterfowl_crowd,aerien_non_marin,BDA_18A4_20181107_4_04_06.png,684,521,262.11,485.25,54.61,40.0,1,2184.4,0.61297,0.07984,0.07678,1.3653,0,1
uas_waterfowl_crowd,aerien_non_marin,BDA_18A4_20181107_4_04_06.png,684,521,138.5,440.26,80.9,48.0,1,3883.2,1.08967,0.11827,0.09213,1.6854,0,0
uas_waterfowl_crowd,aerien_non_marin,BDA_18A4_20181107_4_04_06.png,684,521,40.8,429.75,53.96,83.24,1,4491.63,1.26041,0.07889,0.15977,0.6482,0,0
uas_waterfowl_crowd,aerien_non_marin,BDA_18A4_20181107_4_04_06.png,684,521,221.11,349.51,66.09,69.32,1,4581.36,1.28558,0.09662,0.13305,0.9534,0,0
uas_waterfowl_crowd,aerien_non_marin,BDA_18A4_20181107_4_04_06.png,684,521,272.88,258.67,66.88,74.77,1,5000.62,1.40323,0.09778,0.14351,0.8945,0,0
uas_waterfowl_crowd,aerien_non_marin,BDA_18A4_20181107_4_04_06.png,684,521,116.48,272.25,61.48,83.61,1,5140.34,1.44244,0.08988,0.16048,0.7353,0,0
uas_waterfowl_crowd,aerien_non_marin,BDA_18A4_20181107_4_04_06.png,684,521,19.52,275.04,56.41,80.87,1,4561.88,1.28012,0.08247,0.15522,0.6975,0,0
uas_waterfowl_crowd,aerien_non_marin,BDA_18A4_20181107_4_04_06.png,684,521,69.68,150.0,57.45,86.0,1,4940.7,1.38642,0.08399,0.16507,0.668,0,0
uas_waterfowl_crowd,aerien_non_marin,BDA_18A4_20181107_4_04_06.png,684,521,-2.15,84.85,34.19,77.89,1,2663.06,0.74729,0.04999,0.1495,0.439,0,1
uas_waterfowl_crowd,aerien_non_marin,BDA_18A4_20181107_4_04_07.png,684,521,451.81,206.81,85.33,105.24,1,8980.13,2.51993,0.12475,0.202,0.8108,0,0
uas_waterfowl_crowd,aerien_non_marin,BDA_18A4_20181107_4_04_07.png,684,521,538.14,0.51,71.0,49.63,1,3523.73,0.9888,0.1038,0.09526,1.4306,0,0
uas_waterfowl_crowd,aerien_non_marin,BDA_18A4_20181107_4_04_08.png,684,521,407.0,245.97,82.67,72.67,1,6007.63,1.68581,0.12086,0.13948,1.1376,0,0
uas_waterfowl_crowd,aerien_non_marin,BDA_18A4_20181107_4_04_08.png,684,521,322.63,100.14,72.3,79.04,1,5714.59,1.60358,0.1057,0.15171,0.9147,0,0
uas_waterfowl_crowd,aerien_non_marin,BDA_18A4_20181107_4_04_08.png,684,521,93.25,1.47,64.55,64.0,1,4131.2,1.15926,0.09437,0.12284,1.0086,0,0
uas_waterfowl_crowd,aerien_non_marin,BDA_18A4_20181107_4_04_08.png,684,521,59.99,197.37,71.0,67.56,1,4796.76,1.34603,0.1038,0.12967,1.0509,0,0
uas_waterfowl_crowd,aerien_non_marin,BDA_18A4_20181107_4_04_08.png,684,521,207.03,442.85,78.43,81.78,1,6414.01,1.79985,0.11466,0.15697,0.959,0,1
uas_waterfowl_crowd,aerien_non_marin,BDA_18A4_20181107_4_05_01.png,684,521,163.0,122.9,149.07,168.79,1,25161.53,7.06062,0.21794,0.32397,0.8832,0,0
uas_waterfowl_crowd,aerien_non_marin,BDA_18A4_20181107_4_05_01.png,684,521,-5.97,-1.73,86.62,40.64,1,3520.24,0.98782,0.12664,0.078,2.1314,0,1
uas_waterfowl_crowd,aerien_non_marin,BDA_18A4_20181107_4_05_01.png,684,521,411.28,0.51,93.29,53.3,1,4972.36,1.3953,0.13639,0.1023,1.7503,0,0
uas_waterfowl_crowd,aerien_non_marin,BDA_18A4_20181107_4_05_04.png,684,521,235.07,414.46,79.6,81.01,1,6448.4,1.8095,0.11637,0.15549,0.9826,0,0
uas_waterfowl_crowd,aerien_non_marin,BDA_18A4_20181107_4_05_05.png,684,521,321.81,238.62,61.36,72.0,1,4417.92,1.23972,0.08971,0.1382,0.8522,0,0
uas_waterfowl_crowd,aerien_non_marin,BDA_18A4_20181107_4_05_05.png,684,521,382.48,143.16,67.0,81.04,1,5429.68,1.52363,0.09795,0.15555,0.8268,0,0
uas_waterfowl_crowd,aerien_non_marin,BDA_18A4_20181107_4_05_05.png,684,521,257.15,287.65,61.0,58.65,1,3577.65,1.00393,0.08918,0.11257,1.0401,0,0
uas_waterfowl_crowd,aerien_non_marin,BDA_18A4_20181107_4_05_05.png,684,521,517.75,119.84,52.0,75.0,1,3900.0,1.09439,0.07602,0.14395,0.6933,0,0
uas_waterfowl_crowd,aerien_non_marin,BDA_18A4_20181107_4_05_05.png,684,521,570.3,60.9,73.08,60.0,1,4384.8,1.23043,0.10684,0.11516,1.218,0,0
uas_waterfowl_crowd,aerien_non_marin,BDA_18A4_20181107_4_05_05.png,684,521,618.31,161.3,68.99,54.0,1,3725.46,1.04541,0.10086,0.10365,1.2776,0,1
uas_waterfowl_crowd,aerien_non_marin,BDA_18A4_20181107_4_05_06.png,684,521,90.17,55.25,74.87,78.89,1,5906.49,1.65743,0.10946,0.15142,0.949,0,0
uas_waterfowl_crowd,aerien_non_marin,BDA_18A4_20181107_4_05_06.png,684,521,249.93,0.03,69.38,61.33,1,4255.08,1.19403,0.10143,0.11772,1.1313,0,0
uas_waterfowl_crowd,aerien_non_marin,BDA_18A4_20181107_4_05_08.png,684,521,305.71,113.11,99.33,63.2,1,6277.66,1.76159,0.14522,0.12131,1.5717,0,0
uas_waterfowl_crowd,aerien_non_marin,BDA_18A4_20181107_4_05_08.png,684,521,49.11,0.45,92.59,43.71,1,4047.11,1.13567,0.13537,0.0839,2.1183,0,0
uas_waterfowl_crowd,aerien_non_marin,BDA_18A4_20181107_4_06_01.png,684,521,401.01,196.7,141.83,104.08,1,14761.67,4.1423,0.20735,0.19977,1.3627,0,0
uas_waterfowl_crowd,aerien_non_marin,BDA_18A4_20181107_4_06_01.png,684,521,183.5,68.47,121.0,187.16,1,22646.36,6.35484,0.1769,0.35923,0.6465,0,0
uas_waterfowl_crowd,aerien_non_marin,BDA_18A4_20181107_4_06_01.png,684,521,95.61,379.26,192.0,116.15,1,22300.8,6.25787,0.2807,0.22294,1.653,0,0
uas_waterfowl_crowd,aerien_non_marin,BDA_18A4_20181107_4_06_02.png,684,521,357.63,190.19,209.0,105.0,1,21945.0,6.15803,0.30556,0.20154,1.9905,0,0
uas_waterfowl_crowd,aerien_non_marin,BDA_18A4_20181107_4_06_02.png,684,521,100.36,32.25,165.25,90.92,1,15024.53,4.21606,0.24159,0.17451,1.8175,0,0
uas_waterfowl_crowd,aerien_non_marin,BDA_18A4_20181107_4_06_03.png,684,521,450.97,232.9,62.55,95.21,1,5955.39,1.67115,0.09145,0.18274,0.657,0,0
uas_waterfowl_crowd,aerien_non_marin,BDA_18A4_20181107_4_06_03.png,684,521,645.51,161.07,51.81,69.43,1,3597.17,1.00941,0.07575,0.13326,0.7462,0,1
uas_waterfowl_crowd,aerien_non_marin,BDA_18A4_20181107_4_06_04.png,684,521,501.23,4.29,87.26,54.64,1,4767.89,1.33793,0.12757,0.10488,1.597,0,0
uas_waterfowl_crowd,aerien_non_marin,BDA_18A4_20181107_4_06_04.png,684,521,342.97,120.64,89.33,50.0,1,4466.5,1.25335,0.1306,0.09597,1.7866,0,0
uas_waterfowl_crowd,aerien_non_marin,BDA_18A4_20181107_4_06_04.png,684,521,-0.39,146.98,51.56,75.89,1,3912.89,1.098,0.07538,0.14566,0.6794,0,0
uas_waterfowl_crowd,aerien_non_marin,BDA_18A4_20181107_4_06_04.png,684,521,104.08,457.39,90.16,49.35,1,4449.4,1.24855,0.13181,0.09472,1.827,0,0
uas_waterfowl_crowd,aerien_non_marin,BDA_18A4_20181107_4_06_04.png,684,521,355.51,416.72,68.37,79.73,1,5451.14,1.52966,0.09996,0.15303,0.8575,0,0
uas_waterfowl_crowd,aerien_non_marin,BDA_18A4_20181107_4_06_04.png,684,521,306.61,274.29,90.46,51.79,1,4684.92,1.31465,0.13225,0.0994,1.7467,0,0
uas_waterfowl_crowd,aerien_non_marin,BDA_18A4_20181107_4_06_05.png,684,521,106.65,263.73,87.2,46.2,1,4028.64,1.13048,0.12749,0.08868,1.8874,0,0
uas_waterfowl_crowd,aerien_non_marin,BDA_18A4_20181107_4_06_05.png,684,521,85.41,19.83,90.0,40.8,1,3672.0,1.03041,0.13158,0.07831,2.2059,0,0
uas_waterfowl_crowd,aerien_non_marin,BDA_18A4_20181107_4_06_05.png,684,521,-4.6,197.31,53.49,60.0,1,3209.4,0.9006,0.0782,0.11516,0.8915,0,1
uas_waterfowl_crowd,aerien_non_marin,BDA_18A4_20181107_4_07_01.png,684,521,212.64,216.9,152.67,174.0,1,26564.58,7.45434,0.2232,0.33397,0.8774,0,0
uas_waterfowl_crowd,aerien_non_marin,BDA_18A4_20181107_4_07_08.png,684,521,129.11,22.2,266.8,101.73,1,27141.56,7.61625,0.39006,0.19526,2.6226,0,0
uas_waterfowl_crowd,aerien_non_marin,mxw_L13_20181215_1_03_02.png,684,521,481.46,261.31,51.89,38.27,1,1985.83,0.55725,0.07586,0.07345,1.3559,0,0
uas_waterfowl_crowd,aerien_non_marin,mxw_L13_20181215_1_03_02.png,684,521,514.3,215.75,43.45,28.74,1,1248.75,0.35042,0.06352,0.05516,1.5118,0,0
uas_waterfowl_crowd,aerien_non_marin,mxw_L13_20181215_1_03_03.png,684,521,420.38,391.56,43.33,54.61,1,2366.25,0.664,0.06335,0.10482,0.7934,0,0
uas_waterfowl_crowd,aerien_non_marin,mxw_L13_20181215_1_03_03.png,684,521,316.11,477.0,68.0,36.0,1,2448.0,0.68694,0.09942,0.0691,1.8889,0,0
uas_waterfowl_crowd,aerien_non_marin,mxw_L13_20181215_1_03_03.png,684,521,512.86,408.72,47.14,43.23,1,2037.86,0.57185,0.06892,0.08298,1.0904,0,0
uas_waterfowl_crowd,aerien_non_marin,mxw_L13_20181215_1_03_03.png,684,521,478.75,457.47,52.59,45.0,1,2366.55,0.66408,0.07689,0.08637,1.1687,0,0
uas_waterfowl_crowd,aerien_non_marin,mxw_L13_20181215_1_04_02.png,684,521,260.49,5.7,50.52,33.31,1,1682.82,0.47222,0.07386,0.06393,1.5167,0,0
uas_waterfowl_crowd,aerien_non_marin,mxw_L13_20181215_1_04_03.png,684,521,418.22,3.05,50.4,24.7,1,1244.88,0.34933,0.07368,0.04741,2.0405,0,0
uas_waterfowl_crowd,aerien_non_marin,mxw_L13_20181215_1_04_03.png,684,521,464.14,39.58,42.47,40.84,1,1734.47,0.48671,0.06209,0.07839,1.0399,0,0
uas_waterfowl_crowd,aerien_non_marin,mxw_L13_20181215_1_04_03.png,684,521,542.81,69.44,40.98,53.68,1,2199.81,0.61729,0.05991,0.10303,0.7634,0,0
uas_waterfowl_crowd,aerien_non_marin,mxw_L13_20181215_1_04_03.png,684,521,606.31,55.18,33.19,50.0,1,1659.5,0.46568,0.04852,0.09597,0.6638,0,0
uas_waterfowl_crowd,aerien_non_marin,mxw_L13_20181215_1_04_03.png,684,521,635.9,0.75,35.1,41.2,1,1446.12,0.4058,0.05132,0.07908,0.8519,0,0
uas_waterfowl_crowd,aerien_non_marin,mxw_L13_20181215_1_04_03.png,684,521,639.22,104.19,31.46,46.5,1,1462.89,0.4105,0.04599,0.08925,0.6766,0,0
uas_waterfowl_crowd,aerien_non_marin,mxw_L13_20181215_1_04_03.png,684,521,673.04,176.12,24.0,45.19,1,1084.56,0.30434,0.03509,0.08674,0.5311,0,1
uas_waterfowl_crowd,aerien_non_marin,mxw_L13_20181215_1_04_04.png,684,521,228.9,123.47,35.0,45.0,1,1575.0,0.44196,0.05117,0.08637,0.7778,0,0
uas_waterfowl_crowd,aerien_non_marin,mxw_L13_20181215_1_04_04.png,684,521,252.44,171.83,39.0,40.0,1,1560.0,0.43775,0.05702,0.07678,0.975,0,0
uas_waterfowl_crowd,aerien_non_marin,mxw_L13_20181215_1_04_04.png,684,521,146.8,182.86,37.55,53.42,1,2005.92,0.56289,0.0549,0.10253,0.7029,0,0
uas_waterfowl_crowd,aerien_non_marin,mxw_L13_20181215_1_04_04.png,684,521,65.65,135.7,33.9,57.49,1,1948.91,0.54689,0.04956,0.11035,0.5897,0,0
uas_waterfowl_crowd,aerien_non_marin,mxw_L13_20181215_1_04_04.png,684,521,5.81,100.55,34.14,45.4,1,1549.96,0.43494,0.04991,0.08714,0.752,0,0
uas_waterfowl_crowd,aerien_non_marin,mxw_L13_20181215_1_04_04.png,684,521,15.31,47.64,33.16,48.0,1,1591.68,0.44664,0.04848,0.09213,0.6908,0,0
uas_waterfowl_crowd,aerien_non_marin,mxw_L13_20181215_1_04_04.png,684,521,-3.71,176.71,30.68,51.83,1,1590.14,0.44621,0.04485,0.09948,0.5919,0,1
uas_waterfowl_crowd,aerien_non_marin,mxw_L13_20181215_1_04_04.png,684,521,525.31,408.36,34.4,57.0,1,1960.8,0.55022,0.05029,0.1094,0.6035,0,0
uas_waterfowl_crowd,aerien_non_marin,mxw_L13_20181215_1_04_04.png,684,521,526.86,473.0,43.0,41.0,1,1763.0,0.49472,0.06287,0.07869,1.0488,0,0
uas_waterfowl_crowd,aerien_non_marin,mxw_L13_20181215_1_05_04.png,684,521,651.62,102.63,37.77,62.06,1,2344.01,0.65776,0.05522,0.11912,0.6086,0,1
uas_waterfowl_crowd,aerien_non_marin,mxw_L13_20181215_1_05_05.png,684,521,180.08,144.44,42.95,42.04,1,1805.62,0.50668,0.06279,0.08069,1.0216,0,0
uas_waterfowl_crowd,aerien_non_marin,mxw_L13_20181215_1_05_05.png,684,521,230.0,195.02,36.12,42.81,1,1546.3,0.43391,0.05281,0.08217,0.8437,0,0
uas_waterfowl_crowd,aerien_non_marin,mxw_L13_20181215_1_05_05.png,684,521,349.37,183.3,38.57,42.73,1,1648.1,0.46248,0.05639,0.08202,0.9026,0,0
uas_waterfowl_crowd,aerien_non_marin,mxw_L13_20181215_1_05_05.png,684,521,402.76,213.79,30.2,42.69,1,1289.24,0.36178,0.04415,0.08194,0.7074,0,0
uas_waterfowl_crowd,aerien_non_marin,mxw_L13_20181215_1_05_05.png,684,521,462.02,256.4,33.81,40.79,1,1379.11,0.38699,0.04943,0.07829,0.8289,0,0
uas_waterfowl_crowd,aerien_non_marin,mxw_L13_20181215_1_05_05.png,684,521,189.86,287.8,37.6,39.22,1,1474.67,0.41381,0.05497,0.07528,0.9587,0,0
uas_waterfowl_crowd,aerien_non_marin,mxw_L13_20181215_1_05_05.png,684,521,264.03,264.85,34.35,44.56,1,1530.64,0.42951,0.05022,0.08553,0.7709,0,0
uas_waterfowl_crowd,aerien_non_marin,mxw_L13_20181215_1_05_05.png,684,521,325.97,264.55,32.0,46.44,1,1486.08,0.41701,0.04678,0.08914,0.6891,0,0
uas_waterfowl_crowd,aerien_non_marin,mxw_L13_20181215_1_05_05.png,684,521,385.81,273.94,36.93,40.53,1,1496.77,0.42001,0.05399,0.07779,0.9112,0,0
uas_waterfowl_crowd,aerien_non_marin,mxw_L13_20181215_1_05_05.png,684,521,244.72,348.49,36.81,42.26,1,1555.59,0.43652,0.05382,0.08111,0.871,0,0
uas_waterfowl_crowd,aerien_non_marin,mxw_L13_20181215_1_05_05.png,684,521,237.81,453.76,40.0,42.8,1,1712.0,0.48041,0.05848,0.08215,0.9346,0,0
uas_waterfowl_crowd,aerien_non_marin,mxw_L13_20181215_1_05_05.png,684,521,322.91,371.87,35.12,44.83,1,1574.43,0.4418,0.05135,0.08605,0.7834,0,0
uas_waterfowl_crowd,aerien_non_marin,mxw_L13_20181215_1_05_05.png,684,521,465.99,342.23,32.76,40.45,1,1325.14,0.37185,0.04789,0.07764,0.8099,0,0
uas_waterfowl_crowd,aerien_non_marin,mxw_L13_20181215_1_05_05.png,684,521,507.45,357.89,46.0,33.63,1,1546.98,0.4341,0.06725,0.06455,1.3678,0,0
