dataset,domain,image,img_w,img_h,x,y,w,h,cls,area_px,rel_area_pct,rel_w,rel_h,aspect_w_over_h,degenerate,out_of_frame
noaa_arctic_seals_sample,aerien,Images/fl04/CENT/test_kotz_2019_fl04_C_20190510_000443.666902_rgb.jpg,6576,4384,6114.0,2360.0,66.0,53.0,1,3498.0,0.01213,0.01004,0.01209,1.2453,0,0
noaa_arctic_seals_sample,aerien,Images/fl04/CENT/test_kotz_2019_fl04_C_20190510_002139.162658_rgb.jpg,6576,4384,3112.0,2038.0,35.0,61.0,1,2135.0,0.00741,0.00532,0.01391,0.5738,0,0
noaa_arctic_seals_sample,aerien,Images/fl04/CENT/test_kotz_2019_fl04_C_20190510_002139.162658_rgb.jpg,6576,4384,3080.0,2052.0,46.0,23.0,1,1058.0,0.00367,0.007,0.00525,2.0,0,0
noaa_arctic_seals_sample,aerien,Images/fl04/CENT/test_kotz_2019_fl04_C_20190510_002457.911799_rgb.jpg,6576,4384,5751.0,3681.0,92.0,38.0,1,3496.0,0.01213,0.01399,0.00867,2.4211,0,0
noaa_arctic_seals_sample,aerien,Images/fl04/CENT/test_kotz_2019_fl04_C_20190510_002654.161325_rgb.jpg,6576,4384,1832.0,1736.0,25.0,59.0,1,1475.0,0.00512,0.0038,0.01346,0.4237,0,0
noaa_arctic_seals_sample,aerien,Images/fl04/CENT/test_kotz_2019_fl04_C_20190510_002654.161325_rgb.jpg,6576,4384,3527.0,1852.0,41.0,42.0,1,1722.0,0.00597,0.00623,0.00958,0.9762,0,0
noaa_arctic_seals_sample,aerien,Images/fl04/CENT/test_kotz_2019_fl04_C_20190510_002654.161325_rgb.jpg,6576,4384,3727.0,1759.0,30.0,51.0,1,1530.0,0.00531,0.00456,0.01163,0.5882,0,0
noaa_arctic_seals_sample,aerien,Images/fl04/CENT/test_kotz_2019_fl04_C_20190510_002654.161325_rgb.jpg,6576,4384,3658.0,2049.0,40.0,35.0,1,1400.0,0.00486,0.00608,0.00798,1.1429,0,0
noaa_arctic_seals_sample,aerien,Images/fl04/CENT/test_kotz_2019_fl04_C_20190510_002654.161325_rgb.jpg,6576,4384,3692.0,1968.0,31.0,24.0,1,744.0,0.00258,0.00471,0.00547,1.2917,0,0
noaa_arctic_seals_sample,aerien,Images/fl04/CENT/test_kotz_2019_fl04_C_20190510_002654.911412_rgb.jpg,6576,4384,1219.0,2034.0,24.0,49.0,1,1176.0,0.00408,0.00365,0.01118,0.4898,0,0
noaa_arctic_seals_sample,aerien,Images/fl04/CENT/test_kotz_2019_fl04_C_20190510_002654.911412_rgb.jpg,6576,4384,1222.0,2004.0,60.0,35.0,1,2100.0,0.00728,0.00912,0.00798,1.7143,0,0
noaa_arctic_seals_sample,aerien,Images/fl04/CENT/test_kotz_2019_fl04_C_20190510_002654.911412_rgb.jpg,6576,4384,1283.0,2095.0,31.0,42.0,1,1302.0,0.00452,0.00471,0.00958,0.7381,0,0
noaa_arctic_seals_sample,aerien,Images/fl04/CENT/test_kotz_2019_fl04_C_20190510_002810.661041_rgb.jpg,6576,4384,2533.0,3604.0,61.0,31.0,1,1891.0,0.00656,0.00928,0.00707,1.9677,0,0
noaa_arctic_seals_sample,aerien,Images/fl04/CENT/test_kotz_2019_fl04_C_20190510_002810.661041_rgb.jpg,6576,4384,2493.0,3588.0,42.0,50.0,1,2100.0,0.00728,0.00639,0.01141,0.84,0,0
noaa_arctic_seals_sample,aerien,Images/fl04/CENT/test_kotz_2019_fl04_C_20190510_002810.661041_rgb.jpg,6576,4384,2499.0,3624.0,27.0,49.0,1,1323.0,0.00459,0.00411,0.01118,0.551,0,0
noaa_arctic_seals_sample,aerien,Images/fl04/CENT/test_kotz_2019_fl04_C_20190510_002916.660846_rgb.jpg,6576,4384,2901.0,1451.0,80.0,44.0,1,3520.0,0.01221,0.01217,0.01004,1.8182,0,0
noaa_arctic_seals_sample,aerien,Images/fl04/CENT/test_kotz_2019_fl04_C_20190510_002916.660846_rgb.jpg,6576,4384,2885.0,1309.0,23.0,38.0,1,874.0,0.00303,0.0035,0.00867,0.6053,0,0
noaa_arctic_seals_sample,aerien,Images/fl04/CENT/test_kotz_2019_fl04_C_20190510_003000.160741_rgb.jpg,6576,4384,6429.0,169.0,72.0,50.0,1,3600.0,0.01249,0.01095,0.01141,1.44,0,0
noaa_arctic_seals_sample,aerien,Images/fl04/CENT/test_kotz_2019_fl04_C_20190510_003000.160741_rgb.jpg,6576,4384,6383.0,302.0,29.0,59.0,1,1711.0,0.00593,0.00441,0.01346,0.4915,0,0
noaa_arctic_seals_sample,aerien,Images/fl04/CENT/test_kotz_2019_fl04_C_20190510_003000.910548_rgb.jpg,6576,4384,1761.0,2800.0,46.0,52.0,1,2392.0,0.0083,0.007,0.01186,0.8846,0,0
noaa_arctic_seals_sample,aerien,Images/fl04/CENT/test_kotz_2019_fl04_C_20190510_003000.910548_rgb.jpg,6576,4384,4466.0,2862.0,52.0,49.0,1,2548.0,0.00884,0.00791,0.01118,1.0612,0,0
noaa_arctic_seals_sample,aerien,Images/fl04/CENT/test_kotz_2019_fl04_C_20190510_003000.910548_rgb.jpg,6576,4384,4791.0,3359.0,29.0,63.0,1,1827.0,0.00634,0.00441,0.01437,0.4603,0,0
noaa_arctic_seals_sample,aerien,Images/fl04/CENT/test_kotz_2019_fl04_C_20190510_003000.910548_rgb.jpg,6576,4384,4836.0,3235.0,66.0,47.0,1,3102.0,0.01076,0.01004,0.01072,1.4043,0,0
noaa_arctic_seals_sample,aerien,Images/fl04/CENT/test_kotz_2019_fl04_C_20190510_003000.910548_rgb.jpg,6576,4384,5077.0,3629.0,40.0,59.0,1,2360.0,0.00819,0.00608,0.01346,0.678,0,0
noaa_arctic_seals_sample,aerien,Images/fl04/CENT/test_kotz_2019_fl04_C_20190510_003058.660313_rgb.jpg,6576,4384,2487.0,106.0,45.0,33.0,1,1485.0,0.00515,0.00684,0.00753,1.3636,0,0
noaa_arctic_seals_sample,aerien,Images/fl04/CENT/test_kotz_2019_fl04_C_20190510_003212.160034_rgb.jpg,6576,4384,4840.0,675.0,59.0,59.0,1,3481.0,0.01207,0.00897,0.01346,1.0,0,0
noaa_arctic_seals_sample,aerien,Images/fl04/CENT/test_kotz_2019_fl04_C_20190510_003244.409876_rgb.jpg,6576,4384,1853.0,3095.0,59.0,34.0,1,2006.0,0.00696,0.00897,0.00776,1.7353,0,0
noaa_arctic_seals_sample,aerien,Images/fl04/CENT/test_kotz_2019_fl04_C_20190510_003401.659580_rgb.jpg,6576,4384,805.0,1260.0,79.0,43.0,1,3397.0,0.01178,0.01201,0.00981,1.8372,0,0
noaa_arctic_seals_sample,aerien,Images/fl04/CENT/test_kotz_2019_fl04_C_20190510_003517.409398_rgb.jpg,6576,4384,675.0,725.0,65.0,52.0,1,3380.0,0.01172,0.00988,0.01186,1.25,0,0
noaa_arctic_seals_sample,aerien,Images/fl04/CENT/test_kotz_2019_fl04_C_20190510_003558.409223_rgb.jpg,6576,4384,645.0,3335.0,40.0,56.0,1,2240.0,0.00777,0.00608,0.01277,0.7143,0,0
noaa_arctic_seals_sample,aerien,Images/fl04/CENT/test_kotz_2019_fl04_C_20190510_003558.409223_rgb.jpg,6576,4384,630.0,3325.0,25.0,38.0,1,950.0,0.0033,0.0038,0.00867,0.6579,0,0
noaa_arctic_seals_sample,aerien,Images/fl04/CENT/test_kotz_2019_fl04_C_20190510_003601.409222_rgb.jpg,6576,4384,5926.0,1230.0,32.0,54.0,1,1728.0,0.00599,0.00487,0.01232,0.5926,0,0
noaa_arctic_seals_sample,aerien,Images/fl04/CENT/test_kotz_2019_fl04_C_20190510_003601.409222_rgb.jpg,6576,4384,5999.0,1214.0,56.0,42.0,1,2352.0,0.00816,0.00852,0.00958,1.3333,0,0
noaa_arctic_seals_sample,aerien,Images/fl04/CENT/test_kotz_2019_fl04_C_20190510_003601.409222_rgb.jpg,6576,4384,6028.0,1201.0,37.0,35.0,1,1295.0,0.00449,0.00563,0.00798,1.0571,0,0
noaa_arctic_seals_sample,aerien,Images/fl04/CENT/test_kotz_2019_fl04_C_20190510_003601.409222_rgb.jpg,6576,4384,5959.0,1182.0,44.0,27.0,1,1188.0,0.00412,0.00669,0.00616,1.6296,0,0
noaa_arctic_seals_sample,aerien,Images/fl04/CENT/test_kotz_2019_fl04_C_20190510_003618.909108_rgb.jpg,6576,4384,0.0,2122.0,56.0,46.0,1,2576.0,0.00894,0.00852,0.01049,1.2174,0,0
noaa_arctic_seals_sample,aerien,Images/fl04/CENT/test_kotz_2019_fl04_C_20190510_003658.908987_rgb.jpg,6576,4384,3226.0,2697.0,35.0,49.0,1,1715.0,0.00595,0.00532,0.01118,0.7143,0,0
noaa_arctic_seals_sample,aerien,Images/fl04/CENT/test_kotz_2019_fl04_C_20190510_003942.408325_rgb.jpg,6576,4384,3251.0,1140.0,37.0,81.0,1,2997.0,0.0104,0.00563,0.01848,0.4568,0,0
noaa_arctic_seals_sample,aerien,Images/fl04/CENT/test_kotz_2019_fl04_C_20190510_004006.408226_rgb.jpg,6576,4384,1539.0,3344.0,55.0,50.0,1,2750.0,0.00954,0.00836,0.01141,1.1,0,0
noaa_arctic_seals_sample,aerien,Images/fl04/CENT/test_kotz_2019_fl04_C_20190510_004006.408226_rgb.jpg,6576,4384,2404.0,108.0,68.0,56.0,1,3808.0,0.01321,0.01034,0.01277,1.2143,0,0
noaa_arctic_seals_sample,aerien,Images/fl04/CENT/test_kotz_2019_fl04_C_20190510_004006.408226_rgb.jpg,6576,4384,5733.0,1935.0,32.0,60.0,1,1920.0,0.00666,0.00487,0.01369,0.5333,0,0
noaa_arctic_seals_sample,aerien,Images/fl04/CENT/test_kotz_2019_fl04_C_20190510_004006.408226_rgb.jpg,6576,4384,6172.0,1185.0,84.0,41.0,1,3444.0,0.01195,0.01277,0.00935,2.0488,0,0
noaa_arctic_seals_sample,aerien,Images/fl04/CENT/test_kotz_2019_fl04_C_20190510_004006.408226_rgb.jpg,6576,4384,6197.0,1095.0,60.0,68.0,1,4080.0,0.01415,0.00912,0.01551,0.8824,0,0
noaa_arctic_seals_sample,aerien,Images/fl04/CENT/test_kotz_2019_fl04_C_20190510_004007.408229_rgb.jpg,6576,4384,1922.0,3759.0,68.0,57.0,1,3876.0,0.01344,0.01034,0.013,1.193,0,0
noaa_arctic_seals_sample,aerien,Images/fl04/CENT/test_kotz_2019_fl04_C_20190510_004007.408229_rgb.jpg,6576,4384,3837.0,3351.0,45.0,54.0,1,2430.0,0.00843,0.00684,0.01232,0.8333,0,0
noaa_arctic_seals_sample,aerien,Images/fl04/CENT/test_kotz_2019_fl04_C_20190510_004028.908177_rgb.jpg,6576,4384,4012.0,3606.0,62.0,35.0,1,2170.0,0.00753,0.00943,0.00798,1.7714,0,0
noaa_arctic_seals_sample,aerien,Images/fl04/CENT/test_kotz_2019_fl04_C_20190510_004045.908064_rgb.jpg,6576,4384,6187.0,2428.0,35.0,60.0,1,2100.0,0.00728,0.00532,0.01369,0.5833,0,0
noaa_arctic_seals_sample,aerien,Images/fl04/CENT/test_kotz_2019_fl04_C_20190510_004045.908064_rgb.jpg,6576,4384,6304.0,3828.0,64.0,65.0,1,4160.0,0.01443,0.00973,0.01483,0.9846,0,0
noaa_arctic_seals_sample,aerien,Images/fl04/CENT/test_kotz_2019_fl04_C_20190510_004045.908064_rgb.jpg,6576,4384,6220.0,2584.0,74.0,39.0,1,2886.0,0.01001,0.01125,0.0089,1.8974,0,0
noaa_arctic_seals_sample,aerien,Images/fl04/CENT/test_kotz_2019_fl04_C_20190510_004115.407952_rgb.jpg,6576,4384,5728.0,1072.0,44.0,73.0,1,3212.0,0.01114,0.00669,0.01665,0.6027,0,0
noaa_arctic_seals_sample,aerien,Images/fl04/CENT/test_kotz_2019_fl04_C_20190510_004121.407924_rgb.jpg,6576,4384,1547.0,216.0,87.0,37.0,1,3219.0,0.01117,0.01323,0.00844,2.3514,0,0
noaa_arctic_seals_sample,aerien,Images/fl04/CENT/test_kotz_2019_fl04_C_20190510_004121.407924_rgb.jpg,6576,4384,1604.0,86.0,45.0,55.0,1,2475.0,0.00859,0.00684,0.01255,0.8182,0,0
noaa_arctic_seals_sample,aerien,Images/fl04/CENT/test_kotz_2019_fl04_C_20190510_004121.407924_rgb.jpg,6576,4384,1617.0,2102.0,34.0,61.0,1,2074.0,0.00719,0.00517,0.01391,0.5574,0,0
noaa_arctic_seals_sample,aerien,Images/fl04/CENT/test_kotz_2019_fl04_C_20190510_004121.407924_rgb.jpg,6576,4384,5227.0,323.0,54.0,38.0,1,2052.0,0.00712,0.00821,0.00867,1.4211,0,0
noaa_arctic_seals_sample,aerien,Images/fl04/CENT/test_kotz_2019_fl04_C_20190510_004121.407924_rgb.jpg,6576,4384,6066.0,3431.0,85.0,36.0,1,3060.0,0.01061,0.01293,0.00821,2.3611,0,0
noaa_arctic_seals_sample,aerien,Images/fl04/CENT/test_kotz_2019_fl04_C_20190510_004132.407896_rgb.jpg,6576,4384,3033.0,3059.0,59.0,67.0,1,3953.0,0.01371,0.00897,0.01528,0.8806,0,0
noaa_arctic_seals_sample,aerien,Images/fl04/CENT/test_kotz_2019_fl04_C_20190510_004141.907846_rgb.jpg,6576,4384,115.0,138.0,63.0,50.0,1,3150.0,0.01093,0.00958,0.01141,1.26,0,0
noaa_arctic_seals_sample,aerien,Images/fl04/CENT/test_kotz_2019_fl04_C_20190510_004141.907846_rgb.jpg,6576,4384,1202.0,541.0,79.0,58.0,1,4582.0,0.01589,0.01201,0.01323,1.3621,0,0
noaa_arctic_seals_sample,aerien,Images/fl04/CENT/test_kotz_2019_fl04_C_20190510_004141.907846_rgb.jpg,6576,4384,1470.0,1014.0,57.0,48.0,1,2736.0,0.00949,0.00867,0.01095,1.1875,0,0
noaa_arctic_seals_sample,aerien,Images/fl04/CENT/test_kotz_2019_fl04_C_20190510_004141.907846_rgb.jpg,6576,4384,1426.0,1985.0,66.0,41.0,1,2706.0,0.00939,0.01004,0.00935,1.6098,0,0
noaa_arctic_seals_sample,aerien,Images/fl04/CENT/test_kotz_2019_fl04_C_20190510_004141.907846_rgb.jpg,6576,4384,1424.0,4168.0,59.0,49.0,1,2891.0,0.01003,0.00897,0.01118,1.2041,0,0
noaa_arctic_seals_sample,aerien,Images/fl04/CENT/test_kotz_2019_fl04_C_20190510_004141.907846_rgb.jpg,6576,4384,2516.0,1334.0,59.0,79.0,1,4661.0,0.01617,0.00897,0.01802,0.7468,0,0
noaa_arctic_seals_sample,aerien,Images/fl04/CENT/test_kotz_2019_fl04_C_20190510_004141.907846_rgb.jpg,6576,4384,2710.0,3151.0,57.0,62.0,1,3534.0,0.01226,0.00867,0.01414,0.9194,0,0
noaa_arctic_seals_sample,aerien,Images/fl04/CENT/test_kotz_2019_fl04_C_20190510_004141.907846_rgb.jpg,6576,4384,3594.0,394.0,37.0,67.0,1,2479.0,0.0086,0.00563,0.01528,0.5522,0,0
noaa_arctic_seals_sample,aerien,Images/fl04/CENT/test_kotz_2019_fl04_C_20190510_004141.907846_rgb.jpg,6576,4384,3462.0,875.0,65.0,40.0,1,2600.0,0.00902,0.00988,0.00912,1.625,0,0
noaa_arctic_seals_sample,aerien,Images/fl04/CENT/test_kotz_2019_fl04_C_20190510_004141.907846_rgb.jpg,6576,4384,3825.0,3873.0,77.0,56.0,1,4312.0,0.01496,0.01171,0.01277,1.375,0,0
noaa_arctic_seals_sample,aerien,Images/fl04/CENT/test_kotz_2019_fl04_C_20190510_004141.907846_rgb.jpg,6576,4384,5567.0,288.0,36.0,59.0,1,2124.0,0.00737,0.00547,0.01346,0.6102,0,0
noaa_arctic_seals_sample,aerien,Images/fl04/CENT/test_kotz_2019_fl04_C_20190510_004143.408011_rgb.jpg,6576,4384,770.0,4170.0,53.0,63.0,1,3339.0,0.01158,0.00806,0.01437,0.8413,0,0
noaa_arctic_seals_sample,aerien,Images/fl04/CENT/test_kotz_2019_fl04_C_20190510_004143.408011_rgb.jpg,6576,4384,1374.0,727.0,77.0,39.0,1,3003.0,0.01042,0.01171,0.0089,1.9744,0,0
noaa_arctic_seals_sample,aerien,Images/fl04/CENT/test_kotz_2019_fl04_C_20190510_004143.408011_rgb.jpg,6576,4384,1968.0,3611.0,86.0,34.0,1,2924.0,0.01014,0.01308,0.00776,2.5294,0,0
noaa_arctic_seals_sample,aerien,Images/fl04/CENT/test_kotz_2019_fl04_C_20190510_004143.408011_rgb.jpg,6576,4384,3120.0,2581.0,45.0,60.0,1,2700.0,0.00937,0.00684,0.01369,0.75,0,0
noaa_arctic_seals_sample,aerien,Images/fl04/CENT/test_kotz_2019_fl04_C_20190510_004218.907693_rgb.jpg,6576,4384,33.0,3567.0,64.0,61.0,1,3904.0,0.01354,0.00973,0.01391,1.0492,0,0
noaa_arctic_seals_sample,aerien,Images/fl04/CENT/test_kotz_2019_fl04_C_20190510_004218.907693_rgb.jpg,6576,4384,1384.0,2490.0,71.0,50.0,1,3550.0,0.01231,0.0108,0.01141,1.42,0,0
noaa_arctic_seals_sample,aerien,Images/fl04/CENT/test_kotz_2019_fl04_C_20190510_004224.907682_rgb.jpg,6576,4384,47.0,3215.0,51.0,72.0,1,3672.0,0.01274,0.00776,0.01642,0.7083,0,0
noaa_arctic_seals_sample,aerien,Images/fl04/CENT/test_kotz_2019_fl04_C_20190510_004259.907655_rgb.jpg,6576,4384,5182.0,2258.0,33.0,70.0,1,2310.0,0.00801,0.00502,0.01597,0.4714,0,0
noaa_arctic_seals_sample,aerien,Images/fl04/CENT/test_kotz_2019_fl04_C_20190510_004259.907655_rgb.jpg,6576,4384,5181.0,2391.0,47.0,71.0,1,3337.0,0.01158,0.00715,0.0162,0.662,0,0
noaa_arctic_seals_sample,aerien,Images/fl04/CENT/test_kotz_2019_fl04_C_20190510_004343.907514_rgb.jpg,6576,4384,4330.0,683.0,54.0,37.0,1,1998.0,0.00693,0.00821,0.00844,1.4595,0,0
noaa_arctic_seals_sample,aerien,Images/fl04/CENT/test_kotz_2019_fl04_C_20190510_004343.907514_rgb.jpg,6576,4384,4344.0,617.0,35.0,56.0,1,1960.0,0.0068,0.00532,0.01277,0.625,0,0
noaa_arctic_seals_sample,aerien,Images/fl04/CENT/test_kotz_2019_fl04_C_20190510_004343.907514_rgb.jpg,6576,4384,5664.0,1669.0,61.0,48.0,1,2928.0,0.01016,0.00928,0.01095,1.2708,0,0
noaa_arctic_seals_sample,aerien,Images/fl04/CENT/test_kotz_2019_fl04_C_20190510_004343.907514_rgb.jpg,6576,4384,5586.0,1731.0,49.0,51.0,1,2499.0,0.00867,0.00745,0.01163,0.9608,0,0
noaa_arctic_seals_sample,aerien,Images/fl04/CENT/test_kotz_2019_fl04_C_20190510_004343.907514_rgb.jpg,6576,4384,5486.0,1687.0,40.0,69.0,1,2760.0,0.00957,0.00608,0.01574,0.5797,0,0
noaa_arctic_seals_sample,aerien,Images/fl04/CENT/test_kotz_2019_fl04_C_20190510_004343.907514_rgb.jpg,6576,4384,5598.0,1641.0,60.0,47.0,1,2820.0,0.00978,0.00912,0.01072,1.2766,0,0
noaa_arctic_seals_sample,aerien,Images/fl04/CENT/test_kotz_2019_fl04_C_20190510_004343.907514_rgb.jpg,6576,4384,5552.0,3053.0,49.0,45.0,1,2205.0,0.00765,0.00745,0.01026,1.0889,0,0
noaa_arctic_seals_sample,aerien,Images/fl04/CENT/test_kotz_2019_fl04_C_20190510_004343.907514_rgb.jpg,6576,4384,5477.0,3200.0,58.0,37.0,1,2146.0,0.00744,0.00882,0.00844,1.5676,0,0
noaa_arctic_seals_sample,aerien,Images/fl04/CENT/test_kotz_2019_fl04_C_20190510_004343.907514_rgb.jpg,6576,4384,4316.0,595.0,27.0,52.0,1,1404.0,0.00487,0.00411,0.01186,0.5192,0,0
noaa_arctic_seals_sample,aerien,Images/fl04/CENT/test_kotz_2019_fl04_C_20190510_004343.907514_rgb.jpg,6576,4384,4271.0,616.0,36.0,53.0,1,1908.0,0.00662,0.00547,0.01209,0.6792,0,0
noaa_arctic_seals_sample,aerien,Images/fl04/CENT/test_kotz_2019_fl04_C_20190510_004343.907514_rgb.jpg,6576,4384,5560.0,1705.0,40.0,53.0,1,2120.0,0.00735,0.00608,0.01209,0.7547,0,0
noaa_arctic_seals_sample,aerien,Images/fl04/CENT/test_kotz_2019_fl04_C_20190510_004343.907514_rgb.jpg,6576,4384,5552.0,1637.0,40.0,53.0,1,2120.0,0.00735,0.00608,0.01209,0.7547,0,0
noaa_arctic_seals_sample,aerien,Images/fl04/CENT/test_kotz_2019_fl04_C_20190510_004343.907514_rgb.jpg,6576,4384,5623.0,1696.0,35.0,39.0,1,1365.0,0.00473,0.00532,0.0089,0.8974,0,0
noaa_arctic_seals_sample,aerien,Images/fl04/CENT/test_kotz_2019_fl04_C_20190510_004343.907514_rgb.jpg,6576,4384,5600.0,1598.0,55.0,42.0,1,2310.0,0.00801,0.00836,0.00958,1.3095,0,0
noaa_arctic_seals_sample,aerien,Images/fl04/CENT/test_kotz_2019_fl04_C_20190510_004343.907514_rgb.jpg,6576,4384,5537.0,3115.0,49.0,45.0,1,2205.0,0.00765,0.00745,0.01026,1.0889,0,0
noaa_arctic_seals_sample,aerien,Images/fl04/CENT/test_kotz_2019_fl04_C_20190510_004351.907335_rgb.jpg,6576,4384,2220.0,2667.0,46.0,46.0,1,2116.0,0.00734,0.007,0.01049,1.0,0,0
noaa_arctic_seals_sample,aerien,Images/fl04/CENT/test_kotz_2019_fl04_C_20190510_004351.907335_rgb.jpg,6576,4384,2147.0,2620.0,36.0,69.0,1,2484.0,0.00862,0.00547,0.01574,0.5217,0,0
noaa_arctic_seals_sample,aerien,Images/fl04/CENT/test_kotz_2019_fl04_C_20190510_004351.907335_rgb.jpg,6576,4384,2189.0,2635.0,45.0,49.0,1,2205.0,0.00765,0.00684,0.01118,0.9184,0,0
noaa_arctic_seals_sample,aerien,Images/fl04/CENT/test_kotz_2019_fl04_C_20190510_004429.407181_rgb.jpg,6576,4384,3161.0,2100.0,41.0,53.0,1,2173.0,0.00754,0.00623,0.01209,0.7736,0,0
noaa_arctic_seals_sample,aerien,Images/fl04/CENT/test_kotz_2019_fl04_C_20190510_005920.109191_rgb.jpg,6576,4384,1628.0,2180.0,51.0,44.0,1,2244.0,0.00778,0.00776,0.01004,1.1591,0,0
noaa_arctic_seals_sample,aerien,Images/fl04/CENT/test_kotz_2019_fl04_C_20190510_005920.109191_rgb.jpg,6576,4384,1664.0,2145.0,41.0,67.0,1,2747.0,0.00953,0.00623,0.01528,0.6119,0,0
noaa_arctic_seals_sample,aerien,Images/fl04/CENT/test_kotz_2019_fl04_C_20190510_005920.109191_rgb.jpg,6576,4384,1648.0,2199.0,42.0,47.0,1,1974.0,0.00685,0.00639,0.01072,0.8936,0,0
noaa_arctic_seals_sample,aerien,Images/fl04/CENT/test_kotz_2019_fl04_C_20190510_005958.696768_rgb.jpg,6576,4384,551.0,194.0,63.0,77.0,1,4851.0,0.01683,0.00958,0.01756,0.8182,0,0
noaa_arctic_seals_sample,aerien,Images/fl04/CENT/test_kotz_2019_fl04_C_20190510_010006.608664_rgb.jpg,6576,4384,2310.0,2431.0,60.0,36.0,1,2160.0,0.00749,0.00912,0.00821,1.6667,0,0
noaa_arctic_seals_sample,aerien,Images/fl04/CENT/test_kotz_2019_fl04_C_20190510_010006.608664_rgb.jpg,6576,4384,3419.0,6.0,82.0,36.0,1,2952.0,0.01024,0.01247,0.00821,2.2778,0,0
noaa_arctic_seals_sample,aerien,Images/fl04/CENT/test_kotz_2019_fl04_C_20190510_010006.608664_rgb.jpg,6576,4384,4247.0,71.0,73.0,43.0,1,3139.0,0.01089,0.0111,0.00981,1.6977,0,0
noaa_arctic_seals_sample,aerien,Images/fl04/CENT/test_kotz_2019_fl04_C_20190510_010006.608664_rgb.jpg,6576,4384,5084.0,1677.0,74.0,47.0,1,3478.0,0.01206,0.01125,0.01072,1.5745,0,0
noaa_arctic_seals_sample,aerien,Images/fl04/CENT/test_kotz_2019_fl04_C_20190510_010006.608664_rgb.jpg,6576,4384,5270.0,2889.0,78.0,42.0,1,3276.0,0.01136,0.01186,0.00958,1.8571,0,0
noaa_arctic_seals_sample,aerien,Images/fl04/CENT/test_kotz_2019_fl04_C_20190510_010006.608664_rgb.jpg,6576,4384,6185.0,3388.0,83.0,47.0,1,3901.0,0.01353,0.01262,0.01072,1.766,0,0
noaa_arctic_seals_sample,aerien,Images/fl04/CENT/test_kotz_2019_fl04_C_20190510_010006.608664_rgb.jpg,6576,4384,6213.0,3313.0,57.0,55.0,1,3135.0,0.01087,0.00867,0.01255,1.0364,0,0
noaa_arctic_seals_sample,aerien,Images/fl04/CENT/test_kotz_2019_fl04_C_20190510_010006.608664_rgb.jpg,6576,4384,6068.0,3425.0,51.0,70.0,1,3570.0,0.01238,0.00776,0.01597,0.7286,0,0
noaa_arctic_seals_sample,aerien,Images/fl04/CENT/test_kotz_2019_fl04_C_20190510_010010.508482_rgb.jpg,6576,4384,1537.0,3158.0,67.0,68.0,1,4556.0,0.0158,0.01019,0.01551,0.9853,0,0
noaa_arctic_seals_sample,aerien,Images/fl04/CENT/test_kotz_2019_fl04_C_20190510_010010.508482_rgb.jpg,6576,4384,1685.0,3576.0,63.0,52.0,1,3276.0,0.01136,0.00958,0.01186,1.2115,0,0
noaa_arctic_seals_sample,aerien,Images/fl04/CENT/test_kotz_2019_fl04_C_20190510_010010.508482_rgb.jpg,6576,4384,1615.0,3684.0,47.0,76.0,1,3572.0,0.01239,0.00715,0.01734,0.6184,0,0
noaa_arctic_seals_sample,aerien,Images/fl04/CENT/test_kotz_2019_fl04_C_20190510_010010.508482_rgb.jpg,6576,4384,4835.0,1192.0,84.0,36.0,1,3024.0,0.01049,0.01277,0.00821,2.3333,0,0
noaa_arctic_seals_sample,aerien,Images/fl04/CENT/test_kotz_2019_fl04_C_20190510_010010.508482_rgb.jpg,6576,4384,5522.0,3517.0,56.0,72.0,1,4032.0,0.01399,0.00852,0.01642,0.7778,0,0
noaa_arctic_seals_sample,aerien,Images/fl04/CENT/test_kotz_2019_fl04_C_20190510_010010.508482_rgb.jpg,6576,4384,5415.0,3979.0,52.0,33.0,1,1716.0,0.00595,0.00791,0.00753,1.5758,0,0
noaa_arctic_seals_sample,aerien,Images/fl04/CENT/test_kotz_2019_fl04_C_20190510_010010.508482_rgb.jpg,6576,4384,6322.0,1116.0,79.0,36.0,1,2844.0,0.00987,0.01201,0.00821,2.1944,0,0
noaa_arctic_seals_sample,aerien,Images/fl04/CENT/test_kotz_2019_fl04_C_20190510_010011.295629_rgb.jpg,6576,4384,1682.0,1284.0,30.0,74.0,1,2220.0,0.0077,0.00456,0.01688,0.4054,0,0
noaa_arctic_seals_sample,aerien,Images/fl04/CENT/test_kotz_2019_fl04_C_20190510_010011.295629_rgb.jpg,6576,4384,1889.0,1908.0,91.0,37.0,1,3367.0,0.01168,0.01384,0.00844,2.4595,0,0
noaa_arctic_seals_sample,aerien,Images/fl04/CENT/test_kotz_2019_fl04_C_20190510_010011.295629_rgb.jpg,6576,4384,1895.0,2096.0,47.0,72.0,1,3384.0,0.01174,0.00715,0.01642,0.6528,0,0
noaa_arctic_seals_sample,aerien,Images/fl04/CENT/test_kotz_2019_fl04_C_20190510_010011.295629_rgb.jpg,6576,4384,2097.0,3201.0,85.0,62.0,1,5270.0,0.01828,0.01293,0.01414,1.371,0,0
noaa_arctic_seals_sample,aerien,Images/fl04/CENT/test_kotz_2019_fl04_C_20190510_010011.295629_rgb.jpg,6576,4384,4095.0,1134.0,67.0,59.0,1,3953.0,0.01371,0.01019,0.01346,1.1356,0,0
noaa_arctic_seals_sample,aerien,Images/fl04/CENT/test_kotz_2019_fl04_C_20190510_010049.704282_rgb.jpg,6576,4384,531.0,2366.0,103.0,63.0,1,6489.0,0.02251,0.01566,0.01437,1.6349,0,0
noaa_arctic_seals_sample,aerien,Images/fl04/CENT/test_kotz_2019_fl04_C_20190510_010049.704282_rgb.jpg,6576,4384,393.0,2580.0,89.0,97.0,1,8633.0,0.02995,0.01353,0.02213,0.9175,0,0
noaa_arctic_seals_sample,aerien,Images/fl04/CENT/test_kotz_2019_fl04_C_20190510_010049.704282_rgb.jpg,6576,4384,505.0,3578.0,87.0,119.0,1,10353.0,0.03591,0.01323,0.02714,0.7311,0,0
noaa_arctic_seals_sample,aerien,Images/fl04/CENT/test_kotz_2019_fl04_C_20190510_010049.704282_rgb.jpg,6576,4384,1081.0,1425.0,49.0,65.0,1,3185.0,0.01105,0.00745,0.01483,0.7538,0,0
noaa_arctic_seals_sample,aerien,Images/fl04/CENT/test_kotz_2019_fl04_C_20190510_010049.704282_rgb.jpg,6576,4384,1424.0,991.0,88.0,43.0,1,3784.0,0.01313,0.01338,0.00981,2.0465,0,0
noaa_arctic_seals_sample,aerien,Images/fl04/CENT/test_kotz_2019_fl04_C_20190510_010049.704282_rgb.jpg,6576,4384,2368.0,721.0,34.0,68.0,1,2312.0,0.00802,0.00517,0.01551,0.5,0,0
noaa_arctic_seals_sample,aerien,Images/fl04/CENT/test_kotz_2019_fl04_C_20190510_010049.704282_rgb.jpg,6576,4384,2256.0,1233.0,65.0,105.0,1,6825.0,0.02367,0.00988,0.02395,0.619,0,0
noaa_arctic_seals_sample,aerien,Images/fl04/CENT/test_kotz_2019_fl04_C_20190510_010049.704282_rgb.jpg,6576,4384,2273.0,2230.0,43.0,62.0,1,2666.0,0.00925,0.00654,0.01414,0.6935,0,0
noaa_arctic_seals_sample,aerien,Images/fl04/CENT/test_kotz_2019_fl04_C_20190510_010049.704282_rgb.jpg,6576,4384,2042.0,2799.0,77.0,43.0,1,3311.0,0.01148,0.01171,0.00981,1.7907,0,0
noaa_arctic_seals_sample,aerien,Images/fl04/CENT/test_kotz_2019_fl04_C_20190510_010049.704282_rgb.jpg,6576,4384,2860.0,486.0,36.0,57.0,1,2052.0,0.00712,0.00547,0.013,0.6316,0,0
noaa_arctic_seals_sample,aerien,Images/fl04/CENT/test_kotz_2019_fl04_C_20190510_010049.704282_rgb.jpg,6576,4384,2946.0,583.0,73.0,40.0,1,2920.0,0.01013,0.0111,0.00912,1.825,0,0
noaa_arctic_seals_sample,aerien,Images/fl04/CENT/test_kotz_2019_fl04_C_20190510_010049.704282_rgb.jpg,6576,4384,2697.0,1022.0,119.0,61.0,1,7259.0,0.02518,0.0181,0.01391,1.9508,0,0
noaa_arctic_seals_sample,aerien,Images/fl04/CENT/test_kotz_2019_fl04_C_20190510_010049.704282_rgb.jpg,6576,4384,2414.0,2438.0,84.0,97.0,1,8148.0,0.02826,0.01277,0.02213,0.866,0,0
noaa_arctic_seals_sample,aerien,Images/fl04/CENT/test_kotz_2019_fl04_C_20190510_010049.704282_rgb.jpg,6576,4384,2486.0,3226.0,68.0,47.0,1,3196.0,0.01109,0.01034,0.01072,1.4468,0,0
noaa_arctic_seals_sample,aerien,Images/fl04/CENT/test_kotz_2019_fl04_C_20190510_010049.704282_rgb.jpg,6576,4384,3445.0,1865.0,61.0,50.0,1,3050.0,0.01058,0.00928,0.01141,1.22,0,0
noaa_arctic_seals_sample,aerien,Images/fl04/CENT/test_kotz_2019_fl04_C_20190510_010049.704282_rgb.jpg,6576,4384,4120.0,801.0,51.0,72.0,1,3672.0,0.01274,0.00776,0.01642,0.7083,0,0
noaa_arctic_seals_sample,aerien,Images/fl04/CENT/test_kotz_2019_fl04_C_20190510_010049.704282_rgb.jpg,6576,4384,3903.0,936.0,37.0,57.0,1,2109.0,0.00732,0.00563,0.013,0.6491,0,0
noaa_arctic_seals_sample,aerien,Images/fl04/CENT/test_kotz_2019_fl04_C_20190510_010049.704282_rgb.jpg,6576,4384,3896.0,1480.0,86.0,37.0,1,3182.0,0.01104,0.01308,0.00844,2.3243,0,0
noaa_arctic_seals_sample,aerien,Images/fl04/CENT/test_kotz_2019_fl04_C_20190510_010049.704282_rgb.jpg,6576,4384,4010.0,1984.0,40.0,59.0,1,2360.0,0.00819,0.00608,0.01346,0.678,0,0
noaa_arctic_seals_sample,aerien,Images/fl04/CENT/test_kotz_2019_fl04_C_20190510_010049.704282_rgb.jpg,6576,4384,4169.0,3333.0,39.0,80.0,1,3120.0,0.01082,0.00593,0.01825,0.4875,0,0
noaa_arctic_seals_sample,aerien,Images/fl04/CENT/test_kotz_2019_fl04_C_20190510_010049.704282_rgb.jpg,6576,4384,4041.0,3677.0,72.0,58.0,1,4176.0,0.01449,0.01095,0.01323,1.2414,0,0
noaa_arctic_seals_sample,aerien,Images/fl04/CENT/test_kotz_2019_fl04_C_20190510_010049.704282_rgb.jpg,6576,4384,3951.0,3653.0,68.0,43.0,1,2924.0,0.01014,0.01034,0.00981,1.5814,0,0
noaa_arctic_seals_sample,aerien,Images/fl04/CENT/test_kotz_2019_fl04_C_20190510_010049.704282_rgb.jpg,6576,4384,3570.0,4345.0,69.0,39.0,1,2691.0,0.00933,0.01049,0.0089,1.7692,0,0
noaa_arctic_seals_sample,aerien,Images/fl04/CENT/test_kotz_2019_fl04_C_20190510_010049.704282_rgb.jpg,6576,4384,4786.0,559.0,32.0,58.0,1,1856.0,0.00644,0.00487,0.01323,0.5517,0,0
noaa_arctic_seals_sample,aerien,Images/fl04/CENT/test_kotz_2019_fl04_C_20190510_010049.704282_rgb.jpg,6576,4384,4400.0,602.0,43.0,52.0,1,2236.0,0.00776,0.00654,0.01186,0.8269,0,0
noaa_arctic_seals_sample,aerien,Images/fl04/CENT/test_kotz_2019_fl04_C_20190510_010049.704282_rgb.jpg,6576,4384,4243.0,608.0,30.0,55.0,1,1650.0,0.00572,0.00456,0.01255,0.5455,0,0
noaa_arctic_seals_sample,aerien,Images/fl04/CENT/test_kotz_2019_fl04_C_20190510_010049.704282_rgb.jpg,6576,4384,4767.0,2119.0,52.0,32.0,1,1664.0,0.00577,0.00791,0.0073,1.625,0,0
noaa_arctic_seals_sample,aerien,Images/fl04/CENT/test_kotz_2019_fl04_C_20190510_010049.704282_rgb.jpg,6576,4384,4287.0,4041.0,70.0,48.0,1,3360.0,0.01165,0.01064,0.01095,1.4583,0,0
noaa_arctic_seals_sample,aerien,Images/fl04/CENT/test_kotz_2019_fl04_C_20190510_010049.704282_rgb.jpg,6576,4384,4287.0,4123.0,59.0,38.0,1,2242.0,0.00778,0.00897,0.00867,1.5526,0,0
noaa_arctic_seals_sample,aerien,Images/fl04/CENT/test_kotz_2019_fl04_C_20190510_010049.704282_rgb.jpg,6576,4384,5134.0,4032.0,59.0,61.0,1,3599.0,0.01248,0.00897,0.01391,0.9672,0,0
noaa_arctic_seals_sample,aerien,Images/fl04/CENT/test_kotz_2019_fl04_C_20190510_010049.704282_rgb.jpg,6576,4384,1214.0,1379.0,65.0,136.0,1,8840.0,0.03066,0.00988,0.03102,0.4779,0,0
noaa_arctic_seals_sample,aerien,Images/fl04/CENT/test_kotz_2019_fl04_C_20190510_010049.704282_rgb.jpg,6576,4384,382.0,3757.0,120.0,102.0,1,12240.0,0.04246,0.01825,0.02327,1.1765,0,0
noaa_arctic_seals_sample,aerien,Images/fl04/CENT/test_kotz_2019_fl04_C_20190510_010049.704282_rgb.jpg,6576,4384,492.0,3853.0,126.0,63.0,1,7938.0,0.02753,0.01916,0.01437,2.0,0,0
noaa_arctic_seals_sample,aerien,Images/fl04/CENT/test_kotz_2019_fl04_C_20190510_010049.704282_rgb.jpg,6576,4384,914.0,3950.0,126.0,63.0,1,7938.0,0.02753,0.01916,0.01437,2.0,0,0
noaa_arctic_seals_sample,aerien,Images/fl04/CENT/test_kotz_2019_fl04_C_20190510_010049.704282_rgb.jpg,6576,4384,689.0,3772.0,93.0,105.0,1,9765.0,0.03387,0.01414,0.02395,0.8857,0,0
noaa_arctic_seals_sample,aerien,Images/fl04/CENT/test_kotz_2019_fl04_C_20190510_010049.704282_rgb.jpg,6576,4384,583.0,4188.0,56.0,105.0,1,5880.0,0.0204,0.00852,0.02395,0.5333,0,0
noaa_arctic_seals_sample,aerien,Images/fl04/CENT/test_kotz_2019_fl04_C_20190510_010049.704282_rgb.jpg,6576,4384,154.0,3257.0,56.0,121.0,1,6776.0,0.0235,0.00852,0.0276,0.4628,0,0
noaa_arctic_seals_sample,aerien,Images/fl04/CENT/test_kotz_2019_fl04_C_20190510_010049.704282_rgb.jpg,6576,4384,10.0,3181.0,109.0,69.0,1,7521.0,0.02609,0.01658,0.01574,1.5797,0,0
noaa_arctic_seals_sample,aerien,Images/fl04/CENT/test_kotz_2019_fl04_C_20190510_010049.704282_rgb.jpg,6576,4384,1550.0,1163.0,121.0,55.0,1,6655.0,0.02308,0.0184,0.01255,2.2,0,0
noaa_arctic_seals_sample,aerien,Images/fl04/CENT/test_kotz_2019_fl04_C_20190510_010049.704282_rgb.jpg,6576,4384,4807.0,468.0,37.0,61.0,1,2257.0,0.00783,0.00563,0.01391,0.6066,0,0
noaa_arctic_seals_sample,aerien,Images/fl04/CENT/test_kotz_2019_fl04_C_20190510_010049.704282_rgb.jpg,6576,4384,4853.0,450.0,37.0,69.0,1,2553.0,0.00886,0.00563,0.01574,0.5362,0,0
noaa_arctic_seals_sample,aerien,Images/fl04/CENT/test_kotz_2019_fl04_C_20190510_010049.704282_rgb.jpg,6576,4384,4212.0,675.0,52.0,68.0,1,3536.0,0.01227,0.00791,0.01551,0.7647,0,0
noaa_arctic_seals_sample,aerien,Images/fl04/CENT/test_kotz_2019_fl04_C_20190510_010049.704282_rgb.jpg,6576,4384,4736.0,2169.0,58.0,32.0,1,1856.0,0.00644,0.00882,0.0073,1.8125,0,0
noaa_arctic_seals_sample,aerien,Images/fl04/CENT/test_kotz_2019_fl04_C_20190510_010049.704282_rgb.jpg,6576,4384,4875.0,2206.0,58.0,32.0,1,1856.0,0.00644,0.00882,0.0073,1.8125,0,0
noaa_arctic_seals_sample,aerien,Images/fl04/CENT/test_kotz_2019_fl04_C_20190510_010049.704282_rgb.jpg,6576,4384,4759.0,2022.0,51.0,60.0,1,3060.0,0.01061,0.00776,0.01369,0.85,0,0
noaa_arctic_seals_sample,aerien,Images/fl04/CENT/test_kotz_2019_fl04_C_20190510_010049.704282_rgb.jpg,6576,4384,4294.0,4047.0,61.0,39.0,1,2379.0,0.00825,0.00928,0.0089,1.5641,0,0
noaa_arctic_seals_sample,aerien,Images/fl04/CENT/test_kotz_2019_fl04_C_20190510_010049.704282_rgb.jpg,6576,4384,5208.0,3964.0,67.0,39.0,1,2613.0,0.00906,0.01019,0.0089,1.7179,0,0
noaa_arctic_seals_sample,aerien,Images/fl04/CENT/test_kotz_2019_fl04_C_20190510_010234.432642_rgb.jpg,6576,4384,1064.0,120.0,51.0,45.0,1,2295.0,0.00796,0.00776,0.01026,1.1333,0,0
noaa_arctic_seals_sample,aerien,Images/fl04/CENT/test_kotz_2019_fl04_C_20190510_010234.432642_rgb.jpg,6576,4384,1768.0,2406.0,59.0,56.0,1,3304.0,0.01146,0.00897,0.01277,1.0536,0,0
noaa_arctic_seals_sample,aerien,Images/fl04/CENT/test_kotz_2019_fl04_C_20190510_010234.432642_rgb.jpg,6576,4384,1953.0,401.0,42.0,69.0,1,2898.0,0.01005,0.00639,0.01574,0.6087,0,0
noaa_arctic_seals_sample,aerien,Images/fl04/CENT/test_kotz_2019_fl04_C_20190510_010234.432642_rgb.jpg,6576,4384,2095.0,195.0,96.0,43.0,1,4128.0,0.01432,0.0146,0.00981,2.2326,0,0
noaa_arctic_seals_sample,aerien,Images/fl04/CENT/test_kotz_2019_fl04_C_20190510_010234.432642_rgb.jpg,6576,4384,2067.0,547.0,83.0,46.0,1,3818.0,0.01324,0.01262,0.01049,1.8043,0,0
noaa_arctic_seals_sample,aerien,Images/fl04/CENT/test_kotz_2019_fl04_C_20190510_010234.432642_rgb.jpg,6576,4384,2662.0,2404.0,54.0,59.0,1,3186.0,0.01105,0.00821,0.01346,0.9153,0,0
noaa_arctic_seals_sample,aerien,Images/fl04/CENT/test_kotz_2019_fl04_C_20190510_010234.432642_rgb.jpg,6576,4384,2691.0,2593.0,63.0,33.0,1,2079.0,0.00721,0.00958,0.00753,1.9091,0,0
noaa_arctic_seals_sample,aerien,Images/fl04/CENT/test_kotz_2019_fl04_C_20190510_010234.432642_rgb.jpg,6576,4384,3553.0,2880.0,61.0,37.0,1,2257.0,0.00783,0.00928,0.00844,1.6486,0,0
noaa_arctic_seals_sample,aerien,Images/fl04/CENT/test_kotz_2019_fl04_C_20190510_010234.432642_rgb.jpg,6576,4384,3152.0,3173.0,38.0,91.0,1,3458.0,0.01199,0.00578,0.02076,0.4176,0,0
noaa_arctic_seals_sample,aerien,Images/fl04/CENT/test_kotz_2019_fl04_C_20190510_010234.432642_rgb.jpg,6576,4384,5170.0,366.0,54.0,58.0,1,3132.0,0.01086,0.00821,0.01323,0.931,0,0
noaa_arctic_seals_sample,aerien,Images/fl04/CENT/test_kotz_2019_fl04_C_20190510_010234.432642_rgb.jpg,6576,4384,5274.0,347.0,86.0,31.0,1,2666.0,0.00925,0.01308,0.00707,2.7742,0,0
noaa_arctic_seals_sample,aerien,Images/fl04/CENT/test_kotz_2019_fl04_C_20190510_010234.432642_rgb.jpg,6576,4384,5279.0,272.0,53.0,33.0,1,1749.0,0.00607,0.00806,0.00753,1.6061,0,0
noaa_arctic_seals_sample,aerien,Images/fl04/CENT/test_kotz_2019_fl04_C_20190510_010234.432642_rgb.jpg,6576,4384,5266.0,234.0,50.0,39.0,1,1950.0,0.00676,0.0076,0.0089,1.2821,0,0
noaa_arctic_seals_sample,aerien,Images/fl04/CENT/test_kotz_2019_fl04_C_20190510_010234.432642_rgb.jpg,6576,4384,4932.0,547.0,64.0,30.0,1,1920.0,0.00666,0.00973,0.00684,2.1333,0,0
noaa_arctic_seals_sample,aerien,Images/fl04/CENT/test_kotz_2019_fl04_C_20190510_010234.432642_rgb.jpg,6576,4384,5059.0,307.0,83.0,37.0,1,3071.0,0.01065,0.01262,0.00844,2.2432,0,0
noaa_arctic_seals_sample,aerien,Images/fl04/CENT/test_kotz_2019_fl04_C_20190510_010234.432642_rgb.jpg,6576,4384,5072.0,656.0,59.0,38.0,1,2242.0,0.00778,0.00897,0.00867,1.5526,0,0
noaa_arctic_seals_sample,aerien,Images/fl04/CENT/test_kotz_2019_fl04_C_20190510_010234.432642_rgb.jpg,6576,4384,4875.0,785.0,43.0,68.0,1,2924.0,0.01014,0.00654,0.01551,0.6324,0,0
noaa_arctic_seals_sample,aerien,Images/fl04/CENT/test_kotz_2019_fl04_C_20190510_010234.432642_rgb.jpg,6576,4384,4980.0,776.0,36.0,63.0,1,2268.0,0.00787,0.00547,0.01437,0.5714,0,0
noaa_arctic_seals_sample,aerien,Images/fl04/CENT/test_kotz_2019_fl04_C_20190510_010234.432642_rgb.jpg,6576,4384,5008.0,601.0,55.0,57.0,1,3135.0,0.01087,0.00836,0.013,0.9649,0,0
noaa_arctic_seals_sample,aerien,Images/fl04/CENT/test_kotz_2019_fl04_C_20190510_010234.432642_rgb.jpg,6576,4384,5769.0,545.0,40.0,84.0,1,3360.0,0.01165,0.00608,0.01916,0.4762,0,0
noaa_arctic_seals_sample,aerien,Images/fl04/CENT/test_kotz_2019_fl04_C_20190510_010234.432642_rgb.jpg,6576,4384,6034.0,611.0,67.0,38.0,1,2546.0,0.00883,0.01019,0.00867,1.7632,0,0
noaa_arctic_seals_sample,aerien,Images/fl04/CENT/test_kotz_2019_fl04_C_20190510_010234.432642_rgb.jpg,6576,4384,5249.0,161.0,71.0,53.0,1,3763.0,0.01305,0.0108,0.01209,1.3396,0,0
noaa_arctic_seals_sample,aerien,Images/fl04/CENT/test_kotz_2019_fl04_C_20190510_010234.432642_rgb.jpg,6576,4384,4876.0,523.0,64.0,30.0,1,1920.0,0.00666,0.00973,0.00684,2.1333,0,0
noaa_arctic_seals_sample,aerien,Images/fl04/CENT/test_kotz_2019_fl04_C_20190510_010234.432642_rgb.jpg,6576,4384,5983.0,530.0,40.0,78.0,1,3120.0,0.01082,0.00608,0.01779,0.5128,0,0
noaa_arctic_seals_sample,aerien,Images/fl04/CENT/test_kotz_2019_fl04_C_20190510_010234.432642_rgb.jpg,6576,4384,5998.0,663.0,47.0,69.0,1,3243.0,0.01125,0.00715,0.01574,0.6812,0,0
noaa_arctic_seals_sample,aerien,Images/fl04/CENT/test_kotz_2019_fl04_C_20190510_010234.432642_rgb.jpg,6576,4384,5847.0,680.0,47.0,69.0,1,3243.0,0.01125,0.00715,0.01574,0.6812,0,0
noaa_arctic_seals_sample,aerien,Images/fl04/CENT/test_kotz_2019_fl04_C_20190510_010234.432642_rgb.jpg,6576,4384,5939.0,702.0,70.0,65.0,1,4550.0,0.01578,0.01064,0.01483,1.0769,0,0
noaa_arctic_seals_sample,aerien,Images/fl04/CENT/test_kotz_2019_fl04_C_20190510_010245.221489_rgb.jpg,6576,4384,547.0,1253.0,64.0,43.0,1,2752.0,0.00955,0.00973,0.00981,1.4884,0,0
noaa_arctic_seals_sample,aerien,Images/fl04/CENT/test_kotz_2019_fl04_C_20190510_010245.221489_rgb.jpg,6576,4384,301.0,1998.0,58.0,56.0,1,3248.0,0.01127,0.00882,0.01277,1.0357,0,0
noaa_arctic_seals_sample,aerien,Images/fl04/CENT/test_kotz_2019_fl04_C_20190510_010245.221489_rgb.jpg,6576,4384,390.0,2041.0,75.0,38.0,1,2850.0,0.00989,0.01141,0.00867,1.9737,0,0
noaa_arctic_seals_sample,aerien,Images/fl04/CENT/test_kotz_2019_fl04_C_20190510_010245.221489_rgb.jpg,6576,4384,282.0,2091.0,60.0,48.0,1,2880.0,0.00999,0.00912,0.01095,1.25,0,0
noaa_arctic_seals_sample,aerien,Images/fl04/CENT/test_kotz_2019_fl04_C_20190510_010245.221489_rgb.jpg,6576,4384,349.0,1865.0,76.0,35.0,1,2660.0,0.00923,0.01156,0.00798,2.1714,0,0
noaa_arctic_seals_sample,aerien,Images/fl04/CENT/test_kotz_2019_fl04_C_20190510_010245.221489_rgb.jpg,6576,4384,330.0,1956.0,72.0,33.0,1,2376.0,0.00824,0.01095,0.00753,2.1818,0,0
noaa_arctic_seals_sample,aerien,Images/fl04/CENT/test_kotz_2019_fl04_C_20190510_010245.221489_rgb.jpg,6576,4384,603.0,1400.0,63.0,34.0,1,2142.0,0.00743,0.00958,0.00776,1.8529,0,0
noaa_arctic_seals_sample,aerien,Images/fl04/CENT/test_kotz_2019_fl04_C_20190510_010245.221489_rgb.jpg,6576,4384,1127.0,3752.0,75.0,43.0,1,3225.0,0.01119,0.01141,0.00981,1.7442,0,0
noaa_arctic_seals_sample,aerien,Images/fl04/CENT/test_kotz_2019_fl04_C_20190510_010245.221489_rgb.jpg,6576,4384,1071.0,3898.0,37.0,62.0,1,2294.0,0.00796,0.00563,0.01414,0.5968,0,0
noaa_arctic_seals_sample,aerien,Images/fl04/CENT/test_kotz_2019_fl04_C_20190510_010245.221489_rgb.jpg,6576,4384,1298.0,3049.0,43.0,68.0,1,2924.0,0.01014,0.00654,0.01551,0.6324,0,0
noaa_arctic_seals_sample,aerien,Images/fl04/CENT/test_kotz_2019_fl04_C_20190510_010245.221489_rgb.jpg,6576,4384,1390.0,3211.0,56.0,41.0,1,2296.0,0.00796,0.00852,0.00935,1.3659,0,0
noaa_arctic_seals_sample,aerien,Images/fl04/CENT/test_kotz_2019_fl04_C_20190510_010245.221489_rgb.jpg,6576,4384,1265.0,3863.0,37.0,63.0,1,2331.0,0.00809,0.00563,0.01437,0.5873,0,0
noaa_arctic_seals_sample,aerien,Images/fl04/CENT/test_kotz_2019_fl04_C_20190510_010245.221489_rgb.jpg,6576,4384,1216.0,4057.0,59.0,36.0,1,2124.0,0.00737,0.00897,0.00821,1.6389,0,0
noaa_arctic_seals_sample,aerien,Images/fl04/CENT/test_kotz_2019_fl04_C_20190510_010245.221489_rgb.jpg,6576,4384,1237.0,3694.0,76.0,38.0,1,2888.0,0.01002,0.01156,0.00867,2.0,0,0
noaa_arctic_seals_sample,aerien,Images/fl04/CENT/test_kotz_2019_fl04_C_20190510_010245.221489_rgb.jpg,6576,4384,614.0,1533.0,64.0,43.0,1,2752.0,0.00955,0.00973,0.00981,1.4884,0,0
noaa_arctic_seals_sample,aerien,Images/fl04/CENT/test_kotz_2019_fl04_C_20190510_010313.827181_rgb.jpg,6576,4384,2348.0,162.0,81.0,46.0,1,3726.0,0.01292,0.01232,0.01049,1.7609,0,0
noaa_arctic_seals_sample,aerien,Images/fl04/CENT/test_kotz_2019_fl04_C_20190510_010313.827181_rgb.jpg,6576,4384,2089.0,270.0,81.0,42.0,1,3402.0,0.0118,0.01232,0.00958,1.9286,0,0
noaa_arctic_seals_sample,aerien,Images/fl04/CENT/test_kotz_2019_fl04_C_20190510_010313.827181_rgb.jpg,6576,4384,1818.0,2626.0,73.0,39.0,1,2847.0,0.00988,0.0111,0.0089,1.8718,0,0
noaa_arctic_seals_sample,aerien,Images/fl04/CENT/test_kotz_2019_fl04_C_20190510_010313.827181_rgb.jpg,6576,4384,1945.0,2562.0,67.0,32.0,1,2144.0,0.00744,0.01019,0.0073,2.0938,0,0
noaa_arctic_seals_sample,aerien,Images/fl04/CENT/test_kotz_2019_fl04_C_20190510_010313.827181_rgb.jpg,6576,4384,2025.0,2556.0,83.0,33.0,1,2739.0,0.0095,0.01262,0.00753,2.5152,0,0
noaa_arctic_seals_sample,aerien,Images/fl04/CENT/test_kotz_2019_fl04_C_20190510_010313.827181_rgb.jpg,6576,4384,2524.0,40.0,83.0,52.0,1,4316.0,0.01497,0.01262,0.01186,1.5962,0,0
noaa_arctic_seals_sample,aerien,Images/fl04/CENT/test_kotz_2019_fl04_C_20190510_010313.827181_rgb.jpg,6576,4384,2975.0,1511.0,63.0,69.0,1,4347.0,0.01508,0.00958,0.01574,0.913,0,0
noaa_arctic_seals_sample,aerien,Images/fl04/CENT/test_kotz_2019_fl04_C_20190510_010313.827181_rgb.jpg,6576,4384,2865.0,1765.0,76.0,32.0,1,2432.0,0.00844,0.01156,0.0073,2.375,0,0
noaa_arctic_seals_sample,aerien,Images/fl04/CENT/test_kotz_2019_fl04_C_20190510_010313.827181_rgb.jpg,6576,4384,2947.0,1606.0,44.0,78.0,1,3432.0,0.0119,0.00669,0.01779,0.5641,0,0
noaa_arctic_seals_sample,aerien,Images/fl04/CENT/test_kotz_2019_fl04_C_20190510_010313.827181_rgb.jpg,6576,4384,3013.0,1685.0,40.0,92.0,1,3680.0,0.01276,0.00608,0.02099,0.4348,0,0
noaa_arctic_seals_sample,aerien,Images/fl04/CENT/test_kotz_2019_fl04_C_20190510_010313.827181_rgb.jpg,6576,4384,3044.0,1644.0,63.0,36.0,1,2268.0,0.00787,0.00958,0.00821,1.75,0,0
noaa_arctic_seals_sample,aerien,Images/fl04/CENT/test_kotz_2019_fl04_C_20190510_010313.827181_rgb.jpg,6576,4384,3700.0,481.0,76.0,64.0,1,4864.0,0.01687,0.01156,0.0146,1.1875,0,0
noaa_arctic_seals_sample,aerien,Images/fl04/CENT/test_kotz_2019_fl04_C_20190510_010313.827181_rgb.jpg,6576,4384,3665.0,600.0,53.0,68.0,1,3604.0,0.0125,0.00806,0.01551,0.7794,0,0
noaa_arctic_seals_sample,aerien,Images/fl04/CENT/test_kotz_2019_fl04_C_20190510_010313.827181_rgb.jpg,6576,4384,3693.0,680.0,76.0,52.0,1,3952.0,0.01371,0.01156,0.01186,1.4615,0,0
noaa_arctic_seals_sample,aerien,Images/fl04/CENT/test_kotz_2019_fl04_C_20190510_010313.827181_rgb.jpg,6576,4384,3613.0,678.0,77.0,41.0,1,3157.0,0.01095,0.01171,0.00935,1.878,0,0
noaa_arctic_seals_sample,aerien,Images/fl04/CENT/test_kotz_2019_fl04_C_20190510_010313.827181_rgb.jpg,6576,4384,3758.0,3592.0,73.0,50.0,1,3650.0,0.01266,0.0111,0.01141,1.46,0,0
noaa_arctic_seals_sample,aerien,Images/fl04/CENT/test_kotz_2019_fl04_C_20190510_010313.827181_rgb.jpg,6576,4384,3689.0,3602.0,56.0,57.0,1,3192.0,0.01107,0.00852,0.013,0.9825,0,0
noaa_arctic_seals_sample,aerien,Images/fl04/CENT/test_kotz_2019_fl04_C_20190510_010313.827181_rgb.jpg,6576,4384,3757.0,3665.0,38.0,92.0,1,3496.0,0.01213,0.00578,0.02099,0.413,0,0
noaa_arctic_seals_sample,aerien,Images/fl04/CENT/test_kotz_2019_fl04_C_20190510_010313.827181_rgb.jpg,6576,4384,3684.0,3692.0,37.0,76.0,1,2812.0,0.00975,0.00563,0.01734,0.4868,0,0
noaa_arctic_seals_sample,aerien,Images/fl04/CENT/test_kotz_2019_fl04_C_20190510_010313.827181_rgb.jpg,6576,4384,3786.0,3674.0,81.0,39.0,1,3159.0,0.01096,0.01232,0.0089,2.0769,0,0
noaa_arctic_seals_sample,aerien,Images/fl04/CENT/test_kotz_2019_fl04_C_20190510_010313.827181_rgb.jpg,6576,4384,3834.0,3717.0,47.0,74.0,1,3478.0,0.01206,0.00715,0.01688,0.6351,0,0
noaa_arctic_seals_sample,aerien,Images/fl04/CENT/test_kotz_2019_fl04_C_20190510_010313.827181_rgb.jpg,6576,4384,6208.0,3063.0,75.0,53.0,1,3975.0,0.01379,0.01141,0.01209,1.4151,0,0
noaa_arctic_seals_sample,aerien,Images/fl04/CENT/test_kotz_2019_fl04_C_20190510_010313.827181_rgb.jpg,6576,4384,6340.0,3118.0,62.0,39.0,1,2418.0,0.00839,0.00943,0.0089,1.5897,0,0
noaa_arctic_seals_sample,aerien,Images/fl04/CENT/test_kotz_2019_fl04_C_20190510_010313.827181_rgb.jpg,6576,4384,6323.0,3006.0,62.0,59.0,1,3658.0,0.01269,0.00943,0.01346,1.0508,0,0
noaa_arctic_seals_sample,aerien,Images/fl04/CENT/test_kotz_2019_fl04_C_20190510_011143.490235_rgb.jpg,6576,4384,5906.0,2415.0,60.0,71.0,1,4260.0,0.01478,0.00912,0.0162,0.8451,0,0
noaa_arctic_seals_sample,aerien,Images/fl04/CENT/test_kotz_2019_fl04_C_20190510_011143.490235_rgb.jpg,6576,4384,5910.0,2536.0,46.0,58.0,1,2668.0,0.00925,0.007,0.01323,0.7931,0,0
noaa_arctic_seals_sample,aerien,Images/fl04/CENT/test_kotz_2019_fl04_C_20190510_011143.490235_rgb.jpg,6576,4384,5732.0,3008.0,44.0,61.0,1,2684.0,0.00931,0.00669,0.01391,0.7213,0,0
noaa_arctic_seals_sample,aerien,Images/fl04/CENT/test_kotz_2019_fl04_C_20190510_011143.490235_rgb.jpg,6576,4384,6386.0,109.0,49.0,67.0,1,3283.0,0.01139,0.00745,0.01528,0.7313,0,0
noaa_arctic_seals_sample,aerien,Images/fl04/CENT/test_kotz_2019_fl04_C_20190510_011143.490235_rgb.jpg,6576,4384,6288.0,509.0,60.0,62.0,1,3720.0,0.0129,0.00912,0.01414,0.9677,0,0
noaa_arctic_seals_sample,aerien,Images/fl04/CENT/test_kotz_2019_fl04_C_20190510_011143.490235_rgb.jpg,6576,4384,6146.0,1279.0,67.0,57.0,1,3819.0,0.01325,0.01019,0.013,1.1754,0,0
noaa_arctic_seals_sample,aerien,Images/fl04/CENT/test_kotz_2019_fl04_C_20190510_011143.490235_rgb.jpg,6576,4384,6076.0,1566.0,77.0,38.0,1,2926.0,0.01015,0.01171,0.00867,2.0263,0,0
noaa_arctic_seals_sample,aerien,Images/fl04/CENT/test_kotz_2019_fl04_C_20190510_011753.487770_rgb.jpg,6576,4384,5320.0,153.0,40.0,85.0,1,3400.0,0.01179,0.00608,0.01939,0.4706,0,0
noaa_arctic_seals_sample,aerien,Images/fl04/CENT/test_kotz_2019_fl04_C_20190510_011803.638080_rgb.jpg,6576,4384,6337.0,2649.0,67.0,38.0,1,2546.0,0.00883,0.01019,0.00867,1.7632,0,0
noaa_arctic_seals_sample,aerien,Images/fl04/CENT/test_kotz_2019_fl04_C_20190510_011803.638080_rgb.jpg,6576,4384,6262.0,2667.0,60.0,63.0,1,3780.0,0.01311,0.00912,0.01437,0.9524,0,0
noaa_arctic_seals_sample,aerien,Images/fl04/CENT/test_kotz_2019_fl04_C_20190510_011817.530022_rgb.jpg,6576,4384,776.0,4111.0,42.0,96.0,1,4032.0,0.01399,0.00639,0.0219,0.4375,0,0
noaa_arctic_seals_sample,aerien,Images/fl04/CENT/test_kotz_2019_fl04_C_20190510_012113.795805_rgb.jpg,6576,4384,1034.0,1506.0,42.0,72.0,1,3024.0,0.01049,0.00639,0.01642,0.5833,0,0
noaa_arctic_seals_sample,aerien,Images/fl04/CENT/test_kotz_2019_fl04_C_20190510_012113.795805_rgb.jpg,6576,4384,1001.0,1537.0,59.0,33.0,1,1947.0,0.00675,0.00897,0.00753,1.7879,0,0
noaa_arctic_seals_sample,aerien,Images/fl04/CENT/test_kotz_2019_fl04_C_20190510_012142.367271_rgb.jpg,6576,4384,6137.0,3389.0,85.0,56.0,1,4760.0,0.01651,0.01293,0.01277,1.5179,0,0
noaa_arctic_seals_sample,aerien,Images/fl04/CENT/test_kotz_2019_fl04_C_20190510_012539.811438_rgb.jpg,6576,4384,1506.0,2967.0,35.0,77.0,1,2695.0,0.00935,0.00532,0.01756,0.4545,0,0
noaa_arctic_seals_sample,aerien,Images/fl04/CENT/test_kotz_2019_fl04_C_20190510_012539.811438_rgb.jpg,6576,4384,1484.0,2993.0,30.0,50.0,1,1500.0,0.0052,0.00456,0.01141,0.6,0,0
noaa_arctic_seals_sample,aerien,Images/fl04/CENT/test_kotz_2019_fl04_C_20190510_012613.800131_rgb.jpg,6576,4384,6067.0,1407.0,39.0,47.0,1,1833.0,0.00636,0.00593,0.01072,0.8298,0,0
noaa_arctic_seals_sample,aerien,Images/fl04/CENT/test_kotz_2019_fl04_C_20190510_012654.040134_rgb.jpg,6576,4384,5236.0,1836.0,49.0,74.0,1,3626.0,0.01258,0.00745,0.01688,0.6622,0,0
noaa_arctic_seals_sample,aerien,Images/fl04/CENT/test_kotz_2019_fl04_C_20190510_013000.307965_rgb.jpg,6576,4384,580.0,2270.0,76.0,45.0,1,3420.0,0.01186,0.01156,0.01026,1.6889,0,0
noaa_arctic_seals_sample,aerien,Images/fl04/CENT/test_kotz_2019_fl04_C_20190510_013000.307965_rgb.jpg,6576,4384,696.0,2055.0,48.0,95.0,1,4560.0,0.01582,0.0073,0.02167,0.5053,0,0
noaa_arctic_seals_sample,aerien,Images/fl04/CENT/test_kotz_2019_fl04_C_20190510_013000.307965_rgb.jpg,6576,4384,767.0,2320.0,85.0,37.0,1,3145.0,0.01091,0.01293,0.00844,2.2973,0,0
noaa_arctic_seals_sample,aerien,Images/fl04/CENT/test_kotz_2019_fl04_C_20190510_013033.329072_rgb.jpg,6576,4384,2056.0,3239.0,93.0,37.0,1,3441.0,0.01194,0.01414,0.00844,2.5135,0,0
noaa_arctic_seals_sample,aerien,Images/fl04/CENT/test_kotz_2019_fl04_C_20190510_013033.329072_rgb.jpg,6576,4384,4935.0,2678.0,47.0,67.0,1,3149.0,0.01092,0.00715,0.01528,0.7015,0,0
noaa_arctic_seals_sample,aerien,Images/fl04/CENT/test_kotz_2019_fl04_C_20190510_013033.329072_rgb.jpg,6576,4384,4911.0,2869.0,46.0,81.0,1,3726.0,0.01292,0.007,0.01848,0.5679,0,0
noaa_arctic_seals_sample,aerien,Images/fl04/CENT/test_kotz_2019_fl04_C_20190510_013033.329072_rgb.jpg,6576,4384,5062.0,2890.0,47.0,64.0,1,3008.0,0.01043,0.00715,0.0146,0.7344,0,0
noaa_arctic_seals_sample,aerien,Images/fl04/CENT/test_kotz_2019_fl04_C_20190510_013033.329072_rgb.jpg,6576,4384,4858.0,2812.0,79.0,44.0,1,3476.0,0.01206,0.01201,0.01004,1.7955,0,0
noaa_arctic_seals_sample,aerien,Images/fl04/CENT/test_kotz_2019_fl04_C_20190510_013033.329072_rgb.jpg,6576,4384,4993.0,2778.0,81.0,36.0,1,2916.0,0.01011,0.01232,0.00821,2.25,0,0
noaa_arctic_seals_sample,aerien,Images/fl04/CENT/test_kotz_2019_fl04_C_20190510_013033.329072_rgb.jpg,6576,4384,5068.0,2730.0,36.0,83.0,1,2988.0,0.01036,0.00547,0.01893,0.4337,0,0
noaa_arctic_seals_sample,aerien,Images/fl04/CENT/test_kotz_2019_fl04_C_20190510_013033.329072_rgb.jpg,6576,4384,4979.0,2856.0,65.0,35.0,1,2275.0,0.00789,0.00988,0.00798,1.8571,0,0
noaa_arctic_seals_sample,aerien,Images/fl04/CENT/test_kotz_2019_fl04_C_20190510_013150.070743_rgb.jpg,6576,4384,5808.0,1182.0,37.0,72.0,1,2664.0,0.00924,0.00563,0.01642,0.5139,0,0
noaa_arctic_seals_sample,aerien,Images/fl04/CENT/test_kotz_2019_fl04_C_20190510_013150.070743_rgb.jpg,6576,4384,5708.0,1169.0,33.0,79.0,1,2607.0,0.00904,0.00502,0.01802,0.4177,0,0
noaa_arctic_seals_sample,aerien,Images/fl04/CENT/test_kotz_2019_fl04_C_20190510_013150.070743_rgb.jpg,6576,4384,5723.0,1293.0,37.0,65.0,1,2405.0,0.00834,0.00563,0.01483,0.5692,0,0
noaa_arctic_seals_sample,aerien,Images/fl04/CENT/test_kotz_2019_fl04_C_20190510_013150.070743_rgb.jpg,6576,4384,5706.0,1349.0,65.0,34.0,1,2210.0,0.00767,0.00988,0.00776,1.9118,0,0
noaa_arctic_seals_sample,aerien,Images/fl04/CENT/test_kotz_2019_fl04_C_20190510_013150.070743_rgb.jpg,6576,4384,5608.0,1258.0,87.0,37.0,1,3219.0,0.01117,0.01323,0.00844,2.3514,0,0
noaa_arctic_seals_sample,aerien,Images/fl04/CENT/test_kotz_2019_fl04_C_20190510_013150.070743_rgb.jpg,6576,4384,5631.0,1294.0,70.0,44.0,1,3080.0,0.01068,0.01064,0.01004,1.5909,0,0
noaa_arctic_seals_sample,aerien,Images/fl04/CENT/test_kotz_2019_fl04_C_20190510_013150.070743_rgb.jpg,6576,4384,6073.0,1788.0,37.0,81.0,1,2997.0,0.0104,0.00563,0.01848,0.4568,0,0
noaa_arctic_seals_sample,aerien,Images/fl04/CENT/test_kotz_2019_fl04_C_20190510_013150.070743_rgb.jpg,6576,4384,6052.0,1905.0,58.0,69.0,1,4002.0,0.01388,0.00882,0.01574,0.8406,0,0
noaa_arctic_seals_sample,aerien,Images/fl04/CENT/test_kotz_2019_fl04_C_20190510_013150.070743_rgb.jpg,6576,4384,6114.0,1862.0,96.0,49.0,1,4704.0,0.01632,0.0146,0.01118,1.9592,0,0
noaa_arctic_seals_sample,aerien,Images/fl04/CENT/test_kotz_2019_fl04_C_20190510_013211.613240_rgb.jpg,6576,4384,6420.0,1996.0,43.0,48.0,1,2064.0,0.00716,0.00654,0.01095,0.8958,0,0
noaa_arctic_seals_sample,aerien,Images/fl04/CENT/test_kotz_2019_fl04_C_20190510_013211.613240_rgb.jpg,6576,4384,6291.0,1886.0,62.0,59.0,1,3658.0,0.01269,0.00943,0.01346,1.0508,0,0
noaa_arctic_seals_sample,aerien,Images/fl04/LEFT/test_kotz_2019_fl04_L_20190510_000508.417021_rgb.jpg,6576,4384,4134.0,3413.0,55.0,76.0,1,4180.0,0.0145,0.00836,0.01734,0.7237,0,0
noaa_arctic_seals_sample,aerien,Images/fl04/LEFT/test_kotz_2019_fl04_L_20190510_000535.416685_rgb.jpg,6576,4384,4716.0,971.0,44.0,85.0,1,3740.0,0.01297,0.00669,0.01939,0.5176,0,0
noaa_arctic_seals_sample,aerien,Images/fl04/LEFT/test_kotz_2019_fl04_L_20190510_000535.416685_rgb.jpg,6576,4384,4672.0,911.0,83.0,36.0,1,2988.0,0.01036,0.01262,0.00821,2.3056,0,0
noaa_arctic_seals_sample,aerien,Images/fl04/LEFT/test_kotz_2019_fl04_L_20190510_000535.416685_rgb.jpg,6576,4384,4657.0,996.0,35.0,75.0,1,2625.0,0.00911,0.00532,0.01711,0.4667,0,0
noaa_arctic_seals_sample,aerien,Images/fl04/LEFT/test_kotz_2019_fl04_L_20190510_000543.666804_rgb.jpg,6576,4384,2882.0,2304.0,67.0,60.0,1,4020.0,0.01394,0.01019,0.01369,1.1167,0,0
noaa_arctic_seals_sample,aerien,Images/fl04/LEFT/test_kotz_2019_fl04_L_20190510_000543.666804_rgb.jpg,6576,4384,2774.0,2337.0,44.0,70.0,1,3080.0,0.01068,0.00669,0.01597,0.6286,0,0
noaa_arctic_seals_sample,aerien,Images/fl04/LEFT/test_kotz_2019_fl04_L_20190510_000543.666804_rgb.jpg,6576,4384,2803.0,2466.0,53.0,66.0,1,3498.0,0.01213,0.00806,0.01505,0.803,0,0
noaa_arctic_seals_sample,aerien,Images/fl04/LEFT/test_kotz_2019_fl04_L_20190510_002025.663104_rgb.jpg,6576,4384,3920.0,3780.0,42.0,45.0,1,1890.0,0.00656,0.00639,0.01026,0.9333,0,0
noaa_arctic_seals_sample,aerien,Images/fl04/LEFT/test_kotz_2019_fl04_L_20190510_002211.412494_rgb.jpg,6576,4384,5851.0,3454.0,71.0,40.0,1,2840.0,0.00985,0.0108,0.00912,1.775,0,0
noaa_arctic_seals_sample,aerien,Images/fl04/LEFT/test_kotz_2019_fl04_L_20190510_002227.162433_rgb.jpg,6576,4384,6071.0,345.0,26.0,43.0,1,1118.0,0.00388,0.00395,0.00981,0.6047,0,0
noaa_arctic_seals_sample,aerien,Images/fl04/LEFT/test_kotz_2019_fl04_L_20190510_002227.162433_rgb.jpg,6576,4384,6054.0,370.0,68.0,42.0,1,2856.0,0.00991,0.01034,0.00958,1.619,0,0
noaa_arctic_seals_sample,aerien,Images/fl04/LEFT/test_kotz_2019_fl04_L_20190510_002324.162185_rgb.jpg,6576,4384,6145.0,749.0,43.0,27.0,1,1161.0,0.00403,0.00654,0.00616,1.5926,0,0
noaa_arctic_seals_sample,aerien,Images/fl04/LEFT/test_kotz_2019_fl04_L_20190510_002533.911655_rgb.jpg,6576,4384,775.0,4036.0,55.0,44.0,1,2420.0,0.00839,0.00836,0.01004,1.25,0,0
noaa_arctic_seals_sample,aerien,Images/fl04/LEFT/test_kotz_2019_fl04_L_20190510_002533.911655_rgb.jpg,6576,4384,4718.0,2463.0,48.0,67.0,1,3216.0,0.01116,0.0073,0.01528,0.7164,0,0
noaa_arctic_seals_sample,aerien,Images/fl04/LEFT/test_kotz_2019_fl04_L_20190510_002815.160984_rgb.jpg,6576,4384,6432.0,3086.0,57.0,28.0,1,1596.0,0.00554,0.00867,0.00639,2.0357,0,0
noaa_arctic_seals_sample,aerien,Images/fl04/LEFT/test_kotz_2019_fl04_L_20190510_002815.160984_rgb.jpg,6576,4384,6347.0,3077.0,36.0,67.0,1,2412.0,0.00837,0.00547,0.01528,0.5373,0,0
noaa_arctic_seals_sample,aerien,Images/fl04/LEFT/test_kotz_2019_fl04_L_20190510_002833.160935_rgb.jpg,6576,4384,1784.0,3750.0,42.0,54.0,1,2268.0,0.00787,0.00639,0.01232,0.7778,0,0
noaa_arctic_seals_sample,aerien,Images/fl04/LEFT/test_kotz_2019_fl04_L_20190510_002833.160935_rgb.jpg,6576,4384,4831.0,2847.0,59.0,47.0,1,2773.0,0.00962,0.00897,0.01072,1.2553,0,0
noaa_arctic_seals_sample,aerien,Images/fl04/LEFT/test_kotz_2019_fl04_L_20190510_002958.660555_rgb.jpg,6576,4384,2812.0,2239.0,15.0,31.0,1,465.0,0.00161,0.00228,0.00707,0.4839,0,0
noaa_arctic_seals_sample,aerien,Images/fl04/LEFT/test_kotz_2019_fl04_L_20190510_002958.660555_rgb.jpg,6576,4384,5170.0,1799.0,21.0,40.0,1,840.0,0.00291,0.00319,0.00912,0.525,0,0
noaa_arctic_seals_sample,aerien,Images/fl04/LEFT/test_kotz_2019_fl04_L_20190510_002958.660555_rgb.jpg,6576,4384,5241.0,2189.0,21.0,43.0,1,903.0,0.00313,0.00319,0.00981,0.4884,0,0
noaa_arctic_seals_sample,aerien,Images/fl04/LEFT/test_kotz_2019_fl04_L_20190510_002958.660555_rgb.jpg,6576,4384,5164.0,1865.0,25.0,47.0,1,1175.0,0.00408,0.0038,0.01072,0.5319,0,0
noaa_arctic_seals_sample,aerien,Images/fl04/LEFT/test_kotz_2019_fl04_L_20190510_002958.660555_rgb.jpg,6576,4384,5209.0,1972.0,33.0,25.0,1,825.0,0.00286,0.00502,0.0057,1.32,0,0
noaa_arctic_seals_sample,aerien,Images/fl04/LEFT/test_kotz_2019_fl04_L_20190510_002958.660555_rgb.jpg,6576,4384,5157.0,1921.0,24.0,43.0,1,1032.0,0.00358,0.00365,0.00981,0.5581,0,0
noaa_arctic_seals_sample,aerien,Images/fl04/LEFT/test_kotz_2019_fl04_L_20190510_002958.660555_rgb.jpg,6576,4384,5258.0,2378.0,34.0,25.0,1,850.0,0.00295,0.00517,0.0057,1.36,0,0
noaa_arctic_seals_sample,aerien,Images/fl04/LEFT/test_kotz_2019_fl04_L_20190510_002958.660555_rgb.jpg,6576,4384,5426.0,3582.0,23.0,30.0,1,690.0,0.00239,0.0035,0.00684,0.7667,0,0
noaa_arctic_seals_sample,aerien,Images/fl04/LEFT/test_kotz_2019_fl04_L_20190510_002958.660555_rgb.jpg,6576,4384,5425.0,3630.0,27.0,23.0,1,621.0,0.00215,0.00411,0.00525,1.1739,0,0
noaa_arctic_seals_sample,aerien,Images/fl04/LEFT/test_kotz_2019_fl04_L_20190510_002958.660555_rgb.jpg,6576,4384,2807.0,2196.0,20.0,27.0,1,540.0,0.00187,0.00304,0.00616,0.7407,0,0
noaa_arctic_seals_sample,aerien,Images/fl04/LEFT/test_kotz_2019_fl04_L_20190510_002958.660555_rgb.jpg,6576,4384,2821.0,2169.0,19.0,23.0,1,437.0,0.00152,0.00289,0.00525,0.8261,0,0
noaa_arctic_seals_sample,aerien,Images/fl04/LEFT/test_kotz_2019_fl04_L_20190510_002958.660555_rgb.jpg,6576,4384,2839.0,2169.0,17.0,27.0,1,459.0,0.00159,0.00259,0.00616,0.6296,0,0
noaa_arctic_seals_sample,aerien,Images/fl04/LEFT/test_kotz_2019_fl04_L_20190510_002958.660555_rgb.jpg,6576,4384,5188.0,2290.0,19.0,44.0,1,836.0,0.0029,0.00289,0.01004,0.4318,0,0
noaa_arctic_seals_sample,aerien,Images/fl04/LEFT/test_kotz_2019_fl04_L_20190510_002958.660555_rgb.jpg,6576,4384,5380.0,3563.0,20.0,38.0,1,760.0,0.00264,0.00304,0.00867,0.5263,0,0
noaa_arctic_seals_sample,aerien,Images/fl04/LEFT/test_kotz_2019_fl04_L_20190510_002958.660555_rgb.jpg,6576,4384,5479.0,3528.0,23.0,36.0,1,828.0,0.00287,0.0035,0.00821,0.6389,0,0
noaa_arctic_seals_sample,aerien,Images/fl04/LEFT/test_kotz_2019_fl04_L_20190510_002958.660555_rgb.jpg,6576,4384,5433.0,3540.0,25.0,30.0,1,750.0,0.0026,0.0038,0.00684,0.8333,0,0
noaa_arctic_seals_sample,aerien,Images/fl04/LEFT/test_kotz_2019_fl04_L_20190510_003009.160545_rgb.jpg,6576,4384,3682.0,243.0,48.0,35.0,1,1680.0,0.00583,0.0073,0.00798,1.3714,0,0
noaa_arctic_seals_sample,aerien,Images/fl04/LEFT/test_kotz_2019_fl04_L_20190510_003132.410319_rgb.jpg,6576,4384,5489.0,767.0,36.0,37.0,1,1332.0,0.00462,0.00547,0.00844,0.973,0,0
noaa_arctic_seals_sample,aerien,Images/fl04/LEFT/test_kotz_2019_fl04_L_20190510_003414.409526_rgb.jpg,6576,4384,3358.0,932.0,40.0,51.0,1,2040.0,0.00708,0.00608,0.01163,0.7843,0,0
noaa_arctic_seals_sample,aerien,Images/fl04/LEFT/test_kotz_2019_fl04_L_20190510_003414.409526_rgb.jpg,6576,4384,3357.0,966.0,26.0,40.0,1,1040.0,0.00361,0.00395,0.00912,0.65,0,0
noaa_arctic_seals_sample,aerien,Images/fl04/LEFT/test_kotz_2019_fl04_L_20190510_003414.409526_rgb.jpg,6576,4384,3311.0,981.0,26.0,40.0,1,1040.0,0.00361,0.00395,0.00912,0.65,0,0
noaa_arctic_seals_sample,aerien,Images/fl04/LEFT/test_kotz_2019_fl04_L_20190510_003925.408481_rgb.jpg,6576,4384,6113.0,3098.0,35.0,49.0,1,1715.0,0.00595,0.00532,0.01118,0.7143,0,0
noaa_arctic_seals_sample,aerien,Images/fl04/LEFT/test_kotz_2019_fl04_L_20190510_004214.907893_rgb.jpg,6576,4384,5704.0,1982.0,85.0,38.0,1,3230.0,0.0112,0.01293,0.00867,2.2368,0,0
noaa_arctic_seals_sample,aerien,Images/fl04/LEFT/test_kotz_2019_fl04_L_20190510_004214.907893_rgb.jpg,6576,4384,6277.0,3048.0,56.0,80.0,1,4480.0,0.01554,0.00852,0.01825,0.7,0,0
noaa_arctic_seals_sample,aerien,Images/fl04/LEFT/test_kotz_2019_fl04_L_20190510_004214.907893_rgb.jpg,6576,4384,6322.0,3002.0,74.0,41.0,1,3034.0,0.01052,0.01125,0.00935,1.8049,0,0
noaa_arctic_seals_sample,aerien,Images/fl04/LEFT/test_kotz_2019_fl04_L_20190510_004305.407705_rgb.jpg,6576,4384,3621.0,3929.0,33.0,69.0,1,2277.0,0.0079,0.00502,0.01574,0.4783,0,0
noaa_arctic_seals_sample,aerien,Images/fl04/LEFT/test_kotz_2019_fl04_L_20190510_004305.407705_rgb.jpg,6576,4384,3788.0,4120.0,68.0,44.0,1,2992.0,0.01038,0.01034,0.01004,1.5455,0,0
noaa_arctic_seals_sample,aerien,Images/fl04/LEFT/test_kotz_2019_fl04_L_20190510_004305.407705_rgb.jpg,6576,4384,3757.0,3974.0,35.0,77.0,1,2695.0,0.00935,0.00532,0.01756,0.4545,0,0
noaa_arctic_seals_sample,aerien,Images/fl04/LEFT/test_kotz_2019_fl04_L_20190510_010131.798255_rgb.jpg,6576,4384,2962.0,3642.0,37.0,63.0,1,2331.0,0.00809,0.00563,0.01437,0.5873,0,0
noaa_arctic_seals_sample,aerien,Images/fl04/LEFT/test_kotz_2019_fl04_L_20190510_010131.798255_rgb.jpg,6576,4384,3099.0,3650.0,53.0,41.0,1,2173.0,0.00754,0.00806,0.00935,1.2927,0,0
noaa_arctic_seals_sample,aerien,Images/fl04/LEFT/test_kotz_2019_fl04_L_20190510_010131.798255_rgb.jpg,6576,4384,6360.0,1469.0,67.0,126.0,1,8442.0,0.02928,0.01019,0.02874,0.5317,0,0
noaa_arctic_seals_sample,aerien,Images/fl04/LEFT/test_kotz_2019_fl04_L_20190510_010134.239586_rgb.jpg,6576,4384,5948.0,3636.0,82.0,90.0,1,7380.0,0.0256,0.01247,0.02053,0.9111,0,0
noaa_arctic_seals_sample,aerien,Images/fl04/LEFT/test_kotz_2019_fl04_L_20190510_010134.239586_rgb.jpg,6576,4384,6430.0,183.0,92.0,107.0,1,9844.0,0.03415,0.01399,0.02441,0.8598,0,0
noaa_arctic_seals_sample,aerien,Images/fl04/LEFT/test_kotz_2019_fl04_L_20190510_010134.239586_rgb.jpg,6576,4384,6326.0,161.0,87.0,99.0,1,8613.0,0.02988,0.01323,0.02258,0.8788,0,0
noaa_arctic_seals_sample,aerien,Images/fl04/LEFT/test_kotz_2019_fl04_L_20190510_010136.693760_rgb.jpg,6576,4384,6222.0,831.0,78.0,39.0,1,3042.0,0.01055,0.01186,0.0089,2.0,0,0
noaa_arctic_seals_sample,aerien,Images/fl04/LEFT/test_kotz_2019_fl04_L_20190510_010136.693760_rgb.jpg,6576,4384,6352.0,931.0,53.0,49.0,1,2597.0,0.00901,0.00806,0.01118,1.0816,0,0
noaa_arctic_seals_sample,aerien,Images/fl04/LEFT/test_kotz_2019_fl04_L_20190510_010136.693760_rgb.jpg,6576,4384,6189.0,887.0,65.0,37.0,1,2405.0,0.00834,0.00988,0.00844,1.7568,0,0
noaa_arctic_seals_sample,aerien,Images/fl04/LEFT/test_kotz_2019_fl04_L_20190510_010146.575822_rgb.jpg,6576,4384,2014.0,616.0,75.0,37.0,1,2775.0,0.00963,0.01141,0.00844,2.027,0,0
noaa_arctic_seals_sample,aerien,Images/fl04/LEFT/test_kotz_2019_fl04_L_20190510_010146.575822_rgb.jpg,6576,4384,1933.0,795.0,35.0,59.0,1,2065.0,0.00716,0.00532,0.01346,0.5932,0,0
noaa_arctic_seals_sample,aerien,Images/fl04/LEFT/test_kotz_2019_fl04_L_20190510_010209.394826_rgb.jpg,6576,4384,4452.0,2676.0,66.0,33.0,1,2178.0,0.00755,0.01004,0.00753,2.0,0,0
noaa_arctic_seals_sample,aerien,Images/fl04/LEFT/test_kotz_2019_fl04_L_20190510_010209.394826_rgb.jpg,6576,4384,5122.0,1418.0,56.0,54.0,1,3024.0,0.01049,0.00852,0.01232,1.037,0,0
noaa_arctic_seals_sample,aerien,Images/fl04/LEFT/test_kotz_2019_fl04_L_20190510_010209.394826_rgb.jpg,6576,4384,5164.0,2093.0,73.0,47.0,1,3431.0,0.0119,0.0111,0.01072,1.5532,0,0
noaa_arctic_seals_sample,aerien,Images/fl04/LEFT/test_kotz_2019_fl04_L_20190510_010209.394826_rgb.jpg,6576,4384,5854.0,3157.0,74.0,42.0,1,3108.0,0.01078,0.01125,0.00958,1.7619,0,0
noaa_arctic_seals_sample,aerien,Images/fl04/LEFT/test_kotz_2019_fl04_L_20190510_010209.394826_rgb.jpg,6576,4384,6382.0,1352.0,71.0,57.0,1,4047.0,0.01404,0.0108,0.013,1.2456,0,0
noaa_arctic_seals_sample,aerien,Images/fl04/LEFT/test_kotz_2019_fl04_L_20190510_010209.394826_rgb.jpg,6576,4384,6407.0,1981.0,45.0,75.0,1,3375.0,0.01171,0.00684,0.01711,0.6,0,0
noaa_arctic_seals_sample,aerien,Images/fl04/LEFT/test_kotz_2019_fl04_L_20190510_010239.394782_rgb.jpg,6576,4384,4534.0,380.0,59.0,46.0,1,2714.0,0.00941,0.00897,0.01049,1.2826,0,0
noaa_arctic_seals_sample,aerien,Images/fl04/LEFT/test_kotz_2019_fl04_L_20190510_010239.394782_rgb.jpg,6576,4384,4496.0,722.0,44.0,63.0,1,2772.0,0.00962,0.00669,0.01437,0.6984,0,0
noaa_arctic_seals_sample,aerien,Images/fl04/LEFT/test_kotz_2019_fl04_L_20190510_010239.394782_rgb.jpg,6576,4384,4603.0,609.0,92.0,37.0,1,3404.0,0.01181,0.01399,0.00844,2.4865,0,0
noaa_arctic_seals_sample,aerien,Images/fl04/LEFT/test_kotz_2019_fl04_L_20190510_010239.394782_rgb.jpg,6576,4384,4705.0,1988.0,48.0,46.0,1,2208.0,0.00766,0.0073,0.01049,1.0435,0,0
noaa_arctic_seals_sample,aerien,Images/fl04/LEFT/test_kotz_2019_fl04_L_20190510_010239.394782_rgb.jpg,6576,4384,4725.0,2257.0,44.0,82.0,1,3608.0,0.01252,0.00669,0.0187,0.5366,0,0
noaa_arctic_seals_sample,aerien,Images/fl04/LEFT/test_kotz_2019_fl04_L_20190510_010239.394782_rgb.jpg,6576,4384,4626.0,2717.0,47.0,57.0,1,2679.0,0.00929,0.00715,0.013,0.8246,0,0
noaa_arctic_seals_sample,aerien,Images/fl04/LEFT/test_kotz_2019_fl04_L_20190510_010239.394782_rgb.jpg,6576,4384,5073.0,784.0,68.0,52.0,1,3536.0,0.01227,0.01034,0.01186,1.3077,0,0
noaa_arctic_seals_sample,aerien,Images/fl04/LEFT/test_kotz_2019_fl04_L_20190510_010239.394782_rgb.jpg,6576,4384,4800.0,2047.0,69.0,38.0,1,2622.0,0.00909,0.01049,0.00867,1.8158,0,0
noaa_arctic_seals_sample,aerien,Images/fl04/LEFT/test_kotz_2019_fl04_L_20190510_010239.394782_rgb.jpg,6576,4384,4836.0,2343.0,60.0,38.0,1,2280.0,0.00791,0.00912,0.00867,1.5789,0,0
noaa_arctic_seals_sample,aerien,Images/fl04/LEFT/test_kotz_2019_fl04_L_20190510_010239.394782_rgb.jpg,6576,4384,4815.0,2831.0,72.0,47.0,1,3384.0,0.01174,0.01095,0.01072,1.5319,0,0
noaa_arctic_seals_sample,aerien,Images/fl04/LEFT/test_kotz_2019_fl04_L_20190510_010239.394782_rgb.jpg,6576,4384,5355.0,2897.0,77.0,41.0,1,3157.0,0.01095,0.01171,0.00935,1.878,0,0
noaa_arctic_seals_sample,aerien,Images/fl04/LEFT/test_kotz_2019_fl04_L_20190510_010239.394782_rgb.jpg,6576,4384,4813.0,2685.0,63.0,63.0,1,3969.0,0.01377,0.00958,0.01437,1.0,0,0
noaa_arctic_seals_sample,aerien,Images/fl04/LEFT/test_kotz_2019_fl04_L_20190510_010239.394782_rgb.jpg,6576,4384,5361.0,3750.0,65.0,56.0,1,3640.0,0.01263,0.00988,0.01277,1.1607,0,0
noaa_arctic_seals_sample,aerien,Images/fl04/LEFT/test_kotz_2019_fl04_L_20190510_010239.394782_rgb.jpg,6576,4384,6226.0,2855.0,55.0,62.0,1,3410.0,0.01183,0.00836,0.01414,0.8871,0,0
noaa_arctic_seals_sample,aerien,Images/fl04/LEFT/test_kotz_2019_fl04_L_20190510_010239.394782_rgb.jpg,6576,4384,6183.0,3094.0,41.0,63.0,1,2583.0,0.00896,0.00623,0.01437,0.6508,0,0
noaa_arctic_seals_sample,aerien,Images/fl04/LEFT/test_kotz_2019_fl04_L_20190510_012006.182641_rgb.jpg,6576,4384,5059.0,3774.0,40.0,83.0,1,3320.0,0.01152,0.00608,0.01893,0.4819,0,0
noaa_arctic_seals_sample,aerien,Images/fl04/LEFT/test_kotz_2019_fl04_L_20190510_012011.526629_rgb.jpg,6576,4384,5884.0,1570.0,36.0,56.0,1,2016.0,0.00699,0.00547,0.01277,0.6429,0,0
noaa_arctic_seals_sample,aerien,Images/fl04/LEFT/test_kotz_2019_fl04_L_20190510_012929.531441_rgb.jpg,6576,4384,4905.0,3113.0,56.0,31.0,1,1736.0,0.00602,0.00852,0.00707,1.8065,0,0
noaa_arctic_seals_sample,aerien,Images/fl04/LEFT/test_kotz_2019_fl04_L_20190510_013230.964148_rgb.jpg,6576,4384,3888.0,3223.0,72.0,57.0,1,4104.0,0.01424,0.01095,0.013,1.2632,0,0
noaa_arctic_seals_sample,aerien,Images/fl04/LEFT/test_kotz_2019_fl04_L_20190510_013230.964148_rgb.jpg,6576,4384,3902.0,3307.0,64.0,59.0,1,3776.0,0.0131,0.00973,0.01346,1.0847,0,0
noaa_arctic_seals_sample,aerien,Images/fl04/LEFT/test_kotz_2019_fl04_L_20190510_013230.964148_rgb.jpg,6576,4384,3975.0,3234.0,62.0,34.0,1,2108.0,0.00731,0.00943,0.00776,1.8235,0,0
noaa_arctic_seals_sample,aerien,Images/fl04/LEFT/test_kotz_2019_fl04_L_20190510_013925.762751_rgb.jpg,6576,4384,5055.0,464.0,29.0,60.0,1,1740.0,0.00604,0.00441,0.01369,0.4833,0,0
noaa_arctic_seals_sample,aerien,Images/fl04/LEFT/test_kotz_2019_fl04_L_20190510_013926.653676_rgb.jpg,6576,4384,4898.0,3723.0,31.0,62.0,1,1922.0,0.00667,0.00471,0.01414,0.5,0,0
noaa_arctic_seals_sample,aerien,Images/fl05/CENT/test_kotz_2019_fl05_C_20190510_051509.649053_rgb.jpg,6576,4384,4108.0,295.0,30.0,56.0,1,1680.0,0.00583,0.00456,0.01277,0.5357,0,0
noaa_arctic_seals_sample,aerien,Images/fl05/CENT/test_kotz_2019_fl05_C_20190510_052110.089119_rgb.jpg,6576,4384,619.0,3930.0,71.0,52.0,1,3692.0,0.01281,0.0108,0.01186,1.3654,0,0
noaa_arctic_seals_sample,aerien,Images/fl05/CENT/test_kotz_2019_fl05_C_20190510_052110.089119_rgb.jpg,6576,4384,1945.0,365.0,39.0,67.0,1,2613.0,0.00906,0.00593,0.01528,0.5821,0,0
noaa_arctic_seals_sample,aerien,Images/fl05/CENT/test_kotz_2019_fl05_C_20190510_052110.089119_rgb.jpg,6576,4384,3961.0,2839.0,32.0,57.0,1,1824.0,0.00633,0.00487,0.013,0.5614,0,0
noaa_arctic_seals_sample,aerien,Images/fl05/CENT/test_kotz_2019_fl05_C_20190510_052131.031221_rgb.jpg,6576,4384,599.0,2044.0,40.0,59.0,1,2360.0,0.00819,0.00608,0.01346,0.678,0,0
noaa_arctic_seals_sample,aerien,Images/fl05/CENT/test_kotz_2019_fl05_C_20190510_052131.031221_rgb.jpg,6576,4384,3897.0,617.0,52.0,57.0,1,2964.0,0.01028,0.00791,0.013,0.9123,0,0
noaa_arctic_seals_sample,aerien,Images/fl05/CENT/test_kotz_2019_fl05_C_20190510_052147.863009_rgb.jpg,6576,4384,3870.0,1775.0,72.0,44.0,1,3168.0,0.01099,0.01095,0.01004,1.6364,0,0
noaa_arctic_seals_sample,aerien,Images/fl05/CENT/test_kotz_2019_fl05_C_20190510_052232.039509_rgb.jpg,6576,4384,1044.0,2367.0,76.0,64.0,1,4864.0,0.01687,0.01156,0.0146,1.1875,0,0
noaa_arctic_seals_sample,aerien,Images/fl05/CENT/test_kotz_2019_fl05_C_20190510_053916.234904_rgb.jpg,6576,4384,1204.0,2564.0,64.0,61.0,1,3904.0,0.01354,0.00973,0.01391,1.0492,0,0
noaa_arctic_seals_sample,aerien,Images/fl05/CENT/test_kotz_2019_fl05_C_20190510_053916.234904_rgb.jpg,6576,4384,2185.0,730.0,40.0,65.0,1,2600.0,0.00902,0.00608,0.01483,0.6154,0,0
noaa_arctic_seals_sample,aerien,Images/fl05/CENT/test_kotz_2019_fl05_C_20190510_053916.234904_rgb.jpg,6576,4384,2841.0,557.0,33.0,73.0,1,2409.0,0.00836,0.00502,0.01665,0.4521,0,0
noaa_arctic_seals_sample,aerien,Images/fl05/CENT/test_kotz_2019_fl05_C_20190510_053916.234904_rgb.jpg,6576,4384,3419.0,815.0,73.0,45.0,1,3285.0,0.01139,0.0111,0.01026,1.6222,0,0
noaa_arctic_seals_sample,aerien,Images/fl05/CENT/test_kotz_2019_fl05_C_20190510_053916.234904_rgb.jpg,6576,4384,3097.0,2102.0,63.0,45.0,1,2835.0,0.00983,0.00958,0.01026,1.4,0,0
noaa_arctic_seals_sample,aerien,Images/fl05/CENT/test_kotz_2019_fl05_C_20190510_053916.234904_rgb.jpg,6576,4384,3777.0,2021.0,43.0,64.0,1,2752.0,0.00955,0.00654,0.0146,0.6719,0,0
noaa_arctic_seals_sample,aerien,Images/fl05/CENT/test_kotz_2019_fl05_C_20190510_053916.234904_rgb.jpg,6576,4384,3950.0,2456.0,58.0,68.0,1,3944.0,0.01368,0.00882,0.01551,0.8529,0,0
noaa_arctic_seals_sample,aerien,Images/fl05/CENT/test_kotz_2019_fl05_C_20190510_053959.038446_rgb.jpg,6576,4384,3322.0,107.0,36.0,71.0,1,2556.0,0.00887,0.00547,0.0162,0.507,0,0
noaa_arctic_seals_sample,aerien,Images/fl05/CENT/test_kotz_2019_fl05_C_20190510_054025.698999_rgb.jpg,6576,4384,3092.0,2080.0,37.0,60.0,1,2220.0,0.0077,0.00563,0.01369,0.6167,0,0
noaa_arctic_seals_sample,aerien,Images/fl05/CENT/test_kotz_2019_fl05_C_20190510_054025.698999_rgb.jpg,6576,4384,3867.0,3111.0,53.0,56.0,1,2968.0,0.0103,0.00806,0.01277,0.9464,0,0
noaa_arctic_seals_sample,aerien,Images/fl05/CENT/test_kotz_2019_fl05_C_20190510_054025.698999_rgb.jpg,6576,4384,5080.0,1456.0,57.0,73.0,1,4161.0,0.01443,0.00867,0.01665,0.7808,0,0
noaa_arctic_seals_sample,aerien,Images/fl05/CENT/test_kotz_2019_fl05_C_20190510_054140.154214_rgb.jpg,6576,4384,1723.0,1515.0,35.0,64.0,1,2240.0,0.00777,0.00532,0.0146,0.5469,0,0
noaa_arctic_seals_sample,aerien,Images/fl05/CENT/test_kotz_2019_fl05_C_20190510_054140.154214_rgb.jpg,6576,4384,1333.0,1228.0,45.0,62.0,1,2790.0,0.00968,0.00684,0.01414,0.7258,0,0
noaa_arctic_seals_sample,aerien,Images/fl05/CENT/test_kotz_2019_fl05_C_20190510_054140.154214_rgb.jpg,6576,4384,1812.0,1498.0,31.0,70.0,1,2170.0,0.00753,0.00471,0.01597,0.4429,0,0
noaa_arctic_seals_sample,aerien,Images/fl05/CENT/test_kotz_2019_fl05_C_20190510_054140.154214_rgb.jpg,6576,4384,1584.0,2328.0,81.0,37.0,1,2997.0,0.0104,0.01232,0.00844,2.1892,0,0
noaa_arctic_seals_sample,aerien,Images/fl05/CENT/test_kotz_2019_fl05_C_20190510_054140.154214_rgb.jpg,6576,4384,1527.0,2197.0,60.0,34.0,1,2040.0,0.00708,0.00912,0.00776,1.7647,0,0
noaa_arctic_seals_sample,aerien,Images/fl05/CENT/test_kotz_2019_fl05_C_20190510_054140.154214_rgb.jpg,6576,4384,1619.0,2372.0,34.0,44.0,1,1496.0,0.00519,0.00517,0.01004,0.7727,0,0
noaa_arctic_seals_sample,aerien,Images/fl05/CENT/test_kotz_2019_fl05_C_20190510_054140.154214_rgb.jpg,6576,4384,1509.0,2878.0,44.0,76.0,1,3344.0,0.0116,0.00669,0.01734,0.5789,0,0
noaa_arctic_seals_sample,aerien,Images/fl05/CENT/test_kotz_2019_fl05_C_20190510_054140.154214_rgb.jpg,6576,4384,1469.0,2405.0,44.0,47.0,1,2068.0,0.00717,0.00669,0.01072,0.9362,0,0
noaa_arctic_seals_sample,aerien,Images/fl05/CENT/test_kotz_2019_fl05_C_20190510_054140.154214_rgb.jpg,6576,4384,2166.0,267.0,39.0,54.0,1,2106.0,0.00731,0.00593,0.01232,0.7222,0,0
noaa_arctic_seals_sample,aerien,Images/fl05/CENT/test_kotz_2019_fl05_C_20190510_054140.154214_rgb.jpg,6576,4384,2361.0,492.0,35.0,76.0,1,2660.0,0.00923,0.00532,0.01734,0.4605,0,0
noaa_arctic_seals_sample,aerien,Images/fl05/CENT/test_kotz_2019_fl05_C_20190510_054140.154214_rgb.jpg,6576,4384,2337.0,314.0,38.0,52.0,1,1976.0,0.00685,0.00578,0.01186,0.7308,0,0
noaa_arctic_seals_sample,aerien,Images/fl05/CENT/test_kotz_2019_fl05_C_20190510_054140.154214_rgb.jpg,6576,4384,2231.0,497.0,38.0,61.0,1,2318.0,0.00804,0.00578,0.01391,0.623,0,0
noaa_arctic_seals_sample,aerien,Images/fl05/CENT/test_kotz_2019_fl05_C_20190510_054140.154214_rgb.jpg,6576,4384,2366.0,802.0,53.0,72.0,1,3816.0,0.01324,0.00806,0.01642,0.7361,0,0
noaa_arctic_seals_sample,aerien,Images/fl05/CENT/test_kotz_2019_fl05_C_20190510_054140.154214_rgb.jpg,6576,4384,2341.0,738.0,35.0,66.0,1,2310.0,0.00801,0.00532,0.01505,0.5303,0,0
noaa_arctic_seals_sample,aerien,Images/fl05/CENT/test_kotz_2019_fl05_C_20190510_054140.154214_rgb.jpg,6576,4384,2192.0,698.0,61.0,41.0,1,2501.0,0.00868,0.00928,0.00935,1.4878,0,0
noaa_arctic_seals_sample,aerien,Images/fl05/CENT/test_kotz_2019_fl05_C_20190510_054140.154214_rgb.jpg,6576,4384,1883.0,1308.0,64.0,33.0,1,2112.0,0.00733,0.00973,0.00753,1.9394,0,0
noaa_arctic_seals_sample,aerien,Images/fl05/CENT/test_kotz_2019_fl05_C_20190510_054140.154214_rgb.jpg,6576,4384,1919.0,1472.0,42.0,52.0,1,2184.0,0.00758,0.00639,0.01186,0.8077,0,0
noaa_arctic_seals_sample,aerien,Images/fl05/CENT/test_kotz_2019_fl05_C_20190510_054140.154214_rgb.jpg,6576,4384,1915.0,3246.0,51.0,72.0,1,3672.0,0.01274,0.00776,0.01642,0.7083,0,0
noaa_arctic_seals_sample,aerien,Images/fl05/CENT/test_kotz_2019_fl05_C_20190510_054140.154214_rgb.jpg,6576,4384,2108.0,4249.0,35.0,57.0,1,1995.0,0.00692,0.00532,0.013,0.614,0,0
noaa_arctic_seals_sample,aerien,Images/fl05/CENT/test_kotz_2019_fl05_C_20190510_054140.154214_rgb.jpg,6576,4384,2870.0,641.0,59.0,37.0,1,2183.0,0.00757,0.00897,0.00844,1.5946,0,0
noaa_arctic_seals_sample,aerien,Images/fl05/CENT/test_kotz_2019_fl05_C_20190510_054140.154214_rgb.jpg,6576,4384,2930.0,708.0,53.0,29.0,1,1537.0,0.00533,0.00806,0.00661,1.8276,0,0
noaa_arctic_seals_sample,aerien,Images/fl05/CENT/test_kotz_2019_fl05_C_20190510_054140.154214_rgb.jpg,6576,4384,2905.0,761.0,46.0,43.0,1,1978.0,0.00686,0.007,0.00981,1.0698,0,0
noaa_arctic_seals_sample,aerien,Images/fl05/CENT/test_kotz_2019_fl05_C_20190510_054140.154214_rgb.jpg,6576,4384,2646.0,2349.0,66.0,48.0,1,3168.0,0.01099,0.01004,0.01095,1.375,0,0
noaa_arctic_seals_sample,aerien,Images/fl05/CENT/test_kotz_2019_fl05_C_20190510_054140.154214_rgb.jpg,6576,4384,2634.0,2570.0,50.0,34.0,1,1700.0,0.0059,0.0076,0.00776,1.4706,0,0
noaa_arctic_seals_sample,aerien,Images/fl05/CENT/test_kotz_2019_fl05_C_20190510_054140.154214_rgb.jpg,6576,4384,2697.0,2450.0,51.0,36.0,1,1836.0,0.00637,0.00776,0.00821,1.4167,0,0
noaa_arctic_seals_sample,aerien,Images/fl05/CENT/test_kotz_2019_fl05_C_20190510_054140.154214_rgb.jpg,6576,4384,3553.0,2540.0,54.0,32.0,1,1728.0,0.00599,0.00821,0.0073,1.6875,0,0
noaa_arctic_seals_sample,aerien,Images/fl05/CENT/test_kotz_2019_fl05_C_20190510_054140.154214_rgb.jpg,6576,4384,3560.0,2463.0,48.0,49.0,1,2352.0,0.00816,0.0073,0.01118,0.9796,0,0
noaa_arctic_seals_sample,aerien,Images/fl05/CENT/test_kotz_2019_fl05_C_20190510_054140.154214_rgb.jpg,6576,4384,3654.0,2495.0,58.0,35.0,1,2030.0,0.00704,0.00882,0.00798,1.6571,0,0
noaa_arctic_seals_sample,aerien,Images/fl05/CENT/test_kotz_2019_fl05_C_20190510_054140.154214_rgb.jpg,6576,4384,2652.0,2495.0,31.0,57.0,1,1767.0,0.00613,0.00471,0.013,0.5439,0,0
noaa_arctic_seals_sample,aerien,Images/fl05/CENT/test_kotz_2019_fl05_C_20190510_054143.252104_rgb.jpg,6576,4384,1349.0,3970.0,33.0,63.0,1,2079.0,0.00721,0.00502,0.01437,0.5238,0,0
noaa_arctic_seals_sample,aerien,Images/fl05/CENT/test_kotz_2019_fl05_C_20190510_054143.252104_rgb.jpg,6576,4384,1233.0,3997.0,75.0,57.0,1,4275.0,0.01483,0.01141,0.013,1.3158,0,0
noaa_arctic_seals_sample,aerien,Images/fl05/CENT/test_kotz_2019_fl05_C_20190510_054143.252104_rgb.jpg,6576,4384,1236.0,4052.0,34.0,56.0,1,1904.0,0.0066,0.00517,0.01277,0.6071,0,0
noaa_arctic_seals_sample,aerien,Images/fl05/CENT/test_kotz_2019_fl05_C_20190510_054143.252104_rgb.jpg,6576,4384,1386.0,4272.0,33.0,51.0,1,1683.0,0.00584,0.00502,0.01163,0.6471,0,0
noaa_arctic_seals_sample,aerien,Images/fl05/CENT/test_kotz_2019_fl05_C_20190510_054143.252104_rgb.jpg,6576,4384,1246.0,4287.0,41.0,58.0,1,2378.0,0.00825,0.00623,0.01323,0.7069,0,0
noaa_arctic_seals_sample,aerien,Images/fl05/CENT/test_kotz_2019_fl05_C_20190510_054143.252104_rgb.jpg,6576,4384,2012.0,1120.0,64.0,62.0,1,3968.0,0.01376,0.00973,0.01414,1.0323,0,0
noaa_arctic_seals_sample,aerien,Images/fl05/CENT/test_kotz_2019_fl05_C_20190510_054143.252104_rgb.jpg,6576,4384,2133.0,862.0,64.0,32.0,1,2048.0,0.0071,0.00973,0.0073,2.0,0,0
noaa_arctic_seals_sample,aerien,Images/fl05/CENT/test_kotz_2019_fl05_C_20190510_054143.252104_rgb.jpg,6576,4384,2126.0,1046.0,52.0,68.0,1,3536.0,0.01227,0.00791,0.01551,0.7647,0,0
noaa_arctic_seals_sample,aerien,Images/fl05/CENT/test_kotz_2019_fl05_C_20190510_054143.252104_rgb.jpg,6576,4384,2203.0,1549.0,49.0,78.0,1,3822.0,0.01326,0.00745,0.01779,0.6282,0,0
noaa_arctic_seals_sample,aerien,Images/fl05/CENT/test_kotz_2019_fl05_C_20190510_054143.252104_rgb.jpg,6576,4384,2220.0,1500.0,66.0,55.0,1,3630.0,0.01259,0.01004,0.01255,1.2,0,0
noaa_arctic_seals_sample,aerien,Images/fl05/CENT/test_kotz_2019_fl05_C_20190510_054143.252104_rgb.jpg,6576,4384,2176.0,1678.0,69.0,40.0,1,2760.0,0.00957,0.01049,0.00912,1.725,0,0
noaa_arctic_seals_sample,aerien,Images/fl05/CENT/test_kotz_2019_fl05_C_20190510_054143.252104_rgb.jpg,6576,4384,1945.0,2096.0,51.0,76.0,1,3876.0,0.01344,0.00776,0.01734,0.6711,0,0
noaa_arctic_seals_sample,aerien,Images/fl05/CENT/test_kotz_2019_fl05_C_20190510_054143.252104_rgb.jpg,6576,4384,1891.0,1979.0,42.0,69.0,1,2898.0,0.01005,0.00639,0.01574,0.6087,0,0
noaa_arctic_seals_sample,aerien,Images/fl05/CENT/test_kotz_2019_fl05_C_20190510_054143.252104_rgb.jpg,6576,4384,1939.0,1976.0,52.0,49.0,1,2548.0,0.00884,0.00791,0.01118,1.0612,0,0
noaa_arctic_seals_sample,aerien,Images/fl05/CENT/test_kotz_2019_fl05_C_20190510_054143.252104_rgb.jpg,6576,4384,2268.0,2412.0,47.0,44.0,1,2068.0,0.00717,0.00715,0.01004,1.0682,0,0
noaa_arctic_seals_sample,aerien,Images/fl05/CENT/test_kotz_2019_fl05_C_20190510_054143.252104_rgb.jpg,6576,4384,2352.0,2880.0,63.0,35.0,1,2205.0,0.00765,0.00958,0.00798,1.8,0,0
noaa_arctic_seals_sample,aerien,Images/fl05/CENT/test_kotz_2019_fl05_C_20190510_054143.252104_rgb.jpg,6576,4384,2392.0,2569.0,71.0,41.0,1,2911.0,0.0101,0.0108,0.00935,1.7317,0,0
noaa_arctic_seals_sample,aerien,Images/fl05/CENT/test_kotz_2019_fl05_C_20190510_054143.252104_rgb.jpg,6576,4384,2352.0,2814.0,52.0,32.0,1,1664.0,0.00577,0.00791,0.0073,1.625,0,0
noaa_arctic_seals_sample,aerien,Images/fl05/CENT/test_kotz_2019_fl05_C_20190510_054143.252104_rgb.jpg,6576,4384,2751.0,1523.0,37.0,65.0,1,2405.0,0.00834,0.00563,0.01483,0.5692,0,0
noaa_arctic_seals_sample,aerien,Images/fl05/CENT/test_kotz_2019_fl05_C_20190510_054143.252104_rgb.jpg,6576,4384,2841.0,1480.0,32.0,59.0,1,1888.0,0.00655,0.00487,0.01346,0.5424,0,0
noaa_arctic_seals_sample,aerien,Images/fl05/CENT/test_kotz_2019_fl05_C_20190510_054143.252104_rgb.jpg,6576,4384,2648.0,1577.0,34.0,48.0,1,1632.0,0.00566,0.00517,0.01095,0.7083,0,0
noaa_arctic_seals_sample,aerien,Images/fl05/CENT/test_kotz_2019_fl05_C_20190510_054143.252104_rgb.jpg,6576,4384,2643.0,1652.0,46.0,52.0,1,2392.0,0.0083,0.007,0.01186,0.8846,0,0
noaa_arctic_seals_sample,aerien,Images/fl05/CENT/test_kotz_2019_fl05_C_20190510_054143.252104_rgb.jpg,6576,4384,2886.0,1642.0,58.0,31.0,1,1798.0,0.00624,0.00882,0.00707,1.871,0,0
noaa_arctic_seals_sample,aerien,Images/fl05/CENT/test_kotz_2019_fl05_C_20190510_054143.252104_rgb.jpg,6576,4384,2802.0,1662.0,33.0,57.0,1,1881.0,0.00652,0.00502,0.013,0.5789,0,0
noaa_arctic_seals_sample,aerien,Images/fl05/CENT/test_kotz_2019_fl05_C_20190510_054143.252104_rgb.jpg,6576,4384,2499.0,1569.0,64.0,41.0,1,2624.0,0.0091,0.00973,0.00935,1.561,0,0
noaa_arctic_seals_sample,aerien,Images/fl05/CENT/test_kotz_2019_fl05_C_20190510_054143.252104_rgb.jpg,6576,4384,2814.0,1837.0,48.0,35.0,1,1680.0,0.00583,0.0073,0.00798,1.3714,0,0
noaa_arctic_seals_sample,aerien,Images/fl05/CENT/test_kotz_2019_fl05_C_20190510_054143.252104_rgb.jpg,6576,4384,2696.0,1803.0,69.0,28.0,1,1932.0,0.0067,0.01049,0.00639,2.4643,0,0
noaa_arctic_seals_sample,aerien,Images/fl05/CENT/test_kotz_2019_fl05_C_20190510_054143.252104_rgb.jpg,6576,4384,2989.0,1900.0,70.0,33.0,1,2310.0,0.00801,0.01064,0.00753,2.1212,0,0
noaa_arctic_seals_sample,aerien,Images/fl05/CENT/test_kotz_2019_fl05_C_20190510_054143.252104_rgb.jpg,6576,4384,2854.0,1790.0,61.0,33.0,1,2013.0,0.00698,0.00928,0.00753,1.8485,0,0
noaa_arctic_seals_sample,aerien,Images/fl05/CENT/test_kotz_2019_fl05_C_20190510_054143.252104_rgb.jpg,6576,4384,2482.0,2471.0,56.0,58.0,1,3248.0,0.01127,0.00852,0.01323,0.9655,0,0
noaa_arctic_seals_sample,aerien,Images/fl05/CENT/test_kotz_2019_fl05_C_20190510_054143.252104_rgb.jpg,6576,4384,2458.0,2400.0,50.0,45.0,1,2250.0,0.0078,0.0076,0.01026,1.1111,0,0
noaa_arctic_seals_sample,aerien,Images/fl05/CENT/test_kotz_2019_fl05_C_20190510_054143.252104_rgb.jpg,6576,4384,2460.0,2763.0,62.0,32.0,1,1984.0,0.00688,0.00943,0.0073,1.9375,0,0
noaa_arctic_seals_sample,aerien,Images/fl05/CENT/test_kotz_2019_fl05_C_20190510_054143.252104_rgb.jpg,6576,4384,2480.0,2877.0,60.0,40.0,1,2400.0,0.00832,0.00912,0.00912,1.5,0,0
noaa_arctic_seals_sample,aerien,Images/fl05/CENT/test_kotz_2019_fl05_C_20190510_054143.252104_rgb.jpg,6576,4384,2440.0,2456.0,38.0,58.0,1,2204.0,0.00765,0.00578,0.01323,0.6552,0,0
noaa_arctic_seals_sample,aerien,Images/fl05/CENT/test_kotz_2019_fl05_C_20190510_054143.252104_rgb.jpg,6576,4384,2443.0,2812.0,45.0,33.0,1,1485.0,0.00515,0.00684,0.00753,1.3636,0,0
noaa_arctic_seals_sample,aerien,Images/fl05/CENT/test_kotz_2019_fl05_C_20190510_054143.252104_rgb.jpg,6576,4384,2490.0,2804.0,31.0,58.0,1,1798.0,0.00624,0.00471,0.01323,0.5345,0,0
noaa_arctic_seals_sample,aerien,Images/fl05/CENT/test_kotz_2019_fl05_C_20190510_054143.252104_rgb.jpg,6576,4384,2477.0,2586.0,34.0,64.0,1,2176.0,0.00755,0.00517,0.0146,0.5312,0,0
noaa_arctic_seals_sample,aerien,Images/fl05/CENT/test_kotz_2019_fl05_C_20190510_054143.252104_rgb.jpg,6576,4384,2866.0,3700.0,52.0,63.0,1,3276.0,0.01136,0.00791,0.01437,0.8254,0,0
noaa_arctic_seals_sample,aerien,Images/fl05/CENT/test_kotz_2019_fl05_C_20190510_054143.252104_rgb.jpg,6576,4384,2784.0,3796.0,38.0,59.0,1,2242.0,0.00778,0.00578,0.01346,0.6441,0,0
noaa_arctic_seals_sample,aerien,Images/fl05/CENT/test_kotz_2019_fl05_C_20190510_054143.252104_rgb.jpg,6576,4384,2563.0,4105.0,34.0,57.0,1,1938.0,0.00672,0.00517,0.013,0.5965,0,0
noaa_arctic_seals_sample,aerien,Images/fl05/CENT/test_kotz_2019_fl05_C_20190510_054143.252104_rgb.jpg,6576,4384,2469.0,3987.0,74.0,41.0,1,3034.0,0.01052,0.01125,0.00935,1.8049,0,0
noaa_arctic_seals_sample,aerien,Images/fl05/CENT/test_kotz_2019_fl05_C_20190510_054143.252104_rgb.jpg,6576,4384,2767.0,3890.0,30.0,65.0,1,1950.0,0.00676,0.00456,0.01483,0.4615,0,0
noaa_arctic_seals_sample,aerien,Images/fl05/CENT/test_kotz_2019_fl05_C_20190510_054143.252104_rgb.jpg,6576,4384,2685.0,4200.0,33.0,51.0,1,1683.0,0.00584,0.00502,0.01163,0.6471,0,0
noaa_arctic_seals_sample,aerien,Images/fl05/CENT/test_kotz_2019_fl05_C_20190510_054143.252104_rgb.jpg,6576,4384,2499.0,4249.0,47.0,48.0,1,2256.0,0.00783,0.00715,0.01095,0.9792,0,0
noaa_arctic_seals_sample,aerien,Images/fl05/CENT/test_kotz_2019_fl05_C_20190510_054143.252104_rgb.jpg,6576,4384,5564.0,402.0,34.0,49.0,1,1666.0,0.00578,0.00517,0.01118,0.6939,0,0
noaa_arctic_seals_sample,aerien,Images/fl05/CENT/test_kotz_2019_fl05_C_20190510_054143.252104_rgb.jpg,6576,4384,1350.0,4136.0,53.0,42.0,1,2226.0,0.00772,0.00806,0.00958,1.2619,0,0
noaa_arctic_seals_sample,aerien,Images/fl05/CENT/test_kotz_2019_fl05_C_20190510_054143.252104_rgb.jpg,6576,4384,1271.0,4123.0,39.0,67.0,1,2613.0,0.00906,0.00593,0.01528,0.5821,0,0
noaa_arctic_seals_sample,aerien,Images/fl05/CENT/test_kotz_2019_fl05_C_20190510_054218.110787_rgb.jpg,6576,4384,3543.0,1717.0,56.0,68.0,1,3808.0,0.01321,0.00852,0.01551,0.8235,0,0
noaa_arctic_seals_sample,aerien,Images/fl05/CENT/test_kotz_2019_fl05_C_20190510_054218.110787_rgb.jpg,6576,4384,3463.0,1751.0,42.0,66.0,1,2772.0,0.00962,0.00639,0.01505,0.6364,0,0
noaa_arctic_seals_sample,aerien,Images/fl05/CENT/test_kotz_2019_fl05_C_20190510_054218.110787_rgb.jpg,6576,4384,3496.0,1502.0,56.0,59.0,1,3304.0,0.01146,0.00852,0.01346,0.9492,0,0
noaa_arctic_seals_sample,aerien,Images/fl05/CENT/test_kotz_2019_fl05_C_20190510_054218.110787_rgb.jpg,6576,4384,3369.0,1764.0,38.0,31.0,1,1178.0,0.00409,0.00578,0.00707,1.2258,0,0
noaa_arctic_seals_sample,aerien,Images/fl05/CENT/test_kotz_2019_fl05_C_20190510_054218.110787_rgb.jpg,6576,4384,3310.0,1836.0,38.0,64.0,1,2432.0,0.00844,0.00578,0.0146,0.5938,0,0
noaa_arctic_seals_sample,aerien,Images/fl05/CENT/test_kotz_2019_fl05_C_20190510_054218.110787_rgb.jpg,6576,4384,3119.0,2565.0,40.0,49.0,1,1960.0,0.0068,0.00608,0.01118,0.8163,0,0
noaa_arctic_seals_sample,aerien,Images/fl05/CENT/test_kotz_2019_fl05_C_20190510_054218.110787_rgb.jpg,6576,4384,3861.0,1905.0,75.0,38.0,1,2850.0,0.00989,0.01141,0.00867,1.9737,0,0
noaa_arctic_seals_sample,aerien,Images/fl05/CENT/test_kotz_2019_fl05_C_20190510_054218.110787_rgb.jpg,6576,4384,3741.0,1870.0,52.0,71.0,1,3692.0,0.01281,0.00791,0.0162,0.7324,0,0
noaa_arctic_seals_sample,aerien,Images/fl05/CENT/test_kotz_2019_fl05_C_20190510_054540.152569_rgb.jpg,6576,4384,6153.0,3000.0,38.0,45.0,1,1710.0,0.00593,0.00578,0.01026,0.8444,0,0
noaa_arctic_seals_sample,aerien,Images/fl05/CENT/test_kotz_2019_fl05_C_20190510_060206.219516_rgb.jpg,6576,4384,2534.0,4124.0,31.0,67.0,1,2077.0,0.0072,0.00471,0.01528,0.4627,0,0
noaa_arctic_seals_sample,aerien,Images/fl05/CENT/test_kotz_2019_fl05_C_20190510_060206.219516_rgb.jpg,6576,4384,2445.0,3976.0,78.0,38.0,1,2964.0,0.01028,0.01186,0.00867,2.0526,0,0
noaa_arctic_seals_sample,aerien,Images/fl05/CENT/test_kotz_2019_fl05_C_20190510_060206.219516_rgb.jpg,6576,4384,2615.0,3964.0,60.0,31.0,1,1860.0,0.00645,0.00912,0.00707,1.9355,0,0
noaa_arctic_seals_sample,aerien,Images/fl05/CENT/test_kotz_2019_fl05_C_20190510_060206.219516_rgb.jpg,6576,4384,2646.0,4104.0,55.0,53.0,1,2915.0,0.01011,0.00836,0.01209,1.0377,0,0
noaa_arctic_seals_sample,aerien,Images/fl05/CENT/test_kotz_2019_fl05_C_20190510_060206.219516_rgb.jpg,6576,4384,2593.0,4052.0,32.0,60.0,1,1920.0,0.00666,0.00487,0.01369,0.5333,0,0
noaa_arctic_seals_sample,aerien,Images/fl05/CENT/test_kotz_2019_fl05_C_20190510_060206.219516_rgb.jpg,6576,4384,2436.0,4031.0,42.0,74.0,1,3108.0,0.01078,0.00639,0.01688,0.5676,0,0
noaa_arctic_seals_sample,aerien,Images/fl05/CENT/test_kotz_2019_fl05_C_20190510_060211.721953_rgb.jpg,6576,4384,3812.0,16.0,48.0,59.0,1,2832.0,0.00982,0.0073,0.01346,0.8136,0,0
noaa_arctic_seals_sample,aerien,Images/fl05/CENT/test_kotz_2019_fl05_C_20190510_060211.721953_rgb.jpg,6576,4384,3739.0,1.0,40.0,69.0,1,2760.0,0.00957,0.00608,0.01574,0.5797,0,0
noaa_arctic_seals_sample,aerien,Images/fl05/CENT/test_kotz_2019_fl05_C_20190510_060345.940936_rgb.jpg,6576,4384,5003.0,1667.0,72.0,41.0,1,2952.0,0.01024,0.01095,0.00935,1.7561,0,0
noaa_arctic_seals_sample,aerien,Images/fl05/CENT/test_kotz_2019_fl05_C_20190510_060742.560847_rgb.jpg,6576,4384,3710.0,2873.0,52.0,55.0,1,2860.0,0.00992,0.00791,0.01255,0.9455,0,0
noaa_arctic_seals_sample,aerien,Images/fl05/CENT/test_kotz_2019_fl05_C_20190510_060742.560847_rgb.jpg,6576,4384,3866.0,2890.0,55.0,45.0,1,2475.0,0.00859,0.00836,0.01026,1.2222,0,0
noaa_arctic_seals_sample,aerien,Images/fl05/CENT/test_kotz_2019_fl05_C_20190510_060742.560847_rgb.jpg,6576,4384,4031.0,3142.0,47.0,67.0,1,3149.0,0.01092,0.00715,0.01528,0.7015,0,0
noaa_arctic_seals_sample,aerien,Images/fl05/CENT/test_kotz_2019_fl05_C_20190510_060742.560847_rgb.jpg,6576,4384,4207.0,3137.0,32.0,59.0,1,1888.0,0.00655,0.00487,0.01346,0.5424,0,0
noaa_arctic_seals_sample,aerien,Images/fl05/CENT/test_kotz_2019_fl05_C_20190510_060742.560847_rgb.jpg,6576,4384,3953.0,3013.0,48.0,67.0,1,3216.0,0.01116,0.0073,0.01528,0.7164,0,0
noaa_arctic_seals_sample,aerien,Images/fl05/CENT/test_kotz_2019_fl05_C_20190510_060742.560847_rgb.jpg,6576,4384,3862.0,3129.0,58.0,46.0,1,2668.0,0.00925,0.00882,0.01049,1.2609,0,0
noaa_arctic_seals_sample,aerien,Images/fl05/CENT/test_kotz_2019_fl05_C_20190510_060742.560847_rgb.jpg,6576,4384,4211.0,3369.0,47.0,56.0,1,2632.0,0.00913,0.00715,0.01277,0.8393,0,0
noaa_arctic_seals_sample,aerien,Images/fl05/CENT/test_kotz_2019_fl05_C_20190510_060742.560847_rgb.jpg,6576,4384,4299.0,3214.0,55.0,54.0,1,2970.0,0.0103,0.00836,0.01232,1.0185,0,0
noaa_arctic_seals_sample,aerien,Images/fl05/CENT/test_kotz_2019_fl05_C_20190510_060742.560847_rgb.jpg,6576,4384,4275.0,3386.0,39.0,75.0,1,2925.0,0.01015,0.00593,0.01711,0.52,0,0
noaa_arctic_seals_sample,aerien,Images/fl05/CENT/test_kotz_2019_fl05_C_20190510_060742.560847_rgb.jpg,6576,4384,4302.0,3320.0,68.0,51.0,1,3468.0,0.01203,0.01034,0.01163,1.3333,0,0
noaa_arctic_seals_sample,aerien,Images/fl05/CENT/test_kotz_2019_fl05_C_20190510_060742.560847_rgb.jpg,6576,4384,3864.0,3037.0,75.0,39.0,1,2925.0,0.01015,0.01141,0.0089,1.9231,0,0
noaa_arctic_seals_sample,aerien,Images/fl05/LEFT/test_kotz_2019_fl05_L_20190510_045605.353933_rgb.jpg,6576,4384,2151.0,3633.0,38.0,57.0,1,2166.0,0.00751,0.00578,0.013,0.6667,0,0
noaa_arctic_seals_sample,aerien,Images/fl05/LEFT/test_kotz_2019_fl05_L_20190510_045605.353933_rgb.jpg,6576,4384,2231.0,3641.0,42.0,48.0,1,2016.0,0.00699,0.00639,0.01095,0.875,0,0
noaa_arctic_seals_sample,aerien,Images/fl05/LEFT/test_kotz_2019_fl05_L_20190510_051156.278603_rgb.jpg,6576,4384,3775.0,892.0,45.0,77.0,1,3465.0,0.01202,0.00684,0.01756,0.5844,0,0
noaa_arctic_seals_sample,aerien,Images/fl05/LEFT/test_kotz_2019_fl05_L_20190510_051156.278603_rgb.jpg,6576,4384,3967.0,872.0,39.0,50.0,1,1950.0,0.00676,0.00593,0.01141,0.78,0,0
noaa_arctic_seals_sample,aerien,Images/fl05/LEFT/test_kotz_2019_fl05_L_20190510_051826.762603_rgb.jpg,6576,4384,2888.0,4091.0,54.0,44.0,1,2376.0,0.00824,0.00821,0.01004,1.2273,0,0
noaa_arctic_seals_sample,aerien,Images/fl05/LEFT/test_kotz_2019_fl05_L_20190510_052213.060269_rgb.jpg,6576,4384,3276.0,3846.0,59.0,34.0,1,2006.0,0.00696,0.00897,0.00776,1.7353,0,0
noaa_arctic_seals_sample,aerien,Images/fl05/LEFT/test_kotz_2019_fl05_L_20190510_052349.111158_rgb.jpg,6576,4384,3759.0,1759.0,75.0,31.0,1,2325.0,0.00806,0.01141,0.00707,2.4194,0,0
noaa_arctic_seals_sample,aerien,Images/fl05/LEFT/test_kotz_2019_fl05_L_20190510_052349.111158_rgb.jpg,6576,4384,3701.0,1932.0,65.0,70.0,1,4550.0,0.01578,0.00988,0.01597,0.9286,0,0
noaa_arctic_seals_sample,aerien,Images/fl05/LEFT/test_kotz_2019_fl05_L_20190510_052349.111158_rgb.jpg,6576,4384,3826.0,1848.0,48.0,67.0,1,3216.0,0.01116,0.0073,0.01528,0.7164,0,0
noaa_arctic_seals_sample,aerien,Images/fl05/LEFT/test_kotz_2019_fl05_L_20190510_052349.111158_rgb.jpg,6576,4384,3872.0,1974.0,86.0,43.0,1,3698.0,0.01283,0.01308,0.00981,2.0,0,0
noaa_arctic_seals_sample,aerien,Images/fl05/LEFT/test_kotz_2019_fl05_L_20190510_052349.111158_rgb.jpg,6576,4384,4346.0,2067.0,39.0,53.0,1,2067.0,0.00717,0.00593,0.01209,0.7358,0,0
noaa_arctic_seals_sample,aerien,Images/fl05/LEFT/test_kotz_2019_fl05_L_20190510_052349.111158_rgb.jpg,6576,4384,4343.0,2047.0,37.0,33.0,1,1221.0,0.00424,0.00563,0.00753,1.1212,0,0
noaa_arctic_seals_sample,aerien,Images/fl05/LEFT/test_kotz_2019_fl05_L_20190510_052349.111158_rgb.jpg,6576,4384,3769.0,1973.0,60.0,34.0,1,2040.0,0.00708,0.00912,0.00776,1.7647,0,0
noaa_arctic_seals_sample,aerien,Images/fl05/LEFT/test_kotz_2019_fl05_L_20190510_053858.653863_rgb.jpg,6576,4384,29.0,3869.0,28.0,50.0,1,1400.0,0.00486,0.00426,0.01141,0.56,0,0
noaa_arctic_seals_sample,aerien,Images/fl05/LEFT/test_kotz_2019_fl05_L_20190510_053858.653863_rgb.jpg,6576,4384,4129.0,841.0,64.0,33.0,1,2112.0,0.00733,0.00973,0.00753,1.9394,0,0
noaa_arctic_seals_sample,aerien,Images/fl05/LEFT/test_kotz_2019_fl05_L_20190510_053930.052359_rgb.jpg,6576,4384,2114.0,613.0,31.0,75.0,1,2325.0,0.00806,0.00471,0.01711,0.4133,0,0
noaa_arctic_seals_sample,aerien,Images/fl05/LEFT/test_kotz_2019_fl05_L_20190510_054025.698999_rgb.jpg,6576,4384,1685.0,2856.0,78.0,86.0,1,6708.0,0.02327,0.01186,0.01962,0.907,0,0
noaa_arctic_seals_sample,aerien,Images/fl05/LEFT/test_kotz_2019_fl05_L_20190510_054045.208870_rgb.jpg,6576,4384,5387.0,971.0,33.0,70.0,1,2310.0,0.00801,0.00502,0.01597,0.4714,0,0
noaa_arctic_seals_sample,aerien,Images/fl05/LEFT/test_kotz_2019_fl05_L_20190510_054045.208870_rgb.jpg,6576,4384,5466.0,1202.0,102.0,54.0,1,5508.0,0.01911,0.01551,0.01232,1.8889,0,0
noaa_arctic_seals_sample,aerien,Images/fl05/LEFT/test_kotz_2019_fl05_L_20190510_054143.252104_rgb.jpg,6576,4384,342.0,3095.0,45.0,54.0,1,2430.0,0.00843,0.00684,0.01232,0.8333,0,0
noaa_arctic_seals_sample,aerien,Images/fl05/LEFT/test_kotz_2019_fl05_L_20190510_054305.736656_rgb.jpg,6576,4384,2032.0,524.0,51.0,52.0,1,2652.0,0.0092,0.00776,0.01186,0.9808,0,0
noaa_arctic_seals_sample,aerien,Images/fl05/LEFT/test_kotz_2019_fl05_L_20190510_054305.736656_rgb.jpg,6576,4384,2685.0,513.0,31.0,67.0,1,2077.0,0.0072,0.00471,0.01528,0.4627,0,0
noaa_arctic_seals_sample,aerien,Images/fl05/LEFT/test_kotz_2019_fl05_L_20190510_054319.339567_rgb.jpg,6576,4384,4309.0,135.0,48.0,41.0,1,1968.0,0.00683,0.0073,0.00935,1.1707,0,0
noaa_arctic_seals_sample,aerien,Images/fl05/LEFT/test_kotz_2019_fl05_L_20190510_054319.339567_rgb.jpg,6576,4384,4445.0,685.0,28.0,51.0,1,1428.0,0.00495,0.00426,0.01163,0.549,0,0
noaa_arctic_seals_sample,aerien,Images/fl05/LEFT/test_kotz_2019_fl05_L_20190510_054319.339567_rgb.jpg,6576,4384,4809.0,1968.0,52.0,41.0,1,2132.0,0.0074,0.00791,0.00935,1.2683,0,0
noaa_arctic_seals_sample,aerien,Images/fl05/LEFT/test_kotz_2019_fl05_L_20190510_054319.339567_rgb.jpg,6576,4384,4854.0,1941.0,68.0,33.0,1,2244.0,0.00778,0.01034,0.00753,2.0606,0,0
noaa_arctic_seals_sample,aerien,Images/fl05/LEFT/test_kotz_2019_fl05_L_20190510_054604.518672_rgb.jpg,6576,4384,5097.0,1032.0,74.0,61.0,1,4514.0,0.01566,0.01125,0.01391,1.2131,0,0
noaa_arctic_seals_sample,aerien,Images/fl05/LEFT/test_kotz_2019_fl05_L_20190510_055859.905734_rgb.jpg,6576,4384,3898.0,2136.0,59.0,34.0,1,2006.0,0.00696,0.00897,0.00776,1.7353,0,0
noaa_arctic_seals_sample,aerien,Images/fl05/LEFT/test_kotz_2019_fl05_L_20190510_055859.905734_rgb.jpg,6576,4384,4555.0,1822.0,65.0,38.0,1,2470.0,0.00857,0.00988,0.00867,1.7105,0,0
noaa_arctic_seals_sample,aerien,Images/fl05/LEFT/test_kotz_2019_fl05_L_20190510_055859.905734_rgb.jpg,6576,4384,5210.0,1810.0,50.0,45.0,1,2250.0,0.0078,0.0076,0.01026,1.1111,0,0
noaa_arctic_seals_sample,aerien,Images/fl05/LEFT/test_kotz_2019_fl05_L_20190510_060005.270541_rgb.jpg,6576,4384,1067.0,1454.0,28.0,43.0,1,1204.0,0.00418,0.00426,0.00981,0.6512,0,0
noaa_arctic_seals_sample,aerien,Images/fl05/LEFT/test_kotz_2019_fl05_L_20190510_060005.270541_rgb.jpg,6576,4384,1046.0,1509.0,45.0,29.0,1,1305.0,0.00453,0.00684,0.00661,1.5517,0,0
noaa_arctic_seals_sample,aerien,Images/fl05/LEFT/test_kotz_2019_fl05_L_20190510_060005.270541_rgb.jpg,6576,4384,1081.0,1505.0,45.0,29.0,1,1305.0,0.00453,0.00684,0.00661,1.5517,0,0
noaa_arctic_seals_sample,aerien,Images/fl05/LEFT/test_kotz_2019_fl05_L_20190510_060322.202996_rgb.jpg,6576,4384,6455.0,444.0,58.0,66.0,1,3828.0,0.01328,0.00882,0.01505,0.8788,0,0
noaa_arctic_seals_sample,aerien,Images/fl05/LEFT/test_kotz_2019_fl05_L_20190510_060322.202996_rgb.jpg,6576,4384,6385.0,355.0,67.0,51.0,1,3417.0,0.01185,0.01019,0.01163,1.3137,0,0
noaa_arctic_seals_sample,aerien,Images/fl05/LEFT/test_kotz_2019_fl05_L_20190510_060322.202996_rgb.jpg,6576,4384,6393.0,473.0,48.0,69.0,1,3312.0,0.01149,0.0073,0.01574,0.6957,0,0
noaa_arctic_seals_sample,aerien,Images/fl05/LEFT/test_kotz_2019_fl05_L_20190510_060433.306040_rgb.jpg,6576,4384,3822.0,318.0,31.0,57.0,1,1767.0,0.00613,0.00471,0.013,0.5439,0,0
noaa_arctic_seals_sample,aerien,Images/fl05/LEFT/test_kotz_2019_fl05_L_20190510_060443.536259_rgb.jpg,6576,4384,3463.0,29.0,56.0,31.0,1,1736.0,0.00602,0.00852,0.00707,1.8065,0,0
noaa_arctic_seals_sample,aerien,Images/fl05/LEFT/test_kotz_2019_fl05_L_20190510_060708.294953_rgb.jpg,6576,4384,3555.0,279.0,35.0,54.0,1,1890.0,0.00656,0.00532,0.01232,0.6481,0,0
noaa_arctic_seals_sample,aerien,Images/fl05/LEFT/test_kotz_2019_fl05_L_20190510_060708.294953_rgb.jpg,6576,4384,3584.0,307.0,37.0,35.0,1,1295.0,0.00449,0.00563,0.00798,1.0571,0,0
noaa_arctic_seals_sample,aerien,Images/fl05/LEFT/test_kotz_2019_fl05_L_20190510_060708.921211_rgb.jpg,6576,4384,3582.0,2773.0,34.0,52.0,1,1768.0,0.00613,0.00517,0.01186,0.6538,0,0
noaa_arctic_seals_sample,aerien,Images/fl05/LEFT/test_kotz_2019_fl05_L_20190510_060708.921211_rgb.jpg,6576,4384,3606.0,2803.0,40.0,35.0,1,1400.0,0.00486,0.00608,0.00798,1.1429,0,0
noaa_arctic_seals_sample,aerien,Images/fl05/LEFT/test_kotz_2019_fl05_L_20190510_060752.285920_rgb.jpg,6576,4384,2772.0,1060.0,29.0,57.0,1,1653.0,0.00573,0.00441,0.013,0.5088,0,0
noaa_arctic_seals_sample,aerien,Images/fl05/LEFT/test_kotz_2019_fl05_L_20190510_060752.285920_rgb.jpg,6576,4384,2699.0,982.0,47.0,29.0,1,1363.0,0.00473,0.00715,0.00661,1.6207,0,0
noaa_arctic_seals_sample,aerien,Images/fl05/LEFT/test_kotz_2019_fl05_L_20190510_060752.285920_rgb.jpg,6576,4384,2805.0,1068.0,27.0,43.0,1,1161.0,0.00403,0.00411,0.00981,0.6279,0,0
noaa_arctic_seals_sample,aerien,Images/fl06/CENT/polar_bear_2019_fl06_C_20190510_224215.768682_rgb.jpg,6576,4384,2832.0,3268.0,70.0,45.0,1,3150.0,0.01093,0.01064,0.01026,1.5556,0,0
noaa_arctic_seals_sample,aerien,Images/fl06/CENT/polar_bear_2019_fl06_C_20190510_224245.771627_rgb.jpg,6576,4384,3929.0,1559.0,128.0,60.0,1,7680.0,0.02664,0.01946,0.01369,2.1333,0,0
noaa_arctic_seals_sample,aerien,Images/fl06/CENT/polar_bear_2019_fl06_C_20190510_224450.032985_rgb.jpg,6576,4384,1378.0,2898.0,91.0,90.0,1,8190.0,0.02841,0.01384,0.02053,1.0111,0,0
noaa_arctic_seals_sample,aerien,Images/fl06/CENT/polar_bear_2019_fl06_C_20190510_224450.032985_rgb.jpg,6576,4384,1224.0,3438.0,43.0,134.0,1,5762.0,0.01999,0.00654,0.03057,0.3209,0,0
noaa_arctic_seals_sample,aerien,Images/fl06/CENT/polar_bear_2019_fl06_C_20190510_224519.993834_rgb.jpg,6576,4384,4439.0,285.0,104.0,81.0,1,8424.0,0.02922,0.01582,0.01848,1.284,0,0
noaa_arctic_seals_sample,aerien,Images/fl06/CENT/polar_bear_2019_fl06_C_20190510_224519.993834_rgb.jpg,6576,4384,4292.0,801.0,146.0,62.0,1,9052.0,0.0314,0.0222,0.01414,2.3548,0,0
noaa_arctic_seals_sample,aerien,Images/fl06/CENT/polar_bear_2019_fl06_C_20190510_224529.542127_rgb.jpg,6576,4384,1756.0,467.0,74.0,59.0,1,4366.0,0.01514,0.01125,0.01346,1.2542,0,0
noaa_arctic_seals_sample,aerien,Images/fl06/CENT/polar_bear_2019_fl06_C_20190510_224854.257446_rgb.jpg,6576,4384,2622.0,260.0,83.0,112.0,1,9296.0,0.03225,0.01262,0.02555,0.7411,0,0
noaa_arctic_seals_sample,aerien,Images/fl06/CENT/polar_bear_2019_fl06_C_20190510_225641.326810_rgb.jpg,6576,4384,3626.0,2459.0,123.0,67.0,1,8241.0,0.02859,0.0187,0.01528,1.8358,0,0
noaa_arctic_seals_sample,aerien,Images/fl06/CENT/polar_bear_2019_fl06_C_20190510_231342.728694_rgb.jpg,6576,4384,976.0,4204.0,90.0,35.0,1,3150.0,0.01093,0.01369,0.00798,2.5714,0,0
noaa_arctic_seals_sample,aerien,Images/fl06/CENT/polar_bear_2019_fl06_C_20190510_231342.728694_rgb.jpg,6576,4384,1023.0,4220.0,68.0,68.0,1,4624.0,0.01604,0.01034,0.01551,1.0,0,0
noaa_arctic_seals_sample,aerien,Images/fl06/CENT/polar_bear_2019_fl06_C_20190510_232144.693385_rgb.jpg,6576,4384,5237.0,2657.0,41.0,39.0,1,1599.0,0.00555,0.00623,0.0089,1.0513,0,0
noaa_arctic_seals_sample,aerien,Images/fl06/CENT/polar_bear_2019_fl06_C_20190511_002828.223574_rgb.jpg,6576,4384,911.0,4092.0,109.0,112.0,1,12208.0,0.04235,0.01658,0.02555,0.9732,0,0
noaa_arctic_seals_sample,aerien,Images/fl06/LEFT/polar_bear_2019_fl06_L_20190510_222115.617054_rgb.jpg,6576,4384,2126.0,3984.0,37.0,60.0,1,2220.0,0.0077,0.00563,0.01369,0.6167,0,0
noaa_arctic_seals_sample,aerien,Images/fl06/LEFT/polar_bear_2019_fl06_L_20190510_224514.319432_rgb.jpg,6576,4384,3791.0,2160.0,42.0,58.0,1,2436.0,0.00845,0.00639,0.01323,0.7241,0,0
noaa_arctic_seals_sample,aerien,Images/fl06/LEFT/polar_bear_2019_fl06_L_20190510_224514.319432_rgb.jpg,6576,4384,4167.0,3732.0,55.0,32.0,1,1760.0,0.0061,0.00836,0.0073,1.7188,0,0
noaa_arctic_seals_sample,aerien,Images/fl06/LEFT/polar_bear_2019_fl06_L_20190510_224514.319432_rgb.jpg,6576,4384,4387.0,3851.0,43.0,59.0,1,2537.0,0.0088,0.00654,0.01346,0.7288,0,0
noaa_arctic_seals_sample,aerien,Images/fl06/LEFT/polar_bear_2019_fl06_L_20190510_224836.667558_rgb.jpg,6576,4384,5751.0,3038.0,91.0,108.0,1,9828.0,0.03409,0.01384,0.02464,0.8426,0,0
noaa_arctic_seals_sample,aerien,Images/fl06/LEFT/polar_bear_2019_fl06_L_20190510_231338.718536_rgb.jpg,6576,4384,3395.0,654.0,21.0,37.0,1,777.0,0.0027,0.00319,0.00844,0.5676,0,0
noaa_arctic_seals_sample,aerien,Images/fl06/LEFT/polar_bear_2019_fl06_L_20190510_231338.718536_rgb.jpg,6576,4384,3372.0,679.0,59.0,31.0,1,1829.0,0.00634,0.00897,0.00707,1.9032,0,0
noaa_arctic_seals_sample,aerien,Images/fl06/LEFT/polar_bear_2019_fl06_L_20190510_231405.462397_rgb.jpg,6576,4384,1629.0,4281.0,65.0,38.0,1,2470.0,0.00857,0.00988,0.00867,1.7105,0,0
noaa_arctic_seals_sample,aerien,Images/fl06/LEFT/polar_bear_2019_fl06_L_20190510_231449.754628_rgb.jpg,6576,4384,2149.0,1214.0,54.0,36.0,1,1944.0,0.00674,0.00821,0.00821,1.5,0,0
noaa_arctic_seals_sample,aerien,Images/fl06/LEFT/polar_bear_2019_fl06_L_20190510_231753.082360_rgb.jpg,6576,4384,4330.0,3516.0,40.0,83.0,1,3320.0,0.01152,0.00608,0.01893,0.4819,0,0
noaa_arctic_seals_sample,aerien,Images/fl06/LEFT/polar_bear_2019_fl06_L_20190510_232405.212926_rgb.jpg,6576,4384,6158.0,1946.0,85.0,41.0,1,3485.0,0.01209,0.01293,0.00935,2.0732,0,0
noaa_arctic_seals_sample,aerien,Images/fl06/LEFT/polar_bear_2019_fl06_L_20190510_232609.183907_rgb.jpg,6576,4384,6507.0,455.0,70.0,39.0,1,2730.0,0.00947,0.01064,0.0089,1.7949,0,1
noaa_arctic_seals_sample,aerien,Images/fl06/LEFT/polar_bear_2019_fl06_L_20190510_232617.473641_rgb.jpg,6576,4384,4073.0,2205.0,74.0,58.0,1,4292.0,0.01489,0.01125,0.01323,1.2759,0,0
noaa_arctic_seals_sample,aerien,Images/fl06/LEFT/polar_bear_2019_fl06_L_20190511_001117.580293_rgb.jpg,6576,4384,4539.0,3029.0,101.0,97.0,1,9797.0,0.03398,0.01536,0.02213,1.0412,0,0
noaa_arctic_seals_sample,aerien,Images/fl06/LEFT/polar_bear_2019_fl06_L_20190511_004241.588370_rgb.jpg,6576,4384,2933.0,3077.0,88.0,118.0,1,10384.0,0.03602,0.01338,0.02692,0.7458,0,0
noaa_arctic_seals_sample,aerien,Images/fl06/LEFT/polar_bear_2019_fl06_L_20190511_004241.588370_rgb.jpg,6576,4384,2641.0,3523.0,114.0,72.0,1,8208.0,0.02847,0.01734,0.01642,1.5833,0,0
noaa_arctic_seals_sample,aerien,Images/fl06/LEFT/polar_bear_2019_fl06_L_20190511_004241.588370_rgb.jpg,6576,4384,5182.0,3445.0,78.0,55.0,1,4290.0,0.01488,0.01186,0.01255,1.4182,0,0
noaa_arctic_seals_sample,aerien,Images/fl07/CENT/polar_bear_2019_fl07_C_20190511_232539.438134_rgb.jpg,6576,4384,3729.0,1811.0,51.0,77.0,1,3927.0,0.01362,0.00776,0.01756,0.6623,0,0
noaa_arctic_seals_sample,aerien,Images/fl07/CENT/polar_bear_2019_fl07_C_20190511_232641.764080_rgb.jpg,6576,4384,2634.0,3234.0,84.0,32.0,1,2688.0,0.00932,0.01277,0.0073,2.625,0,0
noaa_arctic_seals_sample,aerien,Images/fl07/CENT/polar_bear_2019_fl07_C_20190511_232641.764080_rgb.jpg,6576,4384,2687.0,3176.0,69.0,34.0,1,2346.0,0.00814,0.01049,0.00776,2.0294,0,0
noaa_arctic_seals_sample,aerien,Images/fl07/CENT/polar_bear_2019_fl07_C_20190511_232641.764080_rgb.jpg,6576,4384,816.0,2209.0,66.0,71.0,1,4686.0,0.01625,0.01004,0.0162,0.9296,0,0
noaa_arctic_seals_sample,aerien,Images/fl07/CENT/polar_bear_2019_fl07_C_20190511_232718.308194_rgb.jpg,6576,4384,4191.0,317.0,45.0,71.0,1,3195.0,0.01108,0.00684,0.0162,0.6338,0,0
noaa_arctic_seals_sample,aerien,Images/fl07/CENT/polar_bear_2019_fl07_C_20190511_234333.836735_rgb.jpg,6576,4384,3246.0,1722.0,54.0,78.0,1,4212.0,0.01461,0.00821,0.01779,0.6923,0,0
noaa_arctic_seals_sample,aerien,Images/fl07/CENT/polar_bear_2019_fl07_C_20190511_234333.836735_rgb.jpg,6576,4384,3934.0,1023.0,61.0,37.0,1,2257.0,0.00783,0.00928,0.00844,1.6486,0,0
noaa_arctic_seals_sample,aerien,Images/fl07/CENT/polar_bear_2019_fl07_C_20190511_234333.836735_rgb.jpg,6576,4384,3335.0,1596.0,35.0,75.0,1,2625.0,0.00911,0.00532,0.01711,0.4667,0,0
noaa_arctic_seals_sample,aerien,Images/fl07/CENT/polar_bear_2019_fl07_C_20190511_234333.836735_rgb.jpg,6576,4384,3979.0,969.0,62.0,32.0,1,1984.0,0.00688,0.00943,0.0073,1.9375,0,0
noaa_arctic_seals_sample,aerien,Images/fl07/CENT/polar_bear_2019_fl07_C_20190511_234347.487128_rgb.jpg,6576,4384,5127.0,619.0,72.0,48.0,1,3456.0,0.01199,0.01095,0.01095,1.5,0,0
noaa_arctic_seals_sample,aerien,Images/fl07/CENT/polar_bear_2019_fl07_C_20190511_234529.275320_rgb.jpg,6576,4384,3813.0,2642.0,67.0,36.0,1,2412.0,0.00837,0.01019,0.00821,1.8611,0,0
noaa_arctic_seals_sample,aerien,Images/fl07/CENT/polar_bear_2019_fl07_C_20190511_234529.275320_rgb.jpg,6576,4384,3861.0,2587.0,45.0,30.0,1,1350.0,0.00468,0.00684,0.00684,1.5,0,0
noaa_arctic_seals_sample,aerien,Images/fl07/CENT/polar_bear_2019_fl07_C_20190511_234549.367537_rgb.jpg,6576,4384,4367.0,2077.0,67.0,48.0,1,3216.0,0.01116,0.01019,0.01095,1.3958,0,0
noaa_arctic_seals_sample,aerien,Images/fl07/CENT/polar_bear_2019_fl07_C_20190511_234549.367537_rgb.jpg,6576,4384,4295.0,2119.0,31.0,60.0,1,1860.0,0.00645,0.00471,0.01369,0.5167,0,0
noaa_arctic_seals_sample,aerien,Images/fl07/CENT/polar_bear_2019_fl07_C_20190511_234634.816936_rgb.jpg,6576,4384,2617.0,689.0,59.0,82.0,1,4838.0,0.01678,0.00897,0.0187,0.7195,0,0
noaa_arctic_seals_sample,aerien,Images/fl07/CENT/polar_bear_2019_fl07_C_20190511_234634.816936_rgb.jpg,6576,4384,2567.0,788.0,42.0,75.0,1,3150.0,0.01093,0.00639,0.01711,0.56,0,0
noaa_arctic_seals_sample,aerien,Images/fl07/CENT/polar_bear_2019_fl07_C_20190511_234634.816936_rgb.jpg,6576,4384,3504.0,900.0,76.0,56.0,1,4256.0,0.01476,0.01156,0.01277,1.3571,0,0
noaa_arctic_seals_sample,aerien,Images/fl07/CENT/polar_bear_2019_fl07_C_20190511_234634.816936_rgb.jpg,6576,4384,3317.0,895.0,72.0,47.0,1,3384.0,0.01174,0.01095,0.01072,1.5319,0,0
noaa_arctic_seals_sample,aerien,Images/fl07/CENT/polar_bear_2019_fl07_C_20190511_234634.816936_rgb.jpg,6576,4384,3541.0,1090.0,44.0,71.0,1,3124.0,0.01084,0.00669,0.0162,0.6197,0,0
noaa_arctic_seals_sample,aerien,Images/fl07/CENT/polar_bear_2019_fl07_C_20190511_234634.816936_rgb.jpg,6576,4384,2477.0,744.0,78.0,36.0,1,2808.0,0.00974,0.01186,0.00821,2.1667,0,0
noaa_arctic_seals_sample,aerien,Images/fl07/CENT/polar_bear_2019_fl07_C_20190511_234634.816936_rgb.jpg,6576,4384,3618.0,981.0,60.0,52.0,1,3120.0,0.01082,0.00912,0.01186,1.1538,0,0
noaa_arctic_seals_sample,aerien,Images/fl07/CENT/polar_bear_2019_fl07_C_20190511_234634.816936_rgb.jpg,6576,4384,2683.0,762.0,39.0,62.0,1,2418.0,0.00839,0.00593,0.01414,0.629,0,0
noaa_arctic_seals_sample,aerien,Images/fl07/CENT/polar_bear_2019_fl07_C_20190511_234634.816936_rgb.jpg,6576,4384,3519.0,1011.0,60.0,70.0,1,4200.0,0.01457,0.00912,0.01597,0.8571,0,0
noaa_arctic_seals_sample,aerien,Images/fl07/CENT/polar_bear_2019_fl07_C_20190511_235344.548405_rgb.jpg,6576,4384,6332.0,403.0,44.0,92.0,1,4048.0,0.01404,0.00669,0.02099,0.4783,0,0
noaa_arctic_seals_sample,aerien,Images/fl07/CENT/polar_bear_2019_fl07_C_20190511_235345.441933_rgb.jpg,6576,4384,5312.0,1111.0,58.0,28.0,1,1624.0,0.00563,0.00882,0.00639,2.0714,0,0
noaa_arctic_seals_sample,aerien,Images/fl07/CENT/polar_bear_2019_fl07_C_20190512_000046.139281_rgb.jpg,6576,4384,6134.0,2893.0,60.0,54.0,1,3240.0,0.01124,0.00912,0.01232,1.1111,0,0
noaa_arctic_seals_sample,aerien,Images/fl07/CENT/polar_bear_2019_fl07_C_20190512_000046.139281_rgb.jpg,6576,4384,3536.0,2668.0,43.0,74.0,1,3182.0,0.01104,0.00654,0.01688,0.5811,0,0
noaa_arctic_seals_sample,aerien,Images/fl07/CENT/polar_bear_2019_fl07_C_20190512_000049.706519_rgb.jpg,6576,4384,5041.0,1912.0,48.0,60.0,1,2880.0,0.00999,0.0073,0.01369,0.8,0,0
noaa_arctic_seals_sample,aerien,Images/fl07/CENT/polar_bear_2019_fl07_C_20190512_000103.237250_rgb.jpg,6576,4384,5840.0,2564.0,49.0,76.0,1,3724.0,0.01292,0.00745,0.01734,0.6447,0,0
noaa_arctic_seals_sample,aerien,Images/fl07/CENT/polar_bear_2019_fl07_C_20190512_000103.237250_rgb.jpg,6576,4384,5826.0,2473.0,71.0,41.0,1,2911.0,0.0101,0.0108,0.00935,1.7317,0,0
noaa_arctic_seals_sample,aerien,Images/fl07/CENT/polar_bear_2019_fl07_C_20190512_000103.237250_rgb.jpg,6576,4384,4260.0,370.0,72.0,48.0,1,3456.0,0.01199,0.01095,0.01095,1.5,0,0
noaa_arctic_seals_sample,aerien,Images/fl07/CENT/polar_bear_2019_fl07_C_20190512_000329.414380_rgb.jpg,6576,4384,6163.0,2292.0,43.0,59.0,1,2537.0,0.0088,0.00654,0.01346,0.7288,0,0
noaa_arctic_seals_sample,aerien,Images/fl07/CENT/polar_bear_2019_fl07_C_20190512_000329.414380_rgb.jpg,6576,4384,6168.0,2342.0,43.0,47.0,1,2021.0,0.00701,0.00654,0.01072,0.9149,0,0
noaa_arctic_seals_sample,aerien,Images/fl07/CENT/polar_bear_2019_fl07_C_20190512_000340.698221_rgb.jpg,6576,4384,3706.0,1240.0,36.0,71.0,1,2556.0,0.00887,0.00547,0.0162,0.507,0,0
noaa_arctic_seals_sample,aerien,Images/fl07/CENT/polar_bear_2019_fl07_C_20190512_000340.698221_rgb.jpg,6576,4384,2808.0,16.0,43.0,85.0,1,3655.0,0.01268,0.00654,0.01939,0.5059,0,0
noaa_arctic_seals_sample,aerien,Images/fl07/CENT/polar_bear_2019_fl07_C_20190512_000340.698221_rgb.jpg,6576,4384,2737.0,625.0,41.0,66.0,1,2706.0,0.00939,0.00623,0.01505,0.6212,0,0
noaa_arctic_seals_sample,aerien,Images/fl07/CENT/polar_bear_2019_fl07_C_20190512_000340.698221_rgb.jpg,6576,4384,2771.0,118.0,36.0,65.0,1,2340.0,0.00812,0.00547,0.01483,0.5538,0,0
noaa_arctic_seals_sample,aerien,Images/fl07/CENT/polar_bear_2019_fl07_C_20190512_001455.130033_rgb.jpg,6576,4384,1365.0,2734.0,32.0,57.0,1,1824.0,0.00633,0.00487,0.013,0.5614,0,0
noaa_arctic_seals_sample,aerien,Images/fl07/CENT/polar_bear_2019_fl07_C_20190512_001455.130033_rgb.jpg,6576,4384,1336.0,3889.0,36.0,66.0,1,2376.0,0.00824,0.00547,0.01505,0.5455,0,0
noaa_arctic_seals_sample,aerien,Images/fl07/CENT/polar_bear_2019_fl07_C_20190512_001455.130033_rgb.jpg,6576,4384,4652.0,748.0,44.0,80.0,1,3520.0,0.01221,0.00669,0.01825,0.55,0,0
noaa_arctic_seals_sample,aerien,Images/fl07/CENT/polar_bear_2019_fl07_C_20190512_001455.130033_rgb.jpg,6576,4384,1066.0,613.0,54.0,61.0,1,3294.0,0.01143,0.00821,0.01391,0.8852,0,0
noaa_arctic_seals_sample,aerien,Images/fl07/CENT/polar_bear_2019_fl07_C_20190512_001455.130033_rgb.jpg,6576,4384,1334.0,2798.0,62.0,38.0,1,2356.0,0.00817,0.00943,0.00867,1.6316,0,0
noaa_arctic_seals_sample,aerien,Images/fl07/CENT/polar_bear_2019_fl07_C_20190512_001455.130033_rgb.jpg,6576,4384,1007.0,569.0,30.0,66.0,1,1980.0,0.00687,0.00456,0.01505,0.4545,0,0
noaa_arctic_seals_sample,aerien,Images/fl07/CENT/polar_bear_2019_fl07_C_20190512_001455.130033_rgb.jpg,6576,4384,5190.0,4137.0,58.0,70.0,1,4060.0,0.01408,0.00882,0.01597,0.8286,0,0
noaa_arctic_seals_sample,aerien,Images/fl07/CENT/polar_bear_2019_fl07_C_20190512_001455.130033_rgb.jpg,6576,4384,1037.0,707.0,67.0,48.0,1,3216.0,0.01116,0.01019,0.01095,1.3958,0,0
noaa_arctic_seals_sample,aerien,Images/fl07/CENT/polar_bear_2019_fl07_C_20190512_002142.926970_rgb.jpg,6576,4384,5176.0,4253.0,58.0,46.0,1,2668.0,0.00925,0.00882,0.01049,1.2609,0,0
noaa_arctic_seals_sample,aerien,Images/fl07/CENT/polar_bear_2019_fl07_C_20190512_002142.926970_rgb.jpg,6576,4384,5224.0,4102.0,48.0,63.0,1,3024.0,0.01049,0.0073,0.01437,0.7619,0,0
noaa_arctic_seals_sample,aerien,Images/fl07/CENT/polar_bear_2019_fl07_C_20190512_002142.926970_rgb.jpg,6576,4384,5258.0,4233.0,38.0,71.0,1,2698.0,0.00936,0.00578,0.0162,0.5352,0,0
noaa_arctic_seals_sample,aerien,Images/fl07/CENT/polar_bear_2019_fl07_C_20190512_002422.993873_rgb.jpg,6576,4384,370.0,278.0,62.0,54.0,1,3348.0,0.01161,0.00943,0.01232,1.1481,0,0
noaa_arctic_seals_sample,aerien,Images/fl07/CENT/polar_bear_2019_fl07_C_20190512_002422.993873_rgb.jpg,6576,4384,357.0,248.0,31.0,56.0,1,1736.0,0.00602,0.00471,0.01277,0.5536,0,0
noaa_arctic_seals_sample,aerien,Images/fl07/CENT/polar_bear_2019_fl07_C_20190512_002833.703293_rgb.jpg,6576,4384,5709.0,4037.0,43.0,58.0,1,2494.0,0.00865,0.00654,0.01323,0.7414,0,0
noaa_arctic_seals_sample,aerien,Images/fl07/CENT/polar_bear_2019_fl07_C_20190512_002833.703293_rgb.jpg,6576,4384,5647.0,4000.0,46.0,61.0,1,2806.0,0.00973,0.007,0.01391,0.7541,0,0
noaa_arctic_seals_sample,aerien,Images/fl07/CENT/polar_bear_2019_fl07_C_20190512_002850.157569_rgb.jpg,6576,4384,1926.0,1333.0,61.0,68.0,1,4148.0,0.01439,0.00928,0.01551,0.8971,0,0
noaa_arctic_seals_sample,aerien,Images/fl07/CENT/polar_bear_2019_fl07_C_20190512_002850.157569_rgb.jpg,6576,4384,1946.0,1284.0,80.0,40.0,1,3200.0,0.0111,0.01217,0.00912,2.0,0,0
noaa_arctic_seals_sample,aerien,Images/fl07/CENT/polar_bear_2019_fl07_C_20190512_002850.157569_rgb.jpg,6576,4384,2016.0,1370.0,43.0,86.0,1,3698.0,0.01283,0.00654,0.01962,0.5,0,0
noaa_arctic_seals_sample,aerien,Images/fl07/CENT/polar_bear_2019_fl07_C_20190512_002850.157569_rgb.jpg,6576,4384,1946.0,1400.0,75.0,40.0,1,3000.0,0.01041,0.01141,0.00912,1.875,0,0
noaa_arctic_seals_sample,aerien,Images/fl07/CENT/polar_bear_2019_fl07_C_20190512_002902.720252_rgb.jpg,6576,4384,3826.0,2851.0,48.0,53.0,1,2544.0,0.00882,0.0073,0.01209,0.9057,0,0
noaa_arctic_seals_sample,aerien,Images/fl07/CENT/polar_bear_2019_fl07_C_20190512_002910.835057_rgb.jpg,6576,4384,4725.0,3163.0,50.0,66.0,1,3300.0,0.01145,0.0076,0.01505,0.7576,0,0
noaa_arctic_seals_sample,aerien,Images/fl07/CENT/polar_bear_2019_fl07_C_20190512_002910.835057_rgb.jpg,6576,4384,4663.0,3117.0,36.0,72.0,1,2592.0,0.00899,0.00547,0.01642,0.5,0,0
noaa_arctic_seals_sample,aerien,Images/fl07/CENT/polar_bear_2019_fl07_C_20190512_002910.835057_rgb.jpg,6576,4384,4734.0,3419.0,32.0,53.0,1,1696.0,0.00588,0.00487,0.01209,0.6038,0,0
noaa_arctic_seals_sample,aerien,Images/fl07/CENT/polar_bear_2019_fl07_C_20190512_002910.835057_rgb.jpg,6576,4384,4775.0,3151.0,46.0,75.0,1,3450.0,0.01197,0.007,0.01711,0.6133,0,0
noaa_arctic_seals_sample,aerien,Images/fl07/CENT/polar_bear_2019_fl07_C_20190512_002910.835057_rgb.jpg,6576,4384,4567.0,3443.0,27.0,61.0,1,1647.0,0.00571,0.00411,0.01391,0.4426,0,0
noaa_arctic_seals_sample,aerien,Images/fl07/CENT/polar_bear_2019_fl07_C_20190512_002910.835057_rgb.jpg,6576,4384,4806.0,3440.0,61.0,35.0,1,2135.0,0.00741,0.00928,0.00798,1.7429,0,0
noaa_arctic_seals_sample,aerien,Images/fl07/CENT/polar_bear_2019_fl07_C_20190512_002910.835057_rgb.jpg,6576,4384,4594.0,3328.0,47.0,52.0,1,2444.0,0.00848,0.00715,0.01186,0.9038,0,0
noaa_arctic_seals_sample,aerien,Images/fl07/CENT/polar_bear_2019_fl07_C_20190512_002910.835057_rgb.jpg,6576,4384,4696.0,3396.0,27.0,62.0,1,1674.0,0.00581,0.00411,0.01414,0.4355,0,0
noaa_arctic_seals_sample,aerien,Images/fl07/CENT/polar_bear_2019_fl07_C_20190512_002910.835057_rgb.jpg,6576,4384,4789.0,3228.0,33.0,58.0,1,1914.0,0.00664,0.00502,0.01323,0.569,0,0
noaa_arctic_seals_sample,aerien,Images/fl07/CENT/polar_bear_2019_fl07_C_20190512_002910.835057_rgb.jpg,6576,4384,4836.0,3308.0,67.0,61.0,1,4087.0,0.01418,0.01019,0.01391,1.0984,0,0
noaa_arctic_seals_sample,aerien,Images/fl07/CENT/polar_bear_2019_fl07_C_20190512_002910.835057_rgb.jpg,6576,4384,4622.0,3209.0,68.0,40.0,1,2720.0,0.00943,0.01034,0.00912,1.7,0,0
noaa_arctic_seals_sample,aerien,Images/fl07/CENT/polar_bear_2019_fl07_C_20190512_004144.987404_rgb.jpg,6576,4384,2189.0,3348.0,47.0,46.0,1,2162.0,0.0075,0.00715,0.01049,1.0217,0,0
noaa_arctic_seals_sample,aerien,Images/fl07/CENT/polar_bear_2019_fl07_C_20190512_004144.987404_rgb.jpg,6576,4384,2237.0,1105.0,34.0,60.0,1,2040.0,0.00708,0.00517,0.01369,0.5667,0,0
noaa_arctic_seals_sample,aerien,Images/fl07/CENT/polar_bear_2019_fl07_C_20190512_004144.987404_rgb.jpg,6576,4384,2097.0,3296.0,51.0,53.0,1,2703.0,0.00938,0.00776,0.01209,0.9623,0,0
noaa_arctic_seals_sample,aerien,Images/fl07/CENT/polar_bear_2019_fl07_C_20190512_010439.208502_rgb.jpg,6576,4384,5560.0,2870.0,55.0,42.0,1,2310.0,0.00801,0.00836,0.00958,1.3095,0,0
noaa_arctic_seals_sample,aerien,Images/fl07/CENT/polar_bear_2019_fl07_C_20190512_010705.631438_rgb.jpg,6576,4384,5231.0,3556.0,39.0,63.0,1,2457.0,0.00852,0.00593,0.01437,0.619,0,0
noaa_arctic_seals_sample,aerien,Images/fl07/CENT/polar_bear_2019_fl07_C_20190512_010705.631438_rgb.jpg,6576,4384,5192.0,4296.0,42.0,50.0,1,2100.0,0.00728,0.00639,0.01141,0.84,0,0
noaa_arctic_seals_sample,aerien,Images/fl07/CENT/polar_bear_2019_fl07_C_20190512_011307.267666_rgb.jpg,6576,4384,2508.0,2249.0,53.0,71.0,1,3763.0,0.01305,0.00806,0.0162,0.7465,0,0
noaa_arctic_seals_sample,aerien,Images/fl07/CENT/polar_bear_2019_fl07_C_20190512_011307.267666_rgb.jpg,6576,4384,2666.0,2255.0,50.0,73.0,1,3650.0,0.01266,0.0076,0.01665,0.6849,0,0
noaa_arctic_seals_sample,aerien,Images/fl07/CENT/polar_bear_2019_fl07_C_20190512_011307.267666_rgb.jpg,6576,4384,2590.0,2086.0,75.0,31.0,1,2325.0,0.00806,0.01141,0.00707,2.4194,0,0
noaa_arctic_seals_sample,aerien,Images/fl07/LEFT/polar_bear_2019_fl07_L_20190511_225108.316826_rgb.jpg,6576,4384,1889.0,426.0,60.0,49.0,1,2940.0,0.0102,0.00912,0.01118,1.2245,0,0
noaa_arctic_seals_sample,aerien,Images/fl07/LEFT/polar_bear_2019_fl07_L_20190511_225108.316826_rgb.jpg,6576,4384,1874.0,541.0,58.0,56.0,1,3248.0,0.01127,0.00882,0.01277,1.0357,0,0
noaa_arctic_seals_sample,aerien,Images/fl07/LEFT/polar_bear_2019_fl07_L_20190511_225108.316826_rgb.jpg,6576,4384,1793.0,499.0,47.0,62.0,1,2914.0,0.01011,0.00715,0.01414,0.7581,0,0
noaa_arctic_seals_sample,aerien,Images/fl07/LEFT/polar_bear_2019_fl07_L_20190511_230952.679478_rgb.jpg,6576,4384,5469.0,4017.0,55.0,62.0,1,3410.0,0.01183,0.00836,0.01414,0.8871,0,0
noaa_arctic_seals_sample,aerien,Images/fl07/LEFT/polar_bear_2019_fl07_L_20190511_231632.780955_rgb.jpg,6576,4384,4079.0,1869.0,43.0,46.0,1,1978.0,0.00686,0.00654,0.01049,0.9348,0,0
noaa_arctic_seals_sample,aerien,Images/fl07/LEFT/polar_bear_2019_fl07_L_20190511_232548.852071_rgb.jpg,6576,4384,1484.0,2103.0,42.0,61.0,1,2562.0,0.00889,0.00639,0.01391,0.6885,0,0
noaa_arctic_seals_sample,aerien,Images/fl07/LEFT/polar_bear_2019_fl07_L_20190511_232548.852071_rgb.jpg,6576,4384,736.0,3212.0,34.0,75.0,1,2550.0,0.00885,0.00517,0.01711,0.4533,0,0
noaa_arctic_seals_sample,aerien,Images/fl07/LEFT/polar_bear_2019_fl07_L_20190511_233001.784873_rgb.jpg,6576,4384,1936.0,2593.0,72.0,49.0,1,3528.0,0.01224,0.01095,0.01118,1.4694,0,0
noaa_arctic_seals_sample,aerien,Images/fl07/LEFT/polar_bear_2019_fl07_L_20190511_233001.784873_rgb.jpg,6576,4384,2659.0,3715.0,56.0,40.0,1,2240.0,0.00777,0.00852,0.00912,1.4,0,0
noaa_arctic_seals_sample,aerien,Images/fl07/LEFT/polar_bear_2019_fl07_L_20190511_233001.784873_rgb.jpg,6576,4384,2533.0,3692.0,48.0,49.0,1,2352.0,0.00816,0.0073,0.01118,0.9796,0,0
noaa_arctic_seals_sample,aerien,Images/fl07/LEFT/polar_bear_2019_fl07_L_20190511_233001.784873_rgb.jpg,6576,4384,2714.0,3668.0,37.0,58.0,1,2146.0,0.00744,0.00563,0.01323,0.6379,0,0
noaa_arctic_seals_sample,aerien,Images/fl07/LEFT/polar_bear_2019_fl07_L_20190511_233045.144875_rgb.jpg,6576,4384,5389.0,2459.0,41.0,51.0,1,2091.0,0.00725,0.00623,0.01163,0.8039,0,0
noaa_arctic_seals_sample,aerien,Images/fl07/LEFT/polar_bear_2019_fl07_L_20190511_233045.144875_rgb.jpg,6576,4384,5159.0,3985.0,41.0,67.0,1,2747.0,0.00953,0.00623,0.01528,0.6119,0,0
noaa_arctic_seals_sample,aerien,Images/fl07/LEFT/polar_bear_2019_fl07_L_20190511_233230.171083_rgb.jpg,6576,4384,684.0,4136.0,47.0,43.0,1,2021.0,0.00701,0.00715,0.00981,1.093,0,0
noaa_arctic_seals_sample,aerien,Images/fl07/LEFT/polar_bear_2019_fl07_L_20190511_233230.171083_rgb.jpg,6576,4384,640.0,4154.0,36.0,40.0,1,1440.0,0.00499,0.00547,0.00912,0.9,0,0
noaa_arctic_seals_sample,aerien,Images/fl07/LEFT/polar_bear_2019_fl07_L_20190511_233420.789614_rgb.jpg,6576,4384,1302.0,2100.0,46.0,47.0,1,2162.0,0.0075,0.007,0.01072,0.9787,0,0
noaa_arctic_seals_sample,aerien,Images/fl07/LEFT/polar_bear_2019_fl07_L_20190511_234228.910747_rgb.jpg,6576,4384,4614.0,1940.0,55.0,62.0,1,3410.0,0.01183,0.00836,0.01414,0.8871,0,0
noaa_arctic_seals_sample,aerien,Images/fl07/LEFT/polar_bear_2019_fl07_L_20190511_234303.653001_rgb.jpg,6576,4384,2783.0,3105.0,61.0,34.0,1,2074.0,0.00719,0.00928,0.00776,1.7941,0,0
noaa_arctic_seals_sample,aerien,Images/fl07/LEFT/polar_bear_2019_fl07_L_20190511_234400.304801_rgb.jpg,6576,4384,3471.0,2016.0,73.0,41.0,1,2993.0,0.01038,0.0111,0.00935,1.7805,0,0
noaa_arctic_seals_sample,aerien,Images/fl07/LEFT/polar_bear_2019_fl07_L_20190511_234400.304801_rgb.jpg,6576,4384,3456.0,2097.0,38.0,65.0,1,2470.0,0.00857,0.00578,0.01483,0.5846,0,0
noaa_arctic_seals_sample,aerien,Images/fl07/LEFT/polar_bear_2019_fl07_L_20190511_234400.304801_rgb.jpg,6576,4384,3415.0,2077.0,35.0,69.0,1,2415.0,0.00838,0.00532,0.01574,0.5072,0,0
noaa_arctic_seals_sample,aerien,Images/fl07/LEFT/polar_bear_2019_fl07_L_20190511_234400.304801_rgb.jpg,6576,4384,3369.0,1998.0,65.0,46.0,1,2990.0,0.01037,0.00988,0.01049,1.413,0,0
noaa_arctic_seals_sample,aerien,Images/fl07/LEFT/polar_bear_2019_fl07_L_20190511_235337.392160_rgb.jpg,6576,4384,5676.0,0.0,44.0,21.0,1,924.0,0.00321,0.00669,0.00479,2.0952,0,0
noaa_arctic_seals_sample,aerien,Images/fl07/LEFT/polar_bear_2019_fl07_L_20190512_000051.135883_rgb.jpg,6576,4384,3019.0,3135.0,37.0,62.0,1,2294.0,0.00796,0.00563,0.01414,0.5968,0,0
noaa_arctic_seals_sample,aerien,Images/fl07/LEFT/polar_bear_2019_fl07_L_20190512_000103.949029_rgb.jpg,6576,4384,2257.0,4148.0,53.0,49.0,1,2597.0,0.00901,0.00806,0.01118,1.0816,0,0
noaa_arctic_seals_sample,aerien,Images/fl07/LEFT/polar_bear_2019_fl07_L_20190512_000410.460418_rgb.jpg,6576,4384,3814.0,2676.0,50.0,59.0,1,2950.0,0.01023,0.0076,0.01346,0.8475,0,0
noaa_arctic_seals_sample,aerien,Images/fl07/LEFT/polar_bear_2019_fl07_L_20190512_000410.460418_rgb.jpg,6576,4384,3733.0,2637.0,47.0,67.0,1,3149.0,0.01092,0.00715,0.01528,0.7015,0,0
noaa_arctic_seals_sample,aerien,Images/fl07/LEFT/polar_bear_2019_fl07_L_20190512_000410.460418_rgb.jpg,6576,4384,1651.0,1742.0,32.0,65.0,1,2080.0,0.00721,0.00487,0.01483,0.4923,0,0
noaa_arctic_seals_sample,aerien,Images/fl07/LEFT/polar_bear_2019_fl07_L_20190512_000410.460418_rgb.jpg,6576,4384,1741.0,1686.0,43.0,74.0,1,3182.0,0.01104,0.00654,0.01688,0.5811,0,0
noaa_arctic_seals_sample,aerien,Images/fl07/LEFT/polar_bear_2019_fl07_L_20190512_000410.460418_rgb.jpg,6576,4384,284.0,2310.0,30.0,55.0,1,1650.0,0.00572,0.00456,0.01255,0.5455,0,0
noaa_arctic_seals_sample,aerien,Images/fl07/LEFT/polar_bear_2019_fl07_L_20190512_000410.460418_rgb.jpg,6576,4384,1429.0,1786.0,61.0,33.0,1,2013.0,0.00698,0.00928,0.00753,1.8485,0,0
noaa_arctic_seals_sample,aerien,Images/fl07/LEFT/polar_bear_2019_fl07_L_20190512_001212.464842_rgb.jpg,6576,4384,5313.0,3308.0,40.0,63.0,1,2520.0,0.00874,0.00608,0.01437,0.6349,0,0
noaa_arctic_seals_sample,aerien,Images/fl07/LEFT/polar_bear_2019_fl07_L_20190512_001212.464842_rgb.jpg,6576,4384,4083.0,0.0,31.0,40.0,1,1240.0,0.0043,0.00471,0.00912,0.775,0,0
noaa_arctic_seals_sample,aerien,Images/fl07/LEFT/polar_bear_2019_fl07_L_20190512_001212.464842_rgb.jpg,6576,4384,5296.0,3383.0,54.0,70.0,1,3780.0,0.01311,0.00821,0.01597,0.7714,0,0
noaa_arctic_seals_sample,aerien,Images/fl07/LEFT/polar_bear_2019_fl07_L_20190512_001217.547584_rgb.jpg,6576,4384,4436.0,1495.0,44.0,61.0,1,2684.0,0.00931,0.00669,0.01391,0.7213,0,0
noaa_arctic_seals_sample,aerien,Images/fl07/LEFT/polar_bear_2019_fl07_L_20190512_001217.547584_rgb.jpg,6576,4384,5497.0,467.0,50.0,62.0,1,3100.0,0.01075,0.0076,0.01414,0.8065,0,0
noaa_arctic_seals_sample,aerien,Images/fl07/LEFT/polar_bear_2019_fl07_L_20190512_001217.547584_rgb.jpg,6576,4384,4325.0,2450.0,65.0,34.0,1,2210.0,0.00767,0.00988,0.00776,1.9118,0,0
noaa_arctic_seals_sample,aerien,Images/fl07/LEFT/polar_bear_2019_fl07_L_20190512_001217.547584_rgb.jpg,6576,4384,4595.0,2136.0,53.0,28.0,1,1484.0,0.00515,0.00806,0.00639,1.8929,0,0
noaa_arctic_seals_sample,aerien,Images/fl07/LEFT/polar_bear_2019_fl07_L_20190512_001217.547584_rgb.jpg,6576,4384,3923.0,2861.0,38.0,61.0,1,2318.0,0.00804,0.00578,0.01391,0.623,0,0
noaa_arctic_seals_sample,aerien,Images/fl07/LEFT/polar_bear_2019_fl07_L_20190512_001217.547584_rgb.jpg,6576,4384,6483.0,353.0,75.0,52.0,1,3900.0,0.01353,0.01141,0.01186,1.4423,0,0
noaa_arctic_seals_sample,aerien,Images/fl07/LEFT/polar_bear_2019_fl07_L_20190512_001217.547584_rgb.jpg,6576,4384,4215.0,2600.0,57.0,66.0,1,3762.0,0.01305,0.00867,0.01505,0.8636,0,0
noaa_arctic_seals_sample,aerien,Images/fl07/LEFT/polar_bear_2019_fl07_L_20190512_001217.547584_rgb.jpg,6576,4384,1721.0,967.0,33.0,69.0,1,2277.0,0.0079,0.00502,0.01574,0.4783,0,0
noaa_arctic_seals_sample,aerien,Images/fl07/LEFT/polar_bear_2019_fl07_L_20190512_001217.547584_rgb.jpg,6576,4384,3416.0,1365.0,51.0,56.0,1,2856.0,0.00991,0.00776,0.01277,0.9107,0,0
noaa_arctic_seals_sample,aerien,Images/fl07/LEFT/polar_bear_2019_fl07_L_20190512_001217.547584_rgb.jpg,6576,4384,5387.0,553.0,36.0,57.0,1,2052.0,0.00712,0.00547,0.013,0.6316,0,0
noaa_arctic_seals_sample,aerien,Images/fl07/LEFT/polar_bear_2019_fl07_L_20190512_001217.547584_rgb.jpg,6576,4384,6472.0,425.0,51.0,64.0,1,3264.0,0.01132,0.00776,0.0146,0.7969,0,0
noaa_arctic_seals_sample,aerien,Images/fl07/LEFT/polar_bear_2019_fl07_L_20190512_001217.547584_rgb.jpg,6576,4384,4536.0,1466.0,50.0,32.0,1,1600.0,0.00555,0.0076,0.0073,1.5625,0,0
noaa_arctic_seals_sample,aerien,Images/fl07/LEFT/polar_bear_2019_fl07_L_20190512_001217.547584_rgb.jpg,6576,4384,1768.0,907.0,29.0,53.0,1,1537.0,0.00533,0.00441,0.01209,0.5472,0,0
noaa_arctic_seals_sample,aerien,Images/fl07/LEFT/polar_bear_2019_fl07_L_20190512_001217.547584_rgb.jpg,6576,4384,4739.0,1906.0,43.0,68.0,1,2924.0,0.01014,0.00654,0.01551,0.6324,0,0
noaa_arctic_seals_sample,aerien,Images/fl07/LEFT/polar_bear_2019_fl07_L_20190512_001219.003247_rgb.jpg,6576,4384,5705.0,1370.0,37.0,51.0,1,1887.0,0.00655,0.00563,0.01163,0.7255,0,0
noaa_arctic_seals_sample,aerien,Images/fl07/LEFT/polar_bear_2019_fl07_L_20190512_001455.130033_rgb.jpg,6576,4384,5829.0,4073.0,51.0,72.0,1,3672.0,0.01274,0.00776,0.01642,0.7083,0,0
noaa_arctic_seals_sample,aerien,Images/fl07/LEFT/polar_bear_2019_fl07_L_20190512_001455.130033_rgb.jpg,6576,4384,555.0,1325.0,31.0,58.0,1,1798.0,0.00624,0.00471,0.01323,0.5345,0,0
noaa_arctic_seals_sample,aerien,Images/fl07/LEFT/polar_bear_2019_fl07_L_20190512_001500.637578_rgb.jpg,6576,4384,1954.0,3248.0,50.0,54.0,1,2700.0,0.00937,0.0076,0.01232,0.9259,0,0
noaa_arctic_seals_sample,aerien,Images/fl07/LEFT/polar_bear_2019_fl07_L_20190512_001500.637578_rgb.jpg,6576,4384,3652.0,3993.0,58.0,56.0,1,3248.0,0.01127,0.00882,0.01277,1.0357,0,0
noaa_arctic_seals_sample,aerien,Images/fl07/LEFT/polar_bear_2019_fl07_L_20190512_001500.637578_rgb.jpg,6576,4384,1394.0,105.0,34.0,58.0,1,1972.0,0.00684,0.00517,0.01323,0.5862,0,0
noaa_arctic_seals_sample,aerien,Images/fl07/LEFT/polar_bear_2019_fl07_L_20190512_001500.637578_rgb.jpg,6576,4384,3213.0,4088.0,64.0,70.0,1,4480.0,0.01554,0.00973,0.01597,0.9143,0,0
noaa_arctic_seals_sample,aerien,Images/fl07/LEFT/polar_bear_2019_fl07_L_20190512_001500.637578_rgb.jpg,6576,4384,1378.0,4208.0,46.0,57.0,1,2622.0,0.00909,0.007,0.013,0.807,0,0
noaa_arctic_seals_sample,aerien,Images/fl07/LEFT/polar_bear_2019_fl07_L_20190512_001500.637578_rgb.jpg,6576,4384,2214.0,2579.0,33.0,63.0,1,2079.0,0.00721,0.00502,0.01437,0.5238,0,0
noaa_arctic_seals_sample,aerien,Images/fl07/LEFT/polar_bear_2019_fl07_L_20190512_001500.637578_rgb.jpg,6576,4384,4303.0,3920.0,37.0,72.0,1,2664.0,0.00924,0.00563,0.01642,0.5139,0,0
noaa_arctic_seals_sample,aerien,Images/fl07/LEFT/polar_bear_2019_fl07_L_20190512_001500.637578_rgb.jpg,6576,4384,3567.0,3981.0,40.0,60.0,1,2400.0,0.00832,0.00608,0.01369,0.6667,0,0
noaa_arctic_seals_sample,aerien,Images/fl07/LEFT/polar_bear_2019_fl07_L_20190512_001500.637578_rgb.jpg,6576,4384,2673.0,2922.0,41.0,79.0,1,3239.0,0.01124,0.00623,0.01802,0.519,0,0
noaa_arctic_seals_sample,aerien,Images/fl07/LEFT/polar_bear_2019_fl07_L_20190512_001500.637578_rgb.jpg,6576,4384,3607.0,4044.0,52.0,52.0,1,2704.0,0.00938,0.00791,0.01186,1.0,0,0
noaa_arctic_seals_sample,aerien,Images/fl07/LEFT/polar_bear_2019_fl07_L_20190512_001500.637578_rgb.jpg,6576,4384,254.0,2178.0,55.0,39.0,1,2145.0,0.00744,0.00836,0.0089,1.4103,0,0
noaa_arctic_seals_sample,aerien,Images/fl07/LEFT/polar_bear_2019_fl07_L_20190512_001500.637578_rgb.jpg,6576,4384,3501.0,4116.0,49.0,38.0,1,1862.0,0.00646,0.00745,0.00867,1.2895,0,0
noaa_arctic_seals_sample,aerien,Images/fl07/LEFT/polar_bear_2019_fl07_L_20190512_002434.792150_rgb.jpg,6576,4384,4740.0,2375.0,28.0,38.0,1,1064.0,0.00369,0.00426,0.00867,0.7368,0,0
noaa_arctic_seals_sample,aerien,Images/fl07/LEFT/polar_bear_2019_fl07_L_20190512_002434.792150_rgb.jpg,6576,4384,4729.0,2353.0,71.0,32.0,1,2272.0,0.00788,0.0108,0.0073,2.2188,0,0
noaa_arctic_seals_sample,aerien,Images/fl07/LEFT/polar_bear_2019_fl07_L_20190512_004156.113460_rgb.jpg,6576,4384,1829.0,1413.0,47.0,47.0,1,2209.0,0.00766,0.00715,0.01072,1.0,0,0
noaa_arctic_seals_sample,aerien,Images/fl07/LEFT/polar_bear_2019_fl07_L_20190512_004156.113460_rgb.jpg,6576,4384,1901.0,1305.0,45.0,49.0,1,2205.0,0.00765,0.00684,0.01118,0.9184,0,0
noaa_arctic_seals_sample,aerien,Images/fl07/LEFT/polar_bear_2019_fl07_L_20190512_004156.113460_rgb.jpg,6576,4384,1903.0,1448.0,57.0,35.0,1,1995.0,0.00692,0.00867,0.00798,1.6286,0,0
noaa_arctic_seals_sample,aerien,Images/fl07/LEFT/polar_bear_2019_fl07_L_20190512_004156.113460_rgb.jpg,6576,4384,1902.0,1358.0,39.0,61.0,1,2379.0,0.00825,0.00593,0.01391,0.6393,0,0
noaa_arctic_seals_sample,aerien,Images/fl07/LEFT/polar_bear_2019_fl07_L_20190512_004156.113460_rgb.jpg,6576,4384,1868.0,1310.0,33.0,61.0,1,2013.0,0.00698,0.00502,0.01391,0.541,0,0
noaa_arctic_seals_sample,aerien,Images/fl07/LEFT/polar_bear_2019_fl07_L_20190512_005107.904428_rgb.jpg,6576,4384,1606.0,1096.0,66.0,48.0,1,3168.0,0.01099,0.01004,0.01095,1.375,0,0
noaa_arctic_seals_sample,aerien,Images/fl07/LEFT/polar_bear_2019_fl07_L_20190512_010014.889241_rgb.jpg,6576,4384,3796.0,3579.0,30.0,53.0,1,1590.0,0.00552,0.00456,0.01209,0.566,0,0
noaa_arctic_seals_sample,aerien,Images/fl07/LEFT/polar_bear_2019_fl07_L_20190512_010014.889241_rgb.jpg,6576,4384,3823.0,3674.0,59.0,38.0,1,2242.0,0.00778,0.00897,0.00867,1.5526,0,0
noaa_arctic_seals_sample,aerien,Images/fl07/LEFT/polar_bear_2019_fl07_L_20190512_010014.889241_rgb.jpg,6576,4384,3849.0,3638.0,55.0,31.0,1,1705.0,0.00591,0.00836,0.00707,1.7742,0,0
noaa_arctic_seals_sample,aerien,Images/fl07/LEFT/polar_bear_2019_fl07_L_20190512_010530.949296_rgb.jpg,6576,4384,5635.0,849.0,37.0,57.0,1,2109.0,0.00732,0.00563,0.013,0.6491,0,0
noaa_arctic_seals_sample,aerien,Images/fl07/LEFT/polar_bear_2019_fl07_L_20190512_010531.837522_rgb.jpg,6576,4384,5553.0,3976.0,40.0,57.0,1,2280.0,0.00791,0.00608,0.013,0.7018,0,0
noaa_arctic_seals_sample,aerien,Images/fl07/LEFT/polar_bear_2019_fl07_L_20190512_010701.199171_rgb.jpg,6576,4384,6447.0,1.0,60.0,31.0,1,1860.0,0.00645,0.00912,0.00707,1.9355,0,0
noaa_arctic_seals_sample,aerien,Images/fl07/LEFT/polar_bear_2019_fl07_L_20190512_011906.881008_rgb.jpg,6576,4384,1157.0,1347.0,42.0,30.0,1,1260.0,0.00437,0.00639,0.00684,1.4,0,0
noaa_arctic_seals_sample,aerien,Images/fl07/LEFT/polar_bear_2019_fl07_L_20190512_011906.881008_rgb.jpg,6576,4384,1252.0,1361.0,44.0,56.0,1,2464.0,0.00855,0.00669,0.01277,0.7857,0,0
noaa_arctic_seals_sample,aerien,Images/fl07/LEFT/polar_bear_2019_fl07_L_20190512_011907.753567_rgb.jpg,6576,4384,1068.0,4133.0,42.0,30.0,1,1260.0,0.00437,0.00639,0.00684,1.4,0,0
noaa_arctic_seals_sample,aerien,Images/fl07/LEFT/polar_bear_2019_fl07_L_20190512_011907.753567_rgb.jpg,6576,4384,1166.0,4160.0,44.0,55.0,1,2420.0,0.00839,0.00669,0.01255,0.8,0,0
noaa_arctic_seals_sample,aerien,Images/fl07/LEFT/polar_bear_2019_fl07_L_20190512_013224.264599_rgb.jpg,6576,4384,5811.0,792.0,76.0,42.0,1,3192.0,0.01107,0.01156,0.00958,1.8095,0,0
noaa_arctic_seals_sample,aerien,Images/fl07/LEFT/polar_bear_2019_fl07_L_20190512_013240.714876_rgb.jpg,6576,4384,4081.0,1110.0,31.0,62.0,1,1922.0,0.00667,0.00471,0.01414,0.5,0,0
noaa_arctic_seals_sample,aerien,Images/fl07/LEFT/polar_bear_2019_fl07_L_20190512_013525.564457_rgb.jpg,6576,4384,1936.0,4216.0,35.0,58.0,1,2030.0,0.00704,0.00532,0.01323,0.6034,0,0
